4.9123147e-03   6.9319077e-01  -2.0364049e-01   5.9532212e-01   3.5318961e-01  -6.1400644e-02  -2.7829495e-01  -1.6504444e+00   7.5907246e-01  -4.2048735e-01   3.7214916e-01   1.4859729e+00  -7.9837645e-01   1.8547276e+00   6.2263103e-01   9.6308254e-01   3.0146435e-01   1.9311344e-01   2.3149795e-01  -2.8978574e-01  -4.9329397e-01
   1.1072935e-01  -7.9902591e-02  -2.0364049e-01   1.2689423e+00   3.9624557e-01  -6.1400644e-02  -2.7829495e-01  -1.7102699e+00   7.5907246e-01  -4.2048735e-01   8.8279447e-01   1.4859729e+00  -7.9837645e-01   1.8547276e+00   2.7862457e-01   9.6308254e-01   3.0146435e-01   1.2926535e-01   9.3563441e-02  -2.5638541e-01  -4.9329397e-01
   2.1654639e-01  -2.7244466e-01  -2.0364049e-01   1.0509884e+00   1.4875252e-01  -6.1400644e-02  -2.7829495e-01  -1.7102699e+00   1.1065089e+00  -4.2048735e-01   2.5168595e+00   1.1417803e+00  -1.3329305e+00   3.1468850e-01   2.3426634e+00  -4.8827889e-01   6.1002043e-02   6.5417265e-02   2.4596186e-02  -2.5638541e-01   1.1400175e+00
   4.9123147e-03   7.2734605e-01  -2.0364049e-01   1.2121708e+00  -6.8359847e-01  -6.1400644e-02  -2.7829495e-01  -1.7102699e+00   1.1065089e+00  -4.2048735e-01   1.9891926e+00   1.1417803e+00  -1.3329305e+00   3.1468850e-01   1.6546504e+00  -4.8827889e-01   6.1002043e-02   1.9311344e-01   9.3563441e-02  -3.2318608e-01   1.1400175e+00
  -1.0090472e-01   3.6359451e-01   1.3213662e+00   1.0271203e+00   1.4135854e-01  -6.1400644e-02  -2.7829495e-01  -9.9236430e-01  -5.1612626e-02  -4.2048735e-01   7.9768692e-01  -2.0851397e-01  -8.5637649e-02  -5.6533386e-01   2.7862457e-01  -4.8827889e-01  -5.9229110e-02   6.5417265e-02   2.4596186e-02  -4.5678741e-01   1.1400175e+00
  -1.0090472e-01   1.3753142e+00   4.4849141e+00   4.8055575e-01  -1.9186919e-01  -6.1400644e-02  -2.7829495e-01  -9.9236430e-01   6.4199529e-02  -4.2048735e-01  -4.7892636e-01   3.4748954e-01  -6.9146563e-01  -3.4532827e-01  -7.5339482e-01  -4.8827889e-01   3.0146435e-01   2.5696153e-01   3.0046520e-01  -3.5658641e-01   1.1400175e+00
  -2.0672176e-01   5.5629255e-01   8.3946632e+00  -1.7740764e-01   9.4292225e-01  -6.1400644e-02   1.1044160e+00  -1.4111426e+00   9.9069677e-01  -4.2048735e-01  -5.3388604e-02   8.7701669e-01  -8.3401339e-01   5.3469408e-01   9.6663750e-01  -4.8827889e-01   4.2169550e-01  -5.0921552e-01  -1.1333832e-01   1.8478356e+00  -4.9329397e-01
  -2.0672176e-01   4.8873491e-01   7.8124259e+00  -1.7456384e-01   6.7447839e-01  -6.1400644e-02   2.0307167e+00  -1.5307935e+00   9.9069677e-01  -4.2048735e-01   8.2783479e-02   8.7701669e-01  -8.3401339e-01   5.3469408e-01  -4.0938836e-01  -4.8827889e-01  -1.1934469e-01  -3.8151935e-01  -2.5127283e-01   7.4562460e-01  -4.9329397e-01
  -2.0672176e-01   6.1952964e-01   9.1022027e+00  -3.8886933e-02   8.0057074e-01  -6.1400644e-02  -2.7829495e-01  -1.2316662e+00   7.5907246e-01  -4.2048735e-01   4.5725671e-01   1.3535911e+00  -1.3329305e+00   7.5469967e-01   2.7862457e-01  -4.8827889e-01   4.2169550e-01  -3.1767126e-01   9.3563441e-02   1.6474336e+00   1.1400175e+00
  -2.0672176e-01  -2.0059771e-01   9.3029994e+00   3.5411204e-01   7.0345583e-01  -6.1400644e-02   2.0799843e+00  -1.2914916e+00   5.2744815e-01  -4.2048735e-01   9.9804989e-02   6.6520583e-01  -1.1191089e+00  -3.4532827e-01   6.2263103e-01  -4.8827889e-01  -1.7946026e-01  -5.7306361e-01  -5.2714185e-01   5.1182226e-01   1.1400175e+00
  -2.0672176e-01   3.5818768e-01   9.6893497e+00   1.3197829e-01   6.8553825e-01  -6.1400644e-02   1.1183945e+00  -9.3253883e-01   2.9582384e-01  -4.2048735e-01  -7.0410115e-02   1.0093985e+00  -9.0528727e-01   6.9969827e-01   6.2263103e-01   9.6308254e-01  -1.7946026e-01  -2.5382317e-01  -2.5127283e-01   2.1121926e-01  -4.9329397e-01
  -4.1835583e-01   2.6532020e-01   8.7564425e+00  -5.4293506e-01   3.3212984e-01  -6.1400644e-02   2.3121274e+00  -1.1120152e+00   2.9582384e-01  -4.2048735e-01  -2.5764673e-01   1.7772129e+00  -1.1903828e+00   1.8547276e+00   1.6546504e+00  -4.8827889e-01  -4.1992257e-01  -5.0921552e-01  -3.2024009e-01   4.4502159e-01  -4.9329397e-01
   4.9123147e-03  -9.1998844e-01   1.8789821e+00  -1.6358711e+00   3.2681713e+00  -6.1400644e-02  -2.7829495e-01  -1.1120152e+00   5.2757465e+00  -4.2048735e-01  -5.4701241e-01   1.8301656e+00  -1.4398414e+00   1.5797206e+00   1.9986569e+00  -4.8827889e-01  -1.7946026e-01  -1.2753926e+00  -1.3547489e+00   2.2820399e+00  -4.9329397e-01
   4.9123147e-03  -9.1998844e-01   2.0646237e+00  -1.0524857e+00   2.5694430e+00  -6.1400644e-02  -2.7829495e-01  -1.1120152e+00   3.5385642e+00  -4.2048735e-01   7.2960087e-01   1.9890237e+00  -1.4398414e+00   1.9097290e+00   1.6546504e+00  -4.8827889e-01  -1.7946026e-01  -8.2845596e-01  -7.3404361e-01   1.1798289e+00  -4.9329397e-01
   4.9123147e-03  -9.1998844e-01   2.1554549e+00  -1.4972576e-01   3.9202692e+00  -6.1400644e-02  -2.7829495e-01  -1.3513171e+00   6.3180559e+00  -4.2048735e-01  -3.2573277e-01   1.9890237e+00  -1.4398414e+00   1.9097290e+00   1.9986569e+00  -4.8827889e-01  -7.8061602e-01  -1.3392407e+00  -1.4926834e+00   1.5138323e+00  -4.9329397e-01
   4.9123147e-03  -9.1998844e-01   1.6651727e+00  -1.1514673e+00   2.4676916e+00  -6.1400644e-02  -2.7829495e-01  -9.3253883e-01   1.6855697e+00  -4.2048735e-01   1.1721601e+00   1.8566419e+00  -1.4398414e+00   1.6347220e+00   2.3426634e+00   9.6308254e-01  -1.7946026e-01  -5.7306361e-01  -4.5817459e-01   4.7842193e-01  -4.9329397e-01
  -1.2648921e+00   9.7808711e-01   1.9591230e+00  -1.3441784e+00  -4.1251167e-01  -6.1400644e-02  -2.7829495e-01  -9.9236430e-01   2.2646305e+00  -4.2048735e-01   2.2955798e+00   1.3800675e+00  -1.2616567e+00   9.1970386e-01   3.0306763e+00  -4.8827889e-01  -9.0084718e-01  -5.7306361e-01  -7.3404361e-01   1.4441859e-01  -4.9329397e-01
  -1.2648921e+00   1.3822802e+00   1.5878962e+00  -1.1051586e+00  -1.9037683e-01  -6.1400644e-02  -2.7829495e-01  -9.9236430e-01   2.0330062e+00  -4.2048735e-01   7.1257936e-01   1.4330202e+00  -1.3329305e+00   9.1970386e-01   1.6546504e+00   9.6308254e-01  -4.1992257e-01  -5.0921552e-01  -6.6507636e-01   1.4441859e-01  -4.9329397e-01
  -1.2648921e+00   6.1253183e-01   2.0962739e+00   9.0768920e-01  -6.8359847e-01  -6.1400644e-02  -2.7829495e-01  -1.0521898e+00   2.6120669e+00  -4.2048735e-01   2.7211176e+00   1.8566419e+00  -1.4042044e+00   1.6897234e+00   2.3426634e+00  -4.8827889e-01  -6.6038487e-01  -5.7306361e-01  -7.3404361e-01   1.1101826e-01  -4.9329397e-01
  -1.7939773e+00   3.4539525e-01   1.4667866e+00   1.1428503e-01   1.2966190e-01  -6.1400644e-02  -2.7829495e-01  -1.2914916e+00   2.2646305e+00  -4.2048735e-01   1.8019560e+00   1.4859729e+00  -1.3685675e+00   9.7470526e-01   1.6546504e+00  -4.8827889e-01  -1.0210783e+00  -1.0838483e+00  -1.2857816e+00   1.0817257e-02  -4.9329397e-01
  -1.8997944e+00   2.3289534e-01  -2.0364049e-01  -4.1313950e-02   3.0434397e-01  -6.1400644e-02  -2.7829495e-01  -1.2316662e+00   2.0330062e+00  -4.2048735e-01   1.3593968e+00   1.5918783e+00  -1.3685675e+00   1.1947108e+00   1.3106440e+00  -4.8827889e-01  -1.1413095e+00  -1.1476964e+00  -1.3547489e+00  -5.5983410e-02  -4.9329397e-01
  -1.7939773e+00   6.5845004e-01   1.1650143e+00  -3.2598519e-01  -2.7781436e-01  -6.1400644e-02  -2.7829495e-01  -1.3513171e+00   2.4962548e+00  -4.2048735e-01   1.9381281e+00   1.6977838e+00  -1.4398414e+00   1.3047136e+00   1.3106440e+00  -4.8827889e-01  -1.1413095e+00  -1.0200002e+00  -1.2168144e+00   1.0817257e-02  -4.9329397e-01
  -1.7939773e+00   1.3834453e+00   9.4864454e-01   1.3406581e-01  -6.8359847e-01  -6.1400644e-02  -2.7829495e-01  -1.0521898e+00   9.9069677e-01  -4.2048735e-01   7.1257936e-01   1.4594966e+00  -1.3329305e+00   9.7470526e-01   9.6663750e-01  -4.8827889e-01  -1.0210783e+00  -8.2845596e-01  -1.1478471e+00  -2.2298508e-01  -4.9329397e-01
  -1.8997944e+00   1.1889844e+00   1.0096171e+00   6.9767046e-01  -4.1251167e-01  -6.1400644e-02  -2.7829495e-01  -9.9236430e-01   8.7488462e-01  -4.2048735e-01   6.7853634e-01   6.3872948e-01  -1.2616567e+00  -6.2033525e-01   9.6663750e-01   9.6308254e-01  -1.0210783e+00  -8.9230404e-01  -1.1478471e+00  -2.5638541e-01  -4.9329397e-01
  -1.8997944e+00   6.1485734e-01   7.8810306e-01   1.5484039e+00  -6.8359847e-01  -6.1400644e-02  -2.7829495e-01  -1.0521898e+00   1.1065089e+00  -4.2048735e-01   8.9981598e-01   1.4330202e+00  -1.2972936e+00   9.7470526e-01   6.2263103e-01  -4.8827889e-01  -1.0210783e+00  -9.5615213e-01  -1.2168144e+00  -2.5638541e-01  -4.9329397e-01
  -1.6881603e+00  -5.3627699e-01   5.9615270e-01  -4.3733623e-02  -6.8359847e-01  -6.1400644e-02  -2.7829495e-01  -2.7445872e-01   1.8001168e-01  -3.5824706e-01   8.6577296e-01   5.0634769e-01  -1.2616567e+00  -8.9534224e-01   6.2263103e-01  -4.8827889e-01  -5.4015372e-01  -5.7306361e-01  -6.6507636e-01  -3.8998675e-01   1.1400175e+00
  -1.6881603e+00   5.6327567e-02   4.0558916e-02   1.6458982e-01  -6.8359847e-01  -6.1400644e-02  -2.7829495e-01  -2.7445872e-01   4.1163599e-01  -3.5824706e-01   5.4236426e-01   1.8036892e+00  -1.3685675e+00   1.6347220e+00   3.0306763e+00   9.6308254e-01  -6.6038487e-01  -7.0075978e-01  -8.0301087e-01  -3.8998675e-01  -4.9329397e-01
  -1.0532581e+00  -9.1998844e-01   1.7573699e-01  -7.3679776e-01   9.8752267e-01  -6.1400644e-02  -2.7829495e-01  -1.3513171e+00   3.4227520e+00  -4.2048735e-01   1.1891817e+00   2.0155001e+00  -1.4398414e+00   1.9647304e+00   9.6663750e-01  -4.8827889e-01  -1.0210783e+00  -1.2753926e+00  -1.3547489e+00   1.1101826e-01  -4.9329397e-01
  -1.0532581e+00  -9.1998844e-01   2.2104394e-01  -6.2942642e-01   1.1870954e+00  -6.1400644e-02  -2.7829495e-01  -1.4111426e+00   3.7701885e+00  -4.2048735e-01   1.2742892e+00   2.0155001e+00  -1.4398414e+00   1.9647304e+00   1.3106440e+00  -4.8827889e-01  -1.2014251e+00  -1.3392407e+00  -1.3547489e+00   7.7617924e-02  -4.9329397e-01
  -1.0532581e+00  -9.1998844e-01  -1.0481604e-01   1.0964691e+00   3.3212984e-01  -6.1400644e-02  -2.7829495e-01  -1.6504444e+00   4.0018128e+00  -4.2048735e-01   2.3636659e+00   1.8831183e+00  -1.3329305e+00   1.8547276e+00   3.0306763e+00  -4.8827889e-01  -5.4015372e-01  -7.0075978e-01  -7.3404361e-01   1.4441859e-01  -4.9329397e-01
  -1.0532581e+00  -3.5555574e-01  -1.3305160e-01   3.1580041e-01   4.1921764e-02  -6.1400644e-02  -2.7829495e-01  -1.4709680e+00   4.1176250e+00  -4.2048735e-01   2.1934508e+00   1.9625474e+00  -1.4398414e+00   1.8547276e+00   2.3426634e+00  -4.8827889e-01  -5.4015372e-01  -5.7306361e-01  -6.6507636e-01   2.4461959e-01  -4.9329397e-01
  -1.0532581e+00  -1.6063155e-01  -7.7018574e-02   4.6466667e-01   1.2685520e+00  -6.1400644e-02  -2.7829495e-01  -1.3513171e+00   6.4338681e+00  -4.2048735e-01   1.4274828e+00   1.9890237e+00  -1.4398414e+00   1.9097290e+00   9.6663750e-01  -4.8827889e-01  -4.1992257e-01  -9.5615213e-01  -8.7197812e-01   1.8144353e+00  -4.9329397e-01
   2.7561553e+00   3.4539525e-01  -2.0364049e-01   9.8936314e-01  -4.1251167e-01  -6.1400644e-02  -2.7829495e-01  -1.0521898e+00   2.9582384e-01  -4.2048735e-01   1.1381171e+00   1.2212093e+00  -4.7764399e-01   1.7997262e+00   9.6663750e-01  -4.8827889e-01   2.0448161e+00   2.2362522e+00   2.3005156e+00  -2.2298508e-01   1.1400175e+00
   2.7561553e+00   4.4316975e-01  -2.0364049e-01   1.1922114e+00  -6.8359847e-01  -6.1400644e-02  -2.7829495e-01  -9.3253883e-01  -1.6742478e-01  -4.2048735e-01   7.8066540e-01  -4.9975390e-01   1.8387571e+00   1.7997262e+00  -6.5381895e-02  -4.8827889e-01   2.0448161e+00   2.4277965e+00   2.4384501e+00  -3.8998675e-01  -4.9329397e-01
   2.5445212e+00  -9.1998844e-01  -2.0364049e-01   2.5778583e+00   1.7639396e+00  -6.1400644e-02  -2.7829495e-01  -9.4982320e-02   3.0753156e+00  -4.2048735e-01   2.3806874e+00   2.0155001e+00  -1.4398414e+00   1.9647304e+00   9.6663750e-01   9.6308254e-01   9.0262011e-01   5.7620196e-01   1.0591050e+00   1.7142343e+00   1.1400175e+00
   1.4863508e+00  -9.1998844e-01  -2.0364049e-01   5.1306614e-01  -6.8359847e-01  -6.1400644e-02  -2.7829495e-01  -3.3428418e-01  -7.4648556e-01   1.9446435e+00  -4.6190485e-01  -1.4793791e+00   2.0525787e+00   9.4682907e-02  -1.0974013e+00  -4.8827889e-01   1.0829668e+00   1.4062271e+00   1.3349740e+00  -6.5718941e-01  -4.9329397e-01
   1.6979849e+00  -9.1998844e-01  -2.0364049e-01   1.7625087e-01  -6.8359847e-01  -6.1400644e-02  -2.7829495e-01  -2.1463325e-01  -7.4648556e-01   1.3844809e+00  -3.0871126e-01  -1.4264264e+00   1.8743940e+00  -7.0321284e-02  -1.0974013e+00  -4.8827889e-01   1.0829668e+00   1.2785309e+00   1.1970395e+00  -6.9058975e-01  -4.9329397e-01
   1.2747168e+00   1.1391797e+00  -2.0364049e-01   6.4256238e-01  -6.8359847e-01  -6.1400644e-02  -2.7829495e-01  -6.9323697e-01  -3.9904909e-01  -4.2048735e-01  -3.4275428e-01   6.9168219e-01  -4.4200705e-01   7.5469967e-01   2.7862457e-01  -4.8827889e-01   7.8238896e-01   1.2146828e+00   1.0591050e+00  -4.2338708e-01   1.1400175e+00
   1.4863508e+00   3.6522550e-01  -2.0364049e-01   1.4171231e-01  -6.8359847e-01  -6.1400644e-02  -2.7829495e-01  -3.3428418e-01  -6.3067340e-01   6.9983779e-01  -5.1296938e-01  -7.9099384e-01   1.5536616e+00   7.5469967e-01   2.7862457e-01  -4.8827889e-01   1.0829668e+00   1.3423790e+00   1.2660068e+00  -5.5698841e-01  -4.9329397e-01
   1.4863508e+00   2.3817573e-01  -2.0364049e-01  -3.4010619e-02  -6.8359847e-01  -6.1400644e-02  -2.7829495e-01  -3.3428418e-01  -7.4648556e-01   8.8655865e-01  -5.1296938e-01  -1.2146156e+00   1.8743940e+00   3.6968989e-01  -7.5339482e-01  -4.8827889e-01   1.0829668e+00   1.2785309e+00   1.1970395e+00  -6.5718941e-01  -4.9329397e-01
   1.0630827e+00  -9.1998844e-01  -2.0364049e-01  -4.7779317e-01  -6.8359847e-01  -6.1400644e-02  -2.7829495e-01  -1.1718407e+00  -1.6742478e-01  -4.2048735e-01   5.7640728e-01  -1.2675683e+00   1.4111138e+00  -4.5533106e-01  -1.4414078e+00  -4.8827889e-01   6.6215781e-01   7.6774622e-01   7.1426873e-01  -6.2378908e-01  -4.9329397e-01
   4.2818046e-01  -2.8464713e-01  -2.0364049e-01   1.2161400e-01  -6.8359847e-01  -6.1400644e-02  -2.7829495e-01  -1.2316662e+00   6.4199529e-02  -4.2048735e-01   5.0832124e-01   9.8292212e-01  -5.8455481e-01   1.1397095e+00   2.3426634e+00  -4.8827889e-01   2.4134877e-01   4.4850579e-01   3.0046520e-01  -6.2378908e-01  -4.9329397e-01
   9.5726565e-01  -5.9580146e-01  -2.0364049e-01   1.5766498e-01  -6.8359847e-01  -6.1400644e-02  -2.7829495e-01  -1.1718407e+00   6.4199529e-02  -4.2048735e-01   8.8279447e-01   7.7111126e-01  -5.8455481e-01   6.9969827e-01   1.9986569e+00  -4.8827889e-01   3.6157992e-01   6.4005005e-01   5.0736697e-01  -5.5698841e-01   1.1400175e+00
   1.9096190e+00  -9.1998844e-01  -2.0364049e-01  -1.9265430e-01  -6.8359847e-01  -6.1400644e-02  -2.7829495e-01  -2.7445872e-01  -7.4648556e-01   1.8824032e+00  -4.2786183e-01  -1.4793791e+00   1.8743940e+00  -1.8032408e-01  -1.0974013e+00  -4.8827889e-01   1.0228513e+00   1.2785309e+00   1.1970395e+00  -6.9058975e-01  -4.9329397e-01
   6.3981454e-01  -5.8944486e-01  -2.0364049e-01  -2.6434352e-01  -6.8359847e-01  -6.1400644e-02  -2.7829495e-01  -3.5156855e-02  -5.1486125e-01   8.2431837e-01   6.2747181e-01   6.6520583e-01  -3.3509623e-01   8.6470247e-01   1.6546504e+00   2.4144440e+00   1.5638914e+00   1.4700752e+00   1.5418758e+00  -4.2338708e-01   1.1400175e+00
   8.5144861e-01   9.2037432e-01  -2.0364049e-01  -1.0862423e-01  -6.8359847e-01  -6.1400644e-02  -2.7829495e-01  -6.3341151e-01  -2.8323694e-01  -4.2048735e-01   3.5512765e-01  -3.6737211e-01   1.0191075e+00   8.0970107e-01  -7.5339482e-01  -4.8827889e-01   1.2031980e+00   1.2785309e+00   1.2660068e+00  -5.2358808e-01  -4.9329397e-01
   8.5144861e-01   9.2037432e-01  -2.0364049e-01  -1.0862423e-01  -6.8359847e-01  -6.1400644e-02  -2.7829495e-01  -6.3341151e-01  -2.8323694e-01  -4.2048735e-01   3.5512765e-01  -3.6737211e-01   1.0191075e+00   8.0970107e-01  -7.5339482e-01  -4.8827889e-01   1.2031980e+00   1.2785309e+00   1.2660068e+00  -5.2358808e-01  -4.9329397e-01
   1.2747168e+00  -9.1998844e-01  -2.0364049e-01   1.0991693e-01  -6.8359847e-01  -6.1400644e-02  -2.7829495e-01   8.4494076e-02  -7.4648556e-01  -3.5824706e-01   8.1470843e-01  -9.7632834e-01   1.4823877e+00   2.5968710e-01  -6.5381895e-02  -4.8827889e-01   1.5638914e+00   1.5977714e+00   1.6108430e+00  -5.2358808e-01   1.1400175e+00
   1.2747168e+00  -6.0780839e-01  -2.0364049e-01   9.1237722e-02  -6.8359847e-01  -6.1400644e-02  -2.7829495e-01   2.4668611e-02  -7.4648556e-01  -2.9600678e-01   5.5938577e-01  -1.1616628e+00   1.6962093e+00   2.0468570e-01  -4.0938836e-01  -4.8827889e-01   1.5638914e+00   1.5339233e+00   1.6108430e+00  -5.2358808e-01   1.1400175e+00
   8.5144861e-01   1.6011067e+00  -7.7523548e-02  -5.8979075e-01  -6.8359847e-01  -6.1400644e-02  -2.7829495e-01   4.4344687e-01   1.8001168e-01  -4.2048735e-01   1.3593968e+00   7.9758762e-01  -7.9837645e-01   4.2469129e-01  -1.4414078e+00  -4.8827889e-01   4.8181108e-01   8.9544240e-01   7.1426873e-01  -2.2298508e-01   1.1400175e+00
   8.5144861e-01   1.1358314e+00  -8.9371931e-02  -1.6358711e+00  -6.8359847e-01  -6.1400644e-02  -2.7829495e-01   5.0327233e-01   6.4199529e-02  -4.2048735e-01   7.9768692e-01   7.9758762e-01  -7.9837645e-01   4.2469129e-01  -7.5339482e-01  -4.8827889e-01   6.0204223e-01   8.9544240e-01   7.1426873e-01  -2.8978574e-01   1.1400175e+00
   8.5144861e-01   1.2004798e+00  -1.1524406e-01  -1.6945796e-01  -6.8359847e-01  -6.1400644e-02  -2.7829495e-01   4.4344687e-01   5.2744815e-01  -4.2048735e-01   1.6147194e+00   9.0349305e-01  -7.9837645e-01   6.4469688e-01  -7.5339482e-01  -4.8827889e-01   4.8181108e-01   8.9544240e-01   7.1426873e-01  -8.9383744e-02   1.1400175e+00
   8.5144861e-01   5.8292890e-01  -1.3054596e-01  -4.2330214e-01  -6.8359847e-01  -6.1400644e-02  -2.7829495e-01   6.8274873e-01   6.4199529e-02  -3.5824706e-01   1.1721601e+00   9.0349305e-01  -7.9837645e-01   6.4469688e-01  -4.0938836e-01  -4.8827889e-01   1.2031980e+00   1.0869867e+00   1.1280723e+00  -1.8958474e-01   1.1400175e+00
   1.3805338e+00   8.8297658e-01  -1.5738985e-02  -1.0124495e+00  -6.8359847e-01  -6.1400644e-02  -2.7829495e-01  -5.1376058e-01  -5.1612626e-02  -4.2048735e-01   9.1683749e-01   1.1947330e+00  -1.1903828e+00   6.4469688e-01  -4.0938836e-01   9.6308254e-01   7.2227338e-01   1.0869867e+00   9.2117049e-01  -2.8978574e-01   1.1400175e+00
   1.3805338e+00  -1.6741152e-01  -1.4089481e-01  -1.1154254e+00  -6.8359847e-01  -6.1400644e-02  -2.7829495e-01  -6.3341151e-01   2.9582384e-01  -4.2048735e-01   2.3977089e+00   1.1417803e+00  -1.1903828e+00   5.3469408e-01   6.2263103e-01   9.6308254e-01   8.4250453e-01   8.9544240e-01   9.2117049e-01  -3.2318608e-01   1.1400175e+00
   1.3805338e+00   3.1551243e-01   2.3779022e-03   7.2954003e-02  -6.8359847e-01  -6.1400644e-02  -2.7829495e-01  -5.7358604e-01   5.2744815e-01  -4.2048735e-01   2.2274938e+00   1.7507365e+00  -1.2260197e+00   1.7447248e+00   2.7862457e-01  -4.8827889e-01   7.2227338e-01   1.0869867e+00   9.9013775e-01  -2.8978574e-01   1.1400175e+00
   1.3805338e+00  -9.1998844e-01  -1.6172687e-01  -9.4056388e-01  -6.8359847e-01  -6.1400644e-02  -2.7829495e-01  -6.3341151e-01   2.9582384e-01  -4.2048735e-01   3.0104833e+00   9.2996941e-01  -1.1903828e+00   9.4682907e-02   2.7862457e-01   9.6308254e-01   8.4250453e-01   8.9544240e-01   9.2117049e-01  -3.5658641e-01   1.1400175e+00
   1.3805338e+00  -5.3215740e-01  -4.1964501e-02  -5.6305044e-01  -6.8359847e-01  -6.1400644e-02  -2.7829495e-01  -2.7445872e-01  -5.1612626e-02  -4.2048735e-01   1.7338700e+00   1.7507365e+00  -1.2260197e+00   1.7447248e+00   1.6546504e+00   9.6308254e-01   7.2227338e-01   9.5929049e-01   8.5220324e-01  -4.5678741e-01  -4.9329397e-01
   1.3805338e+00  -9.1998844e-01  -5.1602877e-02  -7.9515106e-01  -6.8359847e-01  -6.1400644e-02  -2.7829495e-01  -2.1463325e-01  -2.8323694e-01  -4.2048735e-01   1.2913107e+00   1.6448311e+00  -1.0834720e+00   1.7447248e+00   1.3106440e+00   9.6308254e-01   5.4192665e-01   9.5929049e-01   8.5220324e-01  -4.9018775e-01  -4.9329397e-01
   1.3805338e+00   2.7986269e+00  -2.6476215e-02  -9.0112421e-01  -6.8359847e-01  -6.1400644e-02  -2.7829495e-01  -9.4982320e-02   6.4199529e-02  -4.2048735e-01  -1.3980879e+00   9.2996941e-01  -9.7656115e-01   4.2469129e-01   2.7862457e-01  -4.8827889e-01   1.2031980e+00   1.4700752e+00   1.4729085e+00  -3.2318608e-01   1.1400175e+00
   1.3805338e+00   2.2944079e+00   3.9191173e-01  -1.1418887e+00  -6.8359847e-01  -6.1400644e-02  -2.7829495e-01  -2.1463325e-01  -3.9904909e-01  -4.2048735e-01   5.4236426e-01   1.3535911e+00  -1.0121981e+00   1.2497122e+00  -6.5381895e-02  -4.8827889e-01   1.8644693e+00   1.9808599e+00   2.0246466e+00  -3.2318608e-01   1.1400175e+00
   1.3805338e+00   2.6783612e+00   3.4183295e-01  -1.1834267e+00  -6.8359847e-01  -6.1400644e-02  -2.7829495e-01  -2.7445872e-01  -3.9904909e-01  -4.2048735e-01  -1.1938298e+00   1.0358748e+00  -6.2019175e-01   1.1947108e+00  -6.5381895e-02  -4.8827889e-01   1.7442382e+00   1.9170118e+00   1.9556793e+00  -3.2318608e-01   1.1400175e+00
   1.3805338e+00   1.1732719e+00  -2.0364049e-01  -1.0568322e+00  -6.8359847e-01  -6.1400644e-02  -2.7829495e-01  -2.1463325e-01   4.1163599e-01  -4.2048735e-01   2.5849455e+00   1.1417803e+00  -1.4398414e+00   1.4968430e-01  -6.5381895e-02  -4.8827889e-01   1.0829668e+00   1.1508347e+00   1.1970395e+00  -1.5618441e-01   1.1400175e+00
   7.4563157e-01  -9.1998844e-01   2.0534888e+00  -1.6358711e+00   5.6795732e-02  -6.1400644e-02  -2.7829495e-01  -3.9410965e-01   6.4199529e-02  -4.2048735e-01   8.6577296e-01   1.5918783e+00  -1.3329305e+00   1.2497122e+00   2.7862457e-01  -4.8827889e-01  -1.7946026e-01   1.9311344e-01   9.3563441e-02  -4.9018775e-01  -4.9329397e-01
   7.4563157e-01  -9.1998844e-01  -1.1544374e-02  -1.6358711e+00  -6.8359847e-01  -6.1400644e-02  -2.7829495e-01   1.0417015e+00  -8.6229771e-01   1.2600004e+00   5.5938577e-01   9.8292212e-01  -6.2019175e-01   1.0847081e+00  -6.5381895e-02  -4.8827889e-01   7.2227338e-01   8.9544240e-01   7.8323599e-01  -6.2378908e-01   1.1400175e+00
   1.6979849e+00  -9.1998844e-01  -2.0364049e-01  -1.6358711e+00  -6.8359847e-01  -6.1400644e-02  -2.7829495e-01   8.0239966e-01  -1.0939220e+00   1.5194652e-02   2.1895556e-01  -1.3999501e+00   1.5892985e+00  -4.5533106e-01  -1.0974013e+00  -4.8827889e-01   8.4250453e-01   1.0231386e+00   9.9013775e-01  -6.5718941e-01   1.1400175e+00
  -7.3580694e-01   1.5590885e+00  -6.5846053e-02  -1.0644013e+00  -6.8359847e-01  -6.1400644e-02  -2.7829495e-01  -1.5307935e+00   5.2744815e-01  -4.2048735e-01  -2.4062522e-01   5.8577676e-01   3.7764257e-01   1.7997262e+00   1.3106440e+00   9.6308254e-01  -1.7946026e-01  -1.2612700e-01  -2.5127283e-01  -5.2358808e-01  -2.1266055e+00
  -7.3580694e-01   3.0355597e-01  -2.0364049e-01  -1.0717751e+00   3.6489528e-01  -6.1400644e-02  -2.7829495e-01  -1.1718407e+00   2.9582384e-01  -4.7045634e-02   5.7640728e-01   5.0634769e-01  -6.5582869e-01   3.9681510e-02  -4.0938836e-01  -4.8827889e-01  -1.7946026e-01  -3.1767126e-01  -3.2024009e-01  -3.5658641e-01  -4.9329397e-01
  -7.3580694e-01   3.4539525e-01  -2.7806054e-02  -1.0524857e+00  -4.1251167e-01  -6.1400644e-02  -2.7829495e-01  -1.2316662e+00   1.8001168e-01  -4.2048735e-01   1.0870526e+00  -4.9975390e-01   2.3509481e-01  -6.7533665e-01   6.2263103e-01   2.4144440e+00  -2.9969141e-01  -1.8997508e-01  -3.2024009e-01  -4.9018775e-01  -4.9329397e-01
  -7.3580694e-01   1.0586175e+00   6.0303781e-02  -1.0885479e+00  -6.8359847e-01  -6.1400644e-02  -2.7829495e-01  -1.2316662e+00   1.8001168e-01  -4.2048735e-01   1.5466334e+00   2.6806047e-01  -7.9837645e-01  -6.7533665e-01  -6.5381895e-02  -4.8827889e-01  -2.3957584e-01  -6.2278910e-02  -2.5127283e-01  -5.2358808e-01   1.1400175e+00
  -7.3580694e-01  -2.7161447e-01  -1.4958267e-01  -1.6358711e+00  -6.8359847e-01  -6.1400644e-02  -2.7829495e-01  -9.3253883e-01  -3.9904909e-01  -4.2048735e-01   4.7427822e-01  -1.1881392e+00   9.4783361e-01  -1.0053450e+00  -1.4414078e+00  -4.8827889e-01  -2.9969141e-01  -1.8997508e-01  -3.2024009e-01  -6.5718941e-01  -4.9329397e-01
  -7.3580694e-01  -1.1978007e-01   1.2994414e-01  -1.6358711e+00  -6.8359847e-01  -6.1400644e-02  -2.7829495e-01  -1.3513171e+00   5.2744815e-01  -4.2048735e-01   1.2913107e+00   2.1510775e-01  -7.9837645e-01  -7.8533944e-01   2.7862457e-01   9.6308254e-01  -2.3957584e-01  -1.8997508e-01  -2.5127283e-01  -4.9018775e-01   1.1400175e+00
  -7.3580694e-01   1.3449798e-01   4.1178002e-01  -7.6079304e-01   6.7183548e-01  -6.1400644e-02  -2.7829495e-01  -1.3513171e+00   1.5697575e+00  -4.2048735e-01   1.5296119e+00   1.4330202e+00  -1.2260197e+00   1.0847081e+00   2.7862457e-01   9.6308254e-01  -6.6038487e-01  -6.3691169e-01  -7.3404361e-01  -1.5618441e-01  -4.9329397e-01
  -7.3580694e-01  -9.1998844e-01   8.4611296e-01  -1.6358711e+00   2.0137713e+00  -6.1400644e-02  -2.7829495e-01  -1.3513171e+00   2.8436913e+00  -4.2048735e-01   8.3172994e-01   1.8831183e+00  -1.3685675e+00   1.7997262e+00   9.6663750e-01   9.6308254e-01  -9.0084718e-01  -1.0200002e+00  -1.0788799e+00   7.7617924e-02  -4.9329397e-01
  -7.3580694e-01   9.5656699e-01  -1.2541211e-01   3.1073115e-01  -8.0568668e-02  -6.1400644e-02  -2.7829495e-01  -1.3513171e+00   7.5907246e-01  -4.2048735e-01   6.6151483e-01   8.2406398e-01  -6.2019175e-01   7.5469967e-01   1.3106440e+00  -4.8827889e-01  -6.0026930e-01  -4.4536743e-01  -5.9610910e-01  -3.2318608e-01  -4.9329397e-01
  -7.3580694e-01   6.0697920e-01   9.1668817e-01   4.7608262e-01   8.8660956e-01  -6.1400644e-02  -2.7829495e-01  -1.4709680e+00   1.2223211e+00  -4.2048735e-01  -1.8956069e-01   1.5918783e+00  -9.7656115e-01   1.7997262e+00   1.3106440e+00   9.6308254e-01  -6.6038487e-01  -5.0921552e-01  -6.6507636e-01  -1.5618441e-01  -4.9329397e-01
  -7.3580694e-01  -9.1998844e-01  -1.4441984e-01  -1.6358711e+00  -6.8359847e-01  -6.1400644e-02  -2.7829495e-01  -1.1718407e+00   6.4199529e-02  -4.2048735e-01   1.8870636e+00  -3.1441940e-01  -3.7073317e-01  -1.2253506e+00  -6.5381895e-02   9.6308254e-01  -5.4015372e-01  -5.0921552e-01  -6.6507636e-01  -4.9018775e-01   1.1400175e+00
  -7.3580694e-01   7.9145550e-01   1.0092303e+00  -1.0440953e+00   1.5162869e+00  -6.1400644e-02  -2.7829495e-01  -1.2914916e+00   8.7488462e-01  -4.2048735e-01  -6.4914147e-01   1.2741621e+00  -4.4200705e-01   1.9647304e+00   1.9986569e+00  -4.8827889e-01  -2.9969141e-01  -5.0921552e-01  -5.9610910e-01  -2.2583076e-02  -4.9329397e-01
  -3.1253880e-01   3.4539525e-01  -1.3330671e-01  -1.3441784e+00  -6.8359847e-01  -6.1400644e-02  -2.7829495e-01  -6.3341151e-01   2.9582384e-01  -4.2048735e-01   7.9768692e-01   1.1682566e+00  -4.4200705e-01   1.7447248e+00   1.9986569e+00  -4.8827889e-01   6.1002043e-02   1.9311344e-01   2.4596186e-02  -4.9018775e-01  -4.9329397e-01
  -3.1253880e-01   3.2976038e-01  -1.3417575e-01   9.2660393e-02  -6.8359847e-01  -6.1400644e-02  -2.7829495e-01  -5.7358604e-01  -1.6742478e-01  -4.2048735e-01   3.2108462e-01   4.7987133e-01   3.7764257e-01   1.5797206e+00   6.2263103e-01  -4.8827889e-01   8.8646672e-04   6.5417265e-02  -1.1333832e-01  -5.5698841e-01  -4.9329397e-01
  -3.1253880e-01  -9.1998844e-01  -1.4163299e-01   4.2142029e-01  -6.8359847e-01  -6.1400644e-02  -2.7829495e-01  -3.9410965e-01  -2.8323694e-01  -4.2048735e-01   7.2960087e-01  -5.2623026e-01   7.3401197e-01   3.9681510e-02  -6.5381895e-02   9.6308254e-01  -1.7946026e-01  -6.2278910e-02  -1.8230558e-01  -6.2378908e-01  -4.9329397e-01
  -3.1253880e-01   9.0444044e-01  -2.1107599e-02   1.3921769e+00   3.0685869e+00  -6.1400644e-02  -2.7829495e-01  -1.3513171e+00   4.3492493e+00  -4.2048735e-01  -1.3980879e+00   1.8831183e+00  -1.4398414e+00   1.6897234e+00   3.0306763e+00   9.6308254e-01   1.8123320e-01  -7.0075978e-01  -5.2714185e-01   2.1818389e+00  -4.9329397e-01
  -3.1253880e-01  -9.1998844e-01   2.8035869e-02   6.7010388e-01   4.3169102e+00  -6.1400644e-02  -2.7829495e-01  -1.3513171e+00   3.8860007e+00  -4.2048735e-01  -1.3980879e+00   1.6977838e+00  -1.4398414e+00   1.3047136e+00   9.6663750e-01   2.4144440e+00  -4.1992257e-01  -1.2115445e+00  -1.1478471e+00   1.3134303e+00  -4.9329397e-01
  -9.4744102e-01  -2.8729658e-01  -2.0364049e-01  -1.7740764e-01   6.7183548e-01  -6.1400644e-02  -2.7829495e-01  -8.7271337e-01  -3.9904909e-01  -3.5824706e-01  -4.1084032e-01  -5.5270662e-01   1.6382093e-01  -8.9534224e-01  -4.0938836e-01  -4.8827889e-01  -6.6038487e-01  -5.7306361e-01  -7.3404361e-01  -4.9018775e-01  -4.9329397e-01
  -9.4744102e-01  -5.5615270e-01  -2.0364049e-01  -1.2620403e-01   1.1870954e+00  -6.1400644e-02  -2.7829495e-01  -9.3253883e-01  -3.9904909e-01  -4.2048735e-01  -7.3424902e-01  -4.7327755e-01   5.6910110e-02  -8.9534224e-01  -4.0938836e-01  -4.8827889e-01  -7.8061602e-01  -7.0075978e-01  -8.7197812e-01  -4.9018775e-01  -4.9329397e-01
  -9.4744102e-01  -3.2739874e-02  -2.0364049e-01   2.0486331e-01   1.0271018e+00  -6.1400644e-02  -2.7829495e-01  -1.2316662e+00  -1.6742478e-01  -4.2048735e-01  -1.0406362e+00  -4.7327755e-01   5.6910110e-02  -8.9534224e-01  -4.0938836e-01  -4.8827889e-01  -9.0084718e-01  -6.3691169e-01  -8.0301087e-01  -4.5678741e-01  -4.9329397e-01
  -9.4744102e-01  -9.1998844e-01  -2.0364049e-01   1.1428503e-01   6.7183548e-01  -6.1400644e-02  -2.7829495e-01   1.4431954e-01  -3.9904909e-01   1.5089615e+00  -1.3849616e-01   1.4859729e+00  -1.1191089e+00   1.3597150e+00   3.3746827e+00   2.4144440e+00  -4.1992257e-01  -7.0075978e-01  -6.6507636e-01  -1.8958474e-01  -4.9329397e-01
  -9.4744102e-01  -9.1998844e-01  -2.0364049e-01   1.1253862e-02   8.4716946e-01  -6.1400644e-02  -2.7829495e-01   3.2379594e-01  -7.4648556e-01   1.5712018e+00  -8.7042110e-01   5.3282404e-01  -5.4891787e-01   2.5968710e-01   9.6663750e-01  -4.8827889e-01  -6.6038487e-01  -7.0075978e-01  -7.3404361e-01  -4.2338708e-01  -4.9329397e-01
  -9.4744102e-01  -9.1998844e-01  -2.0364049e-01  -3.1561288e-02   1.3043713e+00  -6.1400644e-02  -2.7829495e-01   2.4668611e-02  -5.1486125e-01   7.6207808e-01  -7.5127053e-01   2.9453683e-01  -1.1191089e+00  -1.1153478e+00   1.3106440e+00   9.6308254e-01  -7.2050045e-01  -8.9230404e-01  -8.0301087e-01  -2.2298508e-01   1.1400175e+00
  -9.4744102e-01   4.9795086e-01  -2.0364049e-01   3.2528517e-01   5.3147840e-01  -6.1400644e-02  -2.7829495e-01  -6.9323697e-01  -1.6742478e-01  -4.2048735e-01  -5.9807694e-01   1.6977838e+00  -1.0478350e+00   1.9097290e+00   1.6546504e+00   9.6308254e-01  -5.9229110e-02  -7.0075978e-01  -6.6507636e-01   6.1202326e-01  -4.9329397e-01
   2.7561553e+00  -9.1998844e-01  -2.0364049e-01  -1.6358711e+00  -6.8359847e-01  -6.1400644e-02  -2.7829495e-01   5.6309780e-01  -9.7810987e-01   1.6956824e+00  -3.6367094e-02   5.0634769e-01  -4.7764399e-01   3.1468850e-01  -4.0938836e-01  -4.8827889e-01   1.7442382e+00   1.9170118e+00   1.9556793e+00  -6.2378908e-01   1.1400175e+00
   2.7561553e+00  -9.1998844e-01  -2.0364049e-01  -1.6358711e+00  -6.8359847e-01  -6.1400644e-02  -2.7829495e-01   6.2292326e-01  -1.0939220e+00   1.9446435e+00  -4.1084032e-01  -1.5588082e+00   2.3376743e+00   3.6968989e-01  -1.4414078e+00  -4.8827889e-01   1.7442382e+00   1.9808599e+00   2.0246466e+00  -6.9058975e-01  -4.9329397e-01
   2.7561553e+00  -9.1998844e-01  -2.0364049e-01  -1.6358711e+00  -6.8359847e-01  -6.1400644e-02  -2.7829495e-01   6.8274873e-01  -9.7810987e-01   1.5089615e+00   6.5761969e-02   4.7987133e-01  -4.7764399e-01   2.5968710e-01  -1.0974013e+00  -4.8827889e-01   1.7442382e+00   1.8531637e+00   1.8867121e+00  -6.2378908e-01   1.1400175e+00
   2.7561553e+00  -9.1998844e-01  -2.0364049e-01  -1.6358711e+00  -6.8359847e-01  -6.1400644e-02  -2.7829495e-01   7.4257419e-01  -1.0939220e+00   3.1894492e+00  -6.6616298e-01  -1.6647136e+00   2.4445851e+00   3.1468850e-01  -1.4414078e+00  -4.8827889e-01   1.7442382e+00   2.0447080e+00   2.0246466e+00  -6.9058975e-01  -4.9329397e-01
   2.8619723e+00  -7.0909114e-01  -2.0364049e-01   1.2810559e+00  -6.8359847e-01  -6.1400644e-02  -2.7829495e-01   9.8187606e-01  -1.2097342e+00   7.7434938e-02   6.5761969e-02  -7.9099384e-01   1.5180246e+00   6.9969827e-01  -6.5381895e-02  -4.8827889e-01   1.7442382e+00   1.9808599e+00   2.0246466e+00  -6.5718941e-01   1.1400175e+00
   2.8619723e+00  -5.1797597e-01  -2.0364049e-01   1.7002771e+00  -6.8359847e-01  -6.1400644e-02  -2.7829495e-01   8.0239966e-01  -1.0939220e+00  -4.2048735e-01  -5.3388604e-02  -7.9099384e-01   1.5180246e+00   6.9969827e-01  -6.5381895e-02  -4.8827889e-01   1.6240070e+00   1.9808599e+00   2.0246466e+00  -6.2378908e-01   1.1400175e+00
   2.8619723e+00  -5.1861408e-01  -2.0364049e-01   1.6949817e+00  -6.8359847e-01  -6.1400644e-02  -2.7829495e-01   8.0239966e-01  -1.0939220e+00  -4.2048735e-01  -7.0410115e-02  -7.9099384e-01   1.5180246e+00   6.9969827e-01  -6.5381895e-02  -4.8827889e-01   1.6240070e+00   1.9808599e+00   1.9556793e+00  -6.2378908e-01   1.1400175e+00
   2.8619723e+00  -9.1998844e-01  -2.0364049e-01   3.5128537e-01  -6.8359847e-01  -6.1400644e-02  -2.7829495e-01   7.4257419e-01  -1.0939220e+00  -4.2048735e-01  -1.9345583e-02  -1.3734737e+00   2.3020373e+00   6.9969827e-01  -1.0974013e+00  -4.8827889e-01   2.0448161e+00   2.1724041e+00   2.1625811e+00  -6.2378908e-01  -4.9329397e-01
   2.3328871e+00  -2.8729658e-01  -2.0364049e-01  -1.0524857e+00  -4.1251167e-01  -6.1400644e-02  -2.7829495e-01  -3.5156855e-02   6.4326030e-01  -4.2048735e-01   3.0785693e+00   1.9360710e+00  -1.4398414e+00   1.7997262e+00   1.9986569e+00   1.4025335e+01   1.0228513e+00   1.5977714e+00   1.7487775e+00   2.1121926e-01   1.1400175e+00
   2.3328871e+00  -1.7517005e-01  -2.0364049e-01  -6.0571048e-01  -6.8359847e-01  -6.1400644e-02  -2.7829495e-01  -3.5156855e-02   6.4326030e-01  -4.2048735e-01   4.6785913e+00   1.9360710e+00  -1.4398414e+00   1.7997262e+00   1.3106440e+00   6.7685282e+00   1.0228513e+00   1.4062271e+00   1.4039413e+00   7.7617924e-02   1.1400175e+00
   1.1688997e+00   3.4539525e-01  -2.0364049e-01  -7.6079304e-01  -6.8359847e-01  -6.1400644e-02  -2.7829495e-01   3.2379594e-01  -2.8323694e-01   1.5194652e-02   1.4785473e+00   1.2476857e+00  -1.1903828e+00   7.5469967e-01   1.9986569e+00  -4.8827889e-01   6.0204223e-01   8.9544240e-01   7.8323599e-01  -3.5658641e-01   1.1400175e+00
   1.1688997e+00   1.0586175e+00  -2.0364049e-01  -1.0885479e+00  -6.8359847e-01  -6.1400644e-02  -2.7829495e-01   3.2379594e-01  -6.3067340e-01  -4.2048735e-01  -6.4914147e-01   8.5054034e-01  -6.5582869e-01   7.5469967e-01   2.7862457e-01  -4.8827889e-01   6.6215781e-01   1.0869867e+00   8.5220324e-01  -4.9018775e-01   1.1400175e+00
   1.1688997e+00  -5.5719671e-01  -2.0364049e-01  -1.1340928e+00  -6.8359847e-01  -6.1400644e-02  -2.7829495e-01   3.8362140e-01  -3.9904909e-01   2.0191551e-01   1.6657839e+00   6.9168219e-01  -6.5582869e-01   4.2469129e-01   1.3106440e+00   9.6308254e-01   6.6215781e-01   8.3159431e-01   7.1426873e-01  -5.5698841e-01   1.1400175e+00
   1.8038019e+00  -4.9819387e-01  -2.0364049e-01  -7.6079304e-01  -6.8359847e-01  -6.1400644e-02  -2.7829495e-01   3.8362140e-01  -5.1486125e-01   7.7434938e-02   1.8019560e+00   6.6520583e-01  -6.9146563e-01   3.1468850e-01  -6.5381895e-02  -4.8827889e-01   9.0262011e-01   1.2785309e+00   1.1970395e+00  -4.5678741e-01   1.1400175e+00
   1.8038019e+00  -1.6516503e-01  -2.0364049e-01  -1.6358711e+00  -6.8359847e-01  -6.1400644e-02  -2.7829495e-01   3.8362140e-01  -6.3067340e-01   1.3967522e-01   4.0619218e-01   5.3282404e-01  -4.7764399e-01   3.6968989e-01  -6.5381895e-02   9.6308254e-01   1.0228513e+00   1.3423790e+00   1.1970395e+00  -5.2358808e-01   1.1400175e+00
   1.6979849e+00  -3.2219685e-01  -2.0364049e-01   4.3114745e-01  -6.8359847e-01  -6.1400644e-02  -2.7829495e-01   5.6309780e-01  -8.6229771e-01   5.1311694e-01   1.3384801e-01  -5.7918298e-01   8.7655973e-01   1.4968430e-01   9.6663750e-01   9.6308254e-01   1.0228513e+00   1.2146828e+00   1.1970395e+00  -5.9038875e-01   1.1400175e+00
   1.6979849e+00  -9.1998844e-01  -2.0364049e-01  -4.4830054e-01  -6.8359847e-01  -6.1400644e-02  -2.7829495e-01   7.4257419e-01  -1.0939220e+00   8.2431837e-01   2.3597707e-01  -6.8508841e-01   8.7655973e-01  -7.0321284e-02   2.7862457e-01  -4.8827889e-01   1.0228513e+00   1.2146828e+00   1.1280723e+00  -6.5718941e-01   1.1400175e+00
   1.6979849e+00  -9.1998844e-01  -2.0364049e-01  -2.1416566e-01  -6.8359847e-01  -6.1400644e-02  -2.7829495e-01   6.2292326e-01  -9.7810987e-01   3.8863637e-01   3.7214916e-01  -7.3804112e-01   8.7655973e-01  -1.8032408e-01   2.7862457e-01  -4.8827889e-01   9.0262011e-01   1.2146828e+00   1.1280723e+00  -6.5718941e-01   1.1400175e+00
   8.5144861e-01   6.1098538e-01  -1.8236647e-01  -2.2420801e-01  -3.5561356e-01  -6.1400644e-02  -2.7829495e-01  -2.1463325e-01   2.9582384e-01  -4.2048735e-01   1.4697437e-02   1.2476857e+00  -1.3685675e+00   4.7969269e-01   2.6866698e+00   9.6308254e-01   1.3835447e+00   1.0231386e+00   1.1970395e+00   3.1142026e-01   1.1400175e+00
  -7.3580694e-01   1.3802764e-01  -2.0364049e-01   3.1525604e-01  -6.8359847e-01  -6.1400644e-02  -2.7829495e-01  -8.1288790e-01  -1.6742478e-01  -4.2048735e-01   5.2534275e-01   2.9453683e-01   8.4092279e-01   1.9097290e+00  -4.0938836e-01  -4.8827889e-01  -6.0026930e-01  -1.2612700e-01  -3.2024009e-01  -3.8998675e-01  -2.1266055e+00
  -7.3580694e-01  -9.1998844e-01  -2.0364049e-01   9.9374950e-01  -6.8359847e-01  -6.1400644e-02  -2.7829495e-01  -6.3341151e-01  -3.9904909e-01  -4.2048735e-01   1.0870526e+00   2.9453683e-01   8.4092279e-01   1.9097290e+00  -6.5381895e-02  -4.8827889e-01  -6.0026930e-01  -3.8151935e-01  -5.9610910e-01  -5.9038875e-01  -2.1266055e+00
  -9.4744102e-01  -3.6484937e-01  -2.0364049e-01   2.8366533e-01  -6.8359847e-01  -6.1400644e-02  -2.7829495e-01  -3.9410965e-01  -6.3067340e-01   4.5087665e-01   9.9804989e-02  -9.2337562e-01   8.0528585e-01  -6.7533665e-01  -7.5339482e-01  -4.8827889e-01  -6.0026930e-01  -3.1767126e-01  -5.9610910e-01  -5.5698841e-01  -4.9329397e-01
  -9.4744102e-01  -5.5191588e-01  -2.0364049e-01   4.0045809e-01  -6.8359847e-01  -6.1400644e-02  -2.7829495e-01  -3.3428418e-01  -7.4648556e-01   3.2639608e-01   1.1682650e-01  -1.2146156e+00   8.0528585e-01  -1.2803520e+00  -7.5339482e-01  -4.8827889e-01  -6.0026930e-01  -4.4536743e-01  -6.6507636e-01  -6.5718941e-01  -4.9329397e-01
  -9.4744102e-01  -5.1540309e-01  -2.0364049e-01   6.0246195e-01  -6.8359847e-01  -6.1400644e-02  -2.7829495e-01  -3.9410965e-01  -6.3067340e-01   3.8863637e-01  -3.6367094e-02  -1.3205210e+00   9.4783361e-01  -1.2803520e+00  -1.0974013e+00  -4.8827889e-01  -6.0026930e-01  -3.8151935e-01  -5.9610910e-01  -6.5718941e-01  -4.9329397e-01
  -9.4744102e-01   7.6718984e-01  -2.0364049e-01   4.0597775e-01  -6.8359847e-01  -6.1400644e-02  -2.7829495e-01  -6.3341151e-01  -6.3067340e-01   2.6415579e-01  -8.3637808e-01  -1.1351865e+00   9.1219667e-01  -9.5034364e-01  -1.0974013e+00  -4.8827889e-01  -6.0026930e-01  -3.1767126e-01  -5.9610910e-01  -5.9038875e-01  -2.1266055e+00
  -9.4744102e-01   8.5825237e-01  -2.0364049e-01   3.3172122e-01  -6.8359847e-01  -6.1400644e-02  -2.7829495e-01  -6.9323697e-01  -6.3067340e-01  -4.7045634e-02  -8.1935657e-01  -1.0822338e+00   9.1219667e-01  -8.4034084e-01  -7.5339482e-01  -4.8827889e-01  -6.0026930e-01  -3.1767126e-01  -5.9610910e-01  -5.9038875e-01  -4.9329397e-01
  -9.4744102e-01   5.0863214e-01  -2.0364049e-01   3.4005849e-01  -6.8359847e-01  -6.1400644e-02  -2.7829495e-01  -5.1376058e-01  -6.3067340e-01   5.7535722e-01  -7.6829204e-01  -1.0557574e+00   8.7655973e-01  -8.4034084e-01  -1.0974013e+00  -4.8827889e-01  -6.0026930e-01  -3.8151935e-01  -6.6507636e-01  -5.9038875e-01  -2.1266055e+00
  -9.4744102e-01   4.0391650e-01  -2.0364049e-01   8.0559165e-01  -6.8359847e-01  -6.1400644e-02  -2.7829495e-01  -5.7358604e-01  -6.3067340e-01   3.8863637e-01  -8.5339959e-01  -1.0822338e+00   9.1219667e-01  -8.4034084e-01  -1.0974013e+00  -4.8827889e-01  -6.0026930e-01  -3.1767126e-01  -6.6507636e-01  -5.9038875e-01  -2.1266055e+00
  -1.0532581e+00   8.3447454e-02  -2.0364049e-01   4.4591188e-01  -3.6114504e-01  -6.1400644e-02  -2.7829495e-01  -7.5306244e-01  -2.8323694e-01   2.0191551e-01   1.1682650e-01   1.8863140e-01  -8.3401339e-01  -8.9534224e-01  -7.5339482e-01  -4.8827889e-01  -6.6038487e-01  -5.7306361e-01  -7.3404361e-01  -4.2338708e-01   1.1400175e+00
  -1.0532581e+00   2.4261313e-01  -2.0364049e-01   3.7412623e-01  -6.8359847e-01  -6.1400644e-02  -2.7829495e-01  -7.5306244e-01  -3.9904909e-01   3.2639608e-01   3.1718948e-02  -2.3499033e-01  -2.6382235e-01  -8.9534224e-01  -7.5339482e-01   9.6308254e-01  -6.6038487e-01  -5.0921552e-01  -7.3404361e-01  -5.5698841e-01  -4.9329397e-01
  -1.0532581e+00   1.7309158e-01  -2.0364049e-01  -1.2402872e-01  -6.8359847e-01  -6.1400644e-02  -2.7829495e-01  -8.1288790e-01  -2.8323694e-01   2.0191551e-01  -2.3240730e-03  -4.4680119e-01  -1.5691153e-01  -1.1703492e+00  -6.5381895e-02  -4.8827889e-01  -6.6038487e-01  -5.0921552e-01  -7.3404361e-01  -5.9038875e-01   1.1400175e+00
   2.1654639e-01  -2.8729658e-01  -4.5389498e-02  -1.3441784e+00  -4.1251167e-01  -6.1400644e-02  -2.7829495e-01   6.8274873e-01   2.0330062e+00  -4.2048735e-01   5.7169034e+00   1.4859729e+00  -1.2972936e+00   1.0847081e+00  -1.0974013e+00  -4.8827889e-01   1.2111762e-01   1.2926535e-01   1.6253070e-01   1.4441859e-01  -4.9329397e-01
   2.1654639e-01  -2.0869212e-01  -5.5380652e-02  -1.1439730e+00  -6.8359847e-01  -6.1400644e-02  -2.7829495e-01   5.0327233e-01   2.6120669e+00  -4.2048735e-01   7.2318178e+00   1.4859729e+00  -1.2972936e+00   1.0847081e+00  -1.0974013e+00  -4.8827889e-01   8.8646672e-04   1.2926535e-01   1.6253070e-01   1.4441859e-01  -4.9329397e-01
   2.1654639e-01  -4.9819387e-01  -1.1572327e-01  -1.0524857e+00  -6.8359847e-01  -6.1400644e-02  -2.7829495e-01   1.3408288e+00   6.4199529e-02  -2.3376649e-01   2.9934618e+00   1.6977838e+00  -1.2972936e+00   1.5247192e+00  -7.5339482e-01  -4.8827889e-01   8.8646672e-04   1.9311344e-01   2.4596186e-02  -4.5678741e-01  -4.9329397e-01
   2.1654639e-01  -1.8704397e-01  -5.0868397e-02  -1.1290022e+00  -6.8359847e-01  -6.1400644e-02  -2.7829495e-01   1.3408288e+00  -2.8323694e-01  -4.2048735e-01   1.3083322e+00   1.3271148e+00  -7.9837645e-01   1.5247192e+00   6.2263103e-01  -4.8827889e-01   1.2111762e-01   1.9311344e-01   2.4596186e-02  -4.9018775e-01  -4.9329397e-01
  -1.6881603e+00  -5.7407072e-01  -2.0364049e-01  -6.7899140e-01  -6.8359847e-01  -6.1400644e-02  -2.7829495e-01   8.4494076e-02  -8.6229771e-01   2.0068838e+00  -4.6190485e-01  -7.9099384e-01   2.1273171e-02  -1.6103604e+00  -6.5381895e-02  -4.8827889e-01  -9.6096275e-01  -8.2845596e-01  -1.0099126e+00  -6.5718941e-01   1.1400175e+00
  -1.6881603e+00  -9.1998844e-01  -2.0364049e-01  -1.7456384e-01  -2.3090618e-01  -6.1400644e-02  -2.7829495e-01  -9.4982320e-02  -7.4648556e-01   1.1355198e+00  -4.4488334e-01  -4.9655823e-02  -1.2260197e+00  -1.9953702e+00   6.2263103e-01  -4.8827889e-01  -9.6096275e-01  -9.5615213e-01  -1.0788799e+00  -5.9038875e-01   1.1400175e+00
  -1.6881603e+00  -9.1998844e-01  -2.0364049e-01   7.0175427e-02  -6.8359847e-01  -6.1400644e-02  -2.7829495e-01   2.0414501e-01  -9.7810987e-01   1.1977601e+00  -4.6190485e-01  -1.6382373e+00   8.4092279e-01  -2.1053730e+00  -1.0974013e+00  -4.8827889e-01  -9.6096275e-01  -8.2845596e-01  -1.0099126e+00  -6.9058975e-01  -4.9329397e-01
  -1.3707092e+00  -5.6483978e-01  -2.0364049e-01  -1.6224948e-01  -2.2709136e-01  -6.1400644e-02  -2.7829495e-01  -9.3253883e-01  -1.6742478e-01  -2.9600678e-01   4.0619218e-01   4.0044226e-01  -4.7764399e-01   9.4682907e-02  -4.0938836e-01   9.6308254e-01  -9.0084718e-01  -7.6460787e-01  -9.4094538e-01  -5.5698841e-01  -4.9329397e-01
  -1.3707092e+00  -5.0613272e-01  -2.0364049e-01  -4.9106085e-01  -6.8359847e-01  -6.1400644e-02  -2.7829495e-01  -8.7271337e-01  -1.6742478e-01  -2.9600678e-01   5.7640728e-01   4.0044226e-01  -4.7764399e-01   9.4682907e-02  -4.0938836e-01   2.4144440e+00  -9.0084718e-01  -7.0075978e-01  -9.4094538e-01  -5.9038875e-01  -4.9329397e-01
  -1.3707092e+00  -4.4107586e-01  -2.0364049e-01  -3.1110013e-01  -6.8359847e-01  -6.1400644e-02  -2.7829495e-01  -8.1288790e-01  -1.6742478e-01  -2.3376649e-01   5.2534275e-01   4.0044226e-01  -4.7764399e-01   9.4682907e-02   6.2263103e-01  -4.8827889e-01  -9.0084718e-01  -7.0075978e-01  -9.4094538e-01  -6.2378908e-01  -4.9329397e-01
  -1.3707092e+00   3.2770486e-01  -2.0364049e-01   8.9817395e-02  -6.8359847e-01  -6.1400644e-02  -2.7829495e-01  -8.1288790e-01  -5.1612626e-02  -4.2048735e-01   4.2321369e-01   1.5918783e+00  -1.1547458e+00   1.5247192e+00   9.6663750e-01  -4.8827889e-01  -5.4015372e-01  -3.8151935e-01  -6.6507636e-01  -4.5678741e-01  -4.9329397e-01
  -1.3707092e+00  -9.1998844e-01  -2.0364049e-01  -4.2569971e-01  -6.8359847e-01  -6.1400644e-02  -2.7829495e-01  -6.3341151e-01  -3.9904909e-01  -4.2048735e-01   9.8492353e-01   4.7987133e-01  -1.1547458e+00  -7.8533944e-01  -6.5381895e-02  -4.8827889e-01  -5.4015372e-01  -5.0921552e-01  -5.9610910e-01  -5.9038875e-01   1.1400175e+00
  -1.3707092e+00   1.0383143e+00  -2.0364049e-01   5.6963072e-02  -3.6894886e-01  -6.1400644e-02  -2.7829495e-01  -8.7271337e-01   4.1163599e-01  -4.2048735e-01   3.0406311e-01   1.4594966e+00  -7.6273951e-01   1.8547276e+00   1.6546504e+00  -4.8827889e-01  -2.3957584e-01  -6.2278910e-02  -1.1333832e-01  -2.2583076e-02  -4.9329397e-01
  -1.3707092e+00  -2.7492251e-01  -2.0364049e-01   1.0407070e+00   1.4556749e-01  -6.1400644e-02  -2.7829495e-01  -1.1120152e+00   6.4199529e-02  -4.2048735e-01   1.0019450e+00  -4.7327755e-01  -8.5637649e-02  -1.1153478e+00  -4.0938836e-01  -4.8827889e-01  -5.4015372e-01  -7.0075978e-01  -8.0301087e-01  -4.2338708e-01  -4.9329397e-01
  -1.1590751e+00   1.9166476e+00  -2.0364049e-01  -5.1491106e-01  -6.8359847e-01  -6.1400644e-02  -2.7829495e-01  -6.9323697e-01   5.2744815e-01  -4.2048735e-01  -2.9168975e-01   1.7242601e+00  -1.1191089e+00   1.8547276e+00   2.3426634e+00  -4.8827889e-01   3.6157992e-01   2.5696153e-01   2.3149795e-01  -8.9383744e-02  -4.9329397e-01
  -1.2648921e+00   1.4655384e+00  -2.0364049e-01   8.3870111e-01  -6.8359847e-01  -6.1400644e-02  -2.7829495e-01  -1.0521898e+00   6.4326030e-01  -4.2048735e-01   1.0359881e+00   1.4065438e+00  -6.9146563e-01   1.8547276e+00   1.9986569e+00   9.6308254e-01  -5.4015372e-01  -1.8997508e-01  -3.2024009e-01  -2.8978574e-01  -4.9329397e-01
   6.3981454e-01   3.4397675e+00  -2.0364049e-01   2.1951107e-01  -6.8359847e-01  -6.1400644e-02  -2.7829495e-01  -5.7358604e-01   4.4650614e+00  -4.2048735e-01  -6.3211996e-01   1.9625474e+00  -1.3685675e+00   1.9647304e+00   2.3426634e+00   2.4144440e+00   6.0204223e-01   1.5339233e+00   1.6798103e+00   1.7142343e+00   1.1400175e+00
  -1.0090472e-01  -9.1998844e-01  -2.0364049e-01  -1.6358711e+00   1.7602591e+00  -6.1400644e-02  -2.7829495e-01  -4.5393511e-01   5.2744815e-01  -4.2048735e-01  -8.5339959e-01   4.2691861e-01  -1.1547458e+00  -8.9534224e-01  -6.5381895e-02   9.6308254e-01  -5.4015372e-01  -7.6460787e-01  -7.3404361e-01   1.0817257e-02   1.1400175e+00
   4.9123147e-03  -9.1998844e-01  -2.0364049e-01   5.0320866e-01   1.8013637e+00  -6.1400644e-02  -2.7829495e-01  -3.9410965e-01   1.3381332e+00  -4.2048735e-01   4.0619218e-01   1.4330202e+00  -1.4042044e+00   8.0970107e-01   9.6663750e-01   9.6308254e-01  -1.7946026e-01  -5.0921552e-01  -4.5817459e-01   1.4441859e-01  -4.9329397e-01
   4.9123147e-03   2.2567181e+00  -2.0364049e-01  -7.5712857e-01   1.3306750e-01  -6.1400644e-02  -2.7829495e-01  -8.1288790e-01   3.8860007e+00  -4.2048735e-01  -4.7892636e-01   1.9360710e+00  -1.3685675e+00   1.9097290e+00   1.6546504e+00   9.6308254e-01  -1.7946026e-01   1.3423790e+00   1.8177448e+00   3.8852559e+00   1.1400175e+00
   4.9123147e-03   1.3449798e-01  -2.0364049e-01   9.8936314e-01   1.2140091e+00  -6.1400644e-02  -2.7829495e-01  -5.1376058e-01   2.2646305e+00  -4.2048735e-01   1.2062032e+00   1.8831183e+00  -1.3329305e+00   1.8547276e+00   6.2263103e-01   2.4144440e+00  -1.7946026e-01   1.9311344e-01  -1.8230558e-01   1.4804319e+00  -4.9329397e-01
   4.9123147e-03  -9.1998844e-01  -2.0364049e-01   2.0486331e-01  -6.8359847e-01  -6.1400644e-02  -2.7829495e-01   2.6397047e-01   6.4326030e-01  -4.2048735e-01   2.5679240e+00   4.0044226e-01  -1.0121981e+00  -7.3033805e-01   2.7862457e-01  -4.8827889e-01  -1.7946026e-01   1.5691775e-03  -1.1333832e-01  -4.2338708e-01   1.1400175e+00
   6.3981454e-01   6.3133574e-01  -2.0364049e-01  -2.0544354e-01  -6.8359847e-01  -6.1400644e-02  -2.7829495e-01  -7.5306244e-01  -1.6742478e-01  -4.2048735e-01   1.3384801e-01  -3.6737211e-01   1.0191075e+00   8.0970107e-01  -7.5339482e-01  -4.8827889e-01   1.3234291e+00   1.2146828e+00   1.2660068e+00  -4.2338708e-01  -4.9329397e-01
   1.9096190e+00  -9.1998844e-01  -2.0364049e-01   8.2708339e-01  -6.8359847e-01  -6.1400644e-02  -2.7829495e-01   5.6309780e-01  -1.0939220e+00   3.8863637e-01  -8.7431625e-02  -1.5323319e+00   2.0169418e+00  -7.0321284e-02  -7.5339482e-01  -4.8827889e-01   1.0228513e+00   1.4062271e+00   1.4039413e+00  -6.2378908e-01  -4.9329397e-01
   1.3805338e+00  -8.4068303e-02  -2.0364049e-01  -1.0577892e+00  -6.8359847e-01  -6.1400644e-02  -2.7829495e-01   2.6397047e-01  -9.7810987e-01  -4.2048735e-01  -2.0658220e-01  -1.2675683e+00   1.9456679e+00   3.6968989e-01  -1.0974013e+00  -4.8827889e-01   1.0829668e+00   1.5339233e+00   1.4729085e+00  -5.5698841e-01  -4.9329397e-01
  -1.2648921e+00  -9.1998844e-01   7.7694604e-02  -1.6358711e+00  -4.1251167e-01  -6.1400644e-02  -2.7829495e-01   5.0327233e-01  -8.6229771e-01   1.5194652e-02   6.7853634e-01   8.2725965e-02  -1.2260197e+00  -1.7203632e+00   6.2263103e-01  -4.8827889e-01  -7.8061602e-01  -7.6460787e-01  -9.4094538e-01  -5.9038875e-01   1.1400175e+00
  -1.2648921e+00  -9.1998844e-01   6.4195880e-02  -1.6358711e+00  -6.8359847e-01  -6.1400644e-02  -2.7829495e-01   3.8362140e-01  -7.4648556e-01  -4.2048735e-01   1.1210956e+00   8.2725965e-02  -1.2260197e+00  -1.7203632e+00   2.7862457e-01  -4.8827889e-01  -7.8061602e-01  -7.0075978e-01  -8.7197812e-01  -6.2378908e-01   1.1400175e+00
  -1.2648921e+00  -9.1998844e-01   1.4197506e-01  -1.6358711e+00  -6.8359847e-01  -6.1400644e-02  -2.7829495e-01   6.8274873e-01  -1.0939220e+00   3.2639608e-01   4.8740458e-02  -1.1616628e+00   4.4891645e-01  -1.7203632e+00  -7.5339482e-01  -4.8827889e-01  -9.6096275e-01  -7.6460787e-01  -1.0099126e+00  -6.5718941e-01  -4.9329397e-01
  -1.2648921e+00  -9.1998844e-01  -4.1154564e-02  -1.6358711e+00  -6.8359847e-01  -6.1400644e-02  -2.7829495e-01   5.6309780e-01  -9.7810987e-01   3.2639608e-01   6.5761969e-02  -1.3205210e+00   6.6273809e-01  -1.7203632e+00  -1.4414078e+00   9.6308254e-01  -7.8061602e-01  -7.0075978e-01  -8.7197812e-01  -6.5718941e-01  -4.9329397e-01
  -1.2648921e+00  -9.1998844e-01   1.0869356e-01  -1.6358711e+00  -6.8359847e-01  -6.1400644e-02  -2.7829495e-01   7.4257419e-01  -9.7810987e-01  -4.2048735e-01   2.1895556e-01  -1.3999501e+00   7.6964891e-01  -1.7203632e+00  -1.4414078e+00  -4.8827889e-01  -6.6038487e-01  -6.3691169e-01  -8.7197812e-01  -6.5718941e-01  -4.9329397e-01
  -1.2648921e+00  -9.1998844e-01  -4.4326518e-02  -1.6358711e+00  -6.8359847e-01  -6.1400644e-02  -2.7829495e-01   3.8362140e-01  -8.6229771e-01   5.1311694e-01  -1.3849616e-01  -1.3999501e+00   6.6273809e-01  -1.8853674e+00  -1.0974013e+00   9.6308254e-01  -7.8061602e-01  -7.6460787e-01  -9.4094538e-01  -6.9058975e-01  -4.9329397e-01
  -1.2648921e+00  -9.1998844e-01   1.2812783e-02  -1.6358711e+00  -6.8359847e-01  -6.1400644e-02  -2.7829495e-01   6.8274873e-01  -1.0939220e+00   3.2639608e-01  -1.0445314e-01  -1.4793791e+00   8.7655973e-01  -1.7203632e+00  -1.4414078e+00  -4.8827889e-01  -7.8061602e-01  -7.0075978e-01  -9.4094538e-01  -6.5718941e-01  -4.9329397e-01
  -1.2648921e+00  -9.1998844e-01   2.6616561e-01  -1.6358711e+00  -6.8359847e-01  -6.1400644e-02  -2.7829495e-01   6.2292326e-01  -6.3067340e-01  -4.2048735e-01   1.1721601e+00   8.2725965e-02  -1.1547458e+00  -1.6103604e+00   2.7862457e-01  -4.8827889e-01  -7.8061602e-01  -6.3691169e-01  -8.7197812e-01  -5.2358808e-01   1.1400175e+00
  -1.2648921e+00  -9.1998844e-01   3.5116342e-01  -1.6358711e+00  -6.8359847e-01  -6.1400644e-02  -2.7829495e-01   5.0327233e-01  -7.4648556e-01  -4.2048735e-01   1.2062032e+00  -1.2908490e-01  -1.0121981e+00  -1.8303660e+00  -4.0938836e-01  -4.8827889e-01  -6.6038487e-01  -7.6460787e-01  -8.7197812e-01  -5.2358808e-01   1.1400175e+00
  -8.4162398e-01   2.2940174e-01   1.1579207e-01  -1.1059627e+00  -6.8359847e-01  -6.1400644e-02  -2.7829495e-01   8.4494076e-02  -7.4648556e-01  -4.2048735e-01  -1.2147465e-01  -5.7918298e-01  -1.4363769e-02  -1.2253506e+00  -6.5381895e-02  -4.8827889e-01  -4.1992257e-01  -1.8997508e-01  -3.8920734e-01  -6.2378908e-01   1.1400175e+00
  -8.4162398e-01  -9.1998844e-01  -5.6723773e-02  -1.6358711e+00  -6.8359847e-01  -6.1400644e-02  -2.7829495e-01   8.6222513e-01  -9.7810987e-01  -4.2048735e-01  -1.0445314e-01  -1.2940446e+00   7.3401197e-01  -1.5553590e+00  -1.4414078e+00  -4.8827889e-01  -4.1992257e-01  -2.5382317e-01  -4.5817459e-01  -6.9058975e-01   1.1400175e+00
  -7.3580694e-01   9.7808711e-01   1.1286149e-01  -1.3441784e+00  -6.8359847e-01  -6.1400644e-02  -2.7829495e-01   2.0414501e-01  -7.4648556e-01  -4.2048735e-01  -5.6403392e-01  -2.8794304e-01  -2.9945929e-01  -1.0603464e+00   1.6546504e+00  -4.8827889e-01  -1.7946026e-01  -6.2278910e-02  -2.5127283e-01  -5.9038875e-01   1.1400175e+00
  -7.3580694e-01  -1.1211034e-01  -1.5713335e-03  -1.6358711e+00  -6.8359847e-01  -6.1400644e-02  -2.7829495e-01   3.8362140e-01  -9.7810987e-01  -4.2048735e-01  -5.6403392e-01  -1.5323319e+00   1.2329291e+00  -1.2803520e+00  -1.0974013e+00  -4.8827889e-01  -1.7946026e-01  -6.2278910e-02  -1.8230558e-01  -6.9058975e-01  -4.9329397e-01
  -7.3580694e-01   1.5836338e+00   5.0976162e-03  -1.0587432e+00  -6.8359847e-01  -6.1400644e-02  -2.7829495e-01   3.2379594e-01  -6.3067340e-01  -4.2048735e-01  -9.7255016e-01   1.1682566e+00  -1.1903828e+00   5.8969548e-01   1.3106440e+00  -4.8827889e-01  -1.7946026e-01  -6.2278910e-02  -2.5127283e-01  -5.5698841e-01  -4.9329397e-01
  -7.3580694e-01   4.1088442e-01   2.4020264e-01  -1.6358711e+00  -6.8359847e-01  -6.1400644e-02  -2.7829495e-01   1.4431954e-01  -7.4648556e-01  -4.2048735e-01  -3.5977579e-01   2.9773250e-02  -7.9837645e-01  -1.1703492e+00  -4.0938836e-01  -4.8827889e-01  -1.7946026e-01  -6.2278910e-02  -2.5127283e-01  -6.2378908e-01   1.1400175e+00
  -5.2417287e-01  -4.9819387e-01  -8.0556384e-02  -1.3441784e+00  -6.8359847e-01  -6.1400644e-02  -2.7829495e-01   9.8187606e-01  -1.0939220e+00  -2.3376649e-01   4.0619218e-01   2.4158411e-01  -1.0121981e+00  -1.0603464e+00  -6.5381895e-02  -4.8827889e-01  -4.1992257e-01  -1.2612700e-01  -3.2024009e-01  -5.5698841e-01   1.1400175e+00
  -5.2417287e-01  -8.1295755e-02  -9.8752185e-02  -1.0558719e+00  -6.8359847e-01  -6.1400644e-02  -2.7829495e-01   8.0239966e-01  -1.0939220e+00  -4.2048735e-01   1.4697437e-02  -9.4985198e-01   8.0528585e-01  -7.3033805e-01  -4.0938836e-01  -4.8827889e-01  -4.1992257e-01   6.5417265e-02  -4.4371068e-02  -4.9018775e-01  -4.9329397e-01
  -5.2417287e-01   3.4539525e-01  -4.5389498e-02  -1.3441784e+00  -4.1251167e-01  -6.1400644e-02  -2.7829495e-01   5.6309780e-01  -5.1486125e-01  -1.0928592e-01   1.2572677e+00   2.4158411e-01  -9.7656115e-01  -1.0053450e+00   1.6546504e+00   9.6308254e-01   2.4134877e-01   1.2926535e-01   9.3563441e-02  -2.2298508e-01   1.1400175e+00
  -5.2417287e-01   5.7331378e-01  -1.2063833e-01  -1.6358711e+00  -6.8359847e-01  -6.1400644e-02  -2.7829495e-01   5.0327233e-01  -7.4648556e-01  -4.2048735e-01   1.6487624e+00   7.9758762e-01  -9.4092421e-01   2.0468570e-01  -4.0938836e-01  -4.8827889e-01   8.8646672e-04   6.5417265e-02  -4.4371068e-02  -5.2358808e-01   1.1400175e+00
  -3.1253880e-01  -2.8729658e-01   1.3044493e-01  -1.6358711e+00  -6.8359847e-01  -6.1400644e-02  -2.7829495e-01   4.4344687e-01  -8.6229771e-01  -4.2048735e-01   5.5938577e-01   1.6215504e-01  -7.9837645e-01  -8.9534224e-01   1.9986569e+00  -4.8827889e-01  -1.7946026e-01   6.5417265e-02  -1.8230558e-01  -5.9038875e-01   1.1400175e+00
  -3.1253880e-01  -9.1998844e-01   1.6986923e-01  -1.6358711e+00  -6.8359847e-01  -6.1400644e-02  -2.7829495e-01   6.2292326e-01  -1.0939220e+00  -3.5824706e-01  -1.2147465e-01  -1.3469973e+00   1.0547444e+00  -1.1703492e+00  -4.0938836e-01  -4.8827889e-01  -1.7946026e-01   1.5691775e-03  -1.8230558e-01  -6.5718941e-01  -4.9329397e-01
  -3.1253880e-01  -3.8082885e-01   6.6072286e-02  -1.6358711e+00  -6.8359847e-01  -6.1400644e-02  -2.7829495e-01   1.4431954e-01  -6.3067340e-01  -4.2048735e-01   1.5466334e+00   7.9758762e-01  -1.3685675e+00  -4.5533106e-01   6.2263103e-01  -4.8827889e-01  -1.7946026e-01   1.5691775e-03  -1.8230558e-01  -5.5698841e-01   1.1400175e+00
  -3.1253880e-01   4.9266991e-01   1.4969831e-01  -1.6358711e+00  -6.8359847e-01  -6.1400644e-02  -2.7829495e-01  -3.5156855e-02  -5.1486125e-01  -4.2048735e-01  -5.8105543e-01  -1.0028047e+00   1.0547444e+00  -4.5533106e-01  -7.5339482e-01  -4.8827889e-01  -1.7946026e-01   1.5691775e-03  -2.5127283e-01  -5.9038875e-01  -4.9329397e-01
  -3.1253880e-01  -3.5555574e-01   1.2577433e-01  -1.6358711e+00  -6.8359847e-01  -6.1400644e-02  -2.7829495e-01   5.0327233e-01  -9.7810987e-01  -3.5824706e-01  -4.9594787e-01  -1.0557574e+00   1.1260183e+00  -4.5533106e-01  -4.0938836e-01  -4.8827889e-01  -1.7946026e-01   6.5417265e-02  -1.1333832e-01  -6.5718941e-01  -4.9329397e-01
  -3.1253880e-01  -9.1998844e-01   1.9497912e-01  -1.6358711e+00  -6.8359847e-01  -6.1400644e-02  -2.7829495e-01   6.8274873e-01  -1.0939220e+00  -3.5824706e-01  -1.3849616e-01  -1.3469973e+00   1.0547444e+00  -1.1703492e+00  -4.0938836e-01  -4.8827889e-01  -1.7946026e-01   1.5691775e-03  -1.8230558e-01  -6.5718941e-01  -4.9329397e-01
  -5.2417287e-01   7.6718984e-01  -9.8139828e-02  -1.6358711e+00  -6.8359847e-01  -6.1400644e-02  -2.7829495e-01   2.0414501e-01  -3.9904909e-01  -2.9600678e-01   9.8492353e-01   2.6806047e-01  -9.4092421e-01  -8.9534224e-01  -7.5339482e-01  -4.8827889e-01  -1.7946026e-01  -6.2278910e-02  -1.8230558e-01  -4.5678741e-01   1.1400175e+00
  -5.2417287e-01   5.6527348e-01  -1.1076582e-01  -1.6358711e+00  -6.8359847e-01  -6.1400644e-02  -2.7829495e-01   2.0414501e-01  -3.9904909e-01  -4.2048735e-01   1.1381171e+00   2.6806047e-01  -9.4092421e-01  -8.9534224e-01  -7.5339482e-01  -4.8827889e-01  -5.4015372e-01  -6.2278910e-02  -1.8230558e-01  -3.2318608e-01   1.1400175e+00
  -5.2417287e-01   6.9319077e-01  -1.3639153e-01  -1.6358711e+00  -6.8359847e-01  -6.1400644e-02  -2.7829495e-01   1.4431954e-01  -3.9904909e-01  -4.2048735e-01   7.4662238e-01   2.4158411e-01  -9.4092421e-01  -9.5034364e-01  -7.5339482e-01  -4.8827889e-01  -4.1992257e-01  -1.2612700e-01  -3.2024009e-01  -4.5678741e-01   1.1400175e+00
  -9.4744102e-01  -2.8729658e-01  -1.3330671e-01  -1.6358711e+00  -6.8359847e-01  -6.1400644e-02  -2.7829495e-01   4.4344687e-01  -7.4648556e-01  -2.9600678e-01   1.2232247e+00   4.2691861e-01  -1.4398414e+00  -1.3353534e+00   9.6663750e-01  -4.8827889e-01  -4.1992257e-01  -3.1767126e-01  -4.5817459e-01  -5.5698841e-01   1.1400175e+00
  -9.4744102e-01  -4.0455064e-02  -9.3644582e-02  -1.6358711e+00  -6.8359847e-01  -6.1400644e-02  -2.7829495e-01   6.2292326e-01  -8.6229771e-01  -4.2048735e-01   1.1682650e-01  -7.6132181e-02  -3.3509623e-01  -6.7533665e-01  -6.5381895e-02  -4.8827889e-01  -4.1992257e-01  -2.5382317e-01  -4.5817459e-01  -5.9038875e-01   1.1400175e+00
  -9.4744102e-01  -9.1998844e-01  -2.0364049e-01  -1.6358711e+00  -6.8359847e-01  -6.1400644e-02  -2.7829495e-01   3.2379594e-01  -7.4648556e-01   1.5194652e-02   9.5088051e-01   3.2968922e-03  -9.7656115e-01  -1.5003576e+00  -7.5339482e-01  -4.8827889e-01  -4.1992257e-01  -3.8151935e-01  -5.2714185e-01  -6.2378908e-01   1.1400175e+00
  -9.4744102e-01   2.8795920e-03  -8.8225074e-02  -1.6358711e+00  -6.8359847e-01  -6.1400644e-02  -2.7829495e-01   6.2292326e-01  -8.6229771e-01  -4.2048735e-01   6.5761969e-02  -7.6132181e-02  -3.3509623e-01  -6.7533665e-01  -6.5381895e-02  -4.8827889e-01  -4.1992257e-01  -2.5382317e-01  -4.5817459e-01  -5.9038875e-01   1.1400175e+00
  -9.4744102e-01  -9.1998844e-01  -2.0364049e-01  -1.6358711e+00  -6.8359847e-01  -6.1400644e-02  -2.7829495e-01   2.6397047e-01  -7.4648556e-01   1.5194652e-02   9.5088051e-01   3.2968922e-03  -9.7656115e-01  -1.5003576e+00  -7.5339482e-01  -4.8827889e-01  -4.1992257e-01  -3.8151935e-01  -5.2714185e-01  -6.2378908e-01   1.1400175e+00
  -9.4744102e-01  -9.1998844e-01  -2.0364049e-01  -1.6358711e+00  -6.8359847e-01  -6.1400644e-02  -2.7829495e-01   2.6397047e-01  -7.4648556e-01   1.5194652e-02   9.5088051e-01   3.2968922e-03  -9.7656115e-01  -1.5003576e+00  -7.5339482e-01  -4.8827889e-01  -4.1992257e-01  -3.8151935e-01  -5.2714185e-01  -6.2378908e-01   1.1400175e+00
  -1.1590751e+00  -7.6399312e-02  -8.0556384e-02  -1.6358711e+00  -6.8359847e-01  -6.1400644e-02  -2.7829495e-01   6.8274873e-01  -9.7810987e-01  -2.9600678e-01   3.8917067e-01   8.2725965e-02  -1.0121981e+00  -1.3903548e+00  -4.0938836e-01  -4.8827889e-01  -5.4015372e-01  -3.1767126e-01  -5.2714185e-01  -5.9038875e-01   1.1400175e+00
  -1.1590751e+00  -2.4567952e-01  -3.4980099e-02  -1.6358711e+00  -6.8359847e-01  -6.1400644e-02  -2.7829495e-01   4.4344687e-01  -9.7810987e-01  -2.9600678e-01  -3.6367094e-02  -1.3999501e+00   9.4783361e-01  -1.4453562e+00  -1.4414078e+00  -4.8827889e-01  -6.6038487e-01  -3.8151935e-01  -5.9610910e-01  -6.2378908e-01  -4.9329397e-01
  -1.1590751e+00   3.2976038e-01  -1.3417575e-01  -1.6358711e+00  -6.8359847e-01  -6.1400644e-02  -2.7829495e-01   8.0239966e-01  -1.0939220e+00  -1.7152621e-01  -1.3849616e-01  -1.3734737e+00   9.4783361e-01  -1.3903548e+00  -1.4414078e+00  -4.8827889e-01  -6.6038487e-01  -3.1767126e-01  -5.2714185e-01  -5.9038875e-01  -4.9329397e-01
  -4.1835583e-01   1.0195386e+00  -8.2360247e-02  -2.9458812e-01  -6.8359847e-01  -6.1400644e-02  -2.7829495e-01  -9.4982320e-02   5.2744815e-01  -4.2048735e-01   1.7849345e+00   1.3271148e+00  -1.0834720e+00   1.0847081e+00   1.9986569e+00  -4.8827889e-01  -1.7946026e-01   2.5696153e-01   9.3563441e-02  -1.5618441e-01  -4.9329397e-01
  -4.1835583e-01   7.5185183e-01  -2.0364049e-01   1.2545383e+00  -6.8359847e-01  -6.1400644e-02  -2.7829495e-01   2.0414501e-01  -5.1486125e-01  -4.2048735e-01   5.9342879e-01   6.6520583e-01  -1.0834720e+00  -2.9032687e-01  -4.0938836e-01  -4.8827889e-01   1.2111762e-01   2.5696153e-01   1.6253070e-01  -4.9018775e-01   1.1400175e+00
   2.0154360e+00   5.5629255e-01  -6.2972940e-02  -1.0524857e+00  -6.8359847e-01  -6.1400644e-02  -2.7829495e-01   6.8274873e-01  -1.0939220e+00   1.0110392e+00  -7.5127053e-01  -9.7632834e-01   1.8031202e+00   7.5469967e-01  -4.0938836e-01  -4.8827889e-01   1.2633136e+00   1.7254675e+00   1.6108430e+00  -5.5698841e-01  -4.9329397e-01
   2.0154360e+00   1.6379030e+00  -2.0843825e-02  -6.2506321e-01  -6.8359847e-01  -6.1400644e-02  -2.7829495e-01   3.2379594e-01  -8.6229771e-01  -4.2048735e-01  -1.2448943e+00  -9.7632834e-01   1.8031202e+00   7.5469967e-01  -7.5339482e-01  -4.8827889e-01   1.5037759e+00   1.8531637e+00   1.8177448e+00  -5.5698841e-01  -4.9329397e-01
  -2.0672176e-01  -4.9819387e-01  -2.7806054e-02  -4.6910036e-01  -6.8359847e-01  -6.1400644e-02  -2.7829495e-01   7.4257419e-01  -9.7810987e-01   1.1977601e+00   1.0359881e+00   4.5339497e-01  -9.0528727e-01  -4.5533106e-01   9.6663750e-01  -4.8827889e-01  -4.1992257e-01  -1.2612700e-01  -2.5127283e-01  -3.5658641e-01   1.1400175e+00
  -2.0672176e-01  -9.1998844e-01  -2.0364049e-01  -1.6358711e+00  -6.8359847e-01  -6.1400644e-02  -2.7829495e-01   5.0327233e-01  -9.7810987e-01   2.7537672e+00  -5.4701241e-01  -1.4529028e+00   8.4092279e-01  -1.7203632e+00  -7.5339482e-01  -4.8827889e-01  -9.6096275e-01  -7.0075978e-01  -1.0099126e+00  -5.9038875e-01  -2.1266055e+00
  -2.0672176e-01  -9.1998844e-01  -2.3139217e-02  -1.0370020e+00  -6.8359847e-01  -6.1400644e-02  -2.7829495e-01   3.8362140e-01  -9.7810987e-01   1.8824032e+00   1.5086952e-01  -1.1616628e+00   8.4092279e-01  -1.1153478e+00  -4.0938836e-01  -4.8827889e-01  -9.6096275e-01  -5.0921552e-01  -7.3404361e-01  -4.2338708e-01  -2.1266055e+00
  -5.2417287e-01   7.9290465e-01  -2.0364049e-01   7.3323670e-01   9.6771258e-01  -6.1400644e-02  -2.7829495e-01  -1.8299208e+00   2.1488183e+00  -4.2048735e-01  -3.2573277e-01   1.3271148e+00  -8.3401339e-01   1.4697178e+00   1.3106440e+00  -4.8827889e-01  -4.1992257e-01  -5.0921552e-01  -4.5817459e-01   8.1242526e-01  -4.9329397e-01
  -5.2417287e-01   6.5549968e-01  -2.0364049e-01   1.0879571e+00   8.3524760e-01  -6.1400644e-02  -2.7829495e-01  -1.9495717e+00   2.2646305e+00  -4.2048735e-01  -4.2786183e-01   1.4859729e+00  -1.1547458e+00   1.3047136e+00   1.3106440e+00  -4.8827889e-01  -4.1992257e-01  -7.0075978e-01  -5.2714185e-01   6.7882393e-01  -4.9329397e-01
  -5.2417287e-01   7.3272948e-01  -2.0364049e-01   7.8538399e-02   1.4408006e+00  -6.1400644e-02  -2.7829495e-01  -1.7102699e+00   2.2646305e+00  -4.2048735e-01  -1.3980879e+00   1.6977838e+00  -1.3329305e+00   1.4697178e+00   2.3426634e+00  -4.8827889e-01   1.0228513e+00  -5.7306361e-01  -4.5817459e-01   3.8518556e+00  -4.9329397e-01
  -5.2417287e-01   2.0033161e+00  -2.0364049e-01   1.0596167e+00   5.6893739e-01  -6.1400644e-02  -2.7829495e-01  -1.8897463e+00   2.7278791e+00  -4.2048735e-01  -1.1768083e+00   1.6977838e+00  -1.3329305e+00   1.4697178e+00   2.6866698e+00   9.6308254e-01  -1.7946026e-01  -4.4536743e-01  -3.8920734e-01   6.7882393e-01  -4.9329397e-01
  -5.2417287e-01   1.7466888e-01  -2.0364049e-01   2.9062009e+00   7.2347104e-01  -6.1400644e-02  -2.7829495e-01  -1.8897463e+00   2.0330062e+00  -4.2048735e-01   3.2108462e-01   6.3872948e-01  -1.0478350e+00  -2.9032687e-01  -4.0938836e-01   2.4144440e+00  -4.1992257e-01  -5.7306361e-01  -5.2714185e-01   4.7842193e-01   1.1400175e+00
  -5.2417287e-01  -9.1998844e-01  -2.0364049e-01  -3.6452501e-02  -6.8359847e-01  -6.1400644e-02  -2.7829495e-01  -1.3513171e+00   6.4199529e-02  -4.2048735e-01   6.9555785e-01   4.5339497e-01   5.9146421e-01   1.8547276e+00   2.7862457e-01   9.6308254e-01  -5.9229110e-02  -6.2278910e-02  -1.8230558e-01  -5.9038875e-01  -2.1266055e+00
  -5.2417287e-01  -9.1998844e-01  -2.0364049e-01   4.7608262e-01  -6.8359847e-01  -6.1400644e-02  -2.7829495e-01  -1.2914916e+00   6.4199529e-02  -4.2048735e-01   8.4875145e-01   4.5339497e-01   5.9146421e-01   1.8547276e+00   6.2263103e-01  -4.8827889e-01  -5.9229110e-02   6.5417265e-02  -1.1333832e-01  -5.5698841e-01  -2.1266055e+00
  -5.2417287e-01  -9.1998844e-01  -2.0364049e-01   5.5000102e-01  -6.8359847e-01  -6.1400644e-02  -2.7829495e-01  -1.2316662e+00   2.9582384e-01  -4.2048735e-01   1.2913107e+00   4.5339497e-01   5.9146421e-01   1.8547276e+00   1.6546504e+00  -4.8827889e-01  -5.9229110e-02   1.9311344e-01   9.3563441e-02  -4.5678741e-01  -2.1266055e+00
  -5.2417287e-01  -9.1998844e-01  -2.0364049e-01   5.8469738e-01  -6.8359847e-01  -6.1400644e-02  -2.7829495e-01  -1.3513171e+00   2.9582384e-01  -4.2048735e-01   1.2402462e+00   4.5339497e-01   5.9146421e-01   1.8547276e+00   6.2263103e-01  -4.8827889e-01  -5.9229110e-02   6.5417265e-02   2.4596186e-02  -4.9018775e-01  -2.1266055e+00
  -5.2417287e-01  -9.1998844e-01  -2.0364049e-01   2.8050994e-01  -6.8359847e-01  -6.1400644e-02  -2.7829495e-01  -1.4111426e+00   2.9582384e-01  -4.2048735e-01   7.1257936e-01  -9.7632834e-01   8.4092279e-01  -7.3033805e-01  -6.5381895e-02  -4.8827889e-01  -4.8003814e-01  -1.8997508e-01  -3.8920734e-01  -6.2378908e-01  -4.9329397e-01
  -8.4162398e-01   1.1156042e+00  -2.0364049e-01  -7.1740801e-02  -6.8359847e-01  -6.1400644e-02  -2.7829495e-01   8.4494076e-02  -5.1486125e-01  -4.2048735e-01   1.8491254e-01   4.7987133e-01  -9.7656115e-01  -5.1033246e-01   6.2263103e-01  -4.8827889e-01  -1.7946026e-01   1.5691775e-03  -1.8230558e-01  -4.5678741e-01   1.1400175e+00
  -8.4162398e-01   7.0354826e-01  -2.0364049e-01   6.0964759e-01  -6.8359847e-01  -6.1400644e-02  -2.7829495e-01   2.4668611e-02  -6.3067340e-01  -4.2048735e-01   1.6789103e-01   4.5339497e-01  -1.0834720e+00  -7.3033805e-01   2.7862457e-01  -4.8827889e-01  -1.7946026e-01  -6.2278910e-02  -1.8230558e-01  -5.2358808e-01   1.1400175e+00
  -6.2998991e-01   8.0018737e-01  -2.0364049e-01  -4.4628087e-01  -6.8359847e-01  -6.1400644e-02  -2.7829495e-01   2.0414501e-01  -8.6229771e-01  -4.2048735e-01  -3.0871126e-01  -9.7632834e-01   9.8347055e-01  -5.1033246e-01  -7.5339482e-01  -4.8827889e-01  -1.7946026e-01   1.2926535e-01  -1.1333832e-01  -4.9018775e-01  -4.9329397e-01
  -6.2998991e-01   4.0391650e-01  -2.0364049e-01  -4.1513974e-01  -6.8359847e-01  -6.1400644e-02  -2.7829495e-01   2.6397047e-01  -8.6229771e-01  -4.2048735e-01   2.5299858e-01   4.2691861e-01  -9.7656115e-01  -6.2033525e-01  -7.5339482e-01  -4.8827889e-01  -1.7946026e-01   1.5691775e-03  -1.8230558e-01  -5.5698841e-01   1.1400175e+00
  -8.4162398e-01   1.6107790e+00  -2.0364049e-01   6.9767046e-01  -4.1251167e-01  -6.1400644e-02  -2.7829495e-01  -6.3341151e-01  -5.1486125e-01  -4.2048735e-01  -8.7042110e-01  -8.4394655e-01   5.5582727e-01  -8.9534224e-01  -1.0974013e+00  -4.8827889e-01  -6.0026930e-01  -1.8997508e-01  -4.5817459e-01  -4.5678741e-01  -4.9329397e-01
  -8.4162398e-01   2.2808450e+00  -2.0364049e-01   5.7767028e-01  -6.8359847e-01  -6.1400644e-02  -2.7829495e-01  -6.3341151e-01  -5.1486125e-01  -4.2048735e-01  -1.2448943e+00  -9.2337562e-01   6.9837503e-01  -8.4034084e-01  -4.0938836e-01  -4.8827889e-01  -4.1992257e-01  -1.8997508e-01  -3.8920734e-01  -5.2358808e-01  -4.9329397e-01
  -9.4744102e-01  -4.9819387e-01  -2.0364049e-01  -1.3441784e+00  -6.8359847e-01  -6.1400644e-02  -2.7829495e-01  -2.1463325e-01  -3.9904909e-01   4.5087665e-01   8.8279447e-01   3.4748954e-01  -1.1547458e+00  -1.0603464e+00   2.3426634e+00   9.6308254e-01  -5.4015372e-01  -4.4536743e-01  -6.6507636e-01  -5.5698841e-01   1.1400175e+00
  -9.4744102e-01  -9.1998844e-01  -2.0364049e-01  -1.6358711e+00  -6.8359847e-01  -6.1400644e-02  -2.7829495e-01  -7.5306244e-01  -3.9904909e-01  -4.2048735e-01   1.4785473e+00   5.6249607e-02  -8.6965033e-01  -1.2253506e+00  -4.0938836e-01  -4.8827889e-01  -6.6038487e-01  -5.0921552e-01  -8.0301087e-01  -5.5698841e-01   1.1400175e+00
  -9.4744102e-01  -9.1998844e-01  -2.0364049e-01  -1.6358711e+00  -6.8359847e-01  -6.1400644e-02  -2.7829495e-01  -3.5156855e-02  -7.4648556e-01   1.6956824e+00  -3.2573277e-01   2.1510775e-01  -1.1191089e+00  -1.2803520e+00  -6.5381895e-02  -4.8827889e-01  -5.4015372e-01  -4.4536743e-01  -5.9610910e-01  -6.9058975e-01   1.1400175e+00
  -9.4744102e-01  -3.7385146e-02  -2.0364049e-01  -1.0255054e+00  -6.8359847e-01  -6.1400644e-02  -2.7829495e-01  -4.5393511e-01  -6.3067340e-01  -4.2048735e-01   7.8066540e-01   1.3567868e-01  -8.6965033e-01  -1.0603464e+00  -7.5339482e-01  -4.8827889e-01  -6.6038487e-01  -3.8151935e-01  -6.6507636e-01  -5.5698841e-01   1.1400175e+00
  -9.4744102e-01  -9.1998844e-01  -2.0364049e-01  -1.6358711e+00  -6.8359847e-01  -6.1400644e-02  -2.7829495e-01  -2.1463325e-01  -6.3067340e-01   1.0110392e+00   4.0619218e-01   2.4158411e-01  -1.1191089e+00  -1.2253506e+00  -6.5381895e-02  -4.8827889e-01  -5.4015372e-01  -5.0921552e-01  -6.6507636e-01  -6.2378908e-01   1.1400175e+00
  -9.4744102e-01  -7.0909114e-01  -2.0364049e-01  -1.7740764e-01  -6.8359847e-01  -6.1400644e-02  -2.7829495e-01   5.6309780e-01  -1.0939220e+00   1.3967522e-01   3.1718948e-02  -1.1881392e+00   9.1219667e-01  -1.0603464e+00  -6.5381895e-02  -4.8827889e-01  -6.0026930e-01  -3.1767126e-01  -5.2714185e-01  -5.9038875e-01  -4.9329397e-01
  -9.4744102e-01  -9.1998844e-01  -2.0364049e-01  -6.6840353e-01  -6.8359847e-01  -6.1400644e-02  -2.7829495e-01   3.2379594e-01  -1.0939220e+00   7.7434938e-02  -1.0445314e-01  -1.3999501e+00   9.1219667e-01  -1.5003576e+00  -1.0974013e+00  -4.8827889e-01  -6.0026930e-01  -4.4536743e-01  -6.6507636e-01  -6.5718941e-01  -4.9329397e-01
  -1.2648921e+00   1.3449798e-01  -2.0364049e-01   1.5727485e+00  -1.4142490e-01  -6.1400644e-02  -2.7829495e-01   3.2379594e-01   1.8001168e-01   1.5194652e-02  -1.9345583e-02   1.1682566e+00  -1.3329305e+00   3.6968989e-01   9.6663750e-01   2.4144440e+00  -6.6038487e-01  -4.4536743e-01  -6.6507636e-01  -2.2298508e-01  -4.9329397e-01
  -1.2648921e+00   2.8222635e-01  -2.0364049e-01   1.6897030e+00  -6.8359847e-01  -6.1400644e-02  -2.7829495e-01   6.8274873e-01  -6.3067340e-01   3.8863637e-01   8.2783479e-02   1.4859729e+00  -1.2616567e+00   1.1397095e+00   1.9986569e+00  -4.8827889e-01  -6.6038487e-01  -3.1767126e-01  -4.5817459e-01  -4.2338708e-01  -4.9329397e-01
  -1.4765262e+00   2.8989598e-01  -2.0364049e-01   1.7109188e+00   3.5318961e-01  -6.1400644e-02  -2.7829495e-01  -2.1463325e-01   1.2223211e+00  -4.2048735e-01  -4.1084032e-01   1.1947330e+00  -1.3685675e+00   3.6968989e-01   6.2263103e-01  -4.8827889e-01  -7.8061602e-01  -7.0075978e-01  -8.7197812e-01  -5.5983410e-02  -4.9329397e-01
   1.1072935e-01  -4.9285019e-01   1.0033990e-02  -7.4970675e-01  -1.3455614e-01  -6.1400644e-02  -2.7829495e-01   8.4494076e-02  -3.9904909e-01  -4.2048735e-01   1.2232247e+00  -1.2908490e-01   1.6382093e-01  -1.5319887e-02   2.7862457e-01  -4.8827889e-01   1.8123320e-01   1.2926535e-01   9.3563441e-02  -3.8998675e-01  -4.9329397e-01
   1.1072935e-01  -9.1998844e-01  -1.3265547e-01  -1.6358711e+00  -6.8359847e-01  -6.1400644e-02  -2.7829495e-01   2.4668611e-02  -6.3067340e-01  -4.2048735e-01   1.6487624e+00  -9.4985198e-01   1.0903814e+00  -2.9032687e-01  -4.0938836e-01  -4.8827889e-01  -1.7946026e-01   1.2926535e-01  -4.4371068e-02  -5.2358808e-01  -4.9329397e-01
  -4.1835583e-01   8.2091238e-01  -1.3106717e-01  -4.3194844e-01  -6.8359847e-01  -6.1400644e-02  -2.7829495e-01  -3.5156855e-02  -3.9904909e-01  -4.2048735e-01  -1.0445314e-01  -4.2032483e-01   7.6964891e-01   3.1468850e-01   6.2263103e-01  -4.8827889e-01   6.1002043e-02   1.9311344e-01   2.4596186e-02  -5.2358808e-01  -4.9329397e-01
   1.2747168e+00  -9.1998844e-01  -1.2415558e-02  -1.6358711e+00  -6.8359847e-01  -6.1400644e-02  -2.7829495e-01   8.0239966e-01  -9.7810987e-01  -3.5824706e-01   9.9804989e-02  -9.2337562e-01   1.2329291e+00  -1.5319887e-02  -4.0938836e-01  -4.8827889e-01   4.2169550e-01   5.7620196e-01   5.0736697e-01  -6.5718941e-01  -4.9329397e-01
   1.0630827e+00  -9.1998844e-01   6.0994013e-02  -1.6358711e+00  -6.8359847e-01  -6.1400644e-02  -2.7829495e-01   3.8362140e-01  -2.8323694e-01  -1.0928592e-01   1.9551496e+00   1.1947330e+00  -1.2260197e+00   5.8969548e-01   2.6866698e+00  -4.8827889e-01   3.0146435e-01   5.1235388e-01   4.3839971e-01  -5.2358808e-01   1.1400175e+00
   1.0630827e+00  -9.1998844e-01  -9.5524854e-02  -1.6358711e+00  -6.8359847e-01  -6.1400644e-02  -2.7829495e-01   7.4257419e-01  -7.4648556e-01   1.5712018e+00   1.0700311e+00   6.9168219e-01  -1.2260197e+00  -4.5533106e-01   1.9986569e+00  -4.8827889e-01   4.8181108e-01   5.7620196e-01   5.0736697e-01  -5.9038875e-01   1.1400175e+00
  -2.0672176e-01  -3.8082885e-01  -2.3831972e-02  -1.6358711e+00  -6.8359847e-01  -6.1400644e-02  -2.7829495e-01   8.4494076e-02  -2.8323694e-01  -4.2048735e-01   1.3593968e+00   5.5930040e-01  -1.0834720e+00  -5.1033246e-01   1.3106440e+00  -4.8827889e-01   8.8646672e-04   1.5691775e-03  -1.1333832e-01  -4.2338708e-01   1.1400175e+00
   1.1072935e-01  -9.1998844e-01  -1.5822683e-02  -8.5694119e-01  -6.8359847e-01  -6.1400644e-02  -2.7829495e-01   5.6309780e-01  -9.7810987e-01  -4.2048735e-01   9.1683749e-01   1.6215504e-01  -7.9837645e-01  -8.9534224e-01  -7.5339482e-01  -4.8827889e-01   6.1002043e-02   3.2080961e-01   1.6253070e-01  -6.2378908e-01   1.1400175e+00
   6.3981454e-01  -9.1998844e-01  -7.0666093e-03  -8.2062746e-01   7.4054337e-02  -6.1400644e-02  -2.7829495e-01   6.2292326e-01  -8.6229771e-01  -4.2048735e-01   1.8491254e-01  -6.8508841e-01   4.4891645e-01  -7.3033805e-01  -6.5381895e-02  -4.8827889e-01   4.8181108e-01   4.4850579e-01   4.3839971e-01  -5.2358808e-01   1.1400175e+00
   9.5726565e-01   1.4745745e+00   2.7550834e-01  -1.6358711e+00  -6.8359847e-01  -6.1400644e-02  -2.7829495e-01   8.4494076e-02  -3.9904909e-01  -2.9600678e-01  -9.0446412e-01   1.0623512e+00  -1.1547458e+00   4.2469129e-01   9.6663750e-01  -4.8827889e-01   1.0829668e+00   1.0231386e+00   1.0591050e+00  -4.2338708e-01   1.1400175e+00
   9.5726565e-01   1.1029383e+00   3.0234067e-01  -1.0762879e+00  -1.6354558e-01  -6.1400644e-02  -2.7829495e-01   3.2379594e-01  -6.3067340e-01  -3.5824706e-01  -6.6616298e-01   1.0623512e+00  -1.1547458e+00   4.2469129e-01   9.6663750e-01  -4.8827889e-01   7.2227338e-01   8.9544240e-01   9.9013775e-01  -4.5678741e-01   1.1400175e+00
  -3.1253880e-01   1.3998817e+00   5.3486413e-01  -7.6079304e-01  -6.8359847e-01  -6.1400644e-02  -2.7829495e-01  -2.1463325e-01  -3.9904909e-01  -4.2048735e-01  -9.0446412e-01   1.6183547e+00  -9.0528727e-01   1.9647304e+00  -6.5381895e-02   9.6308254e-01  -1.7946026e-01   8.9544240e-01   3.6943246e-01   1.3134303e+00  -4.9329397e-01
  -1.0090472e-01   2.1637414e+00   9.3904506e-01  -6.8806750e-01  -6.8359847e-01  -6.1400644e-02  -2.7829495e-01  -4.5393511e-01  -5.1612626e-02  -4.2048735e-01  -7.6829204e-01   1.6183547e+00  -9.0528727e-01   1.9647304e+00   2.7862457e-01   9.6308254e-01   1.8123320e-01   1.3423790e+00   7.8323599e-01   1.6474336e+00  -4.9329397e-01
  -1.0090472e-01   5.8069906e-01   4.2195442e-01  -1.6358711e+00  -6.8359847e-01  -6.1400644e-02  -2.7829495e-01  -3.5156855e-02  -7.4648556e-01  -4.2048735e-01  -6.1509845e-01  -2.3499033e-01   1.2329291e+00   1.4147164e+00  -1.0974013e+00  -4.8827889e-01   6.1002043e-02   8.3159431e-01   2.3149795e-01   5.7862293e-01  -2.1266055e+00
   1.1072935e-01   2.1904689e-01  -1.0867405e-01  -1.6358711e+00  -6.8359847e-01  -6.1400644e-02  -2.7829495e-01   2.0414501e-01  -8.6229771e-01  -4.2048735e-01  -3.2573277e-01  -1.2146156e+00   1.2329291e+00  -6.2033525e-01  -1.0974013e+00  -4.8827889e-01  -5.9229110e-02   2.5696153e-01   2.4596186e-02  -6.2378908e-01  -4.9329397e-01
  -3.1253880e-01   1.2682737e+00   8.0994357e-01  -6.2700706e-01  -3.7106667e-01  -6.1400644e-02  -2.7829495e-01  -5.1376058e-01   6.4199529e-02  -4.2048735e-01   1.6487624e+00   1.5918783e+00  -1.0478350e+00   1.6897234e+00   2.3426634e+00   2.4144440e+00   3.0066653e+00   1.3423790e+00   7.1426873e-01   4.5532626e+00  -4.9329397e-01
  -3.1253880e-01   1.9404849e+00   1.6565844e+00  -5.3339255e-02  -6.8359847e-01  -6.1400644e-02  -2.7829495e-01  -5.1376058e-01   6.4199529e-02  -4.2048735e-01  -1.3980879e+00   6.6520583e-01   3.0636869e-01   1.8547276e+00  -4.0938836e-01   9.6308254e-01   3.0066653e+00   1.9170118e+00   2.2315483e+00   2.8498456e+00   1.1400175e+00
  -3.1253880e-01   1.8587571e+00   4.3346949e-01  -6.7504823e-01  -6.8359847e-01  -6.1400644e-02  -2.7829495e-01  -4.5393511e-01  -2.8323694e-01  -4.2048735e-01   6.5761969e-02   7.4463491e-01   9.2547050e-02   1.6897234e+00   1.3106440e+00  -4.8827889e-01   3.0667809e+00   1.5339233e+00   1.1280723e+00   3.8852559e+00  -4.9329397e-01
  -3.1253880e-01   6.1253183e-01  -7.5867465e-02  -1.6358711e+00  -6.8359847e-01  -6.1400644e-02  -2.7829495e-01  -3.3428418e-01  -3.9904909e-01  -4.2048735e-01   5.9342879e-01   8.2406398e-01  -1.2616567e+00  -2.3532547e-01  -4.0938836e-01   2.4144440e+00  -5.4015372e-01   1.9311344e-01   2.4596186e-02   1.0817257e-02   1.1400175e+00
  -3.1253880e-01   1.1698119e+00   9.2889310e-01  -9.1326878e-01  -6.8359847e-01  -6.1400644e-02  -2.7829495e-01  -4.5393511e-01  -1.6742478e-01  -4.2048735e-01   6.6151483e-01   1.7507365e+00  -1.2616567e+00   1.6897234e+00   9.6663750e-01   5.3171668e+00   3.0066653e+00   1.1508347e+00   5.0736697e-01   5.2212693e+00  -4.9329397e-01
  -3.1253880e-01   1.5631459e+00   6.9348923e-01  -4.9106085e-01  -6.8359847e-01  -6.1400644e-02  -2.7829495e-01  -5.1376058e-01  -5.1612626e-02  -4.2048735e-01   2.0193405e-01   1.7507365e+00  -1.2616567e+00   1.6897234e+00   2.7862457e-01   3.8658054e+00   4.2169550e-01   9.5929049e-01   4.3839971e-01   1.0462276e+00  -4.9329397e-01
   1.1688997e+00  -9.1998844e-01  -2.0364049e-01  -1.3441784e+00  -6.8359847e-01  -6.1400644e-02  -2.7829495e-01   8.6222513e-01  -1.0939220e+00   1.3844809e+00   2.7002009e-01  -9.7632834e-01   1.0547444e+00  -4.0032967e-01   2.7862457e-01   9.6308254e-01   6.0204223e-01   8.3159431e-01   7.1426873e-01  -6.2378908e-01   1.1400175e+00
   1.1688997e+00  -9.1998844e-01  -2.0364049e-01  -9.9178359e-01  -6.8359847e-01  -6.1400644e-02  -2.7829495e-01   8.4494076e-02  -6.3067340e-01  -4.2048735e-01   6.1045030e-01   1.1153039e+00  -7.9837645e-01   1.0847081e+00   2.7862457e-01   9.6308254e-01   8.4250453e-01   8.9544240e-01   8.5220324e-01  -5.5698841e-01   1.1400175e+00
   1.1688997e+00  -9.1998844e-01  -2.0364049e-01  -1.1664221e+00  -6.8359847e-01  -6.1400644e-02  -2.7829495e-01   6.8274873e-01  -9.7810987e-01   3.2639608e-01   6.7853634e-01   1.1153039e+00  -7.9837645e-01   1.0847081e+00   2.7862457e-01   9.6308254e-01   5.4192665e-01   7.6774622e-01   7.1426873e-01  -5.9038875e-01   1.1400175e+00
   1.1688997e+00  -9.1998844e-01  -2.0364049e-01  -1.0969813e+00  -6.8359847e-01  -6.1400644e-02  -2.7829495e-01   3.8362140e-01  -7.4648556e-01   1.3967522e-01   8.3172994e-01   1.1153039e+00  -7.9837645e-01   1.0847081e+00   6.2263103e-01   9.6308254e-01   5.4192665e-01   8.9544240e-01   7.8323599e-01  -5.9038875e-01   1.1400175e+00
   1.9096190e+00  -9.1998844e-01  -2.0364049e-01  -1.6358711e+00   1.8547388e-01  -6.1400644e-02  -2.7829495e-01   1.4431954e-01  -3.9904909e-01   5.1311694e-01  -1.8956069e-01   1.6448311e+00  -1.0478350e+00   1.7997262e+00   2.7862457e-01  -4.8827889e-01   1.3835447e+00   1.3423790e+00   1.4039413e+00  -4.2338708e-01   1.1400175e+00
   1.5921679e+00  -9.1998844e-01  -2.0364049e-01  -1.6358711e+00  -6.8359847e-01  -6.1400644e-02  -2.7829495e-01   1.1015270e+00  -1.2097342e+00   3.2639608e-01  -1.9345583e-02   1.6215504e-01  -5.8455481e-01  -5.6533386e-01  -1.0974013e+00  -4.8827889e-01   7.2227338e-01   8.9544240e-01   8.5220324e-01  -6.5718941e-01   1.1400175e+00
   3.2236343e-01  -4.4198117e-01  -2.0364049e-01  -1.3053045e+00  -6.8359847e-01  -6.1400644e-02  -2.7829495e-01   8.6222513e-01  -9.7810987e-01  -1.7152621e-01   1.8491254e-01   1.1682566e+00  -7.2710257e-01   1.3047136e+00  -4.0938836e-01  -4.8827889e-01   2.4134877e-01   4.4850579e-01   3.0046520e-01  -5.9038875e-01  -4.9329397e-01
   3.2236343e-01  -9.1998844e-01  -2.0364049e-01  -1.6358711e+00  -6.8359847e-01  -6.1400644e-02  -2.7829495e-01   6.2292326e-01  -9.7810987e-01  -4.2048735e-01  -1.3849616e-01  -1.3999501e+00   1.4467508e+00  -6.7533665e-01  -7.5339482e-01  -4.8827889e-01  -5.9229110e-02   3.8465770e-01   3.0046520e-01  -5.5698841e-01  -4.9329397e-01
   2.5445212e+00  -9.1998844e-01  -1.5615727e-01  -6.0467786e-02  -6.8359847e-01  -6.1400644e-02  -2.7829495e-01   5.0327233e-01  -9.7810987e-01  -4.7045634e-02   4.4023520e-01  -1.2410919e+00   1.8031202e+00   2.0468570e-01  -7.5339482e-01   9.6308254e-01   1.6240070e+00   1.6616194e+00   1.6798103e+00  -6.2378908e-01   1.1400175e+00
   2.5445212e+00  -9.1998844e-01  -1.7647225e-01   1.6691003e-01  -6.8359847e-01  -6.1400644e-02  -2.7829495e-01   5.0327233e-01  -7.4648556e-01  -2.3376649e-01   1.9551496e+00   4.5339497e-01   4.1327951e-01   1.5797206e+00  -4.0938836e-01  -4.8827889e-01   1.5037759e+00   1.6616194e+00   1.6798103e+00  -5.9038875e-01  -4.9329397e-01
  -1.2648921e+00   2.2434708e+00  -8.0556384e-02  -7.6079304e-01  -6.8359847e-01  -6.1400644e-02  -2.7829495e-01  -2.7445872e-01  -1.6742478e-01  -4.2048735e-01  -1.8956069e-01   4.0044226e-01  -7.9837645e-01  -4.0032967e-01   2.7862457e-01   9.6308254e-01  -1.7946026e-01   6.5417265e-02  -4.4371068e-02  -3.8998675e-01   1.1400175e+00
  -1.1590751e+00   2.0375068e+00  -1.8705852e-02  -1.1245560e+00  -6.8359847e-01  -6.1400644e-02  -2.7829495e-01  -3.3428418e-01  -1.6742478e-01  -4.2048735e-01  -2.7466824e-01   6.3872948e-01   4.1327951e-01   1.9647304e+00   9.6663750e-01   9.6308254e-01  -1.7946026e-01  -1.2612700e-01  -3.2024009e-01  -4.2338708e-01  -2.1266055e+00
  -1.1590751e+00   1.9404849e+00  -6.0546267e-02  -1.2402382e+00  -6.8359847e-01  -6.1400644e-02  -2.7829495e-01  -3.3428418e-01  -1.6742478e-01  -4.2048735e-01  -2.2360371e-01   1.5389256e+00  -7.9837645e-01   1.9647304e+00   1.3106440e+00   9.6308254e-01  -1.7946026e-01  -6.2278910e-02  -1.8230558e-01  -4.2338708e-01  -4.9329397e-01
  -1.1590751e+00   1.9594363e+00  -9.4517566e-02  -9.1177270e-01  -6.8359847e-01  -6.1400644e-02  -2.7829495e-01  -3.3428418e-01  -2.8323694e-01  -4.2048735e-01  -1.2147465e-01   3.2101318e-01  -7.9837645e-01  -5.6533386e-01   9.6663750e-01   9.6308254e-01  -1.7946026e-01   1.5691775e-03  -1.1333832e-01  -4.2338708e-01   1.1400175e+00
  -7.3580694e-01   1.1889844e+00  -2.0364049e-01  -1.6358711e+00  -6.8359847e-01  -6.1400644e-02  -2.7829495e-01  -2.1463325e-01  -2.8323694e-01  -4.2048735e-01   5.4236426e-01  -2.8794304e-01   2.7073175e-01  -1.8032408e-01  -6.5381895e-02  -4.8827889e-01   1.2111762e-01   1.2926535e-01   2.4596186e-02  -4.9018775e-01  -4.9329397e-01
  -7.3580694e-01   1.9092797e+00  -2.0364049e-01  -1.6358711e+00  -6.8359847e-01  -6.1400644e-02  -2.7829495e-01  -4.5393511e-01   1.8001168e-01  -4.2048735e-01   6.7853634e-01   1.3800675e+00  -7.9837645e-01   1.6347220e+00  -4.0938836e-01   9.6308254e-01  -5.4015372e-01   1.5691775e-03  -1.8230558e-01  -2.8978574e-01  -4.9329397e-01
  -7.3580694e-01   8.4337169e-01  -2.0364049e-01  -1.6358711e+00  -6.8359847e-01  -6.1400644e-02  -2.7829495e-01  -3.5156855e-02  -6.3067340e-01  -4.2048735e-01  -8.7431625e-02  -9.4985198e-01   9.8347055e-01  -4.5533106e-01  -4.0938836e-01  -4.8827889e-01   1.2111762e-01   2.5696153e-01   1.6253070e-01  -5.9038875e-01  -4.9329397e-01
   1.0630827e+00  -7.0909114e-01  -1.5089016e-01  -1.3441784e+00  -1.4142490e-01  -6.1400644e-02  -2.7829495e-01   6.2292326e-01  -1.6742478e-01   2.0191551e-01   1.2402462e+00   1.0888276e+00  -1.3685675e+00   1.4968430e-01   2.6866698e+00   3.8658054e+00   7.2227338e-01   6.4005005e-01   7.1426873e-01  -1.2278408e-01   1.1400175e+00
   1.0630827e+00  -6.3264090e-01  -1.3176816e-01  -1.2384399e+00   5.5113036e-02  -6.1400644e-02  -2.7829495e-01   6.2292326e-01  -1.6742478e-01   2.0191551e-01   3.0406311e-01   1.0888276e+00  -1.3685675e+00   1.4968430e-01   3.7186892e+00   3.8658054e+00   7.2227338e-01   5.7620196e-01   7.1426873e-01  -2.2583076e-02   1.1400175e+00
   3.2236343e-01   1.3449798e-01  -1.3330671e-01  -1.6358711e+00  -6.8359847e-01  -6.1400644e-02  -2.7829495e-01   8.6222513e-01  -1.0939220e+00   3.8863637e-01  -2.7466824e-01   5.5930040e-01  -7.2710257e-01   3.9681510e-02   2.7862457e-01  -4.8827889e-01   3.6157992e-01   5.1235388e-01   4.3839971e-01  -6.2378908e-01   1.1400175e+00
   3.2236343e-01  -6.0819332e-01  -1.5164900e-01  -1.6358711e+00  -6.8359847e-01  -6.1400644e-02  -2.7829495e-01   8.0239966e-01  -9.7810987e-01   5.1311694e-01  -3.6367094e-02   5.5930040e-01  -7.2710257e-01   3.9681510e-02   2.7862457e-01  -4.8827889e-01   1.8123320e-01   4.4850579e-01   3.0046520e-01  -6.2378908e-01   1.1400175e+00
   3.2236343e-01  -9.1998844e-01  -1.4108099e-01  -1.6358711e+00  -6.8359847e-01  -6.1400644e-02  -2.7829495e-01   8.6222513e-01  -1.0939220e+00   5.7535722e-01   4.8740458e-02  -8.9689927e-01   8.0528585e-01  -6.2033525e-01  -6.5381895e-02  -4.8827889e-01   1.8123320e-01   3.8465770e-01   2.3149795e-01  -6.5718941e-01  -4.9329397e-01
   3.2236343e-01   9.6707010e-01  -1.4070751e-01  -1.6358711e+00  -6.8359847e-01  -6.1400644e-02  -2.7829495e-01   8.0239966e-01  -9.7810987e-01  -2.3376649e-01  -7.3424902e-01   5.5930040e-01  -7.2710257e-01   3.9681510e-02   2.7862457e-01  -4.8827889e-01   3.6157992e-01   6.4005005e-01   5.0736697e-01  -6.2378908e-01   1.1400175e+00
  -5.2417287e-01   1.5044204e+00  -8.2360247e-02  -2.9458812e-01  -6.8359847e-01  -6.1400644e-02  -2.7829495e-01  -9.4982320e-02   5.2744815e-01  -4.2048735e-01   1.7508915e+00   1.3271148e+00  -1.0834720e+00   1.0847081e+00   1.9986569e+00  -4.8827889e-01  -1.7946026e-01   2.5696153e-01   9.3563441e-02  -1.5618441e-01  -4.9329397e-01
   1.1072935e-01  -9.1998844e-01  -1.5089016e-01  -1.0524857e+00  -6.8359847e-01  -6.1400644e-02  -2.7829495e-01   6.2292326e-01  -1.0939220e+00   5.7535722e-01   1.6789103e-01  -1.3734737e+00   1.2329291e+00  -9.5034364e-01  -1.0974013e+00  -4.8827889e-01   6.1002043e-02   1.9311344e-01   2.4596186e-02  -6.5718941e-01  -4.9329397e-01
   1.1072935e-01  -9.1998844e-01  -1.4978979e-01  -7.4253898e-01  -6.8359847e-01  -6.1400644e-02  -2.7829495e-01   8.0239966e-01  -1.0939220e+00   6.3759751e-01   1.1682650e-01  -1.3734737e+00   1.2329291e+00  -9.5034364e-01  -7.5339482e-01  -4.8827889e-01   8.8646672e-04   1.9311344e-01   2.4596186e-02  -6.5718941e-01  -4.9329397e-01
   1.1072935e-01  -9.1998844e-01  -1.1021708e-01  -1.1192691e+00  -6.8359847e-01  -6.1400644e-02  -2.7829495e-01   5.0327233e-01  -9.7810987e-01   3.8863637e-01   2.8704160e-01  -1.3734737e+00   1.2329291e+00  -9.5034364e-01  -7.5339482e-01  -4.8827889e-01   6.1002043e-02   1.9311344e-01   2.4596186e-02  -6.5718941e-01  -4.9329397e-01
  -1.0090472e-01   8.5450871e-01   9.3062527e-01   3.3726662e-04  -3.0344286e-01  -6.1400644e-02  -2.7829495e-01  -6.3341151e-01   8.7488462e-01  -4.2048735e-01   1.8359990e+00   8.7701669e-01  -1.3685675e+00  -2.9032687e-01  -7.5339482e-01  -4.8827889e-01  -1.7946026e-01   1.2926535e-01   2.4596186e-02   4.4217591e-02   1.1400175e+00
   9.5726565e-01   5.5629255e-01  -2.0364049e-01  -1.3441784e+00  -6.8359847e-01  -6.1400644e-02  -2.7829495e-01  -1.5480779e-01   4.1163599e-01  -4.2048735e-01   1.2402462e+00   1.1153039e+00  -7.2710257e-01   1.1947108e+00   1.3106440e+00   9.6308254e-01   1.0228513e+00   1.1508347e+00   1.0591050e+00  -2.2298508e-01   1.1400175e+00
   9.5726565e-01   4.6377852e-02  -2.0364049e-01  -1.6358711e+00  -6.8359847e-01  -6.1400644e-02  -2.7829495e-01   2.4668611e-02  -3.9904909e-01  -4.2048735e-01   1.3423752e+00   6.9168219e-01  -7.2710257e-01   3.1468850e-01  -1.0974013e+00  -4.8827889e-01   1.0228513e+00   1.1508347e+00   1.0591050e+00  -4.5678741e-01   1.1400175e+00
   9.5726565e-01   9.8483901e-01  -2.0364049e-01  -9.7722792e-01  -6.8359847e-01  -6.1400644e-02  -2.7829495e-01   8.4494076e-02  -7.4648556e-01  -1.7152621e-01   3.3810613e-01   6.3872948e-01  -7.6273951e-01   1.4968430e-01  -4.0938836e-01  -4.8827889e-01   4.2169550e-01   8.3159431e-01   6.4530148e-01  -4.9018775e-01   1.1400175e+00
  -1.2648921e+00  -2.8729658e-01  -1.6847360e-01  -1.0524857e+00  -6.8359847e-01  -6.1400644e-02  -2.7829495e-01   1.0417015e+00  -1.2097342e+00   3.8863637e-01  -5.3388604e-02  -1.0292811e+00   5.5582727e-01  -1.2803520e+00  -7.5339482e-01  -4.8827889e-01  -9.6096275e-01  -7.0075978e-01  -1.0099126e+00  -5.9038875e-01  -4.9329397e-01
  -1.2648921e+00   2.1224667e-01  -1.7217400e-01  -5.9187251e-01  -6.8359847e-01  -6.1400644e-02  -2.7829495e-01   6.8274873e-01  -1.0939220e+00  -4.2048735e-01   9.9804989e-02  -1.0292811e+00   5.5582727e-01  -1.2803520e+00  -1.0974013e+00  -4.8827889e-01  -6.6038487e-01  -5.0921552e-01  -7.3404361e-01  -5.9038875e-01  -4.9329397e-01
  -1.2648921e+00   5.5629255e-01  -1.8605704e-01  -1.3441784e+00  -6.8359847e-01  -6.1400644e-02  -2.7829495e-01   3.8362140e-01  -1.6742478e-01  -2.3376649e-01   4.9129973e-01   1.0358748e+00  -1.1191089e+00   4.2469129e-01   4.0626957e+00   9.6308254e-01  -1.1413095e+00  -3.8151935e-01  -5.2714185e-01   7.7617924e-02  -4.9329397e-01
  -1.2648921e+00  -1.6063155e-01  -2.0364049e-01  -1.1107367e+00  -6.8359847e-01  -6.1400644e-02  -2.7829495e-01   5.0327233e-01  -7.4648556e-01  -2.3376649e-01   3.2108462e-01   5.0634769e-01  -6.9146563e-01  -1.5319887e-02   9.6663750e-01  -4.8827889e-01  -1.1413095e+00  -3.8151935e-01  -5.9610910e-01   1.0817257e-02  -4.9329397e-01
   1.3805338e+00  -9.1998844e-01  -2.0364049e-01  -1.6358711e+00  -1.3548203e-01  -6.1400644e-02  -2.7829495e-01   7.4257419e-01  -1.0939220e+00  -4.2048735e-01  -1.5551767e-01  -7.3804112e-01   7.3401197e-01  -4.0032967e-01  -1.0974013e+00   9.6308254e-01   8.4250453e-01   8.3159431e-01   8.5220324e-01  -4.9018775e-01   1.1400175e+00
  -5.2417287e-01   1.1889844e+00  -1.3330671e-01  -1.6358711e+00  -4.1251167e-01  -6.1400644e-02  -2.7829495e-01  -5.7358604e-01  -2.8323694e-01  -4.2048735e-01  -5.2999089e-01   1.1947330e+00  -1.0121981e+00   9.1970386e-01   6.2263103e-01  -4.8827889e-01  -1.7946026e-01   3.2080961e-01  -1.8230558e-01   2.1121926e-01  -4.9329397e-01
  -5.2417287e-01   1.3753142e+00  -1.0795570e-01  -1.6358711e+00  -6.8359847e-01  -6.1400644e-02  -2.7829495e-01  -5.7358604e-01  -2.8323694e-01  -4.2048735e-01  -8.7042110e-01   1.2212093e+00  -1.0121981e+00   9.7470526e-01   6.2263103e-01  -4.8827889e-01  -1.7946026e-01   3.8465770e-01  -1.1333832e-01   1.7781892e-01  -4.9329397e-01
  -5.2417287e-01   6.5060685e-01  -2.0364049e-01  -1.6358711e+00  -1.7888876e-01  -6.1400644e-02  -2.7829495e-01  -6.9323697e-01  -1.6742478e-01  -4.2048735e-01  -2.2360371e-01   5.8577676e-01  -4.0637011e-01   5.8969548e-01  -6.5381895e-02  -4.8827889e-01  -4.1992257e-01   1.2926535e-01  -2.5127283e-01   2.1121926e-01  -4.9329397e-01
  -5.2417287e-01   1.6256409e+00  -1.3289368e-01  -1.6358711e+00  -6.8359847e-01  -6.1400644e-02  -2.7829495e-01  -6.3341151e-01  -2.8323694e-01  -4.2048735e-01  -7.8531355e-01   1.1947330e+00  -1.0121981e+00   9.1970386e-01   6.2263103e-01  -4.8827889e-01  -1.7946026e-01   3.8465770e-01  -1.1333832e-01   1.7781892e-01  -4.9329397e-01
  -1.2648921e+00   1.8216762e+00   1.0272005e+00  -1.3441784e+00  -6.8359847e-01  -6.1400644e-02  -2.7829495e-01  -5.7358604e-01   1.1065089e+00  -4.2048735e-01   5.4236426e-01   1.2476857e+00  -1.2616567e+00   6.4469688e-01   1.9986569e+00  -4.8827889e-01   1.8644693e+00   1.0231386e+00   1.4039413e+00   1.7142343e+00   1.1400175e+00
  -1.2648921e+00   1.9212008e+00   9.0181148e-01  -1.6358711e+00  -6.8359847e-01  -6.1400644e-02  -2.7829495e-01  -6.9323697e-01   1.4539454e+00  -4.2048735e-01   3.7214916e-01   1.8036892e+00  -1.4042044e+00   1.5797206e+00   1.6546504e+00  -4.8827889e-01   1.8644693e+00   9.5929049e-01   1.3349740e+00   1.8478356e+00   1.1400175e+00
  -1.2648921e+00   2.2104003e+00   1.5943210e+00  -1.1547989e+00  -6.8359847e-01  -6.1400644e-02  -2.7829495e-01  -5.1376058e-01   7.5907246e-01  -4.2048735e-01  -1.2448943e+00   1.7507365e+00  -1.3329305e+00   1.5797206e+00   3.0306763e+00  -4.8827889e-01   1.8644693e+00   1.1508347e+00   1.4729085e+00   1.1798289e+00   1.1400175e+00
  -1.2648921e+00   1.3822802e+00   1.7158632e+00  -1.1051586e+00  -6.8359847e-01  -6.1400644e-02  -2.7829495e-01  -5.1376058e-01   4.1163599e-01  -4.2048735e-01   4.5725671e-01   1.3271148e+00  -1.3329305e+00   6.9969827e-01   6.2263103e-01  -4.8827889e-01   1.6240070e+00   1.2146828e+00   1.6108430e+00   7.1222426e-01   1.1400175e+00
  -5.2417287e-01   2.5558307e+00   3.5179893e-01  -8.3463509e-01  -6.8359847e-01  -6.1400644e-02  -2.7829495e-01  -5.7358604e-01   8.7488462e-01  -4.2048735e-01  -4.2786183e-01   1.0358748e+00  -1.0478350e+00   5.3469408e-01   3.0306763e+00   9.6308254e-01  -1.7946026e-01   6.4005005e-01   4.3839971e-01   6.1202326e-01   1.1400175e+00
  -5.2417287e-01   1.8719057e+00   4.9467736e-01  -1.0842315e+00  -6.8359847e-01  -6.1400644e-02  -2.7829495e-01  -3.9410965e-01  -5.1612626e-02  -4.2048735e-01  -1.7253918e-01   1.0358748e+00  -1.0478350e+00   5.3469408e-01   6.2263103e-01   9.6308254e-01  -4.1992257e-01   7.0389814e-01   3.0046520e-01   8.1242526e-01   1.1400175e+00
  -2.0672176e-01   2.6652654e+00   1.7305383e+00  -1.3441784e+00  -6.8359847e-01  -6.1400644e-02  -2.7829495e-01  -7.5306244e-01   1.1065089e+00  -4.2048735e-01   2.1895556e-01   1.2212093e+00  -1.4398414e+00   3.1468850e-01   1.9986569e+00  -4.8827889e-01   1.3835447e+00   1.0869867e+00   1.2660068e+00   2.1121926e-01   1.1400175e+00
  -2.0672176e-01   3.0126063e+00   1.5669001e+00  -1.0919527e+00  -6.8359847e-01  -6.1400644e-02  -2.7829495e-01  -6.3341151e-01   7.5907246e-01  -4.2048735e-01  -8.8744261e-01   1.5389256e+00  -1.4398414e+00   9.7470526e-01   1.3106440e+00  -4.8827889e-01   1.3835447e+00   1.1508347e+00   1.2660068e+00   1.4441859e-01   1.1400175e+00
  -2.0672176e-01   2.9382932e+00   2.2213475e+00  -1.6358711e+00  -6.8359847e-01  -6.1400644e-02  -2.7829495e-01  -8.1288790e-01   1.3381332e+00  -4.2048735e-01   9.8492353e-01   1.2212093e+00  -1.4398414e+00   3.1468850e-01   2.6866698e+00  -4.8827889e-01   1.2633136e+00   1.1508347e+00   1.3349740e+00   1.1101826e-01   1.1400175e+00
  -2.0672176e-01   2.5743888e+00   1.5708956e+00  -1.1964999e+00  -6.8359847e-01  -6.1400644e-02  -2.7829495e-01  -6.3341151e-01   7.5907246e-01  -4.2048735e-01  -4.4488334e-01   1.5389256e+00  -1.4398414e+00   9.7470526e-01   1.9986569e+00  -4.8827889e-01   1.3835447e+00   1.0869867e+00   1.2660068e+00   1.7781892e-01   1.1400175e+00
  -1.0090472e-01   2.6652654e+00   1.1286149e-01  -1.3441784e+00  -6.8359847e-01  -6.1400644e-02  -2.7829495e-01  -9.3253883e-01   2.6120669e+00  -4.2048735e-01  -5.8105543e-01   1.2212093e+00  -1.4042044e+00   3.6968989e-01   2.3426634e+00   9.6308254e-01   8.4250453e-01   7.0389814e-01   9.9013775e-01   4.1162126e-01   1.1400175e+00
  -1.0090472e-01   2.8036050e+00   1.6325794e-01  -1.1676790e+00  -6.8359847e-01  -6.1400644e-02  -2.7829495e-01  -8.1288790e-01   2.0330062e+00  -4.2048735e-01  -1.8956069e-01   1.5654020e+00  -1.3329305e+00   1.1947108e+00   1.9986569e+00   9.6308254e-01   8.4250453e-01   7.0389814e-01   8.5220324e-01   1.4441859e-01   1.1400175e+00
  -2.0672176e-01   1.1889844e+00   7.7694604e-02  -1.7740764e-01  -6.8359847e-01  -6.1400644e-02  -2.7829495e-01  -5.1376058e-01   5.2744815e-01  -4.2048735e-01   2.0913217e+00   1.1682566e+00  -1.2972936e+00   4.2469129e-01   6.2263103e-01  -4.8827889e-01   1.0829668e+00   9.5929049e-01   1.1970395e+00   1.7781892e-01   1.1400175e+00
  -2.0672176e-01   1.1755848e+00   8.7554933e-02   2.9639155e-01  -6.8359847e-01  -6.1400644e-02  -2.7829495e-01  -6.3341151e-01   7.5907246e-01  -4.2048735e-01   1.5296119e+00   1.1682566e+00  -1.3685675e+00   3.1468850e-01   2.7862457e-01  -4.8827889e-01   1.3835447e+00   8.3159431e-01   9.9013775e-01   6.1202326e-01   1.1400175e+00
  -4.1835583e-01   1.1669374e+00   8.6353301e-02  -1.9265430e-01  -6.8359847e-01  -6.1400644e-02  -2.7829495e-01  -2.7445872e-01  -3.9904909e-01  -4.2048735e-01   7.6364389e-01   1.3006384e+00  -1.1191089e+00   9.7470526e-01   9.6663750e-01  -4.8827889e-01  -4.1992257e-01   3.8465770e-01  -4.4371068e-02   1.4441859e-01  -4.9329397e-01
  -4.1835583e-01   5.8965840e-01   1.1102441e-01  -6.9873192e-02  -6.8359847e-01  -6.1400644e-02  -2.7829495e-01  -3.3428418e-01  -2.8323694e-01  -4.2048735e-01   7.8066540e-01   1.3006384e+00  -1.1191089e+00   9.7470526e-01   1.3106440e+00  -4.8827889e-01  -4.1992257e-01   3.2080961e-01  -1.1333832e-01   1.4441859e-01  -4.9329397e-01
   2.6503382e+00   9.7808711e-01  -1.3330671e-01  -1.0524857e+00  -6.8359847e-01  -6.1400644e-02  -2.7829495e-01   2.6397047e-01  -8.6229771e-01  -4.2048735e-01  -5.6403392e-01  -9.2337562e-01   2.2307634e+00   1.5247192e+00  -1.4414078e+00  -4.8827889e-01   1.6240070e+00   2.1085561e+00   2.0246466e+00  -4.9018775e-01  -2.1266055e+00
   2.6503382e+00   6.9404885e-01  -1.1392752e-01  -8.9174444e-01  -6.8359847e-01  -6.1400644e-02  -2.7829495e-01   3.2379594e-01  -9.7810987e-01  -4.2048735e-01  -4.4488334e-01  -9.2337562e-01   2.2307634e+00   1.5247192e+00  -1.0974013e+00  -4.8827889e-01   1.7442382e+00   2.1085561e+00   2.0246466e+00  -5.5698841e-01  -2.1266055e+00
   2.6503382e+00   1.3504119e+00  -1.0899380e-01  -1.2433464e+00  -6.8359847e-01  -6.1400644e-02  -2.7829495e-01   2.0414501e-01  -8.6229771e-01  -4.2048735e-01  -4.9594787e-01  -9.2337562e-01   2.2307634e+00   1.5247192e+00  -1.0974013e+00  -4.8827889e-01   1.6240070e+00   2.1724041e+00   2.0246466e+00  -4.9018775e-01  -2.1266055e+00
   2.6503382e+00   1.0742217e+00  -2.0364049e-01  -5.3259183e-01  -6.8359847e-01  -6.1400644e-02  -2.7829495e-01   2.6397047e-01  -8.6229771e-01  -4.2048735e-01  -8.3637808e-01  -9.4985198e-01   2.2664004e+00   1.5247192e+00  -7.5339482e-01  -4.8827889e-01   1.5037759e+00   2.1724041e+00   2.0246466e+00  -3.8998675e-01  -2.1266055e+00
   2.3328871e+00   5.5629255e-01  -1.6847360e-01  -7.6079304e-01  -6.8359847e-01  -6.1400644e-02  -2.7829495e-01   2.0414501e-01  -8.6229771e-01  -4.2048735e-01  -1.3849616e-01  -2.0851397e-01   1.1616552e+00   1.3597150e+00  -4.0938836e-01   2.4144440e+00   1.5037759e+00   1.9808599e+00   1.8867121e+00  -4.2338708e-01  -4.9329397e-01
   2.3328871e+00   9.6942011e-01  -1.7738576e-01  -7.6478885e-01  -6.8359847e-01  -6.1400644e-02  -2.7829495e-01   2.4668611e-02  -7.4648556e-01  -4.2048735e-01  -8.0233506e-01  -7.1156476e-01   1.8387571e+00   1.3597150e+00  -7.5339482e-01   9.6308254e-01   1.5037759e+00   2.1085561e+00   1.9556793e+00  -3.5658641e-01  -4.9329397e-01
   2.3328871e+00  -2.6827235e-01  -1.4930402e-01  -7.3448056e-01  -6.8359847e-01  -6.1400644e-02  -2.7829495e-01   6.8274873e-01  -9.7810987e-01  -3.5824706e-01   1.6789103e-01  -1.1351865e+00   1.7674832e+00   3.6968989e-01  -1.0974013e+00  -4.8827889e-01   1.5037759e+00   1.7254675e+00   1.7487775e+00  -6.2378908e-01   1.1400175e+00
  -2.0672176e-01   1.1889844e+00   5.3486413e-01   1.1428503e-01  -6.8359847e-01  -6.1400644e-02  -2.7829495e-01  -9.4982320e-02  -5.1486125e-01  -4.2048735e-01  -5.2999089e-01   3.7396590e-01  -6.9146563e-01  -2.9032687e-01   2.7862457e-01   9.6308254e-01  -1.7946026e-01   5.7620196e-01   3.6943246e-01  -1.2278408e-01   1.1400175e+00
  -2.0672176e-01   5.3117852e-01   4.9205336e-01  -1.3053594e-01  -6.8359847e-01  -6.1400644e-02  -2.7829495e-01   8.4494076e-02  -7.4648556e-01  -4.2048735e-01  -2.2360371e-01   3.7396590e-01  -6.9146563e-01  -2.9032687e-01  -4.0938836e-01  -4.8827889e-01  -1.7946026e-01   5.1235388e-01   1.6253070e-01  -1.8958474e-01   1.1400175e+00
  -2.0672176e-01   1.2712234e+00   4.1750912e-01   1.8253205e-01  -6.8359847e-01  -6.1400644e-02  -2.7829495e-01  -1.5480779e-01  -5.1486125e-01  -4.2048735e-01  -7.6829204e-01   8.2406398e-01  -5.1328093e-01   9.1970386e-01  -4.0938836e-01  -4.8827889e-01  -1.7946026e-01   5.1235388e-01   2.3149795e-01  -1.8958474e-01  -4.9329397e-01
  -2.0672176e-01   1.3938167e+00   6.5068500e-01  -2.6434352e-01  -6.8359847e-01  -6.1400644e-02  -2.7829495e-01  -9.4982320e-02  -5.1486125e-01  -4.2048735e-01  -7.0020600e-01   9.5644577e-01  -6.9146563e-01   9.1970386e-01  -4.0938836e-01  -4.8827889e-01   1.0228513e+00   6.4005005e-01   6.4530148e-01  -1.2278408e-01   1.1400175e+00
  -6.2998991e-01   3.4539525e-01   3.0627937e-01  -1.7740764e-01  -6.8359847e-01  -6.1400644e-02  -2.7829495e-01  -2.1463325e-01  -1.6742478e-01  -2.9600678e-01   4.2321369e-01   1.4065438e+00  -8.6965033e-01   1.5797206e+00   1.6546504e+00  -4.8827889e-01  -4.1992257e-01   1.5691775e-03  -2.5127283e-01  -3.2318608e-01  -4.9329397e-01
  -6.2998991e-01   1.0132366e+00   6.3450364e-01  -3.1561288e-02  -6.8359847e-01  -6.1400644e-02  -2.7829495e-01  -1.5480779e-01   6.4199529e-02  -4.2048735e-01  -7.0410115e-02   1.9360710e+00  -1.4042044e+00   1.8547276e+00   1.6546504e+00  -4.8827889e-01  -1.7946026e-01   1.9311344e-01  -1.8230558e-01  -2.5638541e-01  -4.9329397e-01
  -6.2998991e-01  -5.1015726e-01  -1.0113215e-01  -5.0219352e-01  -6.8359847e-01  -6.1400644e-02  -2.7829495e-01  -2.7445872e-01  -3.9904909e-01  -1.7152621e-01   7.2960087e-01   3.2101318e-01  -8.6965033e-01  -6.7533665e-01  -4.0938836e-01  -4.8827889e-01  -4.1992257e-01  -2.5382317e-01  -3.8920734e-01  -5.9038875e-01   1.1400175e+00
  -6.2998991e-01  -9.1998844e-01  -2.0364049e-01  -1.6358711e+00  -6.8359847e-01  -6.1400644e-02  -2.7829495e-01  -2.7445872e-01  -3.9904909e-01  -1.0928592e-01   3.2108462e-01  -1.2410919e+00   1.0547444e+00  -9.5034364e-01  -1.0974013e+00   9.6308254e-01  -4.1992257e-01  -2.5382317e-01  -4.5817459e-01  -6.5718941e-01  -4.9329397e-01
   2.7561553e+00   9.7808711e-01   3.5902969e-01  -1.0524857e+00  -6.8359847e-01  -6.1400644e-02  -2.7829495e-01  -2.1463325e-01  -6.3067340e-01  -4.2048735e-01   8.4875145e-01  -7.1156476e-01   2.1594896e+00   1.8547276e+00  -6.5381895e-02  -4.8827889e-01   3.0066653e+00   2.8747331e+00   2.9901881e+00  -1.8958474e-01  -4.9329397e-01
   2.7561553e+00   1.5248471e+00   4.0786989e-01  -6.6973981e-01  -6.8359847e-01  -6.1400644e-02  -2.7829495e-01  -2.1463325e-01  -7.4648556e-01  -4.2048735e-01  -1.3980879e+00  -7.6451748e-01   2.2307634e+00   1.8547276e+00  -7.5339482e-01  -4.8827889e-01   3.0066653e+00   3.0024293e+00   3.1970899e+00  -3.2318608e-01   1.1400175e+00
   2.7561553e+00   1.5271004e+00   4.4243761e-01  -5.0767904e-01  -6.8359847e-01  -6.1400644e-02  -2.7829495e-01  -2.7445872e-01  -6.3067340e-01  -4.2048735e-01  -1.3980879e+00  -8.9689927e-01   2.4089481e+00   1.8547276e+00  -1.0974013e+00  -4.8827889e-01   3.0066653e+00   3.1301255e+00   3.4039917e+00  -3.8998675e-01   1.1400175e+00
   2.7561553e+00   2.0271659e+00   3.3693767e-01  -1.6358711e+00  -6.8359847e-01  -6.1400644e-02  -2.7829495e-01  -1.5480779e-01  -6.3067340e-01  -4.2048735e-01  -9.2148563e-01  -8.1747019e-01   2.1594896e+00   1.6347220e+00  -7.5339482e-01  -4.8827889e-01   2.6459718e+00   2.6831888e+00   2.8522536e+00  -3.5658641e-01  -4.9329397e-01
   1.0630827e+00   2.8761627e+00   1.1151177e+00  -1.0524857e+00  -4.1251167e-01  -6.1400644e-02  -2.7829495e-01  -5.1376058e-01   5.2744815e-01  -4.2048735e-01  -9.7255016e-01   1.9625474e+00  -1.4042044e+00   1.9097290e+00   2.6866698e+00  -4.8827889e-01   2.6459718e+00   1.9808599e+00   2.3694828e+00   1.0796279e+00   1.1400175e+00
   1.0630827e+00   2.6364932e+00   1.0713941e+00  -6.5207496e-01  -6.8359847e-01  -6.1400644e-02  -2.7829495e-01  -3.9410965e-01  -1.6742478e-01  -4.2048735e-01  -1.3980879e+00  -3.1441940e-01   1.3042030e+00   1.3597150e+00   1.3106440e+00  -4.8827889e-01   2.6459718e+00   2.4277965e+00   2.7143191e+00   4.4217591e-02   1.1400175e+00
   1.0630827e+00   2.2673961e+00   8.5934514e-01  -9.0112421e-01  -6.8359847e-01  -6.1400644e-02  -2.7829495e-01  -3.9410965e-01  -3.9904909e-01  -4.2048735e-01  -1.3980879e+00   5.6249607e-02   7.6964891e-01   1.3047136e+00  -7.5339482e-01  -4.8827889e-01   2.4055095e+00   2.5554927e+00   2.7143191e+00  -3.2318608e-01   1.1400175e+00
   1.0630827e+00   3.9562124e+00   1.5967975e+00  -1.6358711e+00  -6.8359847e-01  -6.1400644e-02  -2.7829495e-01  -7.5306244e-01   9.9069677e-01  -4.2048735e-01  -1.3980879e+00   1.8566419e+00  -1.2260197e+00   1.9647304e+00   1.9986569e+00  -4.8827889e-01   2.0448161e+00   1.5977714e+00   1.7487775e+00   5.4522259e-01   1.1400175e+00
   1.0630827e+00   3.0222407e+00   1.2989019e+00  -1.6358711e+00   4.0305894e-02  -6.1400644e-02  -2.7829495e-01  -7.5306244e-01   1.9171940e+00  -4.2048735e-01  -1.1257438e+00   1.9890237e+00  -1.4042044e+00   1.9647304e+00   1.9986569e+00  -4.8827889e-01   1.8644693e+00   1.3423790e+00   1.6108430e+00   1.1464286e+00   1.1400175e+00
   1.0630827e+00   3.2329177e+00   1.0659290e+00  -3.5944946e-01  -6.8359847e-01  -6.1400644e-02  -2.7829495e-01  -3.9410965e-01  -1.6742478e-01  -4.2048735e-01  -1.3980879e+00   1.4859729e+00  -7.9837645e-01   1.8547276e+00   2.7862457e-01  -4.8827889e-01   2.6459718e+00   2.5554927e+00   2.7832864e+00  -2.2298508e-01   1.1400175e+00
   5.3399750e-01  -1.8133457e-01  -1.6258392e-01  -1.6358711e+00  -6.8359847e-01  -6.1400644e-02  -2.7829495e-01   8.6222513e-01  -7.4648556e-01   1.0732795e+00   8.8279447e-01   6.1225312e-01  -7.2710257e-01   1.4968430e-01   1.3106440e+00  -4.8827889e-01   4.2169550e-01   7.0389814e-01   5.7633422e-01  -5.2358808e-01   1.1400175e+00
   6.3981454e-01  -7.0909114e-01  -1.8605704e-01  -1.6358711e+00  -6.8359847e-01  -6.1400644e-02  -2.7829495e-01   4.4344687e-01  -5.1486125e-01   6.9983779e-01   1.1210956e+00   7.4463491e-01  -5.8455481e-01   6.4469688e-01   1.3106440e+00   9.6308254e-01   3.6157992e-01   5.1235388e-01   4.3839971e-01  -5.9038875e-01   1.1400175e+00
   6.3981454e-01  -6.0934245e-01  -1.7774055e-01  -1.6358711e+00  -6.8359847e-01  -6.1400644e-02  -2.7829495e-01   6.2292326e-01  -8.6229771e-01   9.4879894e-01  -2.5764673e-01   7.4463491e-01  -5.8455481e-01   6.4469688e-01  -6.5381895e-02  -4.8827889e-01   3.6157992e-01   5.1235388e-01   3.6943246e-01  -6.5718941e-01  -4.9329397e-01
   1.3805338e+00   8.9174227e-01  -1.8206162e-01  -1.2778982e+00  -6.8359847e-01  -6.1400644e-02  -2.7829495e-01   3.8362140e-01  -7.4648556e-01  -4.2048735e-01   8.2783479e-02   4.7987133e-01  -5.8455481e-01   9.4682907e-02  -6.5381895e-02  -4.8827889e-01   1.3835447e+00   1.4062271e+00   1.4039413e+00  -5.2358808e-01   1.1400175e+00
   8.5144861e-01  -6.8098480e-01  -2.0364049e-01  -1.3053045e+00  -6.8359847e-01  -6.1400644e-02  -2.7829495e-01   4.4344687e-01  -7.4648556e-01  -4.2048735e-01   1.3593968e+00   9.0349305e-01  -1.1903828e+00   3.9681510e-02   9.6663750e-01  -4.8827889e-01   6.0204223e-01   7.6774622e-01   7.1426873e-01  -5.5698841e-01   1.1400175e+00
   8.5144861e-01  -9.1998844e-01  -2.0364049e-01  -1.0079725e+00  -6.8359847e-01  -6.1400644e-02  -2.7829495e-01   5.0327233e-01  -8.6229771e-01  -4.2048735e-01   1.1210956e+00   2.6806047e-01  -6.5582869e-01  -4.5533106e-01  -6.5381895e-02  -4.8827889e-01   4.2169550e-01   7.6774622e-01   6.4530148e-01  -5.9038875e-01   1.1400175e+00
   9.5726565e-01  -9.1998844e-01  -1.6847360e-01  -4.6910036e-01  -6.8359847e-01  -6.1400644e-02  -2.7829495e-01   8.0239966e-01  -1.0939220e+00   5.1311694e-01  -1.9345583e-02  -1.3469973e+00   1.4111138e+00  -6.2033525e-01  -1.0974013e+00  -4.8827889e-01   4.8181108e-01   6.4005005e-01   5.7633422e-01  -6.5718941e-01  -4.9329397e-01
   4.2818046e-01   1.6107790e+00  -2.0364049e-01   4.0597775e-01  -6.8359847e-01  -6.1400644e-02  -2.7829495e-01  -5.7358604e-01   4.9283100e+00  -4.2048735e-01   3.6402791e+00   1.9625474e+00  -1.3685675e+00   1.9647304e+00   2.7862457e-01   3.8658054e+00   6.0204223e-01   1.0869867e+00   9.9013775e-01   1.3802309e+00   1.1400175e+00
   4.2818046e-01   3.0707207e+00  -2.0364049e-01  -1.3053594e-01  -6.8359847e-01  -6.1400644e-02  -2.7829495e-01  -5.7358604e-01   4.0018128e+00  -4.2048735e-01  -5.1296938e-01   1.9625474e+00  -1.3685675e+00   1.9647304e+00   2.3426634e+00   2.4144440e+00   6.0204223e-01   1.6616194e+00   1.7487775e+00   1.7810349e+00   1.1400175e+00
   8.5144861e-01  -7.6399312e-02  -2.0364049e-01   1.2810559e+00   4.0074867e-01  -6.1400644e-02  -2.7829495e-01  -5.7358604e-01   4.1176250e+00  -4.2048735e-01   3.5892146e+00   1.3800675e+00  -1.4398414e+00   6.4469688e-01   1.9986569e+00   9.6308254e-01   7.2227338e-01   6.4005005e-01   7.8323599e-01   7.4562460e-01   1.1400175e+00
   8.5144861e-01  -9.1998844e-01  -2.0364049e-01   1.0837210e+00   1.3383801e+00  -6.1400644e-02  -2.7829495e-01  -5.7358604e-01   2.9595034e+00  -4.2048735e-01   2.5338810e+00   1.4065438e+00  -1.4398414e+00   6.9969827e-01   1.6546504e+00   9.6308254e-01   4.2169550e-01   2.5696153e-01   4.3839971e-01   2.1121926e-01   1.1400175e+00
   8.5144861e-01   7.0615847e-01  -2.0364049e-01   1.1755400e+00  -6.8359847e-01  -6.1400644e-02  -2.7829495e-01  -3.9410965e-01   4.5808736e+00  -4.2048735e-01   4.5083762e+00   1.9890237e+00  -1.4398414e+00   1.9097290e+00   1.3106440e+00   9.6308254e-01   7.2227338e-01   9.5929049e-01   9.9013775e-01   7.4562460e-01   1.1400175e+00
   8.5144861e-01  -2.2338833e-01  -2.0364049e-01   1.2545383e+00   6.5951334e-01  -6.1400644e-02  -2.7829495e-01  -3.9410965e-01   2.3804426e+00  -4.2048735e-01   2.2955798e+00   1.4065438e+00  -1.4398414e+00   6.9969827e-01   2.7862457e-01  -4.8827889e-01   4.2169550e-01   5.1235388e-01   5.7633422e-01   1.4441859e-01   1.1400175e+00
  -2.0672176e-01  -7.6399312e-02  -2.0364049e-01  -7.6079304e-01  -1.4142490e-01  -6.1400644e-02  -2.7829495e-01  -2.7445872e-01   1.6855697e+00  -4.2048735e-01   3.2487844e+00   1.8566419e+00  -1.4042044e+00   1.6897234e+00   6.2263103e-01   2.4144440e+00  -1.7946026e-01   6.5417265e-02   9.3563441e-02   2.1121926e-01  -4.9329397e-01
  -2.0672176e-01   3.3182265e-01  -2.0364049e-01   9.5512728e-02   3.8911789e-01  -6.1400644e-02  -2.7829495e-01  -5.1376058e-01   1.2223211e+00  -4.2048735e-01   8.2783479e-02   1.8566419e+00  -1.4042044e+00   1.6897234e+00   9.6663750e-01   2.4144440e+00  -1.7946026e-01   6.5417265e-02  -1.8230558e-01   5.7862293e-01  -4.9329397e-01
  -2.0672176e-01   1.7942827e-01  -2.0364049e-01  -1.1526442e-01   7.2958875e-01  -6.1400644e-02  -2.7829495e-01  -5.7358604e-01   1.5697575e+00  -4.2048735e-01   5.7640728e-01   1.8566419e+00  -1.4042044e+00   1.6897234e+00   1.3106440e+00   9.6308254e-01  -5.4015372e-01   1.5691775e-03  -3.8920734e-01   1.0796279e+00  -4.9329397e-01
  -2.0672176e-01  -9.1998844e-01  -2.0364049e-01  -1.6358711e+00   1.7330042e+00  -6.1400644e-02  -2.7829495e-01  -4.5393511e-01   4.1163599e-01  -4.2048735e-01  -8.8744261e-01   4.2691861e-01  -1.1547458e+00  -8.9534224e-01  -6.5381895e-02   9.6308254e-01  -5.4015372e-01  -7.6460787e-01  -7.3404361e-01   1.0817257e-02   1.1400175e+00
  -4.1835583e-01  -7.0909114e-01  -2.0364049e-01   1.8644412e+00   1.2966190e-01  -6.1400644e-02  -2.7829495e-01  -4.5393511e-01   1.5697575e+00  -4.2048735e-01   1.3253537e+00   1.6448311e+00  -1.2616567e+00   1.4697178e+00   1.6546504e+00   9.6308254e-01  -4.1992257e-01  -1.8997508e-01  -5.2714185e-01   5.4522259e-01  -4.9329397e-01
  -4.1835583e-01  -9.1998844e-01  -2.0364049e-01   1.9450798e+00   9.8039329e-01  -6.1400644e-02  -2.7829495e-01   8.4494076e-02   7.5907246e-01  -4.2048735e-01   5.7640728e-01   1.0623512e+00  -1.4398414e+00  -1.5319887e-02   1.3106440e+00   9.6308254e-01  -4.1992257e-01  -6.3691169e-01  -5.9610910e-01  -1.2278408e-01   1.1400175e+00
  -4.1835583e-01  -5.0064210e-01  -2.0364049e-01   2.4241236e+00   3.9445480e-01  -6.1400644e-02  -2.7829495e-01  -8.7271337e-01   1.9171940e+00  -4.2048735e-01   1.1381171e+00   1.7772129e+00  -1.4398414e+00   1.4697178e+00   1.9986569e+00  -4.8827889e-01  -6.6038487e-01   1.5691775e-03  -5.9610910e-01   1.6140333e+00  -4.9329397e-01
  -4.1835583e-01  -3.8651621e-01  -2.0364049e-01   2.0533646e+00   2.1252684e-03  -6.1400644e-02  -2.7829495e-01  -9.9236430e-01   2.2646305e+00  -4.2048735e-01   2.0062142e+00   1.6713074e+00  -1.2972936e+00   1.4697178e+00   1.6546504e+00   9.6308254e-01  -6.6038487e-01   2.5696153e-01  -4.5817459e-01   1.9480366e+00  -4.9329397e-01
  -4.1835583e-01   7.6718984e-01  -2.0364049e-01   1.1428503e-01   4.0074867e-01  -6.1400644e-02  -2.7829495e-01   2.4668611e-02   1.5697575e+00  -2.9600678e-01   3.7214916e-01   1.4330202e+00  -1.4042044e+00   8.0970107e-01   1.6546504e+00   9.6308254e-01  -1.7946026e-01  -6.2278910e-02  -1.1333832e-01   1.1101826e-01  -4.9329397e-01
  -4.1835583e-01   8.1434520e-01  -2.0364049e-01  -1.9661377e-01   1.0998477e+00  -6.1400644e-02  -2.7829495e-01  -9.4982320e-02   1.2223211e+00  -4.2048735e-01  -7.3424902e-01   1.9890237e+00  -1.4398414e+00   1.9097290e+00   2.3426634e+00   9.6308254e-01  -1.7946026e-01  -1.8997508e-01  -2.5127283e-01   1.0817257e-02  -4.9329397e-01
  -4.1835583e-01   8.2632262e-01  -2.0364049e-01   7.7945719e-01   2.1428290e-01  -6.1400644e-02  -2.7829495e-01   3.2379594e-01   5.2744815e-01  -1.7152621e-01  -3.9381881e-01   1.7772129e+00  -1.4042044e+00   1.5247192e+00   1.3106440e+00  -4.8827889e-01  -1.7946026e-01   1.5691775e-03  -4.4371068e-02  -1.8958474e-01  -4.9329397e-01
  -4.1835583e-01   9.8125850e-01  -2.0364049e-01   9.9374950e-01   1.2714876e+00  -6.1400644e-02  -2.7829495e-01  -1.5480779e-01   1.1065089e+00  -4.2048735e-01  -6.3211996e-01   1.9890237e+00  -1.4398414e+00   1.9097290e+00   2.6866698e+00   2.4144440e+00  -1.7946026e-01  -1.8997508e-01  -2.5127283e-01   1.1101826e-01  -4.9329397e-01
  -4.1835583e-01   7.6718984e-01  -2.0364049e-01   9.8936314e-01   9.4292225e-01  -6.1400644e-02  -2.7829495e-01  -5.1376058e-01   2.2646305e+00  -4.2048735e-01   1.1891817e+00   1.8831183e+00  -1.3329305e+00   1.8547276e+00   6.2263103e-01   2.4144440e+00  -1.7946026e-01   1.9311344e-01  -1.8230558e-01   1.4804319e+00  -4.9329397e-01
  -4.1835583e-01  -5.5351619e-01  -2.0364049e-01   8.9847338e-01   1.2006511e+00  -6.1400644e-02  -2.7829495e-01  -3.3428418e-01   1.4539454e+00  -4.2048735e-01   1.8189775e+00   1.4330202e+00  -1.4042044e+00   8.0970107e-01   6.2263103e-01  -4.8827889e-01  -1.7946026e-01  -5.0921552e-01  -4.5817459e-01   1.1101826e-01  -4.9329397e-01
  -4.1835583e-01   9.3024944e-01  -2.0364049e-01   4.9668707e-01   5.0554687e-01  -6.1400644e-02  -2.7829495e-01  -5.1376058e-01   2.7278791e+00  -4.2048735e-01   2.0913217e+00   1.9625474e+00  -1.4042044e+00   1.9097290e+00   9.6663750e-01   9.6308254e-01  -1.7946026e-01   5.1235388e-01  -4.4371068e-02   2.0816379e+00  -4.9329397e-01
  -4.1835583e-01   7.2555935e-01  -2.0364049e-01   6.4009119e-01   7.2652326e-01  -6.1400644e-02  -2.7829495e-01  -5.1376058e-01   2.7278791e+00  -4.2048735e-01   1.7508915e+00   1.8831183e+00  -1.3329305e+00   1.8547276e+00   9.6663750e-01   2.4144440e+00  -1.7946026e-01   3.8465770e-01  -1.1333832e-01   1.9480366e+00  -4.9329397e-01
  -4.1835583e-01   1.2903773e+00  -2.0364049e-01   8.0985995e-01  -1.1535887e-01  -6.1400644e-02  -2.7829495e-01  -4.5393511e-01   3.0753156e+00  -4.2048735e-01   3.0785693e+00   1.9360710e+00  -1.3685675e+00   1.9097290e+00   9.6663750e-01   9.6308254e-01  -1.7946026e-01   8.9544240e-01   2.3149795e-01   2.6494436e+00  -4.9329397e-01
  -4.1835583e-01   2.3811322e+00  -2.0364049e-01  -7.2271305e-01   1.6505183e-01  -6.1400644e-02  -2.7829495e-01  -6.3341151e-01   4.0018128e+00  -4.2048735e-01   1.3253537e+00   1.9360710e+00  -1.3685675e+00   1.9097290e+00   9.6663750e-01   2.4144440e+00  -1.7946026e-01   1.4062271e+00   1.8177448e+00   3.8852559e+00   1.1400175e+00
  -4.1835583e-01  -9.1998844e-01  -2.0364049e-01   1.2402764e+00   1.4547769e+00  -6.1400644e-02  -2.7829495e-01  -3.9410965e-01   1.3381332e+00  -4.2048735e-01   1.1210956e+00   1.4330202e+00  -1.4042044e+00   8.0970107e-01   2.7862457e-01   9.6308254e-01  -1.7946026e-01  -5.7306361e-01  -5.2714185e-01   1.4441859e-01  -4.9329397e-01
  -4.1835583e-01  -2.5629857e-01  -2.0364049e-01   6.5900777e-01   1.0226118e+00  -6.1400644e-02  -2.7829495e-01  -3.3428418e-01   1.3381332e+00  -4.2048735e-01   1.5125904e+00   1.4330202e+00  -1.4042044e+00   8.0970107e-01   9.6663750e-01  -4.8827889e-01  -1.7946026e-01  -4.4536743e-01  -3.2024009e-01   4.4217591e-02  -4.9329397e-01
   4.2818046e-01   1.0375991e-01  -1.7518900e-01  -1.6358711e+00  -2.4495736e-01  -6.1400644e-02  -2.7829495e-01   1.4604798e+00  -7.4648556e-01  -4.2048735e-01   1.5296119e+00   1.3800675e+00  -1.2972936e+00   8.6470247e-01   2.7862457e-01  -4.8827889e-01   2.4134877e-01   3.8465770e-01   3.0046520e-01  -4.5678741e-01   1.1400175e+00
  -1.2648921e+00  -7.6399312e-02  -2.7806054e-02  -1.7740764e-01  -6.8359847e-01  -6.1400644e-02  -2.7829495e-01  -2.1463325e-01  -3.9904909e-01  -4.2048735e-01   1.6789103e-01  -7.6132181e-02   5.2019033e-01   6.4469688e-01   6.2263103e-01  -4.8827889e-01  -7.8061602e-01  -1.2612700e-01  -6.6507636e-01   3.1142026e-01  -2.1266055e+00
  -1.2648921e+00  -9.1998844e-01  -2.0364049e-01  -4.8918412e-01  -6.8359847e-01  -6.1400644e-02  -2.7829495e-01   2.4668611e-02  -7.4648556e-01  -4.2048735e-01   5.0832124e-01  -1.2410919e+00   6.6273809e-01  -1.5553590e+00  -7.5339482e-01  -4.8827889e-01  -7.8061602e-01  -5.7306361e-01  -7.3404361e-01  -6.2378908e-01  -4.9329397e-01
  -1.2648921e+00  -1.2481283e-01  -2.0364049e-01  -5.3606125e-01  -6.8359847e-01  -6.1400644e-02  -2.7829495e-01  -4.5393511e-01  -3.9904909e-01  -4.2048735e-01   2.3597707e-01  -1.2940446e+00   7.6964891e-01  -1.5003576e+00  -1.0974013e+00  -4.8827889e-01  -5.4015372e-01  -3.8151935e-01  -5.2714185e-01  -6.2378908e-01  -4.9329397e-01
  -1.2648921e+00  -1.6964468e-01  -3.6815177e-02  -2.5213408e-01  -6.8359847e-01  -6.1400644e-02  -2.7829495e-01  -2.1463325e-01  -3.9904909e-01  -4.2048735e-01   2.8704160e-01  -1.8203761e-01   5.2019033e-01   4.2469129e-01  -6.5381895e-02  -4.8827889e-01  -7.8061602e-01  -3.8151935e-01  -7.3404361e-01  -1.5618441e-01  -2.1266055e+00
  -1.2648921e+00  -1.4905599e-01  -1.3936442e-01  -5.6959204e-01  -6.8359847e-01  -6.1400644e-02  -2.7829495e-01  -2.7445872e-01  -5.1486125e-01  -4.2048735e-01   8.2783479e-02  -2.6146668e-01   7.6964891e-01   6.4469688e-01  -6.5381895e-02  -4.8827889e-01  -7.8061602e-01  -6.2278910e-02  -5.9610910e-01   3.4482059e-01  -2.1266055e+00
  -1.2648921e+00  -1.5217719e-01  -7.5608816e-02  -2.1992156e-01  -6.8359847e-01  -6.1400644e-02  -2.7829495e-01  -1.5480779e-01  -5.1486125e-01  -4.2048735e-01   2.0193405e-01  -1.8203761e-01   6.6273809e-01   6.4469688e-01   9.6663750e-01  -4.8827889e-01  -7.8061602e-01  -1.2612700e-01  -6.6507636e-01   3.4482059e-01  -2.1266055e+00
  -1.2648921e+00  -7.0909114e-01  -4.5389498e-02  -7.6079304e-01  -4.1251167e-01  -6.1400644e-02  -2.7829495e-01  -1.5480779e-01  -3.9904909e-01  -4.2048735e-01   7.9768692e-01   1.1153039e+00  -1.2972936e+00   3.1468850e-01   1.9986569e+00  -4.8827889e-01  -1.2615406e+00  -9.5615213e-01  -1.3547489e+00  -2.2298508e-01  -4.9329397e-01
  -1.2648921e+00  -9.1998844e-01  -7.3300157e-02  -5.5475972e-01  -1.8122897e-01  -6.1400644e-02  -2.7829495e-01   2.4668611e-02  -6.3067340e-01  -4.2048735e-01   2.8704160e-01  -9.2337562e-01   4.1327951e-01  -1.2803520e+00  -4.0938836e-01  -4.8827889e-01  -1.2615406e+00  -1.2115445e+00  -1.4237162e+00  -6.5718941e-01  -4.9329397e-01
  -1.2648921e+00  -9.1998844e-01  -8.7483194e-02   2.9106851e-01  -6.8359847e-01  -6.1400644e-02  -2.7829495e-01  -2.7445872e-01  -3.9904909e-01  -4.2048735e-01   9.8492353e-01  -1.1881392e+00   5.5582727e-01  -1.6103604e+00  -1.0974013e+00  -4.8827889e-01  -9.0084718e-01  -8.9230404e-01  -1.0788799e+00  -5.9038875e-01  -4.9329397e-01
  -1.2648921e+00  -5.8435317e-02   2.0939070e-01  -1.4635007e-01  -6.8359847e-01  -6.1400644e-02  -2.7829495e-01  -5.1376058e-01   6.4199529e-02  -4.2048735e-01   8.9981598e-01   1.0093985e+00  -1.0121981e+00   5.3469408e-01   6.2263103e-01  -4.8827889e-01  -1.0210783e+00  -2.5382317e-01  -8.0301087e-01   7.1222426e-01  -4.9329397e-01
  -1.2648921e+00  -9.1998844e-01   1.0613053e-02  -2.1416566e-01  -6.8359847e-01  -6.1400644e-02  -2.7829495e-01  -3.9410965e-01  -1.6742478e-01  -4.2048735e-01   1.2913107e+00  -3.9384847e-01   4.4891645e-01  -1.2532268e-01   6.2263103e-01  -4.8827889e-01  -1.0210783e+00  -9.5615213e-01  -1.1478471e+00  -5.5698841e-01  -2.1266055e+00
  -1.2648921e+00  -9.1998844e-01  -9.0899585e-02  -7.0073866e-01  -6.8359847e-01  -6.1400644e-02  -2.7829495e-01  -3.9410965e-01  -1.6742478e-01  -4.2048735e-01   1.3253537e+00  -3.9384847e-01   4.4891645e-01  -1.2532268e-01  -6.5381895e-02  -4.8827889e-01  -1.0210783e+00  -8.2845596e-01  -1.0788799e+00  -5.5698841e-01  -2.1266055e+00
  -1.2648921e+00   5.9417830e-01   3.6445213e-01   4.5837765e-01  -6.8359847e-01  -6.1400644e-02  -2.7829495e-01  -5.7358604e-01   2.9582384e-01  -4.2048735e-01   2.3597707e-01   1.4065438e+00  -1.0121981e+00   1.3597150e+00   9.6663750e-01  -4.8827889e-01  -6.6038487e-01   1.9311344e-01  -3.2024009e-01   9.4602660e-01  -4.9329397e-01
  -1.2648921e+00   5.3745159e-01   1.6089925e-01   1.3878137e+00  -6.8359847e-01  -6.1400644e-02  -2.7829495e-01  -5.7358604e-01   6.4199529e-02  -4.2048735e-01   1.1381171e+00   1.0920232e-01   1.9945787e-01   5.3469408e-01   2.7862457e-01   9.6308254e-01   1.5037759e+00   5.7620196e-01   1.6253070e-01   1.6474336e+00  -4.9329397e-01
  -1.2648921e+00   1.0815882e+00   1.8574695e-01   1.1325158e+00  -6.8359847e-01  -6.1400644e-02  -2.7829495e-01  -5.7358604e-01   1.8001168e-01  -4.2048735e-01  -1.0406362e+00   5.8577676e-01  -4.4200705e-01   5.3469408e-01   9.6663750e-01  -4.8827889e-01   1.5037759e+00   5.1235388e-01   9.3563441e-02   1.8144353e+00  -4.9329397e-01
  -1.2648921e+00   1.6838678e-01   8.0924239e-03  -1.3053594e-01  -6.8359847e-01  -6.1400644e-02  -2.7829495e-01  -4.5393511e-01   6.4199529e-02  -4.2048735e-01   5.2534275e-01   5.8577676e-01  -4.4200705e-01   5.3469408e-01  -6.5381895e-02  -4.8827889e-01  -1.0210783e+00  -6.2278910e-02  -5.9610910e-01   1.0128273e+00  -4.9329397e-01
   1.6979849e+00  -4.9819387e-01  -1.1572327e-01  -4.6910036e-01  -6.8359847e-01  -6.1400644e-02  -2.7829495e-01   1.9390835e+00  -1.0939220e+00  -2.3376649e-01   2.3597707e-01  -1.1087101e+00   1.7674832e+00   4.2469129e-01  -7.5339482e-01  -4.8827889e-01   8.4250453e-01   1.2146828e+00   1.1280723e+00  -6.2378908e-01  -4.9329397e-01
   1.2747168e+00   5.5629255e-01  -2.7806054e-02  -1.0524857e+00  -4.1251167e-01  -6.1400644e-02  -2.7829495e-01   1.6997816e+00  -9.7810987e-01  -4.2048735e-01   1.8491254e-01   5.3282404e-01  -2.9945929e-01   6.4469688e-01  -6.5381895e-02  -4.8827889e-01   1.2031980e+00   1.3423790e+00   1.2660068e+00  -5.2358808e-01   1.1400175e+00
   1.2747168e+00   1.7140308e+00  -4.6776287e-02  -1.1154254e+00  -1.9991834e-01  -6.1400644e-02  -2.7829495e-01   1.5801307e+00  -7.4648556e-01  -4.2048735e-01  -9.3850714e-01   5.3282404e-01  -2.9945929e-01   6.4469688e-01  -4.0938836e-01  -4.8827889e-01   1.2031980e+00   1.3423790e+00   1.2660068e+00  -4.9018775e-01   1.1400175e+00
   1.2747168e+00   1.0581016e+00  -6.6205360e-02  -1.1798874e+00  -2.5982655e-01  -6.1400644e-02  -2.7829495e-01   1.6997816e+00  -8.6229771e-01  -4.2048735e-01  -5.1296938e-01   6.3872948e-01  -2.9945929e-01   8.6470247e-01  -4.0938836e-01  -4.8827889e-01   1.2031980e+00   1.3423790e+00   1.4039413e+00  -5.2358808e-01   1.1400175e+00
   1.2747168e+00   3.6034493e-01  -1.7695372e-01  -1.6358711e+00  -6.8359847e-01  -6.1400644e-02  -2.7829495e-01   1.3408288e+00  -6.3067340e-01  -4.2048735e-01   2.5299858e-01   6.3872948e-01  -6.5582869e-01   3.1468850e-01  -6.5381895e-02  -4.8827889e-01   6.0204223e-01   8.9544240e-01   8.5220324e-01  -5.5698841e-01   1.1400175e+00
   1.5921679e+00   9.7808711e-01  -1.0222612e-02  -7.6079304e-01  -6.8359847e-01  -6.1400644e-02  -2.7829495e-01   1.5801307e+00  -8.6229771e-01  -4.2048735e-01   2.1895556e-01   2.1510775e-01   9.1219667e-01   1.8547276e+00  -7.5339482e-01  -4.8827889e-01   1.2031980e+00   1.5977714e+00   1.5418758e+00  -3.5658641e-01  -4.9329397e-01
   1.5921679e+00   4.6557783e-01   8.5161545e-02  -6.7768062e-01  -6.8359847e-01  -6.1400644e-02  -2.7829495e-01   1.3408288e+00  -7.4648556e-01  -4.2048735e-01   4.5725671e-01  -4.9655823e-02   1.0547444e+00   1.5247192e+00  -1.0974013e+00  -4.8827889e-01   1.2031980e+00   1.5339233e+00   1.4039413e+00  -3.2318608e-01  -4.9329397e-01
   1.6979849e+00   1.1847213e+00  -1.0336677e-01  -3.8828657e-01  -6.8359847e-01  -6.1400644e-02  -2.7829495e-01   1.6997816e+00  -8.6229771e-01  -4.2048735e-01   2.8704160e-01   2.1510775e-01   9.1219667e-01   1.8547276e+00  -7.5339482e-01  -4.8827889e-01   1.3234291e+00   1.6616194e+00   1.5418758e+00  -3.2318608e-01  -4.9329397e-01
   1.2747168e+00   5.5629255e-01  -8.0556384e-02  -7.6079304e-01  -6.8359847e-01  -6.1400644e-02  -2.7829495e-01  -6.3341151e-01   1.8001168e-01  -4.2048735e-01   1.9721711e+00   7.9758762e-01  -6.9146563e-01   5.8969548e-01  -6.5381895e-02   9.6308254e-01   7.2227338e-01   1.0231386e+00   9.9013775e-01  -3.2318608e-01   1.1400175e+00
   1.2747168e+00   1.5445909e+00   1.8424413e-03  -9.5411766e-01  -6.8359847e-01  -6.1400644e-02  -2.7829495e-01  -5.1376058e-01  -5.1612626e-02  -4.2048735e-01   5.5938577e-01   1.1947330e+00  -1.1903828e+00   6.4469688e-01  -7.5339482e-01   9.6308254e-01   7.2227338e-01   1.0869867e+00   9.2117049e-01  -2.8978574e-01   1.1400175e+00
   1.2747168e+00  -2.9562833e-01  -1.5158481e-01  -7.7231671e-01  -6.8359847e-01  -6.1400644e-02  -2.7829495e-01  -5.7358604e-01   4.1163599e-01  -4.2048735e-01   2.8062251e+00   1.1682566e+00  -1.2260197e+00   5.3469408e-01   6.2263103e-01   9.6308254e-01   9.0262011e-01   9.5929049e-01   9.9013775e-01  -2.8978574e-01   1.1400175e+00
   1.2747168e+00   5.1024823e-01  -1.0824434e-01  -8.4460522e-01  -6.8359847e-01  -6.1400644e-02  -2.7829495e-01  -6.9323697e-01   2.9582384e-01  -4.2048735e-01   2.2615368e+00   7.7111126e-01  -6.9146563e-01   5.3469408e-01   2.7862457e-01   9.6308254e-01   8.4250453e-01   1.0231386e+00   9.9013775e-01  -3.5658641e-01   1.1400175e+00
   1.1688997e+00   3.9019729e-01   6.9449519e-02  -7.2981013e-01  -6.8359847e-01  -6.1400644e-02  -2.7829495e-01  -3.3428418e-01   1.8001168e-01  -4.2048735e-01   3.0406311e-01   1.6448311e+00  -1.0834720e+00   1.7447248e+00   1.6546504e+00   9.6308254e-01   7.2227338e-01   1.0231386e+00   9.2117049e-01  -4.2338708e-01  -4.9329397e-01
   1.4863508e+00   1.3979485e+00  -1.3336533e-01  -1.3444215e+00  -6.8359847e-01  -6.1400644e-02  -2.7829495e-01  -2.1463325e-01   5.2744815e-01  -4.2048735e-01   3.2487844e+00   1.4859729e+00  -1.4398414e+00   8.6470247e-01   9.6663750e-01  -4.8827889e-01   1.0829668e+00   1.2146828e+00   1.2660068e+00  -8.9383744e-02   1.1400175e+00
   1.4863508e+00   1.7382596e+00  -1.7593674e-01  -1.1762923e+00  -6.8359847e-01  -6.1400644e-02  -2.7829495e-01  -2.7445872e-01   5.2744815e-01  -4.2048735e-01   2.9594187e+00   1.2741621e+00  -1.4398414e+00   4.2469129e-01  -6.5381895e-02  -4.8827889e-01   1.0829668e+00   1.1508347e+00   1.2660068e+00  -1.5618441e-01   1.1400175e+00
   1.4863508e+00   1.4141578e+00  -7.3901726e-02  -1.0978103e+00  -6.8359847e-01  -6.1400644e-02  -2.7829495e-01  -2.7445872e-01   6.4326030e-01  -4.2048735e-01   3.0445263e+00   1.5654020e+00  -1.4398414e+00   1.0297067e+00   1.3106440e+00  -4.8827889e-01   1.2031980e+00   1.3423790e+00   1.4039413e+00  -2.2583076e-02   1.1400175e+00
   1.4863508e+00   2.8240388e+00   3.2462382e-01  -8.3919793e-01  -6.8359847e-01  -6.1400644e-02  -2.7829495e-01  -2.1463325e-01  -5.1486125e-01  -4.2048735e-01  -1.1597868e+00   1.0358748e+00  -6.2019175e-01   1.1947108e+00  -4.0938836e-01  -4.8827889e-01   1.2633136e+00   1.8531637e+00   1.8867121e+00  -2.5638541e-01   1.1400175e+00
   1.0630827e+00  -9.1998844e-01  -1.8604237e-01  -1.0519988e+00  -6.8359847e-01  -6.1400644e-02  -2.7829495e-01  -8.7271337e-01   1.6855697e+00  -1.0928592e-01   4.8828494e+00   9.0349305e-01  -1.4398414e+00  -3.4532827e-01  -1.0974013e+00  -4.8827889e-01   3.0146435e-01   4.4850579e-01   5.0736697e-01  -3.8998675e-01   1.1400175e+00
   1.0630827e+00  -9.1998844e-01  -1.4374688e-01  -1.6358711e+00  -6.8359847e-01  -6.1400644e-02  -2.7829495e-01  -2.7445872e-01  -3.9904909e-01   3.2639608e-01   4.4023520e-01   6.1225312e-01  -1.1903828e+00  -5.6533386e-01  -7.5339482e-01  -4.8827889e-01   7.2227338e-01   7.0389814e-01   7.1426873e-01  -5.5698841e-01   1.1400175e+00
   1.0630827e+00   1.1889844e+00  -1.0222612e-02  -4.6910036e-01  -6.8359847e-01  -6.1400644e-02  -2.7829495e-01   2.4668611e-02  -3.9904909e-01  -2.9600678e-01   8.2783479e-02   1.5124493e+00  -1.4042044e+00   9.7470526e-01   2.7862457e-01  -4.8827889e-01   6.0204223e-01   1.2785309e+00   1.0591050e+00  -5.5983410e-02   1.1400175e+00
   1.0630827e+00   2.4741839e+00   7.9346740e-02  -2.2752399e-01  -6.8359847e-01  -6.1400644e-02  -2.7829495e-01   2.4668611e-02  -2.8323694e-01  -4.2048735e-01  -6.3211996e-01   1.5918783e+00  -1.4042044e+00   1.1397095e+00   2.7862457e-01  -4.8827889e-01   1.2031980e+00   1.5977714e+00   1.4729085e+00  -2.2298508e-01   1.1400175e+00
   1.0630827e+00  -9.1998844e-01  -1.6122087e-01  -9.3216986e-01  -6.8359847e-01  -6.1400644e-02  -2.7829495e-01  -9.4982320e-02  -7.4648556e-01  -2.3376649e-01   2.0193405e-01  -1.2410919e+00   1.6605724e+00  -1.5319887e-02  -7.5339482e-01  -4.8827889e-01   6.0204223e-01   7.6774622e-01   6.4530148e-01  -6.5718941e-01  -2.1266055e+00
   1.1072935e-01   9.7808711e-01   1.4802838e-01  -1.7740764e-01  -6.8359847e-01  -6.1400644e-02  -2.7829495e-01  -5.1376058e-01   1.9171940e+00  -4.2048735e-01   3.2998489e+00   8.2406398e-01  -1.2972936e+00  -2.9032687e-01  -6.5381895e-02  -4.8827889e-01   4.2169550e-01   2.5696153e-01   3.6943246e-01   2.4461959e-01   1.1400175e+00
   1.1072935e-01   1.0555260e+00   1.5322557e-01  -7.2509106e-01  -6.8359847e-01  -6.1400644e-02  -2.7829495e-01  -3.9410965e-01   1.2223211e+00  -4.2048735e-01   1.9040851e+00   1.0358748e+00  -1.2972936e+00   1.4968430e-01  -4.0938836e-01  -4.8827889e-01   4.2169550e-01   2.5696153e-01   3.0046520e-01   4.4217591e-02   1.1400175e+00
  -2.0672176e-01   7.6718984e-01   2.3594559e-01  -7.6079304e-01  -6.8359847e-01  -6.1400644e-02  -2.7829495e-01   2.4668611e-02   1.5697575e+00  -4.2048735e-01   3.5381501e+00   1.0623512e+00  -1.3685675e+00   9.4682907e-02  -7.5339482e-01  -4.8827889e-01  -1.1934469e-01   1.2926535e-01   2.4596186e-02   1.1101826e-01   1.1400175e+00
  -2.0672176e-01   1.2518654e+00   3.1372266e-01  -3.4848631e-01  -6.8359847e-01  -6.1400644e-02  -2.7829495e-01   8.4494076e-02   1.2223211e+00  -4.2048735e-01   3.3679350e+00   1.0623512e+00  -1.3685675e+00   9.4682907e-02  -7.5339482e-01  -4.8827889e-01  -1.1934469e-01   3.2080961e-01   1.6253070e-01   7.7617924e-02   1.1400175e+00
   4.9123147e-03   1.8834023e+00  -2.0364049e-01  -1.6358711e+00   3.7095673e-02  -6.1400644e-02  -2.7829495e-01  -4.5393511e-01   1.1065089e+00  -4.2048735e-01   1.4955688e+00   1.0888276e+00  -1.3685675e+00   1.4968430e-01   1.9986569e+00  -4.8827889e-01   3.0146435e-01   4.4850579e-01   4.3839971e-01   4.1162126e-01   1.1400175e+00
  -1.2648921e+00  -7.6399312e-02  -2.0364049e-01  -1.0524857e+00  -4.1251167e-01  -6.1400644e-02  -2.7829495e-01   8.4494076e-02   6.4199529e-02   2.6415579e-01   1.8359990e+00   1.5389256e+00  -1.1903828e+00   1.3597150e+00   1.6546504e+00  -4.8827889e-01  -6.6038487e-01  -6.3691169e-01  -7.3404361e-01  -1.8958474e-01  -4.9329397e-01
  -1.2648921e+00  -9.1998844e-01  -2.0364049e-01  -6.3661528e-01  -6.8359847e-01  -6.1400644e-02  -2.7829495e-01   3.2379594e-01  -8.6229771e-01   1.1977601e+00  -3.7679730e-01  -1.4264264e+00   9.1219667e-01  -1.5553590e+00  -1.4414078e+00  -4.8827889e-01  -6.6038487e-01  -6.3691169e-01  -8.0301087e-01  -6.5718941e-01  -4.9329397e-01
   2.1654639e-01   2.4543681e+00  -8.0556384e-02  -4.6910036e-01   1.2966190e-01  -6.1400644e-02  -2.7829495e-01   1.4431954e-01   1.4539454e+00  -4.2048735e-01  -1.3980879e+00   9.5644577e-01  -1.0834720e+00   3.1468850e-01   2.7862457e-01  -4.8827889e-01   8.4250453e-01   8.9544240e-01   1.1280723e+00   3.4482059e-01   1.1400175e+00
   2.1654639e-01   3.4776784e+00  -1.5126148e-01  -3.3249395e-01  -6.8359847e-01  -6.1400644e-02  -2.7829495e-01   2.0414501e-01   8.7488462e-01  -4.2048735e-01  -1.3980879e+00   1.2212093e+00  -1.4398414e+00   3.1468850e-01   2.7862457e-01  -4.8827889e-01   1.4436603e+00   1.0869867e+00   1.2660068e+00   2.4461959e-01   1.1400175e+00
   1.1688997e+00  -7.6399312e-02  -6.2972940e-02  -1.6358711e+00  -4.1251167e-01  -6.1400644e-02  -2.7829495e-01   3.2379594e-01  -3.9904909e-01  -2.3376649e-01   6.7853634e-01   1.3800675e+00  -5.8455481e-01   1.9647304e+00   1.3106440e+00  -4.8827889e-01   7.2227338e-01   8.9544240e-01   8.5220324e-01  -5.5698841e-01  -4.9329397e-01
   1.1688997e+00  -9.1998844e-01  -1.7394676e-01  -1.6358711e+00  -6.8359847e-01  -6.1400644e-02  -2.7829495e-01   7.4257419e-01  -9.7810987e-01  -1.0928592e-01   3.7214916e-01   6.3872948e-01  -5.8455481e-01   4.2469129e-01  -7.5339482e-01  -4.8827889e-01   8.4250453e-01   9.5929049e-01   9.2117049e-01  -6.5718941e-01   1.1400175e+00
   1.1688997e+00  -9.1998844e-01  -1.6452630e-01  -1.6358711e+00  -6.8359847e-01  -6.1400644e-02  -2.7829495e-01   6.8274873e-01  -9.7810987e-01  -4.2048735e-01   1.1682650e-01  -3.9384847e-01   5.5582727e-01   3.9681510e-02  -4.0938836e-01  -4.8827889e-01   7.2227338e-01   1.0231386e+00   9.2117049e-01  -6.5718941e-01   1.1400175e+00
   1.1688997e+00   7.5093122e-01   1.6785816e-01  -1.6358711e+00  -6.8359847e-01  -6.1400644e-02  -2.7829495e-01  -3.5156855e-02  -1.6742478e-01  -4.2048735e-01   5.4236426e-01   7.1815855e-01  -3.7073317e-01   9.1970386e-01   6.2263103e-01  -4.8827889e-01   6.0204223e-01   8.9544240e-01   7.8323599e-01  -5.2358808e-01  -4.9329397e-01
   6.3981454e-01   1.3449798e-01   6.0111162e-02  -1.6358711e+00  -6.8359847e-01  -6.1400644e-02  -2.7829495e-01   2.4668611e-02  -5.1486125e-01  -4.2048735e-01   7.8066540e-01   1.0888276e+00  -6.9146563e-01   1.1947108e+00   9.6663750e-01  -4.8827889e-01   4.8181108e-01   7.0389814e-01   5.7633422e-01  -4.9018775e-01  -4.9329397e-01
   6.3981454e-01   2.0385974e-01   1.4773532e-01  -1.6358711e+00  -6.8359847e-01  -6.1400644e-02  -2.7829495e-01  -1.5480779e-01  -5.1486125e-01  -4.2048735e-01   9.1683749e-01   1.0888276e+00  -6.9146563e-01   1.1947108e+00   2.7862457e-01  -4.8827889e-01   4.8181108e-01   6.4005005e-01   5.0736697e-01  -4.9018775e-01  -4.9329397e-01
   6.3981454e-01  -9.1998844e-01  -1.0909991e-01  -1.6358711e+00  -6.8359847e-01  -6.1400644e-02  -2.7829495e-01  -3.9410965e-01  -2.8323694e-01  -4.2048735e-01   1.4104613e+00   2.6806047e-01  -6.9146563e-01  -5.1033246e-01  -6.5381895e-02  -4.8827889e-01   4.8181108e-01   4.4850579e-01   3.6943246e-01  -5.2358808e-01   1.1400175e+00
   6.3981454e-01  -9.1998844e-01   4.4109787e-03  -1.6358711e+00  -6.8359847e-01  -6.1400644e-02  -2.7829495e-01  -3.9410965e-01  -2.8323694e-01  -4.2048735e-01   1.9551496e+00   4.2691861e-01  -6.9146563e-01  -1.8032408e-01  -4.0938836e-01  -4.8827889e-01   4.8181108e-01   5.1235388e-01   3.6943246e-01  -5.2358808e-01   1.1400175e+00
   4.2818046e-01   9.7808711e-01  -6.2972940e-02  -1.6358711e+00  -6.8359847e-01  -6.1400644e-02  -2.7829495e-01  -2.7445872e-01   9.9069677e-01  -4.2048735e-01   1.9040851e+00   1.7242601e+00  -1.4042044e+00   1.4147164e+00   2.7862457e-01   6.7685282e+00   4.8181108e-01   5.7620196e-01   5.7633422e-01  -1.2278408e-01   1.1400175e+00
   4.2818046e-01   1.4069978e+00  -4.1964501e-02  -1.6358711e+00  -6.8359847e-01  -6.1400644e-02  -2.7829495e-01   8.4494076e-02  -1.6742478e-01  -4.2048735e-01  -2.2360371e-01   1.9890237e+00  -1.4042044e+00   1.9647304e+00   2.6866698e+00  -4.8827889e-01   4.8181108e-01   7.6774622e-01   7.1426873e-01  -4.2338708e-01  -4.9329397e-01
  -2.0672176e-01  -2.8729658e-01  -2.0364049e-01   1.1428503e-01  -6.8359847e-01  -6.1400644e-02  -2.7829495e-01  -1.3513171e+00   1.8001168e-01   2.6415579e-01   9.9804989e-02   5.5930040e-01  -1.0121981e+00  -4.0032967e-01   9.6663750e-01  -4.8827889e-01  -1.1934469e-01   1.5691775e-03  -1.8230558e-01  -5.5698841e-01   1.1400175e+00
  -2.0672176e-01   9.8263268e-02  -2.0364049e-01   2.4192507e-01  -6.8359847e-01  -6.1400644e-02  -2.7829495e-01  -1.2914916e+00   1.8001168e-01   7.7434938e-02   2.3597707e-01   1.0888276e+00  -1.0121981e+00   6.9969827e-01   1.6546504e+00  -4.8827889e-01  -1.1934469e-01   6.5417265e-02  -1.1333832e-01  -5.2358808e-01  -4.9329397e-01
  -2.0672176e-01  -5.7264524e-01  -2.0364049e-01   2.8577471e-01  -6.8359847e-01  -6.1400644e-02  -2.7829495e-01  -1.3513171e+00  -5.1612626e-02   2.6415579e-01  -1.7253918e-01  -1.1087101e+00   1.0547444e+00  -6.7533665e-01  -7.5339482e-01  -4.8827889e-01  -1.7946026e-01  -6.2278910e-02  -1.8230558e-01  -6.5718941e-01  -4.9329397e-01
  -2.0672176e-01  -5.8987638e-01  -2.0364049e-01  -2.6613401e-01  -6.8359847e-01  -6.1400644e-02  -2.7829495e-01  -1.2316662e+00  -2.8323694e-01   3.2639608e-01  -1.0445314e-01  -1.0292811e+00   1.0547444e+00  -5.1033246e-01  -1.0974013e+00  -4.8827889e-01  -1.1934469e-01   1.5691775e-03  -1.1333832e-01  -6.5718941e-01  -4.9329397e-01
  -2.0672176e-01  -5.2488556e-01  -2.0364049e-01   3.5329767e-03  -6.8359847e-01  -6.1400644e-02  -2.7829495e-01  -1.4111426e+00  -5.1612626e-02   2.6415579e-01  -1.5551767e-01  -1.0822338e+00   1.0191075e+00  -6.7533665e-01  -1.0974013e+00  -4.8827889e-01  -1.7946026e-01  -1.2612700e-01  -2.5127283e-01  -6.2378908e-01  -4.9329397e-01
  -2.0672176e-01  -5.0271807e-01  -2.0364049e-01   9.5512728e-02  -6.8359847e-01  -6.1400644e-02  -2.7829495e-01  -1.2914916e+00  -1.6742478e-01   2.0191551e-01  -4.2786183e-01  -1.1087101e+00   1.0547444e+00  -6.7533665e-01  -7.5339482e-01  -4.8827889e-01  -1.7946026e-01   1.5691775e-03  -1.8230558e-01  -6.5718941e-01  -4.9329397e-01
   9.5726565e-01  -7.0909114e-01  -2.0364049e-01  -1.3441784e+00   1.2966190e-01  -6.1400644e-02  -2.7829495e-01   5.6309780e-01  -6.3067340e-01   1.5194652e-02   2.1895556e-01   1.3271148e+00  -1.0834720e+00   1.0847081e+00   2.6866698e+00   2.4144440e+00   8.4250453e-01   3.8465770e-01   7.1426873e-01   9.4602660e-01   1.1400175e+00
   9.5726565e-01  -6.2038436e-01  -2.0364049e-01  -1.2214878e+00   4.7173232e-01  -6.1400644e-02  -2.7829495e-01   6.8274873e-01  -6.3067340e-01   3.2639608e-01   4.8740458e-02   1.6448311e+00  -1.0834720e+00   1.7447248e+00   1.3106440e+00   2.4144440e+00   8.4250453e-01   2.5696153e-01   7.1426873e-01   1.5806329e+00  -4.9329397e-01
   9.5726565e-01  -9.1998844e-01  -2.0364049e-01  -1.6358711e+00   4.3335362e-01  -6.1400644e-02  -2.7829495e-01   1.4431954e-01  -7.4648556e-01  -4.2048735e-01   2.5299858e-01  -5.2623026e-01   4.4891645e-01  -4.0032967e-01   6.2263103e-01   9.6308254e-01   1.0829668e+00   7.0389814e-01   7.1426873e-01  -1.8958474e-01   1.1400175e+00
   8.5144861e-01   2.0325735e+00  -1.6847360e-01  -1.0524857e+00  -6.8359847e-01  -6.1400644e-02  -2.7829495e-01   7.4257419e-01  -1.6742478e-01  -4.2048735e-01  -8.1935657e-01   1.6977838e+00  -1.4398414e+00   1.3047136e+00   2.7862457e-01  -4.8827889e-01   2.4055095e+00   1.9170118e+00   2.0936138e+00   4.7842193e-01   1.1400175e+00
   8.5144861e-01   1.6199587e+00  -2.0364049e-01  -1.2455368e+00  -6.8359847e-01  -6.1400644e-02  -2.7829495e-01   7.4257419e-01  -1.6742478e-01  -4.2048735e-01   2.8704160e-01   1.6977838e+00  -1.4398414e+00   1.3047136e+00  -6.5381895e-02  -4.8827889e-01   2.4055095e+00   1.9808599e+00   2.2315483e+00   3.4482059e-01   1.1400175e+00
   8.5144861e-01   2.5250503e+00  -1.4619485e-01  -1.6358711e+00  -6.8359847e-01  -6.1400644e-02  -2.7829495e-01   6.2292326e-01  -5.1612626e-02  -4.2048735e-01  -1.3980879e+00   1.6977838e+00  -1.4398414e+00   1.3047136e+00  -4.0938836e-01  -4.8827889e-01   8.4250453e-01   1.9808599e+00   2.0936138e+00   6.4542359e-01   1.1400175e+00
   8.5144861e-01   1.7094657e+00  -2.0364049e-01  -1.6358711e+00  -6.8359847e-01  -6.1400644e-02  -2.7829495e-01   8.6222513e-01  -3.9904909e-01  -4.2048735e-01  -1.3980879e+00  -3.1441940e-01   1.0547444e+00   9.7470526e-01  -1.0974013e+00  -4.8827889e-01   2.4055095e+00   1.9170118e+00   2.2315483e+00   3.1142026e-01   1.1400175e+00
   8.5144861e-01   2.4666077e+00  -2.0364049e-01  -1.6358711e+00  -6.8359847e-01  -6.1400644e-02  -2.7829495e-01   6.8274873e-01  -5.1612626e-02  -4.2048735e-01  -1.3980879e+00   1.6977838e+00  -1.4398414e+00   1.3047136e+00  -4.0938836e-01  -4.8827889e-01   2.4055095e+00   1.9170118e+00   2.0936138e+00   4.7842193e-01   1.1400175e+00
   8.5144861e-01   1.6305316e+00  -2.0364049e-01  -1.6358711e+00  -6.8359847e-01  -6.1400644e-02  -2.7829495e-01   8.0239966e-01  -2.8323694e-01  -4.2048735e-01  -6.8318449e-01   1.3800675e+00  -1.0121981e+00   1.3047136e+00  -6.5381895e-02  -4.8827889e-01   2.4055095e+00   1.9808599e+00   2.2315483e+00   2.1121926e-01   1.1400175e+00
   1.0630827e+00  -7.0909114e-01  -1.8605704e-01  -1.7740764e-01  -6.8359847e-01  -6.1400644e-02  -2.7829495e-01   3.2379594e-01  -2.8323694e-01  -4.2048735e-01   2.6530315e+00   7.9758762e-01  -1.1547458e+00  -1.2532268e-01   1.3106440e+00  -4.8827889e-01   7.2227338e-01   7.0389814e-01   7.1426873e-01  -4.2338708e-01   1.1400175e+00
   1.0630827e+00  -5.7735178e-01  -1.7507335e-01  -6.8806750e-01  -6.8359847e-01  -6.1400644e-02  -2.7829495e-01   5.6309780e-01  -9.7810987e-01  -4.2048735e-01   4.7427822e-01  -5.7918298e-01   1.0547444e+00   4.2469129e-01  -4.0938836e-01  -4.8827889e-01   7.2227338e-01   7.6774622e-01   7.1426873e-01  -6.2378908e-01  -4.9329397e-01
   8.5144861e-01  -1.1296978e-01  -1.3635576e-01  -1.4761777e-01  -6.8359847e-01  -6.1400644e-02  -2.7829495e-01  -6.3341151e-01   1.6855697e+00  -4.2048735e-01   5.5466883e+00   1.0623512e+00  -8.6965033e-01   8.6470247e-01   1.6546504e+00   2.4144440e+00   6.6215781e-01   7.6774622e-01   7.8323599e-01   4.4217591e-02   1.1400175e+00
   1.1072935e-01  -7.6399312e-02   2.7327945e+00   6.9767046e-01  -1.4142490e-01  -6.1400644e-02  -2.7829495e-01  -1.0521898e+00   6.4199529e-02  -4.2048735e-01   1.1210956e+00  -1.0260854e-01  -8.5637649e-02  -3.4532827e-01  -1.0974013e+00  -4.8827889e-01   2.4134877e-01   1.2926535e-01   9.3563441e-02  -3.5658641e-01   1.1400175e+00
   1.1072935e-01   3.0751564e-01   3.7877157e+00   9.1077603e-01   1.0531673e-01  -6.1400644e-02  -2.7829495e-01  -1.1120152e+00   1.8001168e-01  -4.2048735e-01   7.9768692e-01   3.4748954e-01  -6.9146563e-01  -3.4532827e-01  -7.5339482e-01  -4.8827889e-01   3.0146435e-01   1.2926535e-01   1.6253070e-01  -2.5638541e-01   1.1400175e+00
   1.1072935e-01  -9.1998844e-01   8.4372469e-02   2.7527392e-01  -6.8359847e-01  -6.1400644e-02  -2.7829495e-01  -9.3253883e-01  -1.6742478e-01  -4.2048735e-01   1.2572677e+00  -1.0557574e+00   8.0528585e-01  -9.5034364e-01  -1.0974013e+00  -4.8827889e-01  -1.1934469e-01   6.5417265e-02  -4.4371068e-02  -5.9038875e-01  -4.9329397e-01
   1.1072935e-01   2.2420090e-01   3.1034259e+00   1.0016820e+00   2.9689343e-01  -6.1400644e-02  -2.7829495e-01  -1.1120152e+00   1.8001168e-01  -4.2048735e-01   1.0189666e+00  -1.0260854e-01  -8.5637649e-02  -3.4532827e-01  -7.5339482e-01  -4.8827889e-01   2.4134877e-01   1.2926535e-01   1.6253070e-01  -2.8978574e-01   1.1400175e+00
   1.1072935e-01   7.5739693e-01   4.7610724e+00   6.8412585e-01  -1.4457184e-01  -6.1400644e-02  -2.7829495e-01  -9.9236430e-01   1.8001168e-01  -4.2048735e-01   2.5299858e-01   3.4748954e-01  -6.9146563e-01  -3.4532827e-01  -7.5339482e-01  -4.8827889e-01   3.0146435e-01   2.5696153e-01   3.0046520e-01  -3.2318608e-01   1.1400175e+00
   1.1072935e-01   8.1792113e-01   9.3958016e+00  -4.3401704e-01   4.3335362e-01  -6.1400644e-02  -2.7829495e-01  -1.1718407e+00   2.9582384e-01  -4.2048735e-01   8.6577296e-01   8.5054034e-01  -7.9837645e-01   5.3469408e-01   9.6663750e-01   9.6308254e-01   4.2169550e-01  -6.2278910e-02   9.3563441e-02   6.7882393e-01  -4.9329397e-01
   1.1072935e-01   1.0371775e+00   9.1301193e+00  -1.1693704e-02   8.2584297e-01  -6.1400644e-02  -2.7829495e-01  -1.2316662e+00   7.5907246e-01  -4.2048735e-01   8.8279447e-01   1.3535911e+00  -1.3329305e+00   7.5469967e-01   6.2263103e-01  -4.8827889e-01   4.2169550e-01  -3.1767126e-01   9.3563441e-02   1.6140333e+00   1.1400175e+00
   1.1072935e-01   1.3449798e-01   9.7134214e+00   1.1428503e-01   4.0074867e-01  -6.1400644e-02   1.1044160e+00  -9.3253883e-01   2.9582384e-01  -4.2048735e-01   2.1895556e-01   1.1682566e+00  -1.1191089e+00   6.9969827e-01   9.6663750e-01   9.6308254e-01  -1.7946026e-01  -2.5382317e-01  -2.5127283e-01   2.1121926e-01  -4.9329397e-01
   1.1072935e-01   6.1718995e-01   9.8570285e+00  -4.1313950e-02   3.0434397e-01  -6.1400644e-02  -2.7829495e-01  -5.7358604e-01  -1.6742478e-01  -4.2048735e-01  -4.7892636e-01   3.7396590e-01  -7.9837645e-01  -4.5533106e-01   9.6663750e-01  -4.8827889e-01  -1.7946026e-01   1.5691775e-03  -4.4371068e-02  -8.9383744e-02   1.1400175e+00
   1.1072935e-01  -2.2434651e-01   9.1921582e+00   2.8841797e-01   6.5766589e-01  -6.1400644e-02   2.0021319e+00  -1.2316662e+00   5.2744815e-01  -4.2048735e-01  -4.2786183e-01   6.6520583e-01  -1.1191089e+00  -3.4532827e-01   2.7862457e-01  -4.8827889e-01  -1.7946026e-01  -5.7306361e-01  -4.5817459e-01   4.7842193e-01   1.1400175e+00
   1.1072935e-01   8.6075693e-01   9.9293449e+00   2.1134475e-01  -1.1135716e-01  -6.1400644e-02  -2.7829495e-01  -7.5306244e-01   1.8001168e-01  -4.2048735e-01   3.1718948e-02   4.2691861e-01  -7.9837645e-01  -3.4532827e-01  -6.5381895e-02  -4.8827889e-01  -1.7946026e-01   1.5691775e-03  -1.1333832e-01  -8.9383744e-02   1.1400175e+00
  -2.0672176e-01  -7.0909114e-01  -2.0364049e-01   9.8936314e-01  -6.8359847e-01  -6.1400644e-02  -2.7829495e-01   5.6309780e-01  -9.7810987e-01  -4.7045634e-02   8.2783479e-02  -1.1616628e+00   9.1219667e-01  -1.0053450e+00  -7.5339482e-01  -4.8827889e-01  -1.7946026e-01   1.5691775e-03  -1.8230558e-01  -6.5718941e-01  -4.9329397e-01
  -2.0672176e-01  -9.1998844e-01  -2.0364049e-01   7.6289118e-01  -6.8359847e-01  -6.1400644e-02  -2.7829495e-01   6.2292326e-01  -1.0939220e+00   2.6415579e-01  -1.0445314e-01  -1.4264264e+00   1.1972922e+00  -1.1153478e+00  -1.0974013e+00  -4.8827889e-01  -1.7946026e-01  -6.2278910e-02  -1.8230558e-01  -6.9058975e-01  -4.9329397e-01
  -6.2998991e-01  -9.1998844e-01  -2.0364049e-01   1.1428503e-01  -6.8359847e-01  -6.1400644e-02  -2.7829495e-01   6.8274873e-01  -1.0939220e+00   1.3844809e+00  -1.2147465e-01  -1.2675683e+00   9.1219667e-01  -1.2253506e+00  -7.5339482e-01  -4.8827889e-01  -4.1992257e-01  -3.1767126e-01  -4.5817459e-01  -6.5718941e-01  -4.9329397e-01
  -6.2998991e-01  -9.1998844e-01  -2.0364049e-01  -7.0198716e-01  -6.8359847e-01  -6.1400644e-02  -2.7829495e-01   6.8274873e-01  -1.0939220e+00   2.0691241e+00  -2.5764673e-01  -1.2410919e+00   9.1219667e-01  -1.1703492e+00  -7.5339482e-01  -4.8827889e-01  -4.1992257e-01  -3.8151935e-01  -5.2714185e-01  -6.5718941e-01  -4.9329397e-01
  -6.2998991e-01  -7.6399312e-02  -9.8139828e-02  -1.7740764e-01  -1.4142490e-01  -6.1400644e-02  -2.7829495e-01  -2.1463325e-01   7.5907246e-01  -4.2048735e-01   2.9934618e+00   1.2212093e+00  -1.4398414e+00   3.1468850e-01   1.3106440e+00   9.6308254e-01  -4.1992257e-01  -2.5382317e-01  -3.2024009e-01  -5.5983410e-02   1.1400175e+00
  -6.2998991e-01   3.8793834e-01  -1.3094204e-01   1.7312651e-01  -6.8359847e-01  -6.1400644e-02  -2.7829495e-01  -2.1463325e-01   2.9582384e-01  -4.2048735e-01   2.2445153e+00   6.9168219e-01  -1.4398414e+00  -7.8533944e-01  -6.5381895e-02  -4.8827889e-01  -1.7946026e-01  -1.8997508e-01  -3.2024009e-01  -3.5658641e-01   1.1400175e+00
  -1.2648921e+00   1.0606840e+00  -2.0364049e-01   1.9044502e-01  -6.8359847e-01  -6.1400644e-02  -2.7829495e-01  -9.4982320e-02  -5.1612626e-02  -1.0928592e-01   1.7338700e+00   8.5054034e-01  -1.4398414e+00  -4.5533106e-01   1.3106440e+00  -4.8827889e-01  -4.1992257e-01  -2.5382317e-01  -4.5817459e-01  -3.2318608e-01   1.1400175e+00
   4.9123147e-03   5.5629255e-01  -8.0556384e-02   4.0597775e-01  -6.8359847e-01  -6.1400644e-02  -2.7829495e-01   6.2292326e-01  -9.7810987e-01   5.7535722e-01   1.4697437e-02  -8.4394655e-01   8.7655973e-01  -4.0032967e-01  -7.5339482e-01  -4.8827889e-01  -1.7946026e-01   3.2080961e-01   1.6253070e-01  -4.5678741e-01  -4.9329397e-01
   4.9123147e-03   1.0191668e+00  -1.0663490e-01   5.0977023e-01  -6.8359847e-01  -6.1400644e-02  -2.7829495e-01   4.4344687e-01  -9.7810987e-01  -4.2048735e-01  -2.3240730e-03  -8.4394655e-01   8.7655973e-01  -4.0032967e-01  -7.5339482e-01  -4.8827889e-01   3.6157992e-01   5.1235388e-01   3.6943246e-01  -5.9038875e-01  -4.9329397e-01
   4.9123147e-03  -1.3101545e-01  -1.0497021e-01   5.4659092e-01  -6.8359847e-01  -6.1400644e-02  -2.7829495e-01   8.0239966e-01  -1.0939220e+00   1.0110392e+00  -7.0410115e-02  -1.0028047e+00   1.0547444e+00  -4.5533106e-01  -7.5339482e-01  -4.8827889e-01  -1.7946026e-01   1.2926535e-01  -1.8230558e-01  -5.9038875e-01  -4.9329397e-01
   4.9123147e-03  -3.1067314e-01  -5.1236521e-02   4.9620640e-02  -6.8359847e-01  -6.1400644e-02  -2.7829495e-01   3.8362140e-01  -8.6229771e-01  -4.2048735e-01   6.9555785e-01  -8.7042291e-01   8.7655973e-01  -4.5533106e-01  -7.5339482e-01   9.6308254e-01   8.8646672e-04   2.5696153e-01   1.6253070e-01  -6.2378908e-01  -4.9329397e-01
   1.0630827e+00  -9.1998844e-01   7.4824715e-01  -1.6358711e+00  -6.8359847e-01  -6.1400644e-02  -2.7829495e-01   6.2292326e-01  -9.7810987e-01  -1.0928592e-01   6.7853634e-01  -7.9099384e-01   9.1219667e-01  -2.3532547e-01  -6.5381895e-02  -4.8827889e-01   5.4192665e-01   7.6774622e-01   7.1426873e-01  -6.2378908e-01   1.1400175e+00
  -4.1835583e-01   5.5629255e-01   1.3044493e-01  -7.6079304e-01  -6.8359847e-01  -6.1400644e-02  -2.7829495e-01   4.4344687e-01  -9.7810987e-01  -4.2048735e-01  -2.5764673e-01  -1.0028047e+00   1.0903814e+00  -4.0032967e-01  -6.5381895e-02  -4.8827889e-01   2.4134877e-01   3.2080961e-01   1.6253070e-01  -5.2358808e-01  -4.9329397e-01
  -4.1835583e-01   1.8543601e-01   2.6769877e-02  -4.8918412e-01  -6.8359847e-01  -6.1400644e-02  -2.7829495e-01   5.6309780e-01  -9.7810987e-01  -4.2048735e-01  -2.9168975e-01  -1.0028047e+00   1.0903814e+00  -4.0032967e-01  -4.0938836e-01  -4.8827889e-01   2.4134877e-01   3.2080961e-01   1.6253070e-01  -5.2358808e-01  -4.9329397e-01
  -3.1253880e-01   7.1845114e-01   1.6063681e-01  -1.2511718e-01  -6.8359847e-01  -6.1400644e-02  -2.7829495e-01   4.4344687e-01  -9.7810987e-01  -4.2048735e-01  -7.5127053e-01  -1.0028047e+00   1.0903814e+00  -4.0032967e-01  -1.4414078e+00  -4.8827889e-01  -1.7946026e-01   3.2080961e-01   9.3563441e-02  -3.2318608e-01  -4.9329397e-01
  -1.2648921e+00  -7.8971210e-02   1.4695622e-01  -8.4919722e-02  -6.8359847e-01  -6.1400644e-02  -2.7829495e-01   3.2379594e-01  -8.6229771e-01  -4.7045634e-02  -1.7253918e-01   5.3282404e-01  -1.0834720e+00  -5.6533386e-01  -7.5339482e-01  -4.8827889e-01  -7.8061602e-01  -4.4536743e-01  -8.0301087e-01  -4.5678741e-01   1.1400175e+00
  -1.2648921e+00   2.5068675e-01   2.1931187e-01  -1.6706591e-02  -6.8359847e-01  -6.1400644e-02  -2.7829495e-01   3.2379594e-01  -8.6229771e-01   1.5194652e-02  -3.5977579e-01   5.3282404e-01  -1.0834720e+00  -5.6533386e-01  -7.5339482e-01  -4.8827889e-01  -7.8061602e-01  -4.4536743e-01  -8.0301087e-01  -3.5658641e-01   1.1400175e+00
  -1.2648921e+00  -9.1998844e-01  -1.1117317e-01  -1.0192577e-01  -6.8359847e-01  -6.1400644e-02  -2.7829495e-01   5.0327233e-01  -9.7810987e-01  -2.3376649e-01  -1.9345583e-02  -1.4529028e+00   9.1219667e-01  -1.6103604e+00  -1.0974013e+00  -4.8827889e-01  -6.6038487e-01  -6.3691169e-01  -8.0301087e-01  -6.5718941e-01  -4.9329397e-01
  -1.2648921e+00   1.1526824e+00   4.2998801e-01   2.7527392e-01  -6.8359847e-01  -6.1400644e-02  -2.7829495e-01   2.4668611e-02  -7.4648556e-01  -4.2048735e-01   8.2783479e-02  -7.9099384e-01   9.1219667e-01  -2.3532547e-01  -7.5339482e-01  -4.8827889e-01   1.0228513e+00   5.7620196e-01   7.1426873e-01   2.1121926e-01   1.1400175e+00
  -1.2648921e+00  -5.3627699e-01   5.2293334e-02  -4.3733623e-02  -6.8359847e-01  -6.1400644e-02  -2.7829495e-01   3.8362140e-01  -9.7810987e-01  -2.3376649e-01  -1.2147465e-01  -9.4985198e-01   9.1219667e-01  -5.6533386e-01  -4.0938836e-01  -4.8827889e-01  -7.8061602e-01  -5.0921552e-01  -8.0301087e-01  -5.2358808e-01  -2.1266055e+00
  -8.4162398e-01   1.0152093e+00   6.9272636e-01   1.0407070e+00  -6.8359847e-01  -6.1400644e-02  -2.7829495e-01  -2.1463325e-01  -1.6742478e-01  -4.2048735e-01   1.8491254e-01  -2.3179465e-02   8.7655973e-01   1.3047136e+00   1.6546504e+00   9.6308254e-01   8.4250453e-01   7.6774622e-01   9.9013775e-01  -2.8978574e-01  -4.9329397e-01
  -3.1253880e-01   1.4806367e+00   5.3024569e-01  -5.2910042e-01  -6.8359847e-01  -6.1400644e-02  -2.7829495e-01  -3.5156855e-02  -5.1486125e-01  -4.2048735e-01  -5.1296938e-01   1.0358748e+00  -5.4891787e-01   1.3047136e+00   6.2263103e-01  -4.8827889e-01   8.4250453e-01   5.1235388e-01   6.4530148e-01  -8.9383744e-02  -4.9329397e-01
  -3.1253880e-01   1.5891544e+00   6.3315305e-01  -9.3469629e-02  -6.8359847e-01  -6.1400644e-02  -2.7829495e-01  -2.7445872e-01  -5.1612626e-02  -4.2048735e-01  -1.2147465e-01  -2.3179465e-02   8.7655973e-01   1.3047136e+00   1.9986569e+00   9.6308254e-01   8.4250453e-01   7.6774622e-01   9.2117049e-01  -2.8978574e-01  -4.9329397e-01
  -3.1253880e-01   1.1454268e+00   8.0497618e-01   8.1271379e-01  -6.8359847e-01  -6.1400644e-02  -2.7829495e-01  -2.7445872e-01  -5.1612626e-02  -4.2048735e-01   4.8740458e-02  -2.3179465e-02   8.7655973e-01   1.3047136e+00   1.6546504e+00   9.6308254e-01   8.4250453e-01   8.9544240e-01   9.9013775e-01  -3.8998675e-01  -4.9329397e-01
  -9.4744102e-01   1.1889844e+00  -2.0364049e-01  -1.7740764e-01  -6.8359847e-01  -6.1400644e-02  -2.7829495e-01  -3.3428418e-01   7.5907246e-01  -4.2048735e-01   2.2274938e+00   3.7396590e-01  -1.1547458e+00  -1.0053450e+00   9.6663750e-01  -4.8827889e-01  -5.4015372e-01  -3.8151935e-01  -5.2714185e-01  -2.2298508e-01   1.1400175e+00
  -9.4744102e-01   1.1960437e+00  -2.0364049e-01  -6.6030755e-01  -6.8359847e-01  -6.1400644e-02  -2.7829495e-01  -3.3428418e-01   6.4199529e-02  -4.2048735e-01   1.3253537e+00   5.5930040e-01  -1.4042044e+00  -1.0053450e+00   6.2263103e-01   9.6308254e-01  -4.1992257e-01  -3.1767126e-01  -4.5817459e-01  -3.8998675e-01   1.1400175e+00
  -1.2648921e+00   3.4539525e-01  -2.0364049e-01  -1.0524857e+00  -6.8359847e-01  -6.1400644e-02  -2.7829495e-01  -2.1463325e-01   8.7488462e-01  -1.7152621e-01   2.8913327e+00   8.7701669e-01  -1.1547458e+00   3.9681510e-02  -6.5381895e-02   9.6308254e-01  -9.0084718e-01  -5.7306361e-01  -7.3404361e-01  -1.5618441e-01  -4.9329397e-01
  -1.2648921e+00   1.4141578e+00  -2.0364049e-01  -1.6358711e+00  -6.8359847e-01  -6.1400644e-02  -2.7829495e-01  -3.3428418e-01   5.2744815e-01  -4.2048735e-01   1.6147194e+00   8.2406398e-01  -1.0834720e+00   3.9681510e-02   2.7862457e-01  -4.8827889e-01  -4.1992257e-01  -3.8151935e-01  -5.2714185e-01  -2.8978574e-01  -4.9329397e-01
   7.4563157e-01   9.0128119e-02  -9.1349949e-02  -7.0447423e-01  -6.8359847e-01  -6.1400644e-02  -2.7829495e-01   5.6309780e-01  -8.6229771e-01  -1.0928592e-01  -1.5551767e-01   7.1815855e-01  -9.0528727e-01   9.4682907e-02  -7.5339482e-01  -4.8827889e-01   6.6215781e-01   7.6774622e-01   7.1426873e-01  -5.2358808e-01   1.1400175e+00
   1.0630827e+00  -6.7567361e-01  -2.0364049e-01   5.3691888e-02   2.7708592e+00  -6.1400644e-02  -2.7829495e-01  -9.9236430e-01   1.9171940e+00  -4.2048735e-01  -6.8318449e-01   1.6183547e+00  -1.3329305e+00   1.3047136e+00   1.3106440e+00   2.4144440e+00   4.2169550e-01  -1.8997508e-01   1.6253070e-01   1.2132293e+00  -4.9329397e-01
   1.0630827e+00  -9.1998844e-01  -2.0364049e-01  -6.8290237e-01   3.7446449e+00  -6.1400644e-02  -2.7829495e-01  -1.8299208e+00   3.5385642e+00  -4.2048735e-01  -1.3980879e+00   1.3535911e+00  -1.3329305e+00   7.5469967e-01   3.3746827e+00   3.8658054e+00  -2.3436210e+00  -1.1476964e+00  -1.4926834e+00   2.1484386e+00  -4.9329397e-01
   1.0630827e+00  -5.9244201e-01  -2.0364049e-01   1.7625087e-01   3.1056471e+00  -6.1400644e-02  -2.7829495e-01  -1.2914916e+00   2.4962548e+00  -4.2048735e-01  -1.0746792e+00   1.8566419e+00  -1.4398414e+00   1.6347220e+00   2.6866698e+00   9.6308254e-01   4.2169550e-01  -3.8151935e-01  -1.1333832e-01   1.7142343e+00  -4.9329397e-01
   1.0630827e+00  -6.2492912e-01  -2.0364049e-01  -3.4811897e-03   2.3505491e+00  -6.1400644e-02  -2.7829495e-01  -9.3253883e-01   1.4539454e+00  -4.2048735e-01  -9.2148563e-01   1.8566419e+00  -1.4398414e+00   1.6347220e+00   1.3106440e+00  -4.8827889e-01   4.2169550e-01  -6.2278910e-02   1.6253070e-01   7.1222426e-01  -4.9329397e-01
   1.0630827e+00  -5.7965756e-01  -2.0364049e-01   7.1769242e-01   2.8160846e+00  -6.1400644e-02  -2.7829495e-01  -1.1718407e+00   1.9171940e+00  -4.2048735e-01  -9.7255016e-01   1.8566419e+00  -1.4398414e+00   1.6347220e+00   9.6663750e-01  -4.8827889e-01   4.2169550e-01  -2.5382317e-01   2.4596186e-02   1.1798289e+00  -4.9329397e-01
  -2.0672176e-01  -7.0909114e-01  -1.6847360e-01  -1.6358711e+00  -6.8359847e-01  -6.1400644e-02  -2.7829495e-01   6.8274873e-01  -1.0939220e+00   1.6956824e+00  -1.7253918e-01  -4.9975390e-01   1.2329291e+00   8.6470247e-01  -6.5381895e-02  -4.8827889e-01  -4.1992257e-01  -6.2278910e-02  -3.2024009e-01  -5.9038875e-01  -2.1266055e+00
  -2.0672176e-01  -9.1998844e-01  -1.8390027e-01  -1.6358711e+00  -6.8359847e-01  -6.1400644e-02  -2.7829495e-01   6.8274873e-01  -1.0939220e+00   1.6334421e+00  -1.2147465e-01  -1.4529028e+00   1.2329291e+00  -1.1153478e+00  -7.5339482e-01  -4.8827889e-01  -4.1992257e-01  -1.2612700e-01  -3.2024009e-01  -6.2378908e-01  -2.1266055e+00
  -2.0672176e-01  -9.1998844e-01  -1.7456111e-01  -1.6358711e+00  -6.8359847e-01  -6.1400644e-02  -2.7829495e-01   8.6222513e-01  -1.2097342e+00   1.6956824e+00  -2.4062522e-01  -1.3999501e+00   1.2329291e+00  -1.0053450e+00  -1.0974013e+00  -4.8827889e-01  -4.1992257e-01  -6.2278910e-02  -2.5127283e-01  -5.9038875e-01  -2.1266055e+00
  -2.0672176e-01  -9.1998844e-01  -1.7174556e-01  -1.6358711e+00  -6.8359847e-01  -6.1400644e-02  -2.7829495e-01   8.6222513e-01  -1.2097342e+00   1.8824032e+00  -2.7466824e-01  -1.3999501e+00   1.2329291e+00  -1.0053450e+00  -7.5339482e-01  -4.8827889e-01  -4.1992257e-01  -6.2278910e-02  -3.2024009e-01  -6.2378908e-01  -2.1266055e+00
  -3.1253880e-01  -9.1998844e-01  -1.3330671e-01  -1.6358711e+00  -6.8359847e-01  -6.1400644e-02  -2.7829495e-01   1.4431954e-01  -3.9904909e-01  -4.7045634e-02   2.3296228e+00   4.5339497e-01  -1.3685675e+00  -1.1703492e+00  -4.0938836e-01  -4.8827889e-01  -2.9969141e-01  -1.8997508e-01  -3.2024009e-01  -4.5678741e-01   1.1400175e+00
  -3.1253880e-01  -9.1998844e-01  -1.5171303e-01  -1.6358711e+00  -6.8359847e-01  -6.1400644e-02  -2.7829495e-01   2.0414501e-01  -6.3067340e-01   3.8863637e-01   5.0832124e-01  -7.6132181e-02  -8.6965033e-01  -1.5003576e+00  -1.0974013e+00  -4.8827889e-01  -2.9969141e-01  -1.8997508e-01  -3.2024009e-01  -6.2378908e-01   1.1400175e+00
  -3.1253880e-01  -2.8729658e-01  -1.5089016e-01  -1.6358711e+00  -6.8359847e-01  -6.1400644e-02  -2.7829495e-01   9.8187606e-01  -9.7810987e-01  -2.9600678e-01   4.4023520e-01   1.2741621e+00  -9.0528727e-01   1.2497122e+00   9.6663750e-01   9.6308254e-01  -4.1992257e-01  -6.2278910e-02  -2.5127283e-01  -5.2358808e-01  -4.9329397e-01
  -3.1253880e-01  -7.6399312e-02  -9.8139828e-02  -1.6358711e+00  -6.8359847e-01  -6.1400644e-02  -2.7829495e-01   9.8187606e-01  -1.2097342e+00   1.5194652e-02  -2.5764673e-01  -1.8203761e-01   7.3401197e-01   7.5469967e-01  -6.5381895e-02  -4.8827889e-01   4.2169550e-01   3.2080961e-01   2.3149795e-01  -4.5678741e-01  -4.9329397e-01
  -3.1253880e-01   5.1638246e-02  -8.2127238e-02  -1.6358711e+00  -6.8359847e-01  -6.1400644e-02  -2.7829495e-01   9.8187606e-01  -1.2097342e+00  -1.0928592e-01  -4.1084032e-01  -1.1881392e+00   1.0903814e+00  -7.8533944e-01  -7.5339482e-01  -4.8827889e-01   4.2169550e-01   2.5696153e-01   1.6253070e-01  -4.5678741e-01  -4.9329397e-01
  -3.1253880e-01  -2.8729658e-01  -1.8605704e-01  -1.6358711e+00  -6.8359847e-01  -6.1400644e-02  -2.7829495e-01   8.6222513e-01  -6.3067340e-01   8.8655865e-01   1.9040851e+00   1.1682566e+00  -8.6965033e-01   1.0847081e+00   4.7507086e+00  -4.8827889e-01  -1.7946026e-01   1.2926535e-01   2.4596186e-02  -4.5678741e-01  -4.9329397e-01
  -1.5823432e+00  -7.0909114e-01   7.7694604e-02  -1.6358711e+00  -6.8359847e-01  -6.1400644e-02  -2.7829495e-01   5.0327233e-01  -8.6229771e-01   7.7434938e-02   6.4449332e-01   8.2725965e-02  -1.2260197e+00  -1.7203632e+00   6.2263103e-01  -4.8827889e-01  -7.8061602e-01  -7.6460787e-01  -9.4094538e-01  -5.9038875e-01   1.1400175e+00
  -1.5823432e+00  -9.1998844e-01   2.6949886e-02  -1.6358711e+00  -6.8359847e-01  -6.1400644e-02  -2.7829495e-01   3.8362140e-01  -7.4648556e-01   1.3967522e-01   8.6577296e-01   8.2725965e-02  -1.2260197e+00  -1.7203632e+00   2.7862457e-01  -4.8827889e-01  -7.8061602e-01  -7.0075978e-01  -8.7197812e-01  -6.2378908e-01   1.1400175e+00
  -9.4744102e-01  -2.8729658e-01  -1.3330671e-01  -1.6358711e+00  -6.8359847e-01  -6.1400644e-02  -2.7829495e-01   4.4344687e-01  -7.4648556e-01  -2.9600678e-01   1.2232247e+00   4.2691861e-01  -1.4398414e+00  -1.3353534e+00   9.6663750e-01  -4.8827889e-01  -4.1992257e-01  -3.1767126e-01  -4.5817459e-01  -5.5698841e-01   1.1400175e+00
  -9.4744102e-01  -1.1382740e-01  -1.3642726e-01  -1.6358711e+00  -6.8359847e-01  -6.1400644e-02  -2.7829495e-01   4.4344687e-01  -7.4648556e-01  -2.3376649e-01   1.0359881e+00   8.2725965e-02  -9.7656115e-01  -1.3353534e+00   9.6663750e-01  -4.8827889e-01  -5.4015372e-01  -3.1767126e-01  -4.5817459e-01  -5.2358808e-01   1.1400175e+00
  -9.4744102e-01   2.0136785e-01  -6.3401805e-02  -1.6358711e+00  -6.8359847e-01  -6.1400644e-02  -2.7829495e-01   6.8274873e-01  -8.6229771e-01  -4.2048735e-01  -1.3849616e-01  -7.6132181e-02  -3.3509623e-01  -6.7533665e-01  -6.5381895e-02  -4.8827889e-01  -5.4015372e-01  -2.5382317e-01  -3.8920734e-01  -5.5698841e-01   1.1400175e+00
  -9.4744102e-01  -2.4747289e-01  -1.1953457e-01  -1.6358711e+00  -6.8359847e-01  -6.1400644e-02  -2.7829495e-01   3.2379594e-01  -6.3067340e-01  -1.7152621e-01   1.1210956e+00   2.1510775e-01  -1.1547458e+00  -1.3353534e+00   9.6663750e-01  -4.8827889e-01  -4.1992257e-01  -3.1767126e-01  -4.5817459e-01  -5.2358808e-01   1.1400175e+00
  -9.4744102e-01  -2.4747289e-01  -1.1953457e-01  -1.6358711e+00  -6.8359847e-01  -6.1400644e-02  -2.7829495e-01   3.2379594e-01  -6.3067340e-01  -1.7152621e-01   1.1210956e+00   2.1510775e-01  -1.1547458e+00  -1.3353534e+00   9.6663750e-01  -4.8827889e-01  -4.1992257e-01  -3.1767126e-01  -4.5817459e-01  -5.2358808e-01   1.1400175e+00
   1.4863508e+00  -8.4972840e-01  -2.0364049e-01   1.6135596e-02  -2.3203823e-01  -6.1400644e-02  -2.7829495e-01   6.2292326e-01  -8.6229771e-01   1.5712018e+00  -2.3240730e-03  -4.9655823e-02   9.2547050e-02   3.9681510e-02  -6.5381895e-02  -4.8827889e-01   8.4250453e-01   8.9544240e-01   9.2117049e-01  -4.9018775e-01   1.1400175e+00
   1.4863508e+00  -8.2186433e-01  -2.0364049e-01   1.2843389e-01  -5.2956134e-02  -6.1400644e-02  -2.7829495e-01   4.4344687e-01  -7.4648556e-01   1.5712018e+00   6.5761969e-02  -4.9655823e-02   9.2547050e-02   3.9681510e-02  -4.0938836e-01  -4.8827889e-01   9.6273569e-01   8.9544240e-01   9.9013775e-01  -3.8998675e-01   1.1400175e+00
   1.4863508e+00  -8.0104871e-01  -2.0364049e-01   3.3819966e-01   8.0825458e-02  -6.1400644e-02  -2.7829495e-01   2.6397047e-01  -6.3067340e-01   1.5712018e+00   8.2783479e-02   1.6215504e-01  -1.5691153e-01   9.4682907e-02  -4.0938836e-01  -4.8827889e-01   9.6273569e-01   8.9544240e-01   9.9013775e-01  -3.2318608e-01   1.1400175e+00
   1.4863508e+00  -9.1998844e-01  -2.0364049e-01   6.4645276e-02   1.9503809e+00  -6.1400644e-02  -2.7829495e-01  -1.0521898e+00   5.2744815e-01   5.1311694e-01  -3.0871126e-01   1.8863140e-01  -1.5691153e-01   1.4968430e-01   2.7862457e-01  -4.8827889e-01   9.0262011e-01   4.4850579e-01   5.7633422e-01   3.4482059e-01   1.1400175e+00
   1.4863508e+00  -6.4720974e-01  -2.0364049e-01   2.5053419e-01   1.0695464e+00  -6.1400644e-02  -2.7829495e-01  -9.9236430e-01   2.9582384e-01   1.3967522e-01   6.9555785e-01   1.6215504e-01  -1.5691153e-01   9.4682907e-02  -4.0938836e-01  -4.8827889e-01   9.0262011e-01   5.7620196e-01   6.4530148e-01   4.4217591e-02   1.1400175e+00
   1.4863508e+00  -9.1998844e-01  -2.0364049e-01  -1.2498451e+00  -6.8359847e-01  -6.1400644e-02  -2.7829495e-01   3.2379594e-01  -9.7810987e-01   1.5089615e+00   1.5086952e-01  -8.1747019e-01   1.0547444e+00  -7.0321284e-02  -4.0938836e-01  -4.8827889e-01   1.4436603e+00   1.4062271e+00   1.4039413e+00  -5.2358808e-01   1.1400175e+00
   1.4863508e+00  -9.1998844e-01  -2.0364049e-01  -1.2282493e+00  -6.8359847e-01  -6.1400644e-02  -2.7829495e-01   5.0327233e-01  -1.0939220e+00   1.5712018e+00  -2.3240730e-03  -1.2410919e+00   1.6249355e+00  -7.0321284e-02  -7.5339482e-01   9.6308254e-01   1.4436603e+00   1.4700752e+00   1.4729085e+00  -6.2378908e-01   1.1400175e+00
   1.4863508e+00  -5.8668549e-01  -2.0364049e-01  -7.1388639e-01   3.0446049e-02  -6.1400644e-02  -2.7829495e-01  -1.5480779e-01  -5.1486125e-01   1.7579227e+00  -1.2147465e-01   3.7396590e-01  -2.2818541e-01   4.2469129e-01  -7.5339482e-01   9.6308254e-01   1.2633136e+00   1.1508347e+00   1.3349740e+00  -1.2278408e-01   1.1400175e+00
   1.4863508e+00  -2.7547058e-01  -2.0364049e-01  -4.4729154e-01   1.4486302e-01  -6.1400644e-02  -2.7829495e-01  -4.5393511e-01  -1.6742478e-01   1.5089615e+00  -1.7253918e-01   1.3567868e-01   9.2547050e-02   4.2469129e-01  -7.5339482e-01   2.4144440e+00   1.5638914e+00   1.2146828e+00   1.3349740e+00   7.7617924e-02   1.1400175e+00
   1.4863508e+00  -1.4827172e-01  -2.0364049e-01  -2.1271938e-01  -2.2290110e-02  -6.1400644e-02  -2.7829495e-01  -3.9410965e-01  -2.8323694e-01   1.6334421e+00  -2.2360371e-01   1.0920232e-01   1.2818399e-01   4.2469129e-01  -7.5339482e-01   3.8658054e+00   1.5638914e+00   1.3423790e+00   1.4729085e+00  -5.5983410e-02   1.1400175e+00
   1.4863508e+00   6.2600796e-03  -2.0364049e-01  -3.5477389e-01   5.0699883e-01  -6.1400644e-02  -2.7829495e-01  -8.1288790e-01   6.4199529e-02   9.4879894e-01  -2.9168975e-01   3.7396590e-01  -2.2818541e-01   4.2469129e-01  -1.0974013e+00   9.6308254e-01   1.5638914e+00   1.0869867e+00   1.3349740e+00   5.1182226e-01   1.1400175e+00
   1.4863508e+00  -7.0019228e-02  -2.0364049e-01  -4.6027604e-01   4.0894962e-01  -6.1400644e-02  -2.7829495e-01  -9.9236430e-01   1.8001168e-01  -4.2048735e-01  -3.0871126e-01   5.0634769e-01  -3.7073317e-01   4.7969269e-01  -6.5381895e-02  -4.8827889e-01   7.2227338e-01   9.5929049e-01   9.9013775e-01   2.4461959e-01   1.1400175e+00
   1.4863508e+00  -9.1998844e-01  -2.0364049e-01  -3.3330300e-01   5.2695297e-01  -6.1400644e-02  -2.7829495e-01  -9.9236430e-01  -5.1612626e-02   5.1311694e-01  -2.5764673e-01   2.4158411e-01  -3.7073317e-01  -7.0321284e-02  -6.5381895e-02  -4.8827889e-01   7.2227338e-01   7.6774622e-01   9.9013775e-01   1.1101826e-01   1.1400175e+00
   1.4863508e+00  -4.4734200e-01  -2.0364049e-01  -3.2843357e-01   5.3147840e-01  -6.1400644e-02  -2.7829495e-01  -9.9236430e-01  -5.1612626e-02   5.7535722e-01  -2.5764673e-01   2.9453683e-01  -3.7073317e-01   3.9681510e-02   2.7862457e-01  -4.8827889e-01   7.2227338e-01   8.3159431e-01   9.9013775e-01   1.4441859e-01   1.1400175e+00
   2.1212531e+00  -9.1998844e-01  -2.0364049e-01  -7.9616034e-01  -6.8359847e-01  -6.1400644e-02  -2.7829495e-01   8.6222513e-01  -1.0939220e+00   2.6915269e+00   1.5086952e-01  -1.0028047e+00   1.3398399e+00  -1.5319887e-02  -7.5339482e-01  -4.8827889e-01   1.4436603e+00   1.5339233e+00   1.6108430e+00  -6.2378908e-01   1.1400175e+00
   2.1212531e+00  -9.1998844e-01  -2.0364049e-01   8.8682840e-02  -3.6305305e-01  -6.1400644e-02  -2.7829495e-01   8.0239966e-01  -1.0939220e+00   2.5670464e+00  -1.8956069e-01  -5.5270662e-01   6.9837503e-01  -7.0321284e-02  -6.5381895e-02   3.8658054e+00   1.3835447e+00   1.3423790e+00   1.4039413e+00  -5.5698841e-01   1.1400175e+00
   2.1212531e+00  -9.1998844e-01  -2.0364049e-01   1.6441654e-02  -1.7173540e-01  -6.1400644e-02  -2.7829495e-01   6.2292326e-01  -9.7810987e-01   2.3803255e+00  -2.5764673e-01  -2.6146668e-01   3.0636869e-01  -7.0321284e-02  -6.5381895e-02   3.8658054e+00   1.3835447e+00   1.3423790e+00   1.4729085e+00  -5.2358808e-01   1.1400175e+00
   2.1212531e+00  -9.1998844e-01  -2.0364049e-01  -2.8812725e-01  -3.7046452e-01  -6.1400644e-02  -2.7829495e-01   8.0239966e-01  -1.0939220e+00   3.2516895e+00  -1.2147465e-01  -5.2623026e-01   6.9837503e-01  -1.5319887e-02  -4.0938836e-01   2.4144440e+00   1.3835447e+00   1.4062271e+00   1.4729085e+00  -5.5698841e-01   1.1400175e+00
   2.1212531e+00  -9.1998844e-01  -2.0364049e-01  -7.6274510e-02  -3.2124278e-01  -6.1400644e-02  -2.7829495e-01   7.4257419e-01  -9.7810987e-01   2.6915269e+00  -2.4062522e-01  -5.5270662e-01   6.9837503e-01  -7.0321284e-02  -6.5381895e-02   3.8658054e+00   1.3835447e+00   1.3423790e+00   1.4729085e+00  -5.2358808e-01   1.1400175e+00
   2.1212531e+00  -9.1998844e-01  -2.0364049e-01   9.2632332e-01  -8.8299839e-02  -6.1400644e-02  -2.7829495e-01   6.8274873e-01  -9.7810987e-01   2.0068838e+00  -2.4062522e-01  -3.4089576e-01   3.0636869e-01  -2.3532547e-01  -4.0938836e-01   2.4144440e+00   1.2633136e+00   1.2785309e+00   1.3349740e+00  -5.2358808e-01   1.1400175e+00
   2.1212531e+00  -9.1998844e-01  -2.0364049e-01  -3.5232504e-02  -6.8359847e-01  -6.1400644e-02  -2.7829495e-01   7.4257419e-01  -1.0939220e+00   2.2558449e+00   8.2783479e-02  -8.7042291e-01   1.1616552e+00  -1.5319887e-02  -6.5381895e-02  -4.8827889e-01   1.4436603e+00   1.5977714e+00   1.6798103e+00  -6.5718941e-01   1.1400175e+00
  -4.1835583e-01   9.0481660e-01  -2.0364049e-01  -5.5420245e-01   9.9182968e-01  -6.1400644e-02  -2.7829495e-01  -1.2914916e+00   1.1065089e+00  -4.2048735e-01  -6.1509845e-01   7.1815855e-01  -7.2710257e-01   3.6968989e-01   9.6663750e-01   9.6308254e-01   1.1430824e+00   4.4850579e-01   5.0736697e-01   8.4582560e-01   1.1400175e+00
  -4.1835583e-01   5.9720662e-01  -2.0364049e-01  -9.3639205e-01   2.5667321e+00  -6.1400644e-02  -2.7829495e-01  -1.7102699e+00   2.1488183e+00  -4.2048735e-01  -7.6829204e-01   1.0623512e+00  -1.1903828e+00   3.6968989e-01   6.2263103e-01   9.6308254e-01   8.8646672e-04  -1.8997508e-01  -4.4371068e-02   1.7781892e-01   1.1400175e+00
  -4.1835583e-01  -3.2739874e-02  -2.0364049e-01  -1.0222930e+00   1.5973353e+00  -6.1400644e-02  -2.7829495e-01  -1.4709680e+00   1.3381332e+00  -4.2048735e-01   8.4875145e-01   4.7987133e-01  -4.0637011e-01   3.6968989e-01  -7.5339482e-01   9.6308254e-01   9.0262011e-01   2.5696153e-01   3.6943246e-01   6.1202326e-01   1.1400175e+00
  -4.1835583e-01   1.1612119e+00  -2.0364049e-01  -6.7636622e-01   1.0998477e+00  -6.1400644e-02  -2.7829495e-01  -1.1120152e+00   8.7488462e-01  -4.2048735e-01  -4.2786183e-01   5.5930040e-01  -4.0637011e-01   5.3469408e-01  -7.5339482e-01   9.6308254e-01   1.2633136e+00   5.7620196e-01   6.4530148e-01   7.4562460e-01   1.1400175e+00
   6.3981454e-01  -9.1998844e-01  -2.0364049e-01   1.6505340e-01  -6.8359847e-01  -6.1400644e-02  -2.7829495e-01   2.4668611e-02  -8.6229771e-01   3.0649687e+00  -2.9168975e-01  -9.2337562e-01   8.0528585e-01  -6.7533665e-01  -4.0938836e-01  -4.8827889e-01   3.0146435e-01   3.8465770e-01   3.0046520e-01  -6.5718941e-01   1.1400175e+00
   6.3981454e-01  -9.1998844e-01  -2.0364049e-01  -3.1609927e-01  -6.8359847e-01  -6.1400644e-02  -2.7829495e-01   8.4494076e-02  -8.6229771e-01   2.8782478e+00  -7.0410115e-02  -9.2337562e-01   8.0528585e-01  -6.7533665e-01  -6.5381895e-02  -4.8827889e-01   3.0146435e-01   3.2080961e-01   3.0046520e-01  -6.2378908e-01   1.1400175e+00
   6.3981454e-01  -9.1998844e-01  -2.0364049e-01  -4.7779317e-01  -6.8359847e-01  -6.1400644e-02  -2.7829495e-01  -1.5480779e-01  -7.4648556e-01   2.3180852e+00  -7.0410115e-02  -9.2337562e-01   8.0528585e-01  -6.7533665e-01  -4.0938836e-01  -4.8827889e-01   3.0146435e-01   3.8465770e-01   3.6943246e-01  -6.5718941e-01   1.1400175e+00
   6.3981454e-01  -9.1998844e-01  -2.0364049e-01  -1.4125769e-01  -6.8359847e-01  -6.1400644e-02  -2.7829495e-01  -1.5480779e-01  -8.6229771e-01   2.5670464e+00  -1.7253918e-01  -9.2337562e-01   8.0528585e-01  -6.7533665e-01  -7.5339482e-01  -4.8827889e-01   3.0146435e-01   3.8465770e-01   3.6943246e-01  -6.5718941e-01   1.1400175e+00
   6.3981454e-01  -9.1998844e-01  -2.0364049e-01  -4.2430229e-01  -6.8359847e-01  -6.1400644e-02  -2.7829495e-01  -9.4982320e-02  -9.7810987e-01   2.9404881e+00  -4.7892636e-01  -1.4529028e+00   1.4111138e+00  -8.4034084e-01  -1.0974013e+00  -4.8827889e-01   3.0146435e-01   4.4850579e-01   3.6943246e-01  -6.9058975e-01  -4.9329397e-01
   6.3981454e-01  -6.8166059e-01  -2.0364049e-01  -6.4697516e-01  -6.8359847e-01  -6.1400644e-02  -2.7829495e-01  -3.3428418e-01  -7.4648556e-01   3.2639608e-01   3.8917067e-01  -6.5861205e-01   5.2019033e-01  -5.6533386e-01   2.7862457e-01  -4.8827889e-01   3.0146435e-01   5.1235388e-01   3.6943246e-01  -6.5718941e-01   1.1400175e+00
   6.3981454e-01  -6.4602762e-01  -2.0364049e-01  -1.2020680e-01  -6.8359847e-01  -6.1400644e-02  -2.7829495e-01  -3.3428418e-01  -7.4648556e-01   1.3967522e-01   4.5725671e-01  -6.5861205e-01   5.2019033e-01  -5.6533386e-01   2.7862457e-01  -4.8827889e-01   3.6157992e-01   5.1235388e-01   4.3839971e-01  -6.5718941e-01   1.1400175e+00
   6.3981454e-01  -7.1423916e-01  -2.0364049e-01  -4.9758133e-01  -6.8359847e-01  -6.1400644e-02  -2.7829495e-01  -2.7445872e-01  -7.4648556e-01   1.5194652e-02   4.4023520e-01  -6.5861205e-01   5.2019033e-01  -5.6533386e-01   2.7862457e-01  -4.8827889e-01   3.6157992e-01   5.1235388e-01   4.3839971e-01  -6.5718941e-01   1.1400175e+00
   6.3981454e-01  -4.5258393e-01  -2.0364049e-01  -3.4293381e-01  -6.8359847e-01  -6.1400644e-02  -2.7829495e-01  -2.1463325e-01  -7.4648556e-01   7.7434938e-02   3.5512765e-01  -6.0565933e-01   5.2019033e-01  -4.5533106e-01  -6.5381895e-02  -4.8827889e-01   3.6157992e-01   5.7620196e-01   4.3839971e-01  -6.2378908e-01   1.1400175e+00
   6.3981454e-01  -4.4997757e-01  -2.0364049e-01  -3.3572414e-01  -6.8359847e-01  -6.1400644e-02  -2.7829495e-01  -2.1463325e-01  -7.4648556e-01   7.7434938e-02   3.5512765e-01  -6.0565933e-01   5.2019033e-01  -4.5533106e-01  -6.5381895e-02  -4.8827889e-01   3.6157992e-01   5.7620196e-01   4.3839971e-01  -6.2378908e-01   1.1400175e+00
   6.3981454e-01  -6.2109264e-01  -2.0364049e-01  -3.9565998e-01  -6.8359847e-01  -6.1400644e-02  -2.7829495e-01  -9.4982320e-02  -8.6229771e-01   1.3967522e-01   1.4697437e-02  -1.2940446e+00   1.4467508e+00  -4.5533106e-01  -1.4414078e+00  -4.8827889e-01   3.6157992e-01   5.7620196e-01   5.0736697e-01  -6.5718941e-01  -4.9329397e-01
   6.3981454e-01  -3.2779676e-01  -2.0364049e-01   2.2531748e-03  -6.8359847e-01  -6.1400644e-02  -2.7829495e-01   2.4668611e-02  -8.6229771e-01   3.8863637e-01  -2.9168975e-01  -1.2940446e+00   1.4467508e+00  -4.5533106e-01  -1.4414078e+00  -4.8827889e-01   6.6215781e-01   7.6774622e-01   6.4530148e-01  -6.2378908e-01  -4.9329397e-01
   6.3981454e-01  -9.1998844e-01  -2.0364049e-01  -3.5944946e-01  -6.8359847e-01  -6.1400644e-02  -2.7829495e-01  -3.3428418e-01  -7.4648556e-01   2.0191551e-01   1.5086952e-01  -1.3469973e+00   1.4467508e+00  -5.6533386e-01  -7.5339482e-01  -4.8827889e-01   3.6157992e-01   5.1235388e-01   4.3839971e-01  -6.5718941e-01  -4.9329397e-01
   6.3981454e-01  -9.1998844e-01  -2.0364049e-01  -1.1487687e+00  -6.8359847e-01  -6.1400644e-02  -2.7829495e-01  -2.1463325e-01  -8.6229771e-01   1.8824032e+00  -7.0410115e-02  -1.2940446e+00   1.3754769e+00  -5.6533386e-01  -7.5339482e-01  -4.8827889e-01   2.4134877e-01   4.4850579e-01   3.0046520e-01  -6.5718941e-01  -4.9329397e-01
   6.3981454e-01  -9.1998844e-01  -2.0364049e-01  -1.1043521e+00  -6.8359847e-01  -6.1400644e-02  -2.7829495e-01  -3.5156855e-02  -8.6229771e-01   3.1894492e+00  -5.4701241e-01  -1.5323319e+00   1.3754769e+00  -1.0603464e+00  -1.0974013e+00  -4.8827889e-01   3.0146435e-01   4.4850579e-01   3.6943246e-01  -6.9058975e-01   1.1400175e+00
   1.0630827e+00  -9.1998844e-01  -2.0364049e-01  -2.0446783e-01  -6.8359847e-01  -6.1400644e-02  -2.7829495e-01   2.4668611e-02  -8.6229771e-01   8.8655865e-01   1.1682650e-01  -1.2940446e+00   1.4823877e+00  -4.0032967e-01  -1.0974013e+00  -4.8827889e-01   5.4192665e-01   7.0389814e-01   6.4530148e-01  -6.5718941e-01  -4.9329397e-01
   1.0630827e+00  -9.1998844e-01  -2.0364049e-01  -3.0606297e-01  -6.8359847e-01  -6.1400644e-02  -2.7829495e-01  -9.4982320e-02  -7.4648556e-01  -2.3376649e-01   2.3597707e-01  -1.2940446e+00   1.4823877e+00  -4.0032967e-01  -1.0974013e+00  -4.8827889e-01   5.4192665e-01   7.0389814e-01   6.4530148e-01  -6.5718941e-01  -4.9329397e-01
   1.0630827e+00  -9.1998844e-01  -2.0364049e-01  -2.1560903e-01  -6.8359847e-01  -6.1400644e-02  -2.7829495e-01  -3.5156855e-02  -7.4648556e-01  -3.5824706e-01   4.9129973e-01  -1.1087101e+00   1.2685661e+00  -3.4532827e-01  -1.0974013e+00  -4.8827889e-01   5.4192665e-01   8.3159431e-01   7.1426873e-01  -6.2378908e-01  -4.9329397e-01
   1.0630827e+00  -9.1998844e-01  -2.0364049e-01   1.3843683e-02  -6.8359847e-01  -6.1400644e-02  -2.7829495e-01  -2.1463325e-01  -7.4648556e-01  -4.2048735e-01   7.4662238e-01  -1.1087101e+00   1.2685661e+00  -3.4532827e-01  -1.4414078e+00  -4.8827889e-01   9.0262011e-01   8.3159431e-01   7.8323599e-01  -5.2358808e-01   1.1400175e+00
   1.0630827e+00  -9.1998844e-01  -2.0364049e-01  -1.3484305e-01  -6.8359847e-01  -6.1400644e-02  -2.7829495e-01  -2.1463325e-01  -6.3067340e-01  -4.2048735e-01   5.9342879e-01  -1.0292811e+00   1.1616552e+00  -3.4532827e-01  -1.4414078e+00  -4.8827889e-01   9.0262011e-01   8.3159431e-01   8.5220324e-01  -4.5678741e-01   1.1400175e+00
   1.0630827e+00  -5.4812691e-01  -2.0364049e-01  -9.2902562e-02  -6.8359847e-01  -6.1400644e-02  -2.7829495e-01  -3.3428418e-01  -6.3067340e-01  -4.2048735e-01   6.4449332e-01  -1.1087101e+00   1.3042030e+00  -2.9032687e-01  -1.0974013e+00  -4.8827889e-01   9.0262011e-01   8.9544240e-01   8.5220324e-01  -5.5698841e-01   1.1400175e+00
   1.0630827e+00  -1.6516503e-01  -2.0364049e-01  -6.9873192e-02  -6.8359847e-01  -6.1400644e-02  -2.7829495e-01   8.4494076e-02  -8.6229771e-01   1.2600004e+00  -3.9381881e-01  -1.2675683e+00   1.5180246e+00  -2.9032687e-01  -1.0974013e+00  -4.8827889e-01   8.4250453e-01   9.5929049e-01   9.2117049e-01  -6.5718941e-01  -4.9329397e-01
   1.0630827e+00  -1.7296971e-01  -2.0364049e-01  -8.6065189e-02  -6.8359847e-01  -6.1400644e-02  -2.7829495e-01  -5.1376058e-01  -5.1486125e-01   3.8863637e-01   6.4449332e-01   5.5930040e-01  -6.9146563e-01   9.4682907e-02   2.7862457e-01  -4.8827889e-01   5.4192665e-01   7.6774622e-01   6.4530148e-01  -6.2378908e-01   1.1400175e+00
   1.0630827e+00  -6.4483518e-01  -2.0364049e-01   2.6695554e-01  -6.8359847e-01  -6.1400644e-02  -2.7829495e-01  -3.5156855e-02  -8.6229771e-01   2.0691241e+00  -1.8956069e-01  -1.2146156e+00   1.4111138e+00  -3.4532827e-01  -4.0938836e-01  -4.8827889e-01   6.6215781e-01   8.3159431e-01   7.8323599e-01  -6.9058975e-01  -4.9329397e-01
   1.0630827e+00  -5.2976337e-01  -2.0364049e-01  -5.5642808e-01  -6.8359847e-01  -6.1400644e-02  -2.7829495e-01   2.4668611e-02  -8.6229771e-01   5.7535722e-01   3.1718948e-02  -1.3205210e+00   1.5892985e+00  -2.9032687e-01  -1.4414078e+00  -4.8827889e-01   8.4250453e-01   1.0231386e+00   9.2117049e-01  -6.5718941e-01  -4.9329397e-01
   1.0630827e+00  -4.8551103e-01  -2.0364049e-01  -4.3401704e-01  -6.8359847e-01  -6.1400644e-02  -2.7829495e-01  -3.9410965e-01  -6.3067340e-01  -4.2048735e-01   5.4236426e-01  -1.1087101e+00   1.3042030e+00  -2.9032687e-01  -1.0974013e+00  -4.8827889e-01   9.0262011e-01   8.3159431e-01   8.5220324e-01  -5.2358808e-01  -4.9329397e-01
   1.0630827e+00  -9.1998844e-01  -2.0364049e-01  -1.4444452e-01  -6.8359847e-01  -6.1400644e-02  -2.7829495e-01   2.6397047e-01  -9.7810987e-01   1.4467212e+00  -1.8956069e-01  -1.5058555e+00   1.7674832e+00  -4.0032967e-01  -1.0974013e+00  -4.8827889e-01   8.4250453e-01   9.5929049e-01   9.2117049e-01  -6.9058975e-01  -4.9329397e-01
   1.0630827e+00  -6.2423892e-01  -2.0364049e-01   4.0938935e-01  -6.8359847e-01  -6.1400644e-02  -2.7829495e-01  -9.4982320e-02  -8.6229771e-01   1.8824032e+00  -1.7253918e-01  -1.2146156e+00   1.4111138e+00  -3.4532827e-01  -4.0938836e-01  -4.8827889e-01   6.6215781e-01   8.3159431e-01   7.8323599e-01  -6.9058975e-01  -4.9329397e-01
   1.0630827e+00  -5.0748298e-01  -2.0364049e-01   6.4627924e-01  -6.8359847e-01  -6.1400644e-02  -2.7829495e-01  -3.5156855e-02  -8.6229771e-01   2.1936047e+00  -1.5551767e-01  -9.2337562e-01   1.0191075e+00  -3.4532827e-01  -6.5381895e-02  -4.8827889e-01   6.6215781e-01   8.3159431e-01   7.8323599e-01  -6.5718941e-01   1.1400175e+00
   4.2818046e-01   8.9755581e-01  -2.0364049e-01   2.4951725e-01  -6.8359847e-01  -6.1400644e-02  -2.7829495e-01  -1.5480779e-01  -8.6229771e-01   8.2431837e-01  -7.1722751e-01  -9.4985198e-01   1.0547444e+00  -3.4532827e-01  -7.5339482e-01  -4.8827889e-01   3.0146435e-01   6.4005005e-01   5.0736697e-01  -5.9038875e-01  -4.9329397e-01
   4.2818046e-01   1.0529570e+00  -2.0364049e-01   6.3811810e-01  -6.8359847e-01  -6.1400644e-02  -2.7829495e-01  -1.5480779e-01  -8.6229771e-01   8.2431837e-01  -6.6616298e-01  -9.4985198e-01   1.0547444e+00  -3.4532827e-01  -7.5339482e-01   9.6308254e-01   3.0146435e-01   6.4005005e-01   5.0736697e-01  -5.9038875e-01  -4.9329397e-01
   4.2818046e-01   4.5055813e-01  -2.0364049e-01  -2.1416566e-01  -6.8359847e-01  -6.1400644e-02  -2.7829495e-01  -1.5480779e-01  -8.6229771e-01   6.9983779e-01  -6.3211996e-01  -9.4985198e-01   1.0547444e+00  -3.4532827e-01  -7.5339482e-01  -4.8827889e-01   3.0146435e-01   5.7620196e-01   4.3839971e-01  -6.2378908e-01  -4.9329397e-01
   4.2818046e-01   1.1493315e-01  -2.0364049e-01   2.7266662e-01  -6.8359847e-01  -6.1400644e-02  -2.7829495e-01  -1.5480779e-01  -8.6229771e-01   9.4879894e-01  -6.3211996e-01  -9.7632834e-01   1.0547444e+00  -4.0032967e-01  -4.0938836e-01  -4.8827889e-01   3.0146435e-01   5.1235388e-01   3.6943246e-01  -6.5718941e-01  -4.9329397e-01
   4.2818046e-01  -8.1295755e-02  -2.0364049e-01   1.0412660e-01  -6.8359847e-01  -6.1400644e-02  -2.7829495e-01  -3.5156855e-02  -8.6229771e-01   6.9983779e-01  -7.0020600e-01  -1.3205210e+00   1.5180246e+00  -4.0032967e-01  -1.0974013e+00  -4.8827889e-01   2.4134877e-01   5.1235388e-01   3.6943246e-01  -6.5718941e-01  -4.9329397e-01
   4.2818046e-01  -4.8551103e-01  -2.0364049e-01   1.6691003e-01  -6.8359847e-01  -6.1400644e-02  -2.7829495e-01  -3.5156855e-02  -8.6229771e-01   4.5087665e-01  -1.8956069e-01  -1.2410919e+00   1.2685661e+00  -6.2033525e-01  -7.5339482e-01  -4.8827889e-01   3.6157992e-01   4.4850579e-01   3.6943246e-01  -6.5718941e-01  -4.9329397e-01
   3.2236343e-01  -3.1720932e-01  -2.0364049e-01   3.1540294e-02  -6.8359847e-01  -6.1400644e-02  -2.7829495e-01  -1.5480779e-01  -7.4648556e-01   1.5194652e-02   4.8740458e-02  -1.0557574e+00   1.0191075e+00  -6.2033525e-01  -4.0938836e-01  -4.8827889e-01   3.6157992e-01   4.4850579e-01   3.6943246e-01  -6.5718941e-01  -4.9329397e-01
   3.2236343e-01  -5.4257674e-01  -2.0364049e-01   4.5212616e-01  -6.8359847e-01  -6.1400644e-02  -2.7829495e-01  -2.1463325e-01  -7.4648556e-01  -4.7045634e-02   2.1895556e-01  -1.0557574e+00   1.0191075e+00  -6.2033525e-01  -4.0938836e-01  -4.8827889e-01   3.6157992e-01   4.4850579e-01   3.6943246e-01  -6.2378908e-01  -4.9329397e-01
   4.2818046e-01  -3.1286756e-01  -2.0364049e-01   4.3550455e-02  -6.8359847e-01  -6.1400644e-02  -2.7829495e-01  -2.7445872e-01  -7.4648556e-01   1.5194652e-02   3.5512765e-01  -1.0292811e+00   1.0191075e+00  -5.6533386e-01  -7.5339482e-01  -4.8827889e-01   1.2111762e-01   3.8465770e-01   2.3149795e-01  -6.2378908e-01  -4.9329397e-01
   4.2818046e-01  -5.3393371e-01  -2.0364049e-01   4.9994286e-01  -6.8359847e-01  -6.1400644e-02  -2.7829495e-01  -3.3428418e-01  -6.3067340e-01   7.7434938e-02   5.0832124e-01  -7.1156476e-01   5.9146421e-01  -5.6533386e-01  -1.0974013e+00  -4.8827889e-01   1.2111762e-01   3.8465770e-01   1.6253070e-01  -6.2378908e-01  -4.9329397e-01
   4.2818046e-01  -5.9413039e-01  -2.0364049e-01   1.6691003e-01  -6.8359847e-01  -6.1400644e-02  -2.7829495e-01  -4.5393511e-01  -6.3067340e-01  -4.2048735e-01   6.6151483e-01  -1.0028047e+00   9.8347055e-01  -5.6533386e-01  -7.5339482e-01  -4.8827889e-01   1.2111762e-01   3.8465770e-01   3.0046520e-01  -6.2378908e-01  -4.9329397e-01
   4.2818046e-01  -5.6731642e-01  -2.0364049e-01  -1.7252577e-01  -6.8359847e-01  -6.1400644e-02  -2.7829495e-01  -4.5393511e-01  -6.3067340e-01  -4.2048735e-01   5.9342879e-01  -7.1156476e-01   5.9146421e-01  -5.6533386e-01  -7.5339482e-01  -4.8827889e-01   1.2111762e-01   3.8465770e-01   2.3149795e-01  -6.2378908e-01   1.1400175e+00
   4.2818046e-01  -9.1998844e-01  -2.0364049e-01   7.7280340e-01  -6.8359847e-01  -6.1400644e-02  -2.7829495e-01  -3.3428418e-01  -6.3067340e-01  -4.2048735e-01   7.4662238e-01  -8.7042291e-01   6.9837503e-01  -7.3033805e-01  -4.0938836e-01  -4.8827889e-01   1.8123320e-01   3.8465770e-01   2.3149795e-01  -6.5718941e-01   1.1400175e+00
   4.2818046e-01  -6.2933804e-01  -2.0364049e-01  -2.7873250e-02  -6.8359847e-01  -6.1400644e-02  -2.7829495e-01  -5.1376058e-01  -6.3067340e-01  -2.9600678e-01   3.7214916e-01  -1.1881392e+00   1.1972922e+00  -6.2033525e-01  -7.5339482e-01  -4.8827889e-01   1.8123320e-01   3.8465770e-01   2.3149795e-01  -6.5718941e-01  -4.9329397e-01
   4.2818046e-01  -5.9244201e-01  -2.0364049e-01   1.7625087e-01  -6.8359847e-01  -6.1400644e-02  -2.7829495e-01  -4.5393511e-01  -6.3067340e-01   3.2639608e-01   9.9804989e-02  -1.0822338e+00   1.1972922e+00  -4.0032967e-01  -4.0938836e-01  -4.8827889e-01   1.8123320e-01   3.8465770e-01   2.3149795e-01  -6.5718941e-01  -4.9329397e-01
   4.2818046e-01  -6.0934245e-01  -2.0364049e-01  -3.4690475e-01  -6.8359847e-01  -6.1400644e-02  -2.7829495e-01  -3.3428418e-01  -7.4648556e-01   1.3222407e+00  -2.7466824e-01  -1.0822338e+00   1.1972922e+00  -4.0032967e-01  -6.5381895e-02  -4.8827889e-01   3.0146435e-01   3.8465770e-01   3.0046520e-01  -6.5718941e-01  -4.9329397e-01
   4.2818046e-01  -9.1998844e-01  -2.0364049e-01  -1.0868295e+00  -6.8359847e-01  -6.1400644e-02  -2.7829495e-01  -3.5156855e-02  -8.6229771e-01   2.5048061e+00  -4.9594787e-01  -1.6382373e+00   1.5892985e+00  -9.5034364e-01  -1.0974013e+00  -4.8827889e-01   3.0146435e-01   4.4850579e-01   3.6943246e-01  -6.9058975e-01  -4.9329397e-01
   4.2818046e-01  -5.3916638e-01  -2.0364049e-01   4.7099359e-01  -6.8359847e-01  -6.1400644e-02  -2.7829495e-01   2.4668611e-02  -9.7810987e-01   2.5670464e+00  -6.6616298e-01  -1.4529028e+00   1.5892985e+00  -5.6533386e-01  -7.5339482e-01  -4.8827889e-01   3.0146435e-01   5.1235388e-01   3.6943246e-01  -6.9058975e-01  -2.1266055e+00
   4.2818046e-01  -9.1998844e-01  -2.0364049e-01   2.8366533e-01  -6.8359847e-01  -6.1400644e-02  -2.7829495e-01   3.8362140e-01  -1.0939220e+00   1.1355198e+00  -3.4275428e-01  -1.5588082e+00   1.5892985e+00  -7.8533944e-01  -1.0974013e+00  -4.8827889e-01   4.8181108e-01   6.4005005e-01   5.0736697e-01  -6.9058975e-01  -4.9329397e-01
   4.2818046e-01  -9.1998844e-01  -2.0364049e-01  -3.7479106e-01  -6.8359847e-01  -6.1400644e-02  -2.7829495e-01   4.4344687e-01  -1.0939220e+00   1.3222407e+00  -3.5977579e-01  -1.5852846e+00   1.6249355e+00  -7.8533944e-01  -1.0974013e+00  -4.8827889e-01   4.8181108e-01   6.4005005e-01   5.7633422e-01  -6.9058975e-01  -4.9329397e-01
   4.2818046e-01  -6.3586951e-01  -2.0364049e-01  -4.5697380e-01  -6.8359847e-01  -6.1400644e-02  -2.7829495e-01   8.4494076e-02  -9.7810987e-01   2.2558449e+00  -5.9807694e-01  -1.4793791e+00   1.6249355e+00  -5.6533386e-01  -1.0974013e+00  -4.8827889e-01   3.0146435e-01   5.1235388e-01   3.6943246e-01  -6.9058975e-01  -2.1266055e+00
   4.2818046e-01  -6.6169850e-01  -2.0364049e-01   1.5033696e-01  -6.8359847e-01  -6.1400644e-02  -2.7829495e-01   1.4431954e-01  -9.7810987e-01   1.9446435e+00  -4.9594787e-01  -1.4793791e+00   1.6249355e+00  -5.6533386e-01  -1.0974013e+00  -4.8827889e-01   3.0146435e-01   5.1235388e-01   3.6943246e-01  -6.9058975e-01  -2.1266055e+00
   4.2818046e-01  -9.1998844e-01  -2.0364049e-01  -2.4801579e-01  -6.8359847e-01  -6.1400644e-02  -2.7829495e-01   3.8362140e-01  -9.7810987e-01   1.3222407e+00  -3.4275428e-01  -1.6382373e+00   1.6249355e+00  -8.9534224e-01  -1.0974013e+00  -4.8827889e-01   4.8181108e-01   5.7620196e-01   5.0736697e-01  -6.9058975e-01  -4.9329397e-01
   4.2818046e-01  -4.6924718e-01  -2.0364049e-01  -7.7317013e-02  -6.8359847e-01  -6.1400644e-02  -2.7829495e-01  -9.4982320e-02  -8.6229771e-01   2.0068838e+00  -5.1296938e-01  -1.3469973e+00   1.4467508e+00  -5.6533386e-01  -4.0938836e-01  -4.8827889e-01   3.0146435e-01   4.4850579e-01   3.6943246e-01  -6.9058975e-01  -4.9329397e-01
   1.2747168e+00  -9.1998844e-01  -2.0364049e-01   4.4591188e-01  -6.8359847e-01  -6.1400644e-02  -2.7829495e-01  -3.9410965e-01  -7.4648556e-01  -4.7045634e-02   8.2783479e-02  -1.2410919e+00   1.5536616e+00  -1.8032408e-01  -1.0974013e+00  -4.8827889e-01   7.2227338e-01   8.9544240e-01   8.5220324e-01  -6.5718941e-01  -4.9329397e-01
   1.2747168e+00  -9.1998844e-01  -2.0364049e-01   7.2723391e-01  -6.8359847e-01  -6.1400644e-02  -2.7829495e-01  -5.1376058e-01  -7.4648556e-01  -2.9600678e-01   3.7214916e-01  -1.2410919e+00   1.5536616e+00  -1.8032408e-01  -1.4414078e+00  -4.8827889e-01   6.6215781e-01   8.9544240e-01   7.8323599e-01  -6.5718941e-01  -4.9329397e-01
   1.2747168e+00  -9.1998844e-01  -2.0364049e-01   5.9888635e-01  -6.8359847e-01  -6.1400644e-02  -2.7829495e-01  -4.5393511e-01  -6.3067340e-01  -2.3376649e-01   5.5938577e-01  -1.2410919e+00   1.5536616e+00  -1.8032408e-01  -1.4414078e+00  -4.8827889e-01   7.2227338e-01   9.5929049e-01   8.5220324e-01  -6.5718941e-01  -4.9329397e-01
   1.2747168e+00  -7.1048899e-01  -2.0364049e-01   3.9244437e-01  -6.8359847e-01  -6.1400644e-02  -2.7829495e-01  -5.7358604e-01  -6.3067340e-01  -2.9600678e-01   4.4023520e-01  -1.0028047e+00   1.2329291e+00  -1.8032408e-01  -1.4414078e+00  -4.8827889e-01   8.4250453e-01   9.5929049e-01   9.2117049e-01  -6.2378908e-01   1.1400175e+00
   1.2747168e+00  -9.1998844e-01  -2.0364049e-01   3.8808455e-01  -6.8359847e-01  -6.1400644e-02  -2.7829495e-01  -7.5306244e-01  -5.1486125e-01  -4.2048735e-01   8.4875145e-01  -9.4985198e-01   1.1260183e+00  -2.3532547e-01  -1.0974013e+00  -4.8827889e-01   8.4250453e-01   8.9544240e-01   8.5220324e-01  -6.2378908e-01   1.1400175e+00
   1.2747168e+00  -6.2038436e-01  -2.0364049e-01   2.1662251e-02  -6.8359847e-01  -6.1400644e-02  -2.7829495e-01  -8.7271337e-01  -3.9904909e-01  -4.2048735e-01   8.9981598e-01  -8.1747019e-01   1.1260183e+00   3.9681510e-02  -1.4414078e+00  -4.8827889e-01   7.2227338e-01   8.9544240e-01   8.5220324e-01  -5.9038875e-01  -4.9329397e-01
   1.2747168e+00   7.9596162e-03  -2.0364049e-01   2.8930068e-01  -6.8359847e-01  -6.1400644e-02  -2.7829495e-01  -7.5306244e-01  -2.8323694e-01  -4.2048735e-01   7.4662238e-01  -4.2032483e-01   9.4783361e-01   5.8969548e-01  -6.5381895e-02  -4.8827889e-01   7.2227338e-01   1.0869867e+00   9.2117049e-01  -4.2338708e-01  -4.9329397e-01
   1.2747168e+00  -1.2978268e-01  -2.0364049e-01   3.5329767e-03  -6.8359847e-01  -6.1400644e-02  -2.7829495e-01  -9.3253883e-01  -5.1612626e-02  -4.2048735e-01   1.6828055e+00  -4.2032483e-01   9.4783361e-01   5.8969548e-01  -4.0938836e-01  -4.8827889e-01   8.4250453e-01   1.0231386e+00   9.2117049e-01  -3.8998675e-01  -4.9329397e-01
   1.2747168e+00  -3.4266917e-01  -2.0364049e-01   7.5960521e-01   5.8486131e-02  -6.1400644e-02  -2.7829495e-01  -1.1120152e+00   1.8001168e-01  -4.2048735e-01   2.1423862e+00   5.6249607e-02   3.0636869e-01   5.8969548e-01  -4.0938836e-01   9.6308254e-01   8.4250453e-01   9.5929049e-01   9.2117049e-01  -2.8978574e-01  -4.9329397e-01
   1.2747168e+00  -9.1998844e-01  -2.0364049e-01   7.9709959e-01   4.4695131e-01  -6.1400644e-02  -2.7829495e-01  -1.3513171e+00   4.1163599e-01  -4.2048735e-01   2.2274938e+00   5.6249607e-02   1.9945787e-01   4.2469129e-01  -4.0938836e-01   2.4144440e+00   7.2227338e-01   7.0389814e-01   7.1426873e-01  -3.2318608e-01   1.1400175e+00
   1.4863508e+00  -9.1998844e-01  -2.0364049e-01   1.2613795e+00  -2.9894395e-01  -6.1400644e-02  -2.7829495e-01  -9.9236430e-01   6.4199529e-02   2.6415579e-01   2.3977089e+00   2.1510775e-01   5.6910110e-02   5.3469408e-01   6.2263103e-01   9.6308254e-01   8.4250453e-01   8.9544240e-01   9.2117049e-01  -4.2338708e-01   1.1400175e+00
   1.4863508e+00  -9.1998844e-01  -2.0364049e-01   8.0012568e-01  -3.6766497e-02  -6.1400644e-02  -2.7829495e-01  -8.7271337e-01  -1.6742478e-01  -1.7152621e-01   1.5976979e+00   2.9773250e-02   9.2547050e-02   2.0468570e-01   2.7862457e-01  -4.8827889e-01   6.6215781e-01   7.6774622e-01   7.8323599e-01  -4.9018775e-01   1.1400175e+00
   1.4863508e+00  -9.1998844e-01  -2.0364049e-01   8.4455117e-01   1.0453008e+00  -6.1400644e-02  -2.7829495e-01  -8.7271337e-01  -3.9904909e-01  -4.2048735e-01  -5.9807694e-01  -3.9384847e-01   3.0636869e-01  -3.4532827e-01  -4.0938836e-01  -4.8827889e-01   6.6215781e-01   6.4005005e-01   7.1426873e-01  -5.2358808e-01   1.1400175e+00
   1.4863508e+00   1.3471790e-01  -2.0364049e-01   1.8758841e-01   3.3318899e-01  -6.1400644e-02  -2.7829495e-01  -9.3253883e-01  -2.8323694e-01  -3.5824706e-01  -2.0658220e-01  -3.1441940e-01   5.9146421e-01   2.5968710e-01  -7.5339482e-01   2.4144440e+00   8.4250453e-01   8.9544240e-01   8.5220324e-01  -4.5678741e-01  -4.9329397e-01
   1.4863508e+00   4.1088442e-01  -2.0364049e-01   2.0486331e-01   1.7175167e-01  -6.1400644e-02  -2.7829495e-01  -9.3253883e-01  -1.6742478e-01  -2.9600678e-01  -1.2147465e-01  -1.0260854e-01   3.0636869e-01   2.5968710e-01  -7.5339482e-01   9.6308254e-01   8.4250453e-01   9.5929049e-01   9.2117049e-01  -4.5678741e-01   1.1400175e+00
   1.4863508e+00   1.2089102e+00  -2.0364049e-01   9.8145007e-01  -6.8359847e-01  -6.1400644e-02  -2.7829495e-01  -9.9236430e-01  -1.6742478e-01  -3.5824706e-01  -2.2360371e-01  -2.3499033e-01   1.0547444e+00   1.1397095e+00   9.6663750e-01   9.6308254e-01   1.0228513e+00   1.3423790e+00   1.2660068e+00  -4.9018775e-01  -4.9329397e-01
   1.4863508e+00   6.9319077e-01  -2.0364049e-01   1.1531205e+00  -6.8359847e-01  -6.1400644e-02  -2.7829495e-01  -1.0521898e+00  -1.6742478e-01  -4.2048735e-01   2.0193405e-01  -3.1441940e-01   1.2685661e+00   1.3047136e+00  -6.5381895e-02  -4.8827889e-01   1.2633136e+00   1.4700752e+00   1.4039413e+00  -5.2358808e-01  -4.9329397e-01
   1.4863508e+00  -5.0815482e-01  -2.0364049e-01  -1.6358711e+00   1.9632506e+00  -6.1400644e-02  -2.7829495e-01  -1.5307935e+00   2.2646305e+00  -4.2048735e-01   1.1551386e+00   2.0155001e+00  -1.4398414e+00   1.9647304e+00   1.3106440e+00   9.6308254e-01   7.2227338e-01   3.8465770e-01   6.4530148e-01   5.1182226e-01  -4.9329397e-01
   1.4863508e+00  -1.3631329e-01  -2.0364049e-01  -9.1326878e-01   9.9529131e-01  -6.1400644e-02  -2.7829495e-01  -1.1718407e+00   1.2223211e+00  -4.2048735e-01   5.0832124e-01   4.7987133e-01  -3.7073317e-01   4.2469129e-01   1.3106440e+00   9.6308254e-01   1.1430824e+00   7.6774622e-01   1.0591050e+00   3.7822093e-01   1.1400175e+00
   1.4863508e+00   2.5068675e-01  -2.0364049e-01  -1.6706591e-02  -3.0740280e-01  -6.1400644e-02  -2.7829495e-01  -1.0521898e+00   6.4199529e-02  -4.2048735e-01   1.0530096e+00  -4.9975390e-01   1.0191075e+00   5.3469408e-01   2.7862457e-01  -4.8827889e-01   1.1430824e+00   1.2146828e+00   1.2660068e+00  -4.2338708e-01  -4.9329397e-01
  -1.0532581e+00  -9.1998844e-01  -2.0364049e-01  -1.2185209e+00  -6.8359847e-01  -6.1400644e-02  -2.7829495e-01  -2.7445872e-01  -8.6229771e-01   3.2639608e-01  -3.6367094e-02  -1.3469973e+00   5.5582727e-01  -1.9403688e+00  -1.0974013e+00  -4.8827889e-01  -6.6038487e-01  -7.6460787e-01  -8.7197812e-01  -5.9038875e-01   1.1400175e+00
  -1.0532581e+00  -9.1998844e-01  -2.0364049e-01  -1.2329454e+00  -6.8359847e-01  -6.1400644e-02  -2.7829495e-01  -4.5393511e-01  -7.4648556e-01  -2.9600678e-01   2.0193405e-01  -1.0822338e+00   3.0636869e-01  -1.7753646e+00  -7.5339482e-01  -4.8827889e-01  -7.8061602e-01  -7.0075978e-01  -8.7197812e-01  -6.5718941e-01   1.1400175e+00
  -1.0532581e+00  -2.1464438e-01  -2.0364049e-01  -6.6030755e-01  -6.8359847e-01  -6.1400644e-02  -2.7829495e-01  -7.5306244e-01  -2.8323694e-01  -4.2048735e-01   8.2783479e-02  -5.7918298e-01   1.6382093e-01  -9.5034364e-01  -4.0938836e-01   9.6308254e-01  -7.8061602e-01  -7.0075978e-01  -8.7197812e-01  -5.5698841e-01  -4.9329397e-01
  -1.0532581e+00   1.1422770e-01  -2.0364049e-01  -9.2065734e-01  -6.8359847e-01  -6.1400644e-02   3.1120329e+00  -1.0521898e+00   1.8001168e-01  -4.2048735e-01  -8.5339959e-01  -3.6737211e-01  -1.2127459e-01  -9.5034364e-01  -1.0974013e+00   9.6308254e-01  -7.8061602e-01  -9.5615213e-01  -9.4094538e-01  -8.9383744e-02  -4.9329397e-01
  -1.0532581e+00  -9.1998844e-01  -2.0364049e-01   1.5460434e-01  -6.8359847e-01  -6.1400644e-02   2.5508352e+00  -6.9323697e-01  -3.9904909e-01   7.7434938e-02  -1.7253918e-01  -3.6737211e-01  -1.2127459e-01  -9.5034364e-01  -6.5381895e-02   2.4144440e+00  -9.6096275e-01  -1.1476964e+00  -1.1478471e+00  -3.2318608e-01  -4.9329397e-01
  -1.0532581e+00  -9.1998844e-01  -2.0364049e-01  -5.6633124e-01  -1.8660602e-01  -6.1400644e-02  -2.7829495e-01  -5.1376058e-01  -5.1486125e-01   3.2639608e-01  -8.7431625e-02  -8.4394655e-01  -1.2127459e-01  -1.9403688e+00  -7.5339482e-01  -4.8827889e-01  -7.8061602e-01  -1.0200002e+00  -1.0788799e+00  -3.5658641e-01   1.1400175e+00
  -1.0532581e+00  -9.1998844e-01  -2.0364049e-01  -9.9679885e-02  -6.8359847e-01  -6.1400644e-02  -2.7829495e-01  -3.3428418e-01  -7.4648556e-01   2.0191551e-01   3.1718948e-02  -1.3469973e+00   5.5582727e-01  -1.9403688e+00  -1.0974013e+00  -4.8827889e-01  -7.8061602e-01  -8.9230404e-01  -1.0788799e+00  -6.2378908e-01  -4.9329397e-01
  -1.0532581e+00  -9.1998844e-01  -2.0364049e-01   8.6983770e-02  -6.8359847e-01  -6.1400644e-02  -2.7829495e-01  -4.5393511e-01  -7.4648556e-01   2.6415579e-01   3.0406311e-01  -1.2675683e+00   6.6273809e-01  -1.6103604e+00  -7.5339482e-01  -4.8827889e-01  -7.8061602e-01  -5.0921552e-01  -7.3404361e-01  -6.2378908e-01  -4.9329397e-01
  -1.0532581e+00  -9.1998844e-01  -2.0364049e-01   6.8952478e-01   1.8085116e-01  -6.1400644e-02  -2.7829495e-01  -8.1288790e-01  -5.1486125e-01   1.5194652e-02   2.1895556e-01  -1.1087101e+00   3.7764257e-01  -1.7203632e+00  -7.5339482e-01  -4.8827889e-01  -7.8061602e-01  -7.0075978e-01  -8.7197812e-01  -5.9038875e-01   1.1400175e+00
  -1.0532581e+00  -3.9591414e-01  -2.0364049e-01  -9.1102233e-01  -6.8359847e-01  -6.1400644e-02   1.4397053e+00  -8.1288790e-01  -2.8323694e-01  -3.5824706e-01   1.4697437e-02  -3.6737211e-01  -1.2127459e-01  -9.5034364e-01  -7.5339482e-01   9.6308254e-01  -9.6096275e-01  -8.9230404e-01  -9.4094538e-01  -3.8998675e-01  -4.9329397e-01
  -1.0532581e+00   3.0635032e-02  -2.0364049e-01  -9.7846600e-01  -6.8359847e-01  -6.1400644e-02  -2.7829495e-01  -8.1288790e-01  -1.6742478e-01  -4.2048735e-01   9.9804989e-02  -5.7918298e-01   1.6382093e-01  -9.5034364e-01  -7.5339482e-01   9.6308254e-01  -9.6096275e-01  -6.3691169e-01  -8.7197812e-01  -5.2358808e-01  -4.9329397e-01
  -1.0532581e+00   3.5389491e-01  -2.0364049e-01  -3.1443710e-01   1.3512460e-01  -6.1400644e-02  -2.7829495e-01  -8.1288790e-01  -2.8323694e-01  -4.2048735e-01  -2.5764673e-01  -4.4680119e-01   9.2547050e-02  -7.8533944e-01  -7.5339482e-01  -4.8827889e-01  -1.7946026e-01  -1.8997508e-01  -1.8230558e-01  -2.8978574e-01   1.1400175e+00
  -1.0532581e+00  -2.9562833e-01  -2.0364049e-01   9.1237722e-02   1.1895229e-01  -6.1400644e-02  -2.7829495e-01  -1.2914916e+00   2.9582384e-01  -2.3376649e-01   1.8491254e-01  -2.3179465e-02  -2.2818541e-01  -4.0032967e-01  -4.0938836e-01  -4.8827889e-01  -6.0026930e-01  -7.6460787e-01  -1.0099126e+00  -2.2298508e-01  -4.9329397e-01
  -1.0532581e+00  -9.1998844e-01  -2.0364049e-01   5.5914692e-01  -3.6129953e-03  -6.1400644e-02  -2.7829495e-01  -1.0521898e+00  -5.1612626e-02  -1.7152621e-01   6.9555785e-01  -5.5270662e-01   2.1273171e-02  -1.1153478e+00  -6.5381895e-02  -4.8827889e-01  -6.0026930e-01  -8.2845596e-01  -1.0099126e+00  -4.9018775e-01  -4.9329397e-01
  -1.0532581e+00  -4.0811426e-01  -2.0364049e-01   1.3406581e-01   3.0334400e-01  -6.1400644e-02  -2.7829495e-01  -1.1120152e+00   6.4199529e-02  -4.2048735e-01  -8.7431625e-02  -1.5556125e-01  -5.0000709e-02  -4.0032967e-01  -7.5339482e-01  -4.8827889e-01  -6.6038487e-01  -7.0075978e-01  -8.7197812e-01  -3.2318608e-01  -4.9329397e-01
  -1.0532581e+00  -6.3033684e-01  -2.0364049e-01  -3.3398995e-02   4.3335362e-01  -6.1400644e-02  -2.7829495e-01  -9.9236430e-01  -5.1612626e-02  -4.2048735e-01   4.8740458e-02  -5.7918298e-01  -5.0000709e-02  -1.2803520e+00  -4.0938836e-01  -4.8827889e-01  -6.6038487e-01  -8.2845596e-01  -9.4094538e-01  -3.8998675e-01  -4.9329397e-01
  -1.0532581e+00   3.7509910e-01  -2.0364049e-01  -2.9244139e-01   1.4875252e-01  -6.1400644e-02  -2.7829495e-01  -7.5306244e-01  -2.8323694e-01  -4.2048735e-01  -2.9168975e-01  -4.4680119e-01   9.2547050e-02  -7.8533944e-01  -7.5339482e-01  -4.8827889e-01  -1.7946026e-01  -1.8997508e-01  -1.8230558e-01  -2.8978574e-01   1.1400175e+00
  -1.0532581e+00   2.7984949e-01  -2.0364049e-01   4.3850338e-01  -6.8359847e-01  -6.1400644e-02  -2.7829495e-01  -6.3341151e-01  -5.1486125e-01  -4.2048735e-01   1.4697437e-02  -5.5270662e-01   2.3509481e-01  -7.8533944e-01  -4.0938836e-01   9.6308254e-01  -1.7946026e-01  -6.2278910e-02  -1.8230558e-01  -5.9038875e-01   1.1400175e+00
  -1.0532581e+00  -9.1998844e-01  -2.0364049e-01   6.5499923e-01   3.8092029e-01  -6.1400644e-02  -2.7829495e-01  -8.7271337e-01  -1.6742478e-01  -4.2048735e-01   5.7640728e-01  -6.0565933e-01  -5.0000709e-02  -1.3353534e+00  -1.0974013e+00  -4.8827889e-01  -5.4015372e-01  -7.6460787e-01  -8.0301087e-01  -4.2338708e-01   1.1400175e+00
  -1.0532581e+00  -9.1998844e-01  -2.0364049e-01   1.2208113e+00  -6.8359847e-01  -6.1400644e-02  -2.7829495e-01  -6.3341151e-01  -6.3067340e-01  -4.2048735e-01   6.6151483e-01  -1.1616628e+00   6.2710115e-01  -1.4453562e+00  -1.0974013e+00  -4.8827889e-01  -5.4015372e-01  -5.0921552e-01  -5.9610910e-01  -6.2378908e-01  -4.9329397e-01
  -1.0532581e+00  -4.5686419e-01  -2.0364049e-01  -3.4499590e-02  -8.8299839e-02  -6.1400644e-02  -2.7829495e-01  -1.1120152e+00   6.4199529e-02  -1.7152621e-01   3.0406311e-01  -2.0851397e-01   2.1273171e-02  -4.0032967e-01  -4.0938836e-01  -4.8827889e-01  -6.0026930e-01  -7.6460787e-01  -9.4094538e-01  -3.2318608e-01  -4.9329397e-01
  -6.2998991e-01  -8.8192899e-02  -2.0364049e-01   6.6504693e-01   3.8558923e-01  -6.1400644e-02  -2.7829495e-01  -1.1718407e+00   4.1163599e-01  -4.2048735e-01   1.0870526e+00   7.4463491e-01  -1.3685675e+00  -5.6533386e-01  -4.0938836e-01  -4.8827889e-01   8.8646672e-04  -1.8997508e-01  -1.8230558e-01  -2.8978574e-01   1.1400175e+00
  -6.2998991e-01  -2.2530207e-01  -2.0364049e-01   2.8577471e-01  -2.3712448e-01  -6.1400644e-02  -2.7829495e-01  -8.7271337e-01  -2.8323694e-01  -4.2048735e-01   4.4023520e-01  -5.7918298e-01   1.6382093e-01  -9.5034364e-01  -4.0938836e-01   9.6308254e-01   8.8646672e-04  -1.2612700e-01  -1.8230558e-01  -4.5678741e-01   1.1400175e+00
  -6.2998991e-01  -9.1998844e-01  -2.0364049e-01   1.0929159e+00  -6.8359847e-01  -6.1400644e-02  -2.7829495e-01  -6.9323697e-01  -5.1486125e-01  -4.2048735e-01   9.3385900e-01  -1.1087101e+00   6.6273809e-01  -1.2803520e+00  -1.0974013e+00  -4.8827889e-01  -2.9969141e-01  -1.2612700e-01  -2.5127283e-01  -6.2378908e-01   1.1400175e+00
  -6.2998991e-01  -9.1998844e-01  -2.0364049e-01   8.6993932e-01  -6.8359847e-01  -6.1400644e-02  -2.7829495e-01  -6.3341151e-01  -6.3067340e-01  -4.2048735e-01   1.1210956e+00  -1.1351865e+00   7.3401197e-01  -1.2253506e+00  -1.0974013e+00  -4.8827889e-01  -1.7946026e-01  -6.2278910e-02  -1.8230558e-01  -6.2378908e-01   1.1400175e+00
  -6.2998991e-01  -9.1998844e-01  -2.0364049e-01   1.1911229e+00  -6.8359847e-01  -6.1400644e-02  -2.7829495e-01  -6.3341151e-01  -5.1486125e-01  -4.2048735e-01   1.1891817e+00  -1.0822338e+00   6.6273809e-01  -1.2253506e+00  -1.0974013e+00  -4.8827889e-01  -1.1934469e-01  -1.2612700e-01  -1.8230558e-01  -5.9038875e-01   1.1400175e+00
   4.2818046e-01  -9.1998844e-01  -2.0364049e-01   3.9160447e-01   2.5852633e-01  -6.1400644e-02  -2.7829495e-01   6.8274873e-01  -3.9904909e-01   1.5712018e+00  -1.3849616e-01   5.5930040e-01  -5.8455481e-01   2.5968710e-01  -6.5381895e-02   3.8658054e+00   2.4134877e-01   2.5696153e-01   2.3149795e-01  -2.8978574e-01   1.1400175e+00
   4.2818046e-01  -5.5982140e-02  -2.0364049e-01  -4.2524679e-02  -6.8359847e-01  -6.1400644e-02  -2.7829495e-01   5.6309780e-01  -8.6229771e-01   5.1311694e-01   3.8917067e-01  -8.1747019e-01   9.8347055e-01  -1.8032408e-01   9.6663750e-01  -4.8827889e-01   8.8646672e-04   5.1235388e-01   3.0046520e-01  -4.2338708e-01  -4.9329397e-01
   4.2818046e-01  -2.8835020e-01  -2.0364049e-01  -1.0534573e+00  -6.8359847e-01  -6.1400644e-02  -2.7829495e-01   5.6309780e-01  -1.0939220e+00   7.7434938e-02   2.1895556e-01  -6.5861205e-01   9.8347055e-01   1.4968430e-01  -1.0974013e+00  -4.8827889e-01   9.0262011e-01   1.0231386e+00   9.9013775e-01  -4.5678741e-01   1.1400175e+00
   6.3981454e-01   9.4179384e-02  -2.0364049e-01  -1.6358711e+00   1.8547388e-01  -6.1400644e-02  -2.7829495e-01   8.4494076e-02  -5.1486125e-01   5.7535722e-01  -7.3424902e-01   1.1153039e+00  -1.4042044e+00   1.4968430e-01   6.2263103e-01   3.8658054e+00   9.0262011e-01   7.0389814e-01   9.9013775e-01   3.1142026e-01   1.1400175e+00
   1.0630827e+00  -9.1998844e-01  -2.0364049e-01   3.3530033e-02   4.8000438e-01  -6.1400644e-02  -2.7829495e-01  -7.5306244e-01  -1.6742478e-01  -1.7152621e-01   1.0870526e+00   2.1510775e-01  -5.1328093e-01  -3.4532827e-01  -6.5381895e-02  -4.8827889e-01   6.6215781e-01   5.1235388e-01   5.0736697e-01  -2.8978574e-01   1.1400175e+00
   1.0630827e+00  -1.4669839e-01  -2.0364049e-01   8.5972193e-01   3.1038643e-01  -6.1400644e-02  -2.7829495e-01  -8.7271337e-01  -5.1612626e-02  -4.2048735e-01   1.5296119e+00   2.4158411e-01  -5.1328093e-01  -2.9032687e-01  -6.5381895e-02   9.6308254e-01   4.8181108e-01   5.7620196e-01   5.7633422e-01  -3.5658641e-01   1.1400175e+00
   1.0630827e+00   5.0863214e-01  -2.0364049e-01  -1.2406852e+00  -6.8359847e-01  -6.1400644e-02  -2.7829495e-01   2.4668611e-02  -7.4648556e-01  -3.5824706e-01   4.9129973e-01  -7.1156476e-01   8.0528585e-01  -2.3532547e-01  -6.5381895e-02   2.4144440e+00   8.4250453e-01   9.5929049e-01   9.9013775e-01  -5.5698841e-01   1.1400175e+00
   1.0630827e+00   3.7344298e-01  -2.0364049e-01  -1.1886339e+00  -6.8359847e-01  -6.1400644e-02  -2.7829495e-01  -3.3428418e-01  -7.4648556e-01  -4.2048735e-01   3.3810613e-01  -5.5270662e-01   5.5582727e-01  -2.9032687e-01   9.6663750e-01  -4.8827889e-01   8.4250453e-01   1.0231386e+00   9.9013775e-01  -6.2378908e-01   1.1400175e+00
   1.0630827e+00  -2.2049787e-01  -2.0364049e-01  -1.8466971e-01  -6.8359847e-01  -6.1400644e-02  -2.7829495e-01  -6.3341151e-01  -3.9904909e-01  -4.2048735e-01   1.9381281e+00  -1.8203761e-01   1.2818399e-01  -1.8032408e-01   2.7862457e-01   9.6308254e-01   9.0262011e-01   8.3159431e-01   8.5220324e-01  -4.2338708e-01   1.1400175e+00
   1.0630827e+00  -9.1998844e-01  -2.0364049e-01  -7.9515106e-01  -6.8359847e-01  -6.1400644e-02  -2.7829495e-01  -8.1288790e-01  -2.8323694e-01  -4.2048735e-01   2.7040961e+00  -1.8203761e-01   1.2818399e-01  -1.8032408e-01  -7.5339482e-01  -4.8827889e-01   9.0262011e-01   7.6774622e-01   7.8323599e-01  -3.5658641e-01   1.1400175e+00
   4.2818046e-01   1.4836793e+00  -2.0364049e-01   3.5884111e-01   2.4330188e-01  -6.1400644e-02  -2.7829495e-01  -5.7358604e-01  -2.8323694e-01  -4.2048735e-01  -1.0445314e-01   5.3282404e-01  -9.0528727e-01  -2.9032687e-01   2.7862457e-01  -4.8827889e-01   4.8181108e-01   4.4850579e-01   5.0736697e-01  -5.5983410e-02   1.1400175e+00
   4.2818046e-01   3.9019729e-01  -2.0364049e-01  -5.4859794e-01   6.6368882e-01  -6.1400644e-02  -2.7829495e-01  -4.5393511e-01  -2.8323694e-01  -4.2048735e-01   6.5761969e-02   5.3282404e-01  -9.4092421e-01  -3.4532827e-01  -7.5339482e-01  -4.8827889e-01   1.8123320e-01   2.5696153e-01   3.0046520e-01   1.0817257e-02   1.1400175e+00
   4.2818046e-01  -9.1998844e-01  -2.0364049e-01   8.2460808e-01   6.2306709e-01  -6.1400644e-02  -2.7829495e-01  -5.7358604e-01  -3.9904909e-01  -4.2048735e-01   5.5938577e-01   3.2101318e-01  -7.6273951e-01  -5.1033246e-01  -4.0938836e-01  -4.8827889e-01   8.8646672e-04   1.5691775e-03   2.4596186e-02  -2.2298508e-01   1.1400175e+00
   4.2818046e-01  -9.1998844e-01  -2.0364049e-01   1.3208642e+00   8.8660956e-01  -6.1400644e-02  -2.7829495e-01  -7.5306244e-01  -1.6742478e-01  -4.2048735e-01   1.5806764e+00   7.4463491e-01  -1.0478350e+00  -7.0321284e-02   9.6663750e-01  -4.8827889e-01   8.8646672e-04   1.5691775e-03   2.4596186e-02  -1.2278408e-01   1.1400175e+00
   4.2818046e-01  -9.1998844e-01  -2.0364049e-01   1.2342072e+00   1.6026833e+00  -6.1400644e-02  -2.7829495e-01  -7.5306244e-01  -1.6742478e-01  -4.2048735e-01   7.9768692e-01   4.7987133e-01  -6.9146563e-01  -7.0321284e-02  -6.5381895e-02  -4.8827889e-01  -1.7946026e-01   1.5691775e-03   2.4596186e-02  -5.5983410e-02   1.1400175e+00
   4.2818046e-01  -9.1998844e-01  -2.0364049e-01   1.1179835e+00   1.8757169e+00  -6.1400644e-02  -2.7829495e-01  -6.9323697e-01  -1.6742478e-01  -4.2048735e-01  -3.6367094e-02   1.8863140e-01  -6.2019175e-01  -5.6533386e-01  -6.5381895e-02   9.6308254e-01  -1.7946026e-01  -6.2278910e-02  -1.1333832e-01  -1.2278408e-01   1.1400175e+00
   4.2818046e-01  -9.1998844e-01  -2.0364049e-01   1.2029239e+00   8.9935475e-01  -6.1400644e-02  -2.7829495e-01  -6.9323697e-01  -2.8323694e-01  -4.2048735e-01   1.0530096e+00   4.5339497e-01  -1.0478350e+00  -6.7533665e-01   2.7862457e-01  -4.8827889e-01   8.8646672e-04  -6.2278910e-02   2.4596186e-02  -1.2278408e-01   1.1400175e+00
   1.1072935e-01  -9.1998844e-01  -2.0364049e-01   1.1657808e+00   1.9201377e+00  -6.1400644e-02  -2.7829495e-01  -1.4709680e+00   1.3381332e+00  -4.2048735e-01   2.4317519e+00   6.3872948e-01  -9.7656115e-01  -1.8032408e-01   9.6663750e-01  -4.8827889e-01   8.8646672e-04  -4.4536743e-01  -1.1333832e-01   1.1130283e+00   1.1400175e+00
   1.1072935e-01  -9.1998844e-01  -2.0364049e-01   5.0977023e-01   2.3075033e+00  -6.1400644e-02  -2.7829495e-01  -1.4709680e+00   1.4539454e+00  -4.2048735e-01   1.7508915e+00   6.3872948e-01  -9.7656115e-01  -1.8032408e-01   9.6663750e-01  -4.8827889e-01   8.8646672e-04  -5.7306361e-01  -1.8230558e-01   1.3468306e+00   1.1400175e+00
   1.1072935e-01  -9.1998844e-01  -2.0364049e-01   7.3256821e-01   4.1696493e-01  -6.1400644e-02  -2.7829495e-01  -5.7358604e-01  -1.6742478e-01  -1.7152621e-01   3.1977199e+00   4.2691861e-01  -8.3401339e-01  -4.0032967e-01   9.6663750e-01  -4.8827889e-01   1.8123320e-01   1.2926535e-01   1.6253070e-01  -1.5618441e-01   1.1400175e+00
   1.1072935e-01  -7.0605794e-01  -2.0364049e-01  -1.0440953e+00   1.7912725e+00  -6.1400644e-02  -2.7829495e-01  -6.9323697e-01  -5.1612626e-02  -2.3376649e-01   7.8066540e-01   3.4748954e-01  -9.0528727e-01  -6.7533665e-01   6.2263103e-01  -4.8827889e-01   8.8646672e-04  -1.8997508e-01   2.4596186e-02   1.7781892e-01   1.1400175e+00
   1.1072935e-01  -9.1998844e-01  -2.0364049e-01  -1.1851758e+00   1.8295438e+00  -6.1400644e-02  -2.7829495e-01  -4.5393511e-01  -1.6742478e-01  -1.7152621e-01   1.0870526e+00   1.8863140e-01  -6.9146563e-01  -6.7533665e-01  -6.5381895e-02  -4.8827889e-01   8.8646672e-04  -1.8997508e-01  -4.4371068e-02   1.1101826e-01   1.1400175e+00
   1.1072935e-01   2.4744390e-01  -2.0364049e-01  -2.1191790e-02   5.1689297e-01  -6.1400644e-02  -2.7829495e-01  -1.0521898e+00   4.1163599e-01  -4.2048735e-01   1.6317409e+00   4.7987133e-01  -1.0478350e+00  -6.2033525e-01   2.7862457e-01   9.6308254e-01   3.6157992e-01   6.5417265e-02   2.3149795e-01   2.7801993e-01   1.1400175e+00
   1.1072935e-01  -1.9440495e-01  -2.0364049e-01  -1.3053594e-01   7.1539605e-01  -6.1400644e-02  -2.7829495e-01  -9.9236430e-01   1.8001168e-01  -4.2048735e-01   1.1891817e+00   5.8577676e-01  -1.1903828e+00  -6.2033525e-01   2.7862457e-01   2.4144440e+00   3.0146435e-01   1.2926535e-01   2.3149795e-01   1.7781892e-01   1.1400175e+00
   1.1072935e-01   4.5241776e-01  -2.0364049e-01  -2.1223663e-01  -2.4257668e-01  -6.1400644e-02  -2.7829495e-01  -9.3253883e-01   2.9582384e-01  -4.2048735e-01   2.5849455e+00   4.0044226e-01  -9.4092421e-01  -6.2033525e-01   1.6546504e+00   2.4144440e+00   3.6157992e-01   1.2926535e-01   3.0046520e-01   4.4217591e-02   1.1400175e+00
   1.1072935e-01   3.4434078e-01  -2.0364049e-01  -4.7007267e-01  -1.4187670e-01  -6.1400644e-02  -2.7829495e-01  -1.0521898e+00   2.9582384e-01  -4.2048735e-01   2.0743002e+00   4.0044226e-01  -9.4092421e-01  -6.2033525e-01   1.6546504e+00   2.4144440e+00   3.6157992e-01   1.2926535e-01   2.3149795e-01   1.0817257e-02   1.1400175e+00
   1.1072935e-01  -9.1998844e-01  -2.0364049e-01   7.1452903e-01  -2.4672609e-01  -6.1400644e-02  -2.7829495e-01  -4.5393511e-01  -3.9904909e-01  -4.2048735e-01   3.5551716e+00   4.2691861e-01  -8.3401339e-01  -4.0032967e-01   1.6546504e+00   9.6308254e-01   2.4134877e-01   1.9311344e-01   2.3149795e-01  -2.8978574e-01   1.1400175e+00
   1.1072935e-01  -9.1998844e-01  -2.0364049e-01   1.0036726e+00  -6.8359847e-01  -6.1400644e-02  -2.7829495e-01  -2.1463325e-01  -5.1486125e-01  -1.0928592e-01   3.5211286e+00  -2.3179465e-02  -2.2818541e-01  -4.0032967e-01   1.3106440e+00   2.4144440e+00   2.4134877e-01   1.9311344e-01   2.3149795e-01  -4.2338708e-01   1.1400175e+00
   1.1072935e-01  -9.1998844e-01  -2.0364049e-01  -1.1355284e+00  -2.1860124e-01  -6.1400644e-02  -2.7829495e-01  -3.5156855e-02  -7.4648556e-01   3.8863637e-01   1.6317409e+00  -2.3499033e-01  -2.9945929e-01  -9.5034364e-01  -7.5339482e-01  -4.8827889e-01   2.4134877e-01   1.9311344e-01   1.6253070e-01  -4.2338708e-01   1.1400175e+00
  -1.0090472e-01  -9.1998844e-01  -2.0364049e-01   4.3359364e-01   2.2013103e+00  -6.1400644e-02  -2.7829495e-01  -9.3253883e-01   7.5907246e-01  -1.7152621e-01  -7.8531355e-01   9.0349305e-01  -1.1191089e+00   1.4968430e-01   9.6663750e-01   9.6308254e-01  -5.9229110e-02  -8.2845596e-01  -3.2024009e-01   1.7142343e+00   1.1400175e+00
  -1.0090472e-01  -9.1998844e-01  -2.0364049e-01   9.9045835e-01   2.1640003e+00  -6.1400644e-02  -2.7829495e-01  -1.1718407e+00   1.1065089e+00  -2.3376649e-01  -7.3424902e-01   9.0349305e-01  -1.1191089e+00   1.4968430e-01   9.6663750e-01   9.6308254e-01   8.8646672e-04  -8.2845596e-01  -1.8230558e-01   2.0482376e+00   1.1400175e+00
  -1.0090472e-01  -9.1998844e-01  -2.0364049e-01   2.7527392e-01   1.9806069e+00  -6.1400644e-02  -2.7829495e-01  -7.5306244e-01   4.1163599e-01  -4.7045634e-02  -1.0065932e+00   6.1225312e-01  -1.1191089e+00  -4.5533106e-01  -4.0938836e-01   9.6308254e-01  -5.9229110e-02  -8.2845596e-01  -2.5127283e-01   1.6474336e+00   1.1400175e+00
  -1.0090472e-01  -9.1998844e-01  -2.0364049e-01  -1.8165264e-01   2.0193792e+00  -6.1400644e-02  -2.7829495e-01  -3.3428418e-01  -5.1486125e-01  -4.7045634e-02  -9.7255016e-01  -1.5556125e-01  -6.2019175e-01  -1.2803520e+00   2.7862457e-01  -4.8827889e-01  -5.9229110e-02  -5.7306361e-01  -1.8230558e-01   6.1202326e-01   1.1400175e+00
  -1.0090472e-01  -9.1998844e-01  -2.0364049e-01   2.0486331e-01   1.4547769e+00  -6.1400644e-02  -2.7829495e-01  -7.5306244e-01   8.7488462e-01   3.2639608e-01  -3.5977579e-01   9.0349305e-01  -1.1191089e+00   1.4968430e-01   6.2263103e-01   9.6308254e-01   4.2169550e-01  -5.0921552e-01   2.4596186e-02   2.3488406e+00   1.1400175e+00
  -1.0090472e-01  -3.4463952e-01  -2.0364049e-01  -4.4337379e-02   7.9550532e-01  -6.1400644e-02  -2.7829495e-01  -1.5480779e-01  -5.1486125e-01   2.6415579e-01  -6.1509845e-01   7.4463491e-01  -1.4042044e+00  -6.2033525e-01   6.2263103e-01  -4.8827889e-01   4.2169550e-01   6.5417265e-02   3.0046520e-01   4.4502159e-01   1.1400175e+00
  -1.0090472e-01  -9.1998844e-01  -2.0364049e-01   8.0985995e-01   1.0211204e+00  -6.1400644e-02  -2.7829495e-01  -2.7445872e-01  -3.9904909e-01   3.8863637e-01  -5.6403392e-01   6.9168219e-01  -1.4042044e+00  -7.3033805e-01   9.6663750e-01  -4.8827889e-01   4.2169550e-01  -6.2278910e-02   1.6253070e-01   7.4562460e-01   1.1400175e+00
  -1.0090472e-01   1.4695605e-01  -2.0364049e-01   2.0874671e-01   1.7164347e+00  -6.1400644e-02   1.4705134e+00  -6.9323697e-01   5.2744815e-01  -4.2048735e-01  -9.8957168e-01   1.4065438e+00  -1.4042044e+00   7.5469967e-01   9.6663750e-01  -4.8827889e-01   3.6157992e-01  -4.4536743e-01   1.6253070e-01   2.3154403e+00   1.1400175e+00
  -1.0090472e-01   6.4091182e-01  -2.0364049e-01  -5.5642808e-01   8.2118420e-01  -6.1400644e-02   2.2801469e+00  -5.7358604e-01   2.9582384e-01  -4.2048735e-01  -1.3980879e+00   1.3800675e+00  -1.3685675e+00   7.5469967e-01   6.2263103e-01   9.6308254e-01   4.2169550e-01  -3.1767126e-01   3.6943246e-01   2.3822409e+00   1.1400175e+00
  -1.0090472e-01   6.2187646e-01  -2.0364049e-01  -3.6452501e-02   1.2983104e+00  -6.1400644e-02  -2.7829495e-01  -3.9410965e-01  -1.6742478e-01  -4.2048735e-01  -9.0446412e-01   5.5930040e-01  -1.1547458e+00  -6.2033525e-01   2.7862457e-01  -4.8827889e-01   4.2169550e-01  -1.2612700e-01   3.6943246e-01   1.4470316e+00   1.1400175e+00
  -1.0090472e-01   7.8856456e-01  -2.0364049e-01   7.2723391e-01   7.8051441e-01  -6.1400644e-02  -2.7829495e-01  -1.5480779e-01  -6.3067340e-01  -4.2048735e-01  -8.5339959e-01   1.3567868e-01  -5.8455481e-01  -6.2033525e-01  -7.5339482e-01  -4.8827889e-01   3.6157992e-01   1.9311344e-01   3.6943246e-01   1.1101826e-01   1.1400175e+00
  -1.0090472e-01  -9.1998844e-01  -2.0364049e-01  -1.6328359e-01  -6.8359847e-01  -6.1400644e-02  -2.7829495e-01  -9.3253883e-01  -5.1486125e-01  -4.2048735e-01   8.1470843e-01  -1.1351865e+00   9.4783361e-01  -8.9534224e-01  -1.4414078e+00  -4.8827889e-01  -4.1992257e-01   1.5691775e-03  -1.8230558e-01  -5.2358808e-01  -4.9329397e-01
  -1.0090472e-01  -9.1998844e-01  -2.0364049e-01   3.7523813e-02  -6.8359847e-01  -6.1400644e-02  -2.7829495e-01  -9.3253883e-01  -5.1486125e-01  -4.2048735e-01   7.9768692e-01  -1.1351865e+00   8.7655973e-01  -1.0053450e+00  -1.4414078e+00  -4.8827889e-01  -4.1992257e-01  -1.2612700e-01  -3.2024009e-01  -5.9038875e-01  -4.9329397e-01
  -1.0090472e-01  -5.6632992e-01  -2.0364049e-01  -6.5757871e-01  -6.8359847e-01  -6.1400644e-02  -2.7829495e-01  -9.3253883e-01  -5.1486125e-01  -4.2048735e-01   7.1257936e-01  -1.2410919e+00   1.1260183e+00  -8.4034084e-01  -1.4414078e+00  -4.8827889e-01   8.8646672e-04   1.9311344e-01   9.3563441e-02  -6.2378908e-01  -4.9329397e-01
  -1.0090472e-01   1.1843043e+00  -2.0364049e-01   3.0443146e-01  -6.8359847e-01  -6.1400644e-02  -2.7829495e-01  -1.1718407e+00  -1.6742478e-01  -4.2048735e-01  -2.4062522e-01  -8.4394655e-01   9.4783361e-01  -2.9032687e-01  -1.0974013e+00  -4.8827889e-01   8.8646672e-04   3.2080961e-01   1.6253070e-01  -5.2358808e-01  -4.9329397e-01
  -1.0090472e-01   1.0402119e+00  -2.0364049e-01   1.0752881e+00  -6.8359847e-01  -6.1400644e-02  -2.7829495e-01  -1.2316662e+00  -1.6742478e-01  -4.2048735e-01  -1.5551767e-01  -8.4394655e-01   9.4783361e-01  -2.9032687e-01  -7.5339482e-01  -4.8827889e-01   8.8646672e-04   3.2080961e-01   1.6253070e-01  -5.2358808e-01  -4.9329397e-01
  -1.0090472e-01   2.1731717e+00  -2.0364049e-01   5.0320866e-01  -6.8359847e-01  -6.1400644e-02  -2.7829495e-01  -9.9236430e-01  -5.1612626e-02  -4.2048735e-01  -6.6616298e-01  -5.7918298e-01   9.8347055e-01   3.1468850e-01   1.3106440e+00  -4.8827889e-01   4.2169550e-01   7.6774622e-01   5.7633422e-01  -4.2338708e-01  -4.9329397e-01
  -1.0090472e-01   1.7953495e+00  -2.0364049e-01   2.4192507e-01  -6.8359847e-01  -6.1400644e-02  -2.7829495e-01  -9.3253883e-01  -1.6742478e-01  -4.2048735e-01  -6.3211996e-01   4.0044226e-01  -2.9945929e-01   3.6968989e-01   1.3106440e+00  -4.8827889e-01   4.2169550e-01   7.6774622e-01   5.7633422e-01  -3.8998675e-01   1.1400175e+00
  -1.0090472e-01   1.7726778e+00  -2.0364049e-01   5.6963072e-02  -6.8359847e-01  -6.1400644e-02  -2.7829495e-01  -1.2914916e+00   6.4199529e-02  -4.2048735e-01  -2.7466824e-01  -5.7918298e-01   1.1972922e+00   6.4469688e-01  -4.0938836e-01  -4.8827889e-01   7.2227338e-01   9.5929049e-01   8.5220324e-01  -4.5678741e-01  -4.9329397e-01
  -1.0090472e-01   1.4817224e+00  -2.0364049e-01  -6.8678147e-01  -6.8359847e-01  -6.1400644e-02  -2.7829495e-01  -1.1718407e+00  -5.1612626e-02  -4.2048735e-01  -2.9168975e-01   4.5339497e-01  -1.2127459e-01   7.5469967e-01   6.2263103e-01  -4.8827889e-01   8.8646672e-04   7.0389814e-01   5.0736697e-01  -1.2278408e-01  -4.9329397e-01
  -1.0090472e-01   1.6868759e+00  -2.0364049e-01  -1.0349441e+00  -6.8359847e-01  -6.1400644e-02  -2.7829495e-01  -1.1718407e+00  -1.6742478e-01  -4.2048735e-01  -2.4062522e-01   2.1510775e-01  -1.2127459e-01   2.5968710e-01   2.7862457e-01  -4.8827889e-01   8.8646672e-04   5.1235388e-01   3.0046520e-01  -3.8998675e-01  -4.9329397e-01
  -1.0090472e-01   1.7873546e+00  -2.0364049e-01  -1.3805726e-01  -6.8359847e-01  -6.1400644e-02  -2.7829495e-01  -1.0521898e+00  -5.1612626e-02  -4.2048735e-01   8.2783479e-02  -5.7918298e-01   9.8347055e-01   3.1468850e-01   9.6663750e-01  -4.8827889e-01   7.2227338e-01   8.3159431e-01   7.1426873e-01  -4.5678741e-01  -4.9329397e-01
  -1.0090472e-01   2.4292280e+00  -2.0364049e-01   2.1705359e-01  -6.8359847e-01  -6.1400644e-02  -2.7829495e-01  -9.9236430e-01  -1.6742478e-01  -4.2048735e-01  -7.1722751e-01   4.0044226e-01  -2.9945929e-01   3.6968989e-01   9.6663750e-01  -4.8827889e-01   4.2169550e-01   8.3159431e-01   6.4530148e-01  -4.2338708e-01   1.1400175e+00
  -3.1253880e-01   4.3922019e-02  -2.0364049e-01  -1.1914753e+00  -6.8359847e-01  -6.1400644e-02  -2.7829495e-01  -1.0521898e+00  -2.8323694e-01  -3.5824706e-01  -5.3388604e-02  -3.6737211e-01   2.7073175e-01  -3.4532827e-01  -4.0938836e-01  -4.8827889e-01  -1.7946026e-01   1.5691775e-03  -1.8230558e-01  -5.5698841e-01  -4.9329397e-01
  -3.1253880e-01  -1.4551420e-01  -2.0364049e-01  -1.6358711e+00  -6.8359847e-01  -6.1400644e-02  -2.7829495e-01  -9.9236430e-01  -3.9904909e-01  -3.5824706e-01  -1.8956069e-01  -1.1616628e+00   1.1260183e+00  -6.7533665e-01  -1.0974013e+00  -4.8827889e-01  -1.7946026e-01   1.5691775e-03  -1.8230558e-01  -6.2378908e-01  -4.9329397e-01
  -3.1253880e-01   6.3451470e-01  -2.0364049e-01  -2.0251233e-01  -3.5057279e-01  -6.1400644e-02  -2.7829495e-01  -1.1718407e+00   6.4199529e-02  -4.2048735e-01   5.2534275e-01  -3.9384847e-01   4.4891645e-01  -1.2532268e-01  -6.5381895e-02  -4.8827889e-01  -4.1992257e-01  -6.2278910e-02  -3.8920734e-01  -2.2298508e-01  -4.9329397e-01
  -3.1253880e-01   8.1792113e-01  -2.0364049e-01   3.6721905e-01  -6.8359847e-01  -6.1400644e-02  -2.7829495e-01  -1.2914916e+00   6.4199529e-02  -4.2048735e-01   7.4662238e-01  -7.9099384e-01   8.7655973e-01  -2.9032687e-01  -1.0974013e+00  -4.8827889e-01  -1.7946026e-01   3.8465770e-01   3.0046520e-01  -3.2318608e-01  -4.9329397e-01
  -3.1253880e-01   1.2916662e+00  -2.0364049e-01  -1.0639793e-01  -6.8359847e-01  -6.1400644e-02  -2.7829495e-01  -1.2316662e+00   6.4199529e-02  -4.2048735e-01   8.8279447e-01  -7.6451748e-01   8.4092279e-01  -2.9032687e-01  -1.0974013e+00  -4.8827889e-01  -1.7946026e-01   3.2080961e-01   9.3563441e-02  -3.8998675e-01  -4.9329397e-01
  -3.1253880e-01   2.6261345e+00  -2.0364049e-01   1.0050963e+00  -6.8359847e-01  -6.1400644e-02  -2.7829495e-01  -1.2914916e+00   6.4199529e-02  -4.2048735e-01  -1.3129804e+00  -5.5270662e-01   6.6273809e-01  -1.2532268e-01   2.7862457e-01  -4.8827889e-01   4.8181108e-01   6.4005005e-01   5.7633422e-01  -4.2338708e-01  -4.9329397e-01
  -3.1253880e-01   2.8494403e+00  -2.0364049e-01   5.3642416e-01  -6.8359847e-01  -6.1400644e-02  -2.7829495e-01  -1.3513171e+00   1.8001168e-01  -4.2048735e-01  -1.3129804e+00  -4.2032483e-01   6.2710115e-01   9.4682907e-02  -6.5381895e-02  -4.8827889e-01   3.0146435e-01   6.4005005e-01   5.0736697e-01  -3.8998675e-01  -4.9329397e-01
  -3.1253880e-01   1.1045579e+00  -2.0364049e-01   1.1642853e+00  -6.8359847e-01  -6.1400644e-02  -2.7829495e-01  -1.3513171e+00   6.4199529e-02  -4.2048735e-01   4.0619218e-01  -5.5270662e-01   6.6273809e-01  -1.2532268e-01  -6.5381895e-02  -4.8827889e-01   6.6215781e-01   6.4005005e-01   6.4530148e-01  -4.5678741e-01   1.1400175e+00
  -3.1253880e-01   1.8587571e+00  -2.0364049e-01   1.2465976e+00  -6.8359847e-01  -6.1400644e-02  -2.7829495e-01  -1.4111426e+00   6.4199529e-02  -4.2048735e-01  -6.3211996e-01  -5.2623026e-01   6.2710115e-01  -1.2532268e-01  -6.5381895e-02  -4.8827889e-01   4.8181108e-01   5.7620196e-01   5.0736697e-01  -4.2338708e-01   1.1400175e+00
  -3.1253880e-01   2.2233715e+00  -2.0364049e-01   1.2625229e+00  -6.8359847e-01  -6.1400644e-02  -2.7829495e-01  -1.3513171e+00   1.8001168e-01  -4.2048735e-01  -1.3980879e+00  -4.2032483e-01   6.2710115e-01   9.4682907e-02  -6.5381895e-02  -4.8827889e-01   3.0146435e-01   5.7620196e-01   5.0736697e-01  -3.2318608e-01  -4.9329397e-01
  -3.1253880e-01   2.1109378e+00  -2.0364049e-01   1.3584743e+00  -6.8359847e-01  -6.1400644e-02  -2.7829495e-01  -1.2914916e+00   1.8001168e-01  -4.2048735e-01  -1.3980879e+00  -5.2623026e-01   7.6964891e-01   9.4682907e-02  -6.5381895e-02  -4.8827889e-01   1.2111762e-01   6.4005005e-01   5.0736697e-01  -2.5638541e-01  -4.9329397e-01
  -1.0532581e+00  -7.8037806e-02  -2.0364049e-01  -1.2477029e+00   7.5938960e-01  -6.1400644e-02  -2.7829495e-01  -1.7700953e+00   1.4539454e+00  -4.2048735e-01   1.9381281e+00   1.4594966e+00  -1.4042044e+00   8.6470247e-01   6.2263103e-01   9.6308254e-01  -8.4073160e-01  -7.0075978e-01  -9.4094538e-01   7.4562460e-01  -4.9329397e-01
  -1.0532581e+00   1.2635297e-01  -2.0364049e-01  -1.1534718e+00   1.1096874e+00  -6.1400644e-02  -2.7829495e-01  -1.8897463e+00   1.8013819e+00  -4.2048735e-01   2.1934508e+00   1.4594966e+00  -1.4042044e+00   8.6470247e-01   6.2263103e-01   9.6308254e-01  -8.4073160e-01  -7.0075978e-01  -9.4094538e-01   1.1130283e+00  -4.9329397e-01
  -1.0532581e+00  -4.5171835e-01  -2.0364049e-01  -1.6358711e+00   1.7240538e+00  -6.1400644e-02  -2.7829495e-01  -1.8897463e+00   2.0330062e+00  -4.2048735e-01   2.1423862e+00   1.4594966e+00  -1.4042044e+00   8.6470247e-01   2.7862457e-01   9.6308254e-01  -1.0210783e+00  -8.9230404e-01  -1.0788799e+00   1.3802309e+00  -4.9329397e-01
  -1.0532581e+00   1.9888698e-01  -2.0364049e-01  -8.6211108e-01   3.5501223e-02  -6.1400644e-02  -2.7829495e-01  -1.6504444e+00   7.5907246e-01  -4.2048735e-01   1.2232247e+00  -7.6132181e-02   1.6382093e-01   9.4682907e-02  -7.5339482e-01  -4.8827889e-01  -8.4073160e-01  -5.7306361e-01  -9.4094538e-01  -8.9383744e-02  -4.9329397e-01
  -1.0532581e+00  -3.0474308e-01  -2.0364049e-01  -1.6358711e+00   1.6889056e+00  -6.1400644e-02  -2.7829495e-01  -1.9495717e+00   2.4962548e+00  -4.2048735e-01   2.9083542e+00   1.4594966e+00  -1.4042044e+00   8.6470247e-01   9.6663750e-01   9.6308254e-01  -8.4073160e-01  -8.9230404e-01  -1.0099126e+00   1.9480366e+00  -4.9329397e-01
   7.4563157e-01   1.1422770e-01  -2.0364049e-01   1.5216333e-01  -6.8359847e-01  -6.1400644e-02  -2.7829495e-01  -6.9323697e-01  -3.9904909e-01  -4.2048735e-01   7.8066540e-01  -8.9689927e-01   1.4467508e+00   3.6968989e-01  -1.0974013e+00  -4.8827889e-01   4.8181108e-01   7.0389814e-01   5.7633422e-01  -5.9038875e-01  -2.1266055e+00
   7.4563157e-01   2.4715822e-02  -2.0364049e-01   1.0629345e-01  -6.8359847e-01  -6.1400644e-02  -2.7829495e-01  -6.3341151e-01  -3.9904909e-01  -4.2048735e-01   1.0019450e+00  -1.0028047e+00   1.3754769e+00   3.9681510e-02  -7.5339482e-01  -4.8827889e-01   4.8181108e-01   6.4005005e-01   5.0736697e-01  -6.2378908e-01  -4.9329397e-01
   7.4563157e-01   7.9087654e-01  -2.0364049e-01  -6.8935006e-01  -6.8359847e-01  -6.1400644e-02  -2.7829495e-01  -2.1463325e-01  -7.4648556e-01  -4.2048735e-01  -2.3240730e-03  -8.4394655e-01   1.4467508e+00   4.7969269e-01  -7.5339482e-01  -4.8827889e-01   4.8181108e-01   7.0389814e-01   5.7633422e-01  -5.9038875e-01  -2.1266055e+00
   7.4563157e-01   1.0326435e+00  -2.0364049e-01  -2.8552539e-01  -6.8359847e-01  -6.1400644e-02  -2.7829495e-01  -6.3341151e-01  -5.1486125e-01  -4.2048735e-01  -1.9345583e-02  -8.4394655e-01   1.4467508e+00   4.7969269e-01  -6.5381895e-02  -4.8827889e-01   4.8181108e-01   7.6774622e-01   6.4530148e-01  -5.9038875e-01  -2.1266055e+00
   7.4563157e-01   6.7609894e-01  -2.0364049e-01  -5.9047214e-02  -6.8359847e-01  -6.1400644e-02  -2.7829495e-01  -3.3428418e-01  -7.4648556e-01  -4.2048735e-01  -1.0445314e-01  -1.0557574e+00   1.6249355e+00   3.1468850e-01  -1.0974013e+00  -4.8827889e-01   4.8181108e-01   8.3159431e-01   6.4530148e-01  -5.9038875e-01  -2.1266055e+00
   7.4563157e-01   8.0213989e-01  -2.0364049e-01  -4.7950398e-02  -6.8359847e-01  -6.1400644e-02  -2.7829495e-01  -3.9410965e-01  -6.3067340e-01  -4.2048735e-01  -1.8956069e-01  -1.0557574e+00   1.6249355e+00   3.1468850e-01  -1.0974013e+00  -4.8827889e-01   4.8181108e-01   8.3159431e-01   6.4530148e-01  -5.5698841e-01  -2.1266055e+00
   7.4563157e-01   2.2592929e-01  -2.0364049e-01  -5.0948715e-02  -1.9261198e-01  -6.1400644e-02  -2.7829495e-01  -4.5393511e-01  -1.6742478e-01  -4.2048735e-01  -7.0410115e-02   8.5054034e-01  -7.9837645e-01   5.3469408e-01   9.6663750e-01   9.6308254e-01   3.0146435e-01   6.4005005e-01   5.7633422e-01  -2.5638541e-01   1.1400175e+00
   7.4563157e-01  -1.4193969e-01  -2.0364049e-01  -5.5974946e-01  -6.8359847e-01  -6.1400644e-02  -2.7829495e-01  -3.9410965e-01  -5.1486125e-01  -4.2048735e-01   5.9342879e-01  -7.1156476e-01   8.4092279e-01  -1.8032408e-01  -7.5339482e-01  -4.8827889e-01   3.6157992e-01   5.1235388e-01   3.6943246e-01  -5.9038875e-01  -4.9329397e-01
   7.4563157e-01  -2.8940030e-01  -2.0364049e-01   1.0846575e-01  -6.8359847e-01  -6.1400644e-02  -2.7829495e-01  -5.7358604e-01  -5.1486125e-01  -4.2048735e-01   5.7640728e-01  -1.2146156e+00   1.4467508e+00  -2.9032687e-01  -1.4414078e+00  -4.8827889e-01   4.8181108e-01   6.4005005e-01   5.7633422e-01  -6.5718941e-01  -4.9329397e-01
   3.2236343e-01  -6.1846427e-02  -2.0364049e-01   7.3792667e-01  -6.8359847e-01  -6.1400644e-02  -2.7829495e-01  -9.3253883e-01  -1.6742478e-01  -4.2048735e-01   3.7214916e-01  -9.7632834e-01   1.1616552e+00  -2.3532547e-01  -4.0938836e-01  -4.8827889e-01   1.2111762e-01   3.8465770e-01   2.3149795e-01  -5.9038875e-01  -4.9329397e-01
   3.2236343e-01  -2.1855753e-01  -2.0364049e-01   7.8950713e-01  -6.8359847e-01  -6.1400644e-02  -2.7829495e-01  -9.9236430e-01  -5.1612626e-02  -4.2048735e-01   2.5299858e-01  -8.9689927e-01   1.0547444e+00  -2.3532547e-01  -7.5339482e-01  -4.8827889e-01   1.2111762e-01   3.8465770e-01   2.3149795e-01  -6.2378908e-01  -4.9329397e-01
   3.2236343e-01   1.0358800e+00  -2.0364049e-01   1.0692966e+00  -3.2444591e-01  -6.1400644e-02  -2.7829495e-01  -1.0521898e+00  -5.1612626e-02  -4.2048735e-01   4.8740458e-02   8.5054034e-01  -9.4092421e-01   3.1468850e-01  -6.5381895e-02   2.4144440e+00   1.2111762e-01   4.4850579e-01   3.0046520e-01  -4.2338708e-01   1.1400175e+00
   3.2236343e-01  -4.4734200e-01  -2.0364049e-01   3.2528517e-01  -6.8359847e-01  -6.1400644e-02  -2.7829495e-01  -1.1120152e+00  -1.6742478e-01  -4.2048735e-01   3.2108462e-01  -9.7632834e-01   1.1616552e+00  -2.3532547e-01  -1.0974013e+00   9.6308254e-01   6.1002043e-02   3.2080961e-01   1.6253070e-01  -6.2378908e-01  -4.9329397e-01
   3.2236343e-01   1.1850342e+00  -2.0364049e-01   9.1165937e-01   6.6929668e-01  -6.1400644e-02  -2.7829495e-01  -1.1120152e+00   1.8001168e-01  -4.2048735e-01  -3.7679730e-01   8.5054034e-01  -9.4092421e-01   3.1468850e-01  -6.5381895e-02   2.4144440e+00   3.0146435e-01   3.2080961e-01   3.0046520e-01  -1.5618441e-01   1.1400175e+00
   3.2236343e-01   7.8568336e-01  -2.0364049e-01   1.3130289e+00   9.6075090e-01  -6.1400644e-02  -2.7829495e-01  -1.2914916e+00   4.1163599e-01  -4.2048735e-01   9.9804989e-02   1.0093985e+00  -1.0834720e+00   4.2469129e-01   6.2263103e-01   2.4144440e+00   1.8123320e-01   2.5696153e-01   2.3149795e-01  -2.2583076e-02   1.1400175e+00
   3.2236343e-01   5.6920969e-01  -2.0364049e-01   4.2384349e-01   8.4777048e-01  -6.1400644e-02  -2.7829495e-01  -1.0521898e+00   6.4199529e-02  -4.2048735e-01  -4.1084032e-01   5.8577676e-01  -7.6273951e-01   3.9681510e-02   2.7862457e-01   2.4144440e+00   4.2169550e-01   3.8465770e-01   3.6943246e-01  -1.2278408e-01   1.1400175e+00
   3.2236343e-01  -4.0914836e-01  -2.0364049e-01   4.8376248e-01   1.2862989e+00  -6.1400644e-02  -2.7829495e-01  -1.2914916e+00   2.9582384e-01  -4.2048735e-01   3.1718948e-02   3.7396590e-01  -7.6273951e-01  -4.0032967e-01   6.2263103e-01   2.4144440e+00   1.8123320e-01   6.5417265e-02   1.6253070e-01  -1.2278408e-01   1.1400175e+00
   3.2236343e-01   1.4784681e+00  -2.0364049e-01   2.5973615e-01   1.9724993e-01  -6.1400644e-02  -2.7829495e-01  -1.2316662e+00   1.2223211e+00  -4.2048735e-01  -7.3424902e-01   6.3872948e-01  -3.7073317e-01   7.5469967e-01  -6.5381895e-02   2.4144440e+00   4.2169550e-01   6.4005005e-01   6.4530148e-01  -1.8958474e-01  -4.9329397e-01
   3.2236343e-01   1.9212008e+00  -2.0364049e-01   4.8267917e-02  -1.6187608e-01  -6.1400644e-02  -2.7829495e-01  -1.1718407e+00   1.2223211e+00  -4.2048735e-01  -6.1509845e-01   4.0044226e-01  -5.0000709e-02   7.5469967e-01   2.7862457e-01   2.4144440e+00   4.2169550e-01   7.6774622e-01   7.1426873e-01  -3.5658641e-01  -4.9329397e-01
   3.2236343e-01  -8.1759132e-02  -2.0364049e-01  -4.7651354e-01   3.9385918e-01  -6.1400644e-02  -2.7829495e-01  -1.2316662e+00   6.4199529e-02  -4.2048735e-01   8.3172994e-01  -4.9975390e-01   4.1327951e-01  -4.0032967e-01  -6.5381895e-02  -4.8827889e-01   8.8646672e-04   6.5417265e-02  -4.4371068e-02  -3.8998675e-01  -4.9329397e-01
   3.2236343e-01  -1.1081774e-01  -2.0364049e-01  -5.1670460e-01   8.7656022e-01  -6.1400644e-02  -2.7829495e-01  -1.2914916e+00   1.8001168e-01  -4.2048735e-01   1.5086952e-01  -1.8203761e-01  -1.4363769e-02  -4.0032967e-01  -4.0938836e-01  -4.8827889e-01  -1.7946026e-01   1.5691775e-03  -1.1333832e-01  -3.5658641e-01   1.1400175e+00
   4.2818046e-01   2.5850826e+00  -2.0364049e-01   9.5512728e-02  -6.8359847e-01  -6.1400644e-02  -2.7829495e-01  -1.2914916e+00   1.1065089e+00  -4.2048735e-01  -3.9381881e-01  -5.7918298e-01   9.4783361e-01   2.5968710e-01  -7.5339482e-01  -4.8827889e-01   4.2169550e-01   7.6774622e-01   6.4530148e-01  -4.5678741e-01  -4.9329397e-01
   4.2818046e-01   2.4787460e+00  -2.0364049e-01   2.4444900e-01  -6.8359847e-01  -6.1400644e-02  -2.7829495e-01  -1.3513171e+00   9.9069677e-01  -4.2048735e-01  -1.7253918e-01  -2.6146668e-01   8.4092279e-01   7.5469967e-01  -4.0938836e-01   9.6308254e-01   5.4192665e-01   7.0389814e-01   5.7633422e-01  -4.9018775e-01  -4.9329397e-01
   3.2236343e-01   1.2347447e-01  -2.0364049e-01  -6.7372660e-01   6.5766589e-01  -6.1400644e-02  -2.7829495e-01  -1.1718407e+00   6.4199529e-02  -4.2048735e-01   1.1682650e-01  -1.5556125e-01  -1.4363769e-02  -3.4532827e-01  -4.0938836e-01  -4.8827889e-01   8.8646672e-04   6.5417265e-02  -4.4371068e-02  -3.5658641e-01  -4.9329397e-01
   3.2236343e-01   8.1196940e-01  -2.0364049e-01  -3.8886933e-02   5.8486131e-02  -6.1400644e-02  -2.7829495e-01  -1.1120152e+00   6.4199529e-02  -4.2048735e-01  -8.1935657e-01  -1.5556125e-01  -1.4363769e-02  -3.4532827e-01  -6.5381895e-02  -4.8827889e-01   1.8123320e-01   2.5696153e-01   1.6253070e-01  -3.5658641e-01   1.1400175e+00
  -7.3580694e-01  -9.1998844e-01  -2.0364049e-01  -2.2278208e-01  -2.6966036e-02  -6.1400644e-02  -2.7829495e-01  -7.5306244e-01  -5.1486125e-01   5.1311694e-01  -3.7679730e-01  -1.0822338e+00   2.3509481e-01  -1.8853674e+00  -1.0974013e+00  -4.8827889e-01  -7.8061602e-01  -7.6460787e-01  -8.7197812e-01  -6.2378908e-01   1.1400175e+00
  -7.3580694e-01  -7.0569536e-01  -2.0364049e-01  -1.5392393e-01  -4.0814674e-01  -6.1400644e-02  -2.7829495e-01  -5.7358604e-01  -6.3067340e-01   8.2431837e-01  -2.2360371e-01  -8.1747019e-01   3.7764257e-01  -1.1153478e+00  -6.5381895e-02  -4.8827889e-01  -6.0026930e-01  -5.0921552e-01  -6.6507636e-01  -6.2378908e-01  -4.9329397e-01
  -7.3580694e-01  -9.1998844e-01  -2.0364049e-01  -2.4248651e-01  -6.8359847e-01  -6.1400644e-02  -2.7829495e-01  -4.5393511e-01  -7.4648556e-01   8.2431837e-01  -1.8956069e-01  -1.3734737e+00   9.1219667e-01  -1.4453562e+00  -7.5339482e-01  -4.8827889e-01  -6.0026930e-01  -5.0921552e-01  -6.6507636e-01  -6.5718941e-01  -4.9329397e-01
  -7.3580694e-01  -6.7893426e-01  -2.0364049e-01  -3.0225991e-01  -6.8359847e-01  -6.1400644e-02  -2.7829495e-01  -3.9410965e-01  -7.4648556e-01   1.1355198e+00  -3.4275428e-01  -1.2146156e+00   9.1219667e-01  -1.1153478e+00  -1.0974013e+00  -4.8827889e-01  -2.9969141e-01  -2.5382317e-01  -3.8920734e-01  -6.5718941e-01  -4.9329397e-01
  -7.3580694e-01  -9.1998844e-01  -2.0364049e-01   1.8885692e-01  -6.8359847e-01  -6.1400644e-02  -2.7829495e-01  -3.9410965e-01  -7.4648556e-01   6.9983779e-01  -2.5764673e-01  -1.2940446e+00   9.8347055e-01  -1.1703492e+00  -1.0974013e+00  -4.8827889e-01  -2.9969141e-01  -2.5382317e-01  -3.8920734e-01  -6.9058975e-01  -4.9329397e-01
  -7.3580694e-01  -6.3840065e-01  -2.0364049e-01  -4.6747624e-01  -6.8359847e-01  -6.1400644e-02  -2.7829495e-01  -4.5393511e-01  -7.4648556e-01   3.2639608e-01   8.2783479e-02  -8.4394655e-01   4.4891645e-01  -1.0603464e+00  -7.5339482e-01  -4.8827889e-01  -2.9969141e-01  -2.5382317e-01  -3.2024009e-01  -6.5718941e-01   1.1400175e+00
  -7.3580694e-01  -9.1998844e-01  -2.0364049e-01  -3.6254755e-01  -6.8359847e-01  -6.1400644e-02  -2.7829495e-01  -3.9410965e-01  -7.4648556e-01   2.6415579e-01   1.3384801e-01  -1.0292811e+00   4.4891645e-01  -1.4453562e+00  -7.5339482e-01  -4.8827889e-01  -2.9969141e-01  -2.5382317e-01  -3.8920734e-01  -6.5718941e-01   1.1400175e+00
  -7.3580694e-01  -9.1998844e-01  -2.0364049e-01  -2.3970528e-01  -6.8359847e-01  -6.1400644e-02  -2.7829495e-01  -4.5393511e-01  -7.4648556e-01   5.1311694e-01  -3.6367094e-02  -1.0557574e+00   4.4891645e-01  -1.5003576e+00  -1.0974013e+00  -4.8827889e-01  -2.9969141e-01  -2.5382317e-01  -3.8920734e-01  -6.5718941e-01   1.1400175e+00
  -7.3580694e-01  -6.3618838e-01  -2.0364049e-01  -4.5829690e-01  -6.8359847e-01  -6.1400644e-02  -2.7829495e-01  -3.9410965e-01  -7.4648556e-01   3.2639608e-01   9.9804989e-02  -8.4394655e-01   4.4891645e-01  -1.0603464e+00  -7.5339482e-01  -4.8827889e-01  -2.9969141e-01  -2.5382317e-01  -3.2024009e-01  -6.5718941e-01   1.1400175e+00
  -7.3580694e-01  -9.1998844e-01  -2.0364049e-01  -1.3053594e-01  -6.8359847e-01  -6.1400644e-02  -2.7829495e-01  -3.9410965e-01  -7.4648556e-01   2.6415579e-01   2.1895556e-01  -1.0292811e+00   4.4891645e-01  -1.4453562e+00  -7.5339482e-01  -4.8827889e-01  -2.9969141e-01  -2.5382317e-01  -3.8920734e-01  -6.5718941e-01   1.1400175e+00
  -7.3580694e-01  -3.4810466e-02  -2.0364049e-01   4.0461628e-01  -6.8359847e-01  -6.1400644e-02  -2.7829495e-01  -5.1376058e-01  -6.3067340e-01  -1.7152621e-01  -2.9168975e-01  -7.6451748e-01   8.7655973e-01  -2.3532547e-01  -7.5339482e-01  -4.8827889e-01  -2.9969141e-01  -1.2612700e-01  -3.8920734e-01  -5.9038875e-01  -4.9329397e-01
  -7.3580694e-01  -1.6964468e-01  -2.0364049e-01  -7.9166926e-02  -6.8359847e-01  -6.1400644e-02  -2.7829495e-01  -4.5393511e-01  -7.4648556e-01  -1.0928592e-01  -2.5764673e-01  -1.1616628e+00   8.7655973e-01  -1.0603464e+00  -7.5339482e-01  -4.8827889e-01  -2.9969141e-01  -1.8997508e-01  -3.2024009e-01  -6.5718941e-01  -4.9329397e-01
  -7.3580694e-01   1.8182352e-01  -2.0364049e-01   6.5000823e-01  -6.8359847e-01  -6.1400644e-02  -2.7829495e-01  -6.9323697e-01  -6.3067340e-01  -2.9600678e-01  -2.7466824e-01  -6.8508841e-01   9.1219667e-01  -1.5319887e-02  -7.5339482e-01  -4.8827889e-01  -5.4015372e-01  -1.2612700e-01  -3.8920734e-01  -4.9018775e-01  -2.1266055e+00
  -7.3580694e-01   1.4247309e-01  -2.0364049e-01  -1.6637724e-01  -6.8359847e-01  -6.1400644e-02  -2.7829495e-01  -7.5306244e-01  -5.1486125e-01  -4.2048735e-01  -3.2573277e-01  -6.3213569e-01   8.4092279e-01  -1.5319887e-02  -7.5339482e-01  -4.8827889e-01  -5.4015372e-01  -1.2612700e-01  -4.5817459e-01  -3.8998675e-01  -2.1266055e+00
  -7.3580694e-01   2.9134495e-01  -2.0364049e-01  -3.7932187e-01  -6.8359847e-01  -6.1400644e-02  -2.7829495e-01  -9.9236430e-01  -2.8323694e-01  -4.2048735e-01  -5.3388604e-02   3.4748954e-01  -4.0637011e-01   9.4682907e-02  -6.5381895e-02  -4.8827889e-01  -2.9969141e-01  -6.2278910e-02  -3.2024009e-01  -4.2338708e-01  -4.9329397e-01
  -7.3580694e-01   7.2466744e-01  -2.0364049e-01   7.0175427e-02  -6.8359847e-01  -6.1400644e-02  -2.7829495e-01  -1.1120152e+00  -1.6742478e-01  -4.2048735e-01  -3.6367094e-02   3.4748954e-01  -4.0637011e-01   9.4682907e-02  -6.5381895e-02  -4.8827889e-01  -2.9969141e-01   1.5691775e-03  -3.2024009e-01  -3.2318608e-01  -4.9329397e-01
  -5.2417287e-01   6.1999843e-01  -2.0364049e-01   4.9408955e-01  -6.8359847e-01  -6.1400644e-02  -2.7829495e-01  -6.9323697e-01  -5.1486125e-01  -4.2048735e-01  -2.5764673e-01  -5.2623026e-01   8.4092279e-01   2.0468570e-01  -4.0938836e-01  -4.8827889e-01  -2.9969141e-01   1.2926535e-01  -2.5127283e-01  -2.8978574e-01  -2.1266055e+00
  -5.2417287e-01   7.4634330e-01  -2.0364049e-01   6.6883755e-01  -6.8359847e-01  -6.1400644e-02  -2.7829495e-01  -6.3341151e-01  -5.1486125e-01  -4.2048735e-01  -3.5977579e-01  -5.2623026e-01   8.4092279e-01   2.0468570e-01  -1.0974013e+00  -4.8827889e-01  -2.9969141e-01   1.9311344e-01  -1.8230558e-01  -1.8958474e-01  -2.1266055e+00
  -5.2417287e-01   1.5805390e+00  -2.0364049e-01   9.5799447e-01  -2.8182709e-01  -6.1400644e-02  -2.7829495e-01  -8.7271337e-01  -5.1612626e-02  -4.2048735e-01  -2.5764673e-01   1.1947330e+00  -9.7656115e-01   9.7470526e-01   1.6546504e+00  -4.8827889e-01  -1.1934469e-01   3.2080961e-01   2.4596186e-02  -8.9383744e-02  -4.9329397e-01
  -5.2417287e-01   3.7454659e-01  -2.0364049e-01   1.3482547e+00  -6.8359847e-01  -6.1400644e-02  -2.7829495e-01  -7.5306244e-01  -3.9904909e-01  -4.2048735e-01  -2.0658220e-01  -4.4680119e-01   8.4092279e-01   3.6968989e-01  -7.5339482e-01  -4.8827889e-01  -5.4015372e-01   2.5696153e-01  -1.1333832e-01   7.7617924e-02  -2.1266055e+00
  -5.2417287e-01   1.1302751e+00  -2.0364049e-01   7.2723391e-01   1.9486926e-01  -6.1400644e-02  -2.7829495e-01  -1.3513171e+00   7.5907246e-01  -4.2048735e-01   2.4657949e+00   1.1947330e+00  -9.7656115e-01   9.7470526e-01   6.2263103e-01  -4.8827889e-01  -2.9969141e-01   1.5691775e-03  -1.1333832e-01   3.7822093e-01  -4.9329397e-01
  -5.2417287e-01   8.0605828e-01  -2.0364049e-01   7.5142952e-01   4.2572938e-01  -6.1400644e-02  -2.7829495e-01  -1.4111426e+00   8.7488462e-01  -4.2048735e-01   2.8402682e+00   7.1815855e-01  -3.3509623e-01   9.7470526e-01   2.7862457e-01  -4.8827889e-01  -2.9969141e-01  -1.2612700e-01  -2.5127283e-01   1.7781892e-01  -4.9329397e-01
  -5.2417287e-01  -9.1998844e-01  -2.0364049e-01   9.9092801e-01   1.7576370e+00  -6.1400644e-02  -2.7829495e-01  -1.5906190e+00   1.2223211e+00  -4.2048735e-01   1.8530206e+00   2.4158411e-01  -5.1328093e-01  -2.9032687e-01   2.7862457e-01  -4.8827889e-01  -9.6096275e-01  -9.5615213e-01  -1.0788799e+00  -2.2583076e-02  -4.9329397e-01
  -5.2417287e-01  -9.1998844e-01  -2.0364049e-01   7.8614788e-01   1.1171387e+00  -6.1400644e-02  -2.7829495e-01  -1.4709680e+00   8.7488462e-01  -4.2048735e-01   1.8870636e+00   1.0920232e-01  -3.3509623e-01  -2.9032687e-01  -6.5381895e-02  -4.8827889e-01  -2.9969141e-01  -7.0075978e-01  -8.7197812e-01   7.7617924e-02  -4.9329397e-01
  -5.2417287e-01  -9.1998844e-01  -2.0364049e-01   1.4119680e+00   2.8570667e+00  -6.1400644e-02  -2.7829495e-01  -1.6504444e+00   1.5697575e+00  -4.2048735e-01  -7.6829204e-01   1.8863140e-01  -5.1328093e-01  -4.0032967e-01  -4.0938836e-01  -4.8827889e-01  -1.3216562e+00  -1.3392407e+00  -1.4926834e+00  -1.5618441e-01  -4.9329397e-01
  -5.2417287e-01  -9.1998844e-01  -2.0364049e-01   9.4841123e-01   3.3192717e+00  -6.1400644e-02  -2.7829495e-01  -1.6504444e+00   1.5697575e+00  -4.2048735e-01  -7.6829204e-01   1.8863140e-01  -5.1328093e-01  -4.0032967e-01   2.7862457e-01  -4.8827889e-01  -1.3216562e+00  -1.2753926e+00  -1.4237162e+00  -1.5618441e-01  -4.9329397e-01
  -5.2417287e-01   1.1422770e-01  -2.0364049e-01   1.2249840e+00  -6.8359847e-01  -6.1400644e-02  -2.7829495e-01  -7.5306244e-01  -5.1486125e-01  -4.2048735e-01  -1.2147465e-01  -4.4680119e-01   8.4092279e-01   3.6968989e-01  -1.0974013e+00  -4.8827889e-01  -2.9969141e-01   1.2926535e-01  -1.8230558e-01  -2.2298508e-01  -2.1266055e+00
  -5.2417287e-01  -2.7492251e-01  -2.0364049e-01   1.0407070e+00  -6.8359847e-01  -6.1400644e-02  -2.7829495e-01  -6.9323697e-01  -5.1486125e-01  -4.2048735e-01  -1.0445314e-01  -1.1087101e+00   8.4092279e-01  -1.0053450e+00  -1.4414078e+00  -4.8827889e-01  -4.1992257e-01  -1.8997508e-01  -3.2024009e-01  -5.9038875e-01  -4.9329397e-01
  -5.2417287e-01  -9.1998844e-01  -2.0364049e-01  -4.2524679e-02   7.9718997e-01  -6.1400644e-02  -2.7829495e-01  -1.5307935e+00   9.9069677e-01  -4.2048735e-01   2.8743112e+00   1.0920232e-01  -3.3509623e-01  -2.9032687e-01  -7.5339482e-01  -4.8827889e-01  -2.9969141e-01  -6.3691169e-01  -8.0301087e-01   7.7617924e-02  -4.9329397e-01
  -5.2417287e-01  -9.1998844e-01  -2.0364049e-01   1.6691003e-01   9.9182968e-01  -6.1400644e-02  -2.7829495e-01  -1.5307935e+00   9.9069677e-01  -4.2048735e-01   2.9253757e+00   1.0920232e-01  -3.3509623e-01  -2.9032687e-01  -6.5381895e-02  -4.8827889e-01  -2.9969141e-01  -5.0921552e-01  -5.9610910e-01  -5.5983410e-02  -4.9329397e-01
   1.1072935e-01   1.6788383e+00  -2.0364049e-01   8.8024069e-01  -6.8359847e-01  -6.1400644e-02  -2.7829495e-01  -7.5306244e-01  -5.1612626e-02  -4.2048735e-01  -3.2573277e-01   2.4158411e-01   1.9945787e-01   8.0970107e-01   2.7862457e-01  -4.8827889e-01   1.6240070e+00   1.0231386e+00   8.5220324e-01   5.4522259e-01  -4.9329397e-01
   1.1072935e-01   2.6966863e+00  -2.0364049e-01   4.4839314e-01  -6.8359847e-01  -6.1400644e-02  -2.7829495e-01  -8.1288790e-01  -5.1612626e-02  -4.2048735e-01  -1.1768083e+00   2.4158411e-01   1.9945787e-01   8.0970107e-01   9.6663750e-01   9.6308254e-01   1.6240070e+00   1.1508347e+00   1.1970395e+00   3.4482059e-01   1.1400175e+00
   1.1072935e-01   2.5726337e+00  -2.0364049e-01  -1.8667413e-01  -2.3465777e-01  -6.1400644e-02  -2.7829495e-01  -9.9236430e-01   1.8001168e-01  -4.2048735e-01  -1.3980879e+00   4.0044226e-01   2.1273171e-02   8.6470247e-01   9.6663750e-01   9.6308254e-01   1.6240070e+00   1.2146828e+00   1.4729085e+00   4.4502159e-01   1.1400175e+00
   1.1072935e-01   1.5020982e+00  -2.0364049e-01   3.7412623e-01  -6.8359847e-01  -6.1400644e-02  -2.7829495e-01  -6.9323697e-01  -2.8323694e-01  -4.2048735e-01  -6.4914147e-01   2.1510775e-01   2.3509481e-01   8.0970107e-01   9.6663750e-01  -4.8827889e-01   1.6240070e+00   1.4700752e+00   1.6798103e+00  -5.5983410e-02   1.1400175e+00
   1.1072935e-01   9.1237274e-01  -2.0364049e-01   3.9160447e-01   1.2006511e+00  -6.1400644e-02  -2.7829495e-01  -1.6504444e+00   1.1065089e+00  -4.2048735e-01  -1.0406362e+00   6.3872948e-01  -2.9945929e-01   8.6470247e-01  -6.5381895e-02  -4.8827889e-01  -6.0026930e-01   2.5696153e-01   9.3563441e-02   1.3468306e+00  -4.9329397e-01
   1.1072935e-01   1.1358314e+00  -2.0364049e-01  -2.1416566e-01   1.2983104e+00  -6.1400644e-02  -2.7829495e-01  -1.7102699e+00   1.3381332e+00  -4.2048735e-01  -1.3980879e+00   6.3872948e-01  -2.9945929e-01   8.6470247e-01   2.7862457e-01  -4.8827889e-01  -2.9969141e-01   3.2080961e-01  -4.4371068e-02   1.1130283e+00  -4.9329397e-01
   1.1072935e-01  -6.3933823e-01  -2.0364049e-01   6.9313805e-01   7.5938960e-01  -6.1400644e-02  -2.7829495e-01  -1.0521898e+00   2.9582384e-01   3.8863637e-01   5.4236426e-01   5.5930040e-01  -2.9945929e-01   6.9969827e-01  -6.5381895e-02  -4.8827889e-01   6.6215781e-01   1.5691775e-03   9.3563441e-02   7.4562460e-01  -4.9329397e-01
   1.1072935e-01  -9.1998844e-01  -2.0364049e-01   6.5000823e-01   3.7860108e-01  -6.1400644e-02  -2.7829495e-01  -8.1288790e-01  -5.1612626e-02   5.7535722e-01   8.1470843e-01   2.1510775e-01  -2.9945929e-01  -1.5319887e-02   2.7862457e-01  -4.8827889e-01   6.6215781e-01   1.2926535e-01   2.3149795e-01   3.4482059e-01   1.1400175e+00
   4.2818046e-01   5.5875918e-01  -2.0364049e-01   4.0938935e-01   2.6679059e-01  -6.1400644e-02  -2.7829495e-01  -5.1376058e-01  -2.8323694e-01   3.2639608e-01  -4.1084032e-01   1.3567868e-01  -8.5637649e-02   1.4968430e-01  -7.5339482e-01  -4.8827889e-01   6.6215781e-01   4.4850579e-01   5.7633422e-01  -1.5618441e-01   1.1400175e+00
   4.2818046e-01   7.7899819e-01  -2.0364049e-01   7.1400263e-01   4.4359122e-02  -6.1400644e-02  -2.7829495e-01  -8.1288790e-01  -5.1612626e-02  -4.2048735e-01  -3.6367094e-02   1.3567868e-01  -8.5637649e-02   1.4968430e-01  -7.5339482e-01  -4.8827889e-01   4.8181108e-01   4.4850579e-01   5.0736697e-01  -2.2298508e-01   1.1400175e+00
   5.3399750e-01  -3.5238834e-01  -2.0364049e-01   7.1927730e-01   1.1403805e+00  -6.1400644e-02  -2.7829495e-01  -1.0521898e+00   1.8001168e-01  -4.2048735e-01   3.2108462e-01   1.8863140e-01  -1.5691153e-01   1.4968430e-01  -7.5339482e-01  -4.8827889e-01   4.8181108e-01   1.9311344e-01   3.0046520e-01   7.7617924e-02   1.1400175e+00
   5.3399750e-01  -3.4134807e-01  -2.0364049e-01  -1.6358711e+00   3.0353153e+00  -6.1400644e-02  -2.7829495e-01  -1.4709680e+00   6.4326030e-01  -4.2048735e-01  -1.3980879e+00   3.2968922e-03  -1.5691153e-01  -2.3532547e-01  -1.0974013e+00  -4.8827889e-01  -6.0026930e-01  -3.1767126e-01  -4.5817459e-01   7.7617924e-02  -4.9329397e-01
   2.1654639e-01  -2.9459889e-01  -2.0364049e-01   1.8240419e+00   9.2414954e-01  -6.1400644e-02  -2.7829495e-01  -1.1120152e+00   4.1163599e-01   2.0191551e-01   1.1721601e+00   2.1510775e-01  -2.9945929e-01  -1.5319887e-02   2.7862457e-01  -4.8827889e-01   6.6215781e-01   1.5691775e-03   2.4596186e-02   6.4542359e-01   1.1400175e+00
   2.1654639e-01  -9.1998844e-01  -2.0364049e-01   1.5155412e-01   4.2383954e-01  -6.1400644e-02  -2.7829495e-01  -8.1288790e-01  -5.1612626e-02   6.3759751e-01   1.0870526e+00   2.1510775e-01  -2.9945929e-01  -1.5319887e-02  -6.5381895e-02  -4.8827889e-01   6.6215781e-01   1.2926535e-01   1.6253070e-01   3.1142026e-01   1.1400175e+00
   2.1654639e-01  -2.1300101e-01  -2.0364049e-01   6.4574750e-01   8.3100105e-01  -6.1400644e-02  -2.7829495e-01  -1.1718407e+00   5.2744815e-01   2.6415579e-01   2.7002009e-01   5.8577676e-01  -2.9945929e-01   7.5469967e-01   2.7862457e-01  -4.8827889e-01   6.6215781e-01   1.2926535e-01   9.3563441e-02   7.4562460e-01  -4.9329397e-01
   2.1654639e-01  -2.0567814e-01  -2.0364049e-01   3.4005849e-01   2.0709190e+00  -6.1400644e-02  -2.7829495e-01  -1.8299208e+00   1.8013819e+00  -4.2048735e-01  -1.3980879e+00   6.3872948e-01  -2.9945929e-01   8.6470247e-01  -4.0938836e-01  -4.8827889e-01  -6.0026930e-01  -2.5382317e-01  -5.2714185e-01   8.4582560e-01  -4.9329397e-01
   9.5726565e-01  -4.5171835e-01  -2.0364049e-01   3.0712635e-01   2.1927115e-01  -6.1400644e-02  -2.7829495e-01  -5.1376058e-01  -1.6742478e-01   1.3967522e-01   2.7002009e-01   1.3567868e-01   5.6910110e-02   3.6968989e-01   6.2263103e-01  -4.8827889e-01   5.4192665e-01   6.4005005e-01   6.4530148e-01  -3.5658641e-01   1.1400175e+00
   9.5726565e-01  -5.5926684e-01  -2.0364049e-01   8.5870478e-01   7.0741321e-01  -6.1400644e-02  -2.7829495e-01  -9.9236430e-01   2.9582384e-01  -2.9600678e-01   5.9342879e-01   3.2101318e-01  -1.9254847e-01   3.6968989e-01   1.6546504e+00  -4.8827889e-01   4.8181108e-01   5.1235388e-01   5.0736697e-01  -1.8958474e-01   1.1400175e+00
   9.5726565e-01  -4.7004922e-01  -2.0364049e-01   8.5337828e-01   1.0514535e+00  -6.1400644e-02  -2.7829495e-01  -1.1718407e+00   4.1163599e-01  -3.5824706e-01   7.4662238e-01   3.2101318e-01  -1.9254847e-01   3.6968989e-01   1.6546504e+00  -4.8827889e-01   5.4192665e-01   5.1235388e-01   5.7633422e-01  -1.2278408e-01   1.1400175e+00
  -1.0532581e+00  -4.3603467e-01  -2.0364049e-01  -6.3183417e-01  -6.8359847e-01  -6.1400644e-02  -2.7829495e-01  -1.4111426e+00   4.1163599e-01  -4.2048735e-01   1.3764183e+00  -7.9099384e-01   6.2710115e-01  -6.7533665e-01  -1.0974013e+00  -4.8827889e-01  -6.6038487e-01  -3.8151935e-01  -6.6507636e-01  -5.2358808e-01  -4.9329397e-01
  -1.0532581e+00  -6.0351053e-01  -2.0364049e-01  -3.2270638e-01  -6.8359847e-01  -6.1400644e-02  -2.7829495e-01  -1.4111426e+00   2.9582384e-01  -4.2048735e-01   1.3423752e+00  -6.8508841e-01   4.8455339e-01  -6.7533665e-01  -7.5339482e-01  -4.8827889e-01  -6.6038487e-01  -4.4536743e-01  -7.3404361e-01  -5.5698841e-01  -4.9329397e-01
  -1.0532581e+00  -9.1998844e-01  -2.0364049e-01  -3.8902784e-01  -6.8359847e-01  -6.1400644e-02  -2.7829495e-01  -1.2914916e+00   1.8001168e-01  -3.5824706e-01   1.4785473e+00  -8.7042291e-01   7.3401197e-01  -6.7533665e-01  -7.5339482e-01  -4.8827889e-01  -6.6038487e-01  -3.8151935e-01  -6.6507636e-01  -5.5698841e-01  -4.9329397e-01
  -1.0532581e+00   6.7036278e-01  -2.0364049e-01  -5.3606125e-01  -6.8359847e-01  -6.1400644e-02  -2.7829495e-01  -1.4709680e+00   6.4326030e-01  -4.2048735e-01   2.8704160e-01  -8.1747019e-01   6.2710115e-01  -7.3033805e-01  -1.4414078e+00  -4.8827889e-01  -2.9969141e-01  -2.5382317e-01  -4.5817459e-01  -5.5698841e-01  -4.9329397e-01
  -1.0532581e+00   2.1393910e-01  -2.0364049e-01  -5.9031197e-01  -6.8359847e-01  -6.1400644e-02  -2.7829495e-01  -1.4709680e+00   6.4326030e-01  -4.2048735e-01   3.3810613e-01  -8.4394655e-01   4.8455339e-01  -1.0053450e+00  -1.4414078e+00  -4.8827889e-01  -2.9969141e-01  -3.1767126e-01  -4.5817459e-01  -5.5698841e-01  -4.9329397e-01
  -1.0532581e+00  -6.8300077e-01  -2.0364049e-01  -9.8031437e-01  -6.8359847e-01  -6.1400644e-02  -2.7829495e-01  -1.0521898e+00  -1.6742478e-01  -4.2048735e-01   1.8491254e-01  -1.2410919e+00   8.0528585e-01  -1.3353534e+00  -1.0974013e+00  -4.8827889e-01  -6.6038487e-01  -5.0921552e-01  -7.3404361e-01  -6.5718941e-01  -4.9329397e-01
  -1.0532581e+00  -9.1998844e-01  -2.0364049e-01  -1.6358711e+00  -6.8359847e-01  -6.1400644e-02  -2.7829495e-01  -9.3253883e-01  -1.6742478e-01  -4.2048735e-01   3.3810613e-01  -1.2410919e+00   6.9837503e-01  -1.5003576e+00  -1.4414078e+00   9.6308254e-01  -5.4015372e-01  -4.4536743e-01  -6.6507636e-01  -6.5718941e-01  -4.9329397e-01
  -1.0532581e+00  -4.3695912e-01  -2.0364049e-01   1.0364463e+00  -6.8359847e-01  -6.1400644e-02  -2.7829495e-01  -1.1120152e+00  -5.1612626e-02  -3.5824706e-01  -2.3240730e-03  -1.0028047e+00   8.4092279e-01  -7.8533944e-01  -7.5339482e-01  -4.8827889e-01  -8.4073160e-01  -4.4536743e-01  -7.3404361e-01  -4.9018775e-01  -2.1266055e+00
  -1.0532581e+00  -9.1998844e-01  -2.0364049e-01  -2.0836278e-01  -6.8359847e-01  -6.1400644e-02  -2.7829495e-01  -1.2914916e+00   6.4199529e-02  -3.5824706e-01   1.6789103e-01  -1.2146156e+00   8.0528585e-01  -1.2803520e+00  -1.0974013e+00  -4.8827889e-01  -8.4073160e-01  -5.7306361e-01  -8.7197812e-01  -6.2378908e-01  -4.9329397e-01
  -1.0532581e+00   3.0354549e+00  -2.0364049e-01  -1.2451007e+00  -6.8359847e-01  -6.1400644e-02  -2.7829495e-01  -1.3513171e+00   8.7488462e-01  -4.2048735e-01  -1.0746792e+00  -5.7918298e-01   3.4200563e-01  -6.7533665e-01  -1.0974013e+00  -4.8827889e-01  -2.9969141e-01   1.5691775e-03  -1.8230558e-01  -5.2358808e-01  -4.9329397e-01
  -1.0532581e+00   3.5476059e+00  -2.0364049e-01  -1.0179567e+00  -6.8359847e-01  -6.1400644e-02  -2.7829495e-01  -1.3513171e+00   1.2223211e+00  -4.2048735e-01  -1.0236147e+00  -5.7918298e-01   3.4200563e-01  -6.7533665e-01  -1.0974013e+00  -4.8827889e-01   8.8646672e-04  -6.2278910e-02  -1.8230558e-01  -4.9018775e-01  -4.9329397e-01
  -9.4744102e-01   2.0061351e+00  -2.0364049e-01  -9.6134936e-01  -6.8359847e-01  -6.1400644e-02  -2.7829495e-01  -1.3513171e+00   8.7488462e-01  -4.2048735e-01  -2.5764673e-01  -5.7918298e-01   3.4200563e-01  -6.7533665e-01  -7.5339482e-01  -4.8827889e-01  -2.9969141e-01  -6.2278910e-02  -2.5127283e-01  -5.5698841e-01  -4.9329397e-01
  -9.4744102e-01   3.4649684e+00  -2.0364049e-01  -9.6199918e-01  -6.8359847e-01  -6.1400644e-02  -2.7829495e-01  -1.2316662e+00   8.7488462e-01  -4.2048735e-01  -1.1087222e+00  -5.7918298e-01   3.4200563e-01  -6.7533665e-01  -1.0974013e+00  -4.8827889e-01   8.8646672e-04   1.5691775e-03  -1.1333832e-01  -5.2358808e-01  -4.9329397e-01
  -1.0532581e+00  -6.3714075e-01  -2.0364049e-01  -4.6224851e-01  -6.8359847e-01  -6.1400644e-02  -2.7829495e-01  -1.4111426e+00   4.1163599e-01  -2.9600678e-01   1.1381171e+00  -5.2623026e-01   3.4200563e-01  -5.6533386e-01  -4.0938836e-01  -4.8827889e-01  -6.0026930e-01  -5.0921552e-01  -6.6507636e-01  -5.5698841e-01  -4.9329397e-01
  -1.0532581e+00  -9.1998844e-01  -2.0364049e-01  -7.5602322e-01  -6.8359847e-01  -6.1400644e-02  -2.7829495e-01  -1.3513171e+00   4.1163599e-01  -2.9600678e-01   1.2742892e+00  -1.0028047e+00   4.8455339e-01  -1.3353534e+00  -7.5339482e-01  -4.8827889e-01  -6.0026930e-01  -5.0921552e-01  -6.6507636e-01  -6.2378908e-01  -4.9329397e-01
  -1.0532581e+00  -1.4827172e-01  -2.0364049e-01  -2.1271938e-01  -6.8359847e-01  -6.1400644e-02  -2.7829495e-01  -1.3513171e+00   4.1163599e-01  -4.2048735e-01   1.1040741e+00  -6.3213569e-01   4.4891645e-01  -6.2033525e-01  -6.5381895e-02  -4.8827889e-01  -6.0026930e-01  -3.8151935e-01  -5.9610910e-01  -5.5698841e-01  -4.9329397e-01
  -1.0532581e+00  -9.1998844e-01  -2.0364049e-01  -2.1416566e-01  -6.8359847e-01  -6.1400644e-02  -2.7829495e-01  -1.3513171e+00   4.1163599e-01  -4.2048735e-01   1.2742892e+00  -1.0557574e+00   5.5582727e-01  -1.3353534e+00  -7.5339482e-01   9.6308254e-01  -6.0026930e-01  -5.0921552e-01  -6.6507636e-01  -6.2378908e-01  -4.9329397e-01
  -1.0532581e+00   1.7585487e-01  -2.0364049e-01  -4.9912288e-01  -6.8359847e-01  -6.1400644e-02  -2.7829495e-01  -1.4111426e+00   2.9582384e-01  -4.2048735e-01   1.1381171e+00  -4.9975390e-01   4.8455339e-01  -2.9032687e-01  -1.0974013e+00   9.6308254e-01  -6.0026930e-01  -3.8151935e-01  -5.9610910e-01  -4.9018775e-01  -4.9329397e-01
  -1.0532581e+00  -3.1359554e-01  -2.0364049e-01  -1.6358711e+00  -6.8359847e-01  -6.1400644e-02  -2.7829495e-01  -1.2914916e+00   1.8001168e-01  -4.2048735e-01   1.3593968e+00  -1.0822338e+00   6.6273809e-01  -1.2253506e+00  -7.5339482e-01   9.6308254e-01  -6.0026930e-01  -3.8151935e-01  -5.9610910e-01  -5.9038875e-01  -4.9329397e-01
  -1.0532581e+00   8.4302044e-01  -2.0364049e-01  -5.9083266e-01  -6.8359847e-01  -6.1400644e-02  -2.7829495e-01  -1.5307935e+00   9.9069677e-01  -4.2048735e-01   6.6151483e-01  -5.5270662e-01   4.8455339e-01  -4.0032967e-01  -7.5339482e-01   9.6308254e-01  -6.6038487e-01  -3.8151935e-01  -5.9610910e-01  -4.2338708e-01  -4.9329397e-01
  -1.0532581e+00  -9.1998844e-01  -2.0364049e-01  -6.6166629e-01  -6.8359847e-01  -6.1400644e-02  -2.7829495e-01  -1.4111426e+00   8.7488462e-01  -4.2048735e-01   1.5636549e+00  -9.2337562e-01   4.8455339e-01  -1.1703492e+00  -6.5381895e-02   2.4144440e+00  -4.1992257e-01  -4.4536743e-01  -5.9610910e-01  -5.5698841e-01  -4.9329397e-01
  -1.0532581e+00  -2.1234148e-01  -2.0364049e-01  -9.8337200e-01  -3.8039600e-01  -6.1400644e-02  -2.7829495e-01  -1.5307935e+00   6.4326030e-01  -4.2048735e-01   1.6147194e+00  -7.3804112e-01   4.1327951e-01  -8.9534224e-01  -4.0938836e-01  -4.8827889e-01  -6.6038487e-01  -5.7306361e-01  -7.3404361e-01  -4.9018775e-01  -4.9329397e-01
  -1.0532581e+00  -9.1998844e-01  -2.0364049e-01  -6.3087245e-01  -6.8359847e-01  -6.1400644e-02  -2.7829495e-01  -1.4111426e+00   8.7488462e-01  -4.2048735e-01   1.5125904e+00  -1.0557574e+00   4.8455339e-01  -1.4453562e+00  -4.0938836e-01   2.4144440e+00  -4.1992257e-01  -4.4536743e-01  -5.9610910e-01  -5.9038875e-01   1.1400175e+00
  -1.0532581e+00  -5.2426725e-01  -2.0364049e-01  -1.6358711e+00  -1.7493955e-01  -6.1400644e-02  -2.7829495e-01  -1.6504444e+00   6.4326030e-01  -4.2048735e-01   1.8019560e+00  -7.3804112e-01   4.1327951e-01  -8.9534224e-01  -7.5339482e-01  -4.8827889e-01  -1.0210783e+00  -6.3691169e-01  -9.4094538e-01  -4.2338708e-01  -4.9329397e-01
  -1.0532581e+00  -3.9427982e-01  -2.0364049e-01  -1.6358711e+00  -6.8359847e-01  -6.1400644e-02  -2.7829495e-01  -1.5906190e+00   5.2744815e-01  -4.2048735e-01   1.9040851e+00  -8.9689927e-01   6.2710115e-01  -8.9534224e-01  -4.0938836e-01  -4.8827889e-01  -1.0210783e+00  -5.0921552e-01  -8.0301087e-01  -3.8998675e-01  -4.9329397e-01
  -1.0532581e+00  -1.5681184e-01  -2.0364049e-01  -2.2846853e-01  -6.8359847e-01  -6.1400644e-02  -2.7829495e-01  -1.4111426e+00   6.4326030e-01  -4.2048735e-01   7.4662238e-01  -6.5861205e-01   5.9146421e-01  -4.5533106e-01  -4.0938836e-01  -4.8827889e-01  -6.0026930e-01  -5.0921552e-01  -7.3404361e-01  -5.2358808e-01  -4.9329397e-01
  -1.0532581e+00   2.7465333e-01  -2.0364049e-01  -1.6358711e+00  -6.8359847e-01  -6.1400644e-02  -2.7829495e-01  -1.4709680e+00   7.5907246e-01  -4.2048735e-01   2.7002009e-01  -4.9975390e-01   3.7764257e-01  -4.5533106e-01  -6.5381895e-02   9.6308254e-01  -5.4015372e-01  -4.4536743e-01  -6.6507636e-01  -4.5678741e-01  -4.9329397e-01
  -1.0532581e+00  -9.1998844e-01  -2.0364049e-01  -1.6358711e+00  -3.5227017e-01  -6.1400644e-02  -2.7829495e-01  -1.4709680e+00   4.1163599e-01  -4.2048735e-01   9.5088051e-01  -9.2337562e-01   4.4891645e-01  -1.2253506e+00  -1.0974013e+00  -4.8827889e-01  -9.6096275e-01  -8.9230404e-01  -1.0788799e+00  -5.9038875e-01  -4.9329397e-01
  -1.0532581e+00  -9.1998844e-01  -2.0364049e-01  -1.6358711e+00  -6.8359847e-01  -6.1400644e-02  -2.7829495e-01  -1.5307935e+00   5.2744815e-01  -4.2048735e-01   1.1721601e+00  -9.2337562e-01   4.4891645e-01  -1.2253506e+00  -1.0974013e+00  -4.8827889e-01  -9.6096275e-01  -8.2845596e-01  -1.0099126e+00  -5.9038875e-01  -4.9329397e-01
  -1.0532581e+00  -9.1998844e-01  -2.0364049e-01  -1.6358711e+00  -6.8359847e-01  -6.1400644e-02  -2.7829495e-01  -1.5307935e+00   5.2744815e-01  -4.2048735e-01   1.1721601e+00  -9.2337562e-01   4.4891645e-01  -1.2253506e+00  -1.0974013e+00  -4.8827889e-01  -9.6096275e-01  -8.2845596e-01  -1.0099126e+00  -5.9038875e-01  -4.9329397e-01
  -1.0532581e+00  -9.1998844e-01  -2.0364049e-01  -1.6358711e+00  -6.8359847e-01  -6.1400644e-02  -2.7829495e-01  -1.5307935e+00   5.2744815e-01  -4.2048735e-01   1.1721601e+00  -9.2337562e-01   4.4891645e-01  -1.2253506e+00  -1.0974013e+00  -4.8827889e-01  -9.6096275e-01  -8.2845596e-01  -1.0099126e+00  -5.9038875e-01  -4.9329397e-01
  -1.0532581e+00  -9.1998844e-01  -2.0364049e-01  -1.6358711e+00  -6.8359847e-01  -6.1400644e-02  -2.7829495e-01  -1.5307935e+00   5.2744815e-01  -4.2048735e-01   1.1721601e+00  -9.2337562e-01   4.4891645e-01  -1.2253506e+00  -1.0974013e+00  -4.8827889e-01  -9.6096275e-01  -8.2845596e-01  -1.0099126e+00  -5.9038875e-01  -4.9329397e-01
  -1.0532581e+00  -9.1998844e-01  -2.0364049e-01  -1.2949944e+00  -3.6680211e-01  -6.1400644e-02  -2.7829495e-01  -1.1718407e+00  -5.1612626e-02  -2.3376649e-01   1.8491254e-01  -1.1351865e+00   5.2019033e-01  -1.5553590e+00  -1.0974013e+00  -4.8827889e-01  -6.0026930e-01  -7.0075978e-01  -8.7197812e-01  -5.2358808e-01  -4.9329397e-01
  -1.0532581e+00  -9.1998844e-01  -2.0364049e-01  -1.1480894e+00  -6.8359847e-01  -6.1400644e-02  -2.7829495e-01  -1.1120152e+00  -1.6742478e-01  -1.7152621e-01   2.7002009e-01  -1.1616628e+00   5.5582727e-01  -1.5553590e+00  -1.0974013e+00  -4.8827889e-01  -6.0026930e-01  -7.0075978e-01  -8.0301087e-01  -5.9038875e-01  -4.9329397e-01
  -1.0532581e+00  -7.3128257e-01  -2.0364049e-01   4.5212616e-01  -4.4103647e-01  -6.1400644e-02  -2.7829495e-01  -1.4111426e+00   2.9582384e-01  -4.2048735e-01   1.0359881e+00  -9.7632834e-01   5.2019033e-01  -1.2253506e+00  -1.0974013e+00  -4.8827889e-01  -6.6038487e-01  -6.3691169e-01  -8.0301087e-01  -5.9038875e-01  -4.9329397e-01
  -1.0532581e+00  -6.1679198e-01  -2.0364049e-01   4.6088871e-01  -6.8359847e-01  -6.1400644e-02  -2.7829495e-01  -1.3513171e+00   2.9582384e-01  -4.2048735e-01   9.6790202e-01  -9.7632834e-01   5.2019033e-01  -1.2253506e+00  -1.4414078e+00  -4.8827889e-01  -6.6038487e-01  -5.7306361e-01  -7.3404361e-01  -5.9038875e-01  -4.9329397e-01
  -1.0532581e+00  -9.1998844e-01  -2.0364049e-01  -1.2850792e+00  -3.5758739e-01  -6.1400644e-02  -2.7829495e-01  -1.2914916e+00   6.4199529e-02  -2.3376649e-01   2.1895556e-01  -1.0822338e+00   4.4891645e-01  -1.5553590e+00  -1.4414078e+00  -4.8827889e-01  -6.6038487e-01  -8.2845596e-01  -1.0099126e+00  -5.2358808e-01  -4.9329397e-01
  -1.0532581e+00  -9.1998844e-01  -2.0364049e-01  -1.1207908e+00  -6.8359847e-01  -6.1400644e-02  -2.7829495e-01  -1.1718407e+00  -1.6742478e-01  -1.7152621e-01   2.1895556e-01  -1.1616628e+00   5.5582727e-01  -1.5553590e+00  -1.0974013e+00  -4.8827889e-01  -6.6038487e-01  -7.0075978e-01  -8.7197812e-01  -5.9038875e-01  -4.9329397e-01
  -1.0532581e+00  -6.7777978e-01  -2.0364049e-01   3.9126670e-02  -3.7226413e-01  -6.1400644e-02  -2.7829495e-01  -1.4111426e+00   2.9582384e-01  -4.2048735e-01   9.8492353e-01  -9.7632834e-01   5.2019033e-01  -1.2253506e+00  -1.0974013e+00  -4.8827889e-01  -6.6038487e-01  -6.3691169e-01  -8.0301087e-01  -5.9038875e-01  -4.9329397e-01
  -1.0532581e+00  -3.9427982e-01  -2.0364049e-01  -9.0876189e-01  -6.8359847e-01  -6.1400644e-02  -2.7829495e-01  -1.4709680e+00   4.1163599e-01  -4.2048735e-01   1.1551386e+00  -9.7632834e-01   5.2019033e-01  -1.2253506e+00  -1.4414078e+00  -4.8827889e-01  -6.6038487e-01  -6.3691169e-01  -8.0301087e-01  -5.5698841e-01  -4.9329397e-01
  -1.0532581e+00   1.5396932e-02  -2.0364049e-01   8.9108123e-02  -6.8359847e-01  -6.1400644e-02  -2.7829495e-01  -1.1718407e+00  -5.1612626e-02  -4.2048735e-01  -3.6367094e-02  -7.9099384e-01   4.8455339e-01  -8.9534224e-01  -6.5381895e-02  -4.8827889e-01  -6.0026930e-01  -5.0921552e-01  -6.6507636e-01  -5.9038875e-01  -4.9329397e-01
  -1.0532581e+00   9.5537046e-02  -2.0364049e-01  -9.3358291e-01  -6.8359847e-01  -6.1400644e-02  -2.7829495e-01  -1.1718407e+00   6.4199529e-02  -4.2048735e-01   1.4697437e-02  -7.9099384e-01   4.8455339e-01  -8.9534224e-01   2.7862457e-01  -4.8827889e-01  -6.0026930e-01  -5.0921552e-01  -7.3404361e-01  -5.5698841e-01  -4.9329397e-01
  -1.0532581e+00  -4.8551103e-01  -2.0364049e-01  -4.3401704e-01  -6.8359847e-01  -6.1400644e-02  -2.7829495e-01  -1.0521898e+00  -1.6742478e-01  -4.2048735e-01  -1.9345583e-02  -9.2337562e-01   4.8455339e-01  -1.1703492e+00  -4.0938836e-01  -4.8827889e-01  -6.0026930e-01  -5.7306361e-01  -7.3404361e-01  -6.2378908e-01  -4.9329397e-01
  -1.0532581e+00  -9.1998844e-01  -2.0364049e-01  -1.6358711e+00  -6.8359847e-01  -6.1400644e-02  -2.7829495e-01  -9.3253883e-01  -2.8323694e-01  -4.2048735e-01   4.8740458e-02  -1.2675683e+00   5.9146421e-01  -1.7203632e+00  -1.0974013e+00  -4.8827889e-01  -6.0026930e-01  -5.7306361e-01  -7.3404361e-01  -6.5718941e-01   1.1400175e+00
  -1.0532581e+00   6.1439168e-01  -2.0364049e-01  -3.6254755e-01  -2.8914089e-01  -6.1400644e-02  -2.7829495e-01  -1.3513171e+00   4.1163599e-01  -4.2048735e-01   5.5938577e-01  -5.7918298e-01   1.9945787e-01  -8.9534224e-01  -1.0974013e+00  -4.8827889e-01  -2.9969141e-01  -3.1767126e-01  -4.5817459e-01  -4.5678741e-01  -4.9329397e-01
  -1.0532581e+00   6.8806144e-01  -2.0364049e-01   3.2203016e-02  -6.8359847e-01  -6.1400644e-02  -2.7829495e-01  -1.3513171e+00   2.9582384e-01  -4.2048735e-01   8.9981598e-01  -7.6451748e-01   4.4891645e-01  -8.9534224e-01  -1.0974013e+00  -4.8827889e-01  -2.9969141e-01  -2.5382317e-01  -3.8920734e-01  -5.5698841e-01  -4.9329397e-01
  -1.0532581e+00   2.8700843e-01  -2.0364049e-01  -3.8382025e-01   8.6787198e-01  -6.1400644e-02  -2.7829495e-01  -1.4709680e+00   1.3381332e+00  -4.2048735e-01   1.6147194e+00   6.3872948e-01  -1.0834720e+00  -3.4532827e-01   6.2263103e-01  -4.8827889e-01  -2.9969141e-01  -7.6460787e-01  -7.3404361e-01   3.4482059e-01  -4.9329397e-01
  -1.0532581e+00  -1.3953829e-01  -2.0364049e-01   1.0627365e+00   1.8243727e+00  -6.1400644e-02  -2.7829495e-01  -1.5906190e+00   1.8013819e+00  -4.2048735e-01   1.3593968e+00   6.3872948e-01  -1.0834720e+00  -3.4532827e-01   9.6663750e-01  -4.8827889e-01  -5.4015372e-01  -8.2845596e-01  -8.7197812e-01   2.4461959e-01  -4.9329397e-01
  -1.0532581e+00  -3.3734824e-01  -2.0364049e-01   1.5875348e+00   2.3120979e+00  -6.1400644e-02  -2.7829495e-01  -1.7102699e+00   2.3804426e+00  -4.2048735e-01   2.5338810e+00   6.3872948e-01  -1.0834720e+00  -3.4532827e-01   2.7862457e-01  -4.8827889e-01  -1.7424652e+00  -1.1476964e+00  -1.4926834e+00   4.4502159e-01  -4.9329397e-01
  -1.0532581e+00  -9.1998844e-01  -2.0364049e-01   2.0847623e+00   2.7742001e+00  -6.1400644e-02  -2.7829495e-01  -1.8897463e+00   2.7278791e+00  -4.2048735e-01   2.6189885e+00   6.3872948e-01  -1.0834720e+00  -3.4532827e-01   6.2263103e-01   9.6308254e-01  -5.4015372e-01  -1.2753926e+00  -1.4926834e+00   6.7882393e-01  -4.9329397e-01
  -1.0532581e+00  -3.4266917e-01  -2.0364049e-01   7.5960521e-01   1.5426554e+00  -6.1400644e-02  -2.7829495e-01  -1.7102699e+00   2.2646305e+00  -4.2048735e-01   1.9721711e+00   5.8577676e-01  -1.0121981e+00  -3.4532827e-01   6.2263103e-01  -4.8827889e-01  -6.6038487e-01  -8.2845596e-01  -8.7197812e-01   1.4441859e-01  -4.9329397e-01
  -1.0532581e+00  -2.4925676e-01  -2.0364049e-01   2.0748933e+00   1.9028715e+00  -6.1400644e-02  -2.7829495e-01  -1.6504444e+00   2.2646305e+00  -4.2048735e-01   1.7338700e+00   5.8577676e-01  -1.0121981e+00  -3.4532827e-01   1.6546504e+00  -4.8827889e-01  -6.6038487e-01  -7.0075978e-01  -7.3404361e-01   1.7781892e-01  -4.9329397e-01
  -1.0532581e+00  -9.1998844e-01  -2.0364049e-01   2.9283959e-01  -8.6111229e-02  -6.1400644e-02  -2.7829495e-01  -1.0521898e+00  -3.9904909e-01  -4.2048735e-01   4.2321369e-01  -1.0292811e+00   3.7764257e-01  -1.5553590e+00  -1.0974013e+00  -4.8827889e-01  -6.6038487e-01  -7.0075978e-01  -8.7197812e-01  -5.9038875e-01  -4.9329397e-01
  -1.0532581e+00  -9.1998844e-01  -2.0364049e-01   4.5837765e-01   6.1393870e-01  -6.1400644e-02  -2.7829495e-01  -8.7271337e-01  -3.9904909e-01  -4.2048735e-01  -1.0445314e-01  -9.2337562e-01   9.2547050e-02  -1.7753646e+00  -7.5339482e-01  -4.8827889e-01  -6.0026930e-01  -7.0075978e-01  -8.0301087e-01  -5.5698841e-01   1.1400175e+00
  -1.0532581e+00  -9.1998844e-01  -2.0364049e-01  -1.0192577e-01  -2.0840394e-01  -6.1400644e-02  -2.7829495e-01  -1.0521898e+00  -2.8323694e-01  -4.2048735e-01   3.2108462e-01  -8.1747019e-01   9.2547050e-02  -1.5553590e+00  -7.5339482e-01  -4.8827889e-01  -6.6038487e-01  -7.0075978e-01  -8.7197812e-01  -5.9038875e-01   1.1400175e+00
  -1.0532581e+00  -9.1998844e-01  -2.0364049e-01  -2.7765933e-01  -6.8359847e-01  -6.1400644e-02  -2.7829495e-01  -1.1718407e+00  -2.8323694e-01  -4.2048735e-01   4.7427822e-01  -1.1351865e+00   5.2019033e-01  -1.5553590e+00  -1.4414078e+00  -4.8827889e-01  -6.6038487e-01  -7.0075978e-01  -8.7197812e-01  -6.2378908e-01  -4.9329397e-01
  -1.0532581e+00  -9.1998844e-01  -2.0364049e-01   1.0759619e-01   2.8858415e-01  -6.1400644e-02  -2.7829495e-01  -1.0521898e+00  -2.8323694e-01  -4.2048735e-01   3.5512765e-01  -8.9689927e-01   5.6910110e-02  -1.7753646e+00  -4.0938836e-01   2.4144440e+00  -9.6096275e-01  -8.2845596e-01  -9.4094538e-01  -5.5698841e-01   1.1400175e+00
  -1.0532581e+00  -9.1998844e-01  -2.0364049e-01   9.5512728e-02   9.2547607e-01  -6.1400644e-02  -2.7829495e-01  -1.1120152e+00  -1.6742478e-01  -4.2048735e-01   2.7002009e-01  -7.1156476e-01  -1.9254847e-01  -1.7753646e+00  -4.0938836e-01   2.4144440e+00  -6.0026930e-01  -8.9230404e-01  -9.4094538e-01  -3.5658641e-01   1.1400175e+00
  -1.0532581e+00   1.1954226e-01  -2.0364049e-01   1.6135158e-01   6.5261143e-01  -6.1400644e-02  -2.7829495e-01  -1.3513171e+00   2.9582384e-01  -4.2048735e-01  -1.3849616e-01  -1.2908490e-01  -5.8455481e-01  -1.1703492e+00  -4.0938836e-01  -4.8827889e-01  -1.7946026e-01  -7.0075978e-01  -6.6507636e-01   1.7781892e-01   1.1400175e+00
  -1.0532581e+00   1.5756486e-01  -2.0364049e-01   3.5128537e-01   1.1631803e+00  -6.1400644e-02  -2.7829495e-01  -1.4111426e+00   2.9582384e-01  -4.2048735e-01  -2.5764673e-01  -1.2908490e-01  -5.8455481e-01  -1.1703492e+00  -6.5381895e-02  -4.8827889e-01  -1.7946026e-01  -7.6460787e-01  -7.3404361e-01   3.7822093e-01   1.1400175e+00
  -1.0532581e+00  -9.1998844e-01  -2.0364049e-01   1.6320059e-01   3.1959000e-01  -6.1400644e-02  -2.7829495e-01  -1.2316662e+00   6.4199529e-02  -4.2048735e-01   4.0619218e-01  -2.3179465e-02  -4.7764399e-01  -7.8533944e-01  -1.0974013e+00   2.4144440e+00  -7.2050045e-01  -8.9230404e-01  -9.4094538e-01  -2.8978574e-01  -4.9329397e-01
  -1.0532581e+00  -9.1998844e-01  -2.0364049e-01   6.9572584e-01   1.4832886e+00  -6.1400644e-02  -2.7829495e-01  -1.4111426e+00   5.2744815e-01  -4.2048735e-01  -4.4488334e-01  -2.3179465e-02  -4.7764399e-01  -7.8533944e-01  -4.0938836e-01   2.4144440e+00  -5.4015372e-01  -1.1476964e+00  -1.3547489e+00   3.1142026e-01  -4.9329397e-01
  -1.0532581e+00  -9.1998844e-01  -2.0364049e-01   7.6618619e-01   1.9952454e+00  -6.1400644e-02  -2.7829495e-01  -1.4111426e+00   2.9582384e-01  -4.2048735e-01  -3.6367094e-02  -4.9975390e-01  -3.3509623e-01  -1.5553590e+00  -7.5339482e-01   9.6308254e-01  -6.0026930e-01  -1.1476964e+00  -1.2857816e+00   4.4217591e-02   1.1400175e+00
  -1.0532581e+00  -9.1998844e-01  -2.0364049e-01   4.0938935e-01   2.1675687e+00  -6.1400644e-02  -2.7829495e-01  -1.5906190e+00   5.2744815e-01  -4.2048735e-01   9.9804989e-02  -7.9099384e-01   2.1273171e-02  -1.6103604e+00  -6.5381895e-02  -4.8827889e-01  -6.0026930e-01  -1.0200002e+00  -1.0788799e+00  -5.5983410e-02   1.1400175e+00
  -1.0532581e+00  -9.1998844e-01  -2.0364049e-01  -1.6358711e+00   1.1527465e+00  -6.1400644e-02  -2.7829495e-01  -1.4111426e+00   5.2744815e-01  -4.2048735e-01   2.1895556e-01  -4.4680119e-01  -2.9945929e-01  -1.3903548e+00  -6.5381895e-02  -4.8827889e-01  -1.7946026e-01  -8.9230404e-01  -8.7197812e-01   5.7862293e-01   1.1400175e+00
  -1.0532581e+00   8.4521814e-01  -2.0364049e-01  -1.6358711e+00  -1.1635055e-01  -6.1400644e-02  -2.7829495e-01  -1.1120152e+00  -5.1612626e-02  -4.2048735e-01  -4.4488334e-01  -3.4089576e-01  -1.9254847e-01  -1.0053450e+00   2.7862457e-01  -4.8827889e-01   2.4134877e-01  -2.5382317e-01  -1.8230558e-01   2.4461959e-01   1.1400175e+00
  -1.0532581e+00   1.2139005e+00  -2.0364049e-01  -1.6358711e+00   2.1252684e-03  -6.1400644e-02  -2.7829495e-01  -1.2316662e+00   1.8001168e-01  -4.2048735e-01   3.1718948e-02   1.0920232e-01  -4.0637011e-01  -4.0032967e-01  -4.0938836e-01  -4.8827889e-01   8.8646672e-04  -3.8151935e-01  -3.8920734e-01   1.0817257e-02   1.1400175e+00
  -1.0532581e+00   1.3377423e+00  -2.0364049e-01  -1.6358711e+00  -6.8359847e-01  -6.1400644e-02  -2.7829495e-01  -1.1718407e+00   6.4199529e-02  -4.2048735e-01   4.5725671e-01  -4.9655823e-02  -1.9254847e-01  -4.0032967e-01   6.2263103e-01   2.4144440e+00   8.8646672e-04  -2.5382317e-01  -2.5127283e-01  -2.2298508e-01   1.1400175e+00
  -1.0532581e+00  -5.1779534e-02  -2.0364049e-01  -1.6358711e+00   2.3853832e+00  -6.1400644e-02  -2.7829495e-01  -1.5906190e+00   1.1065089e+00  -4.2048735e-01  -5.6403392e-01   3.2968922e-03  -7.6273951e-01  -1.1703492e+00  -1.0974013e+00   9.6308254e-01  -2.9969141e-01  -1.0200002e+00  -1.1478471e+00   6.4542359e-01   1.1400175e+00
  -1.0532581e+00  -6.5492991e-01  -2.0364049e-01  -5.3606125e-01   3.0641622e+00  -6.1400644e-02  -2.7829495e-01  -1.7102699e+00   1.4539454e+00  -4.2048735e-01  -4.6190485e-01   5.8577676e-01  -1.2260197e+00  -6.7533665e-01  -1.0974013e+00   2.4144440e+00  -1.4418874e+00  -1.2753926e+00  -1.4237162e+00   1.0817257e-02  -4.9329397e-01
  -1.0532581e+00  -9.1998844e-01  -2.0364049e-01  -5.3606125e-01   3.9159260e+00  -6.1400644e-02  -2.7829495e-01  -1.8897463e+00   1.8013819e+00  -4.2048735e-01  -1.3300019e+00   5.8577676e-01  -1.2260197e+00  -6.7533665e-01  -4.0938836e-01   2.4144440e+00  -1.6222341e+00  -1.4669368e+00  -1.6995852e+00  -2.2583076e-02  -4.9329397e-01
  -1.0532581e+00  -9.1998844e-01  -2.0364049e-01  -7.7656020e-01   4.1080437e+00  -6.1400644e-02  -2.7829495e-01  -1.8897463e+00   1.8013819e+00  -4.2048735e-01  -1.2789374e+00   2.4158411e-01  -7.6273951e-01  -6.7533665e-01  -4.0938836e-01  -4.8827889e-01  -1.5621185e+00  -1.4669368e+00  -1.6306179e+00  -1.5618441e-01  -4.9329397e-01
  -1.0532581e+00   7.8664268e-01  -2.0364049e-01  -1.6358711e+00   4.1325101e-01  -6.1400644e-02  -2.7829495e-01  -1.2914916e+00   2.9582384e-01  -4.2048735e-01   2.5299858e-01   1.0920232e-01  -4.0637011e-01  -4.0032967e-01   6.2263103e-01  -4.8827889e-01  -2.9969141e-01  -5.0921552e-01  -4.5817459e-01  -8.9383744e-02  -4.9329397e-01
  -1.0532581e+00   1.6976704e+00  -2.0364049e-01  -1.6358711e+00  -1.0652171e-02  -6.1400644e-02  -2.7829495e-01  -1.1718407e+00   1.8001168e-01  -4.2048735e-01   1.5086952e-01  -4.9655823e-02  -1.9254847e-01  -4.0032967e-01   6.2263103e-01   2.4144440e+00   8.8646672e-04  -2.5382317e-01  -2.5127283e-01  -1.8958474e-01   1.1400175e+00
  -5.2417287e-01   1.2412581e+00  -2.0364049e-01   9.2632332e-01   1.1013304e-01  -6.1400644e-02   1.7459667e+00  -1.3513171e+00   2.9582384e-01  -4.2048735e-01  -1.3980879e+00   1.4594966e+00  -1.3685675e+00   9.1970386e-01   1.3106440e+00  -4.8827889e-01   2.4134877e-01   1.9311344e-01   3.6943246e-01   1.4136313e+00   1.1400175e+00
  -5.2417287e-01   1.5036458e+00  -2.0364049e-01   1.1575757e+00  -1.6437633e-01  -6.1400644e-02  -2.7829495e-01  -1.3513171e+00   1.8001168e-01  -4.2048735e-01  -1.3980879e+00   4.2691861e-01   2.1273171e-02   9.1970386e-01  -6.5381895e-02   9.6308254e-01   2.4134877e-01   7.0389814e-01   6.4530148e-01   1.4441859e-01  -4.9329397e-01
  -5.2417287e-01   1.8587571e+00  -2.0364049e-01   1.8871463e+00  -3.8594916e-01  -6.1400644e-02  -2.7829495e-01  -1.2316662e+00   6.4199529e-02  -4.2048735e-01  -1.1087222e+00  -1.8203761e-01   6.6273809e-01   6.4469688e-01  -4.0938836e-01  -4.8827889e-01   1.1430824e+00   9.5929049e-01   1.0591050e+00  -5.5983410e-02  -4.9329397e-01
  -5.2417287e-01   1.6122875e+00  -2.0364049e-01   1.3661850e+00  -2.1860124e-01  -6.1400644e-02  -2.7829495e-01  -1.2316662e+00   6.4199529e-02  -4.2048735e-01  -1.3980879e+00  -4.9655823e-02   6.6273809e-01   9.1970386e-01  -6.5381895e-02  -4.8827889e-01   1.0228513e+00   1.0869867e+00   1.1970395e+00  -1.5618441e-01  -4.9329397e-01
  -1.0090472e-01   6.5877854e-01  -2.0364049e-01   1.6395252e+00  -6.8359847e-01  -6.1400644e-02  -2.7829495e-01  -1.0521898e+00  -5.1612626e-02  -4.2048735e-01   1.8700421e+00  -1.0260854e-01   6.9837503e-01   8.6470247e-01  -7.5339482e-01  -4.8827889e-01   1.1430824e+00   1.4062271e+00   1.3349740e+00  -2.2298508e-01  -4.9329397e-01
  -1.0090472e-01   1.9404849e+00  -2.0364049e-01   2.3204586e+00  -6.8359847e-01  -6.1400644e-02  -2.7829495e-01  -1.2914916e+00   2.9582384e-01  -4.2048735e-01  -2.2360371e-01   2.6806047e-01   6.9837503e-01   1.6347220e+00   6.2263103e-01  -4.8827889e-01   1.4436603e+00   1.5977714e+00   1.6798103e+00   7.7617924e-02  -4.9329397e-01
  -1.0090472e-01   1.7758095e+00  -2.0364049e-01   3.5841221e+00  -6.8359847e-01  -6.1400644e-02  -2.7829495e-01  -1.1120152e+00   6.4199529e-02  -4.2048735e-01  -8.8744261e-01  -3.4089576e-01   6.6273809e-01   3.1468850e-01  -7.5339482e-01   9.6308254e-01   1.1430824e+00   1.1508347e+00   1.1970395e+00  -3.2318608e-01   1.1400175e+00
  -6.2998991e-01   1.3030080e+00  -2.0364049e-01   2.8577471e-01  -6.8359847e-01  -6.1400644e-02  -2.7829495e-01  -1.2316662e+00   6.4199529e-02  -4.2048735e-01   2.0193405e-01  -1.0822338e+00   1.1260183e+00  -5.1033246e-01  -1.0974013e+00   9.6308254e-01   8.8646672e-04   2.5696153e-01   9.3563441e-02  -5.9038875e-01  -4.9329397e-01
  -6.2998991e-01   1.3857791e+00  -2.0364049e-01   1.0217242e+00  -6.8359847e-01  -6.1400644e-02  -2.7829495e-01  -1.2914916e+00   6.4199529e-02  -4.2048735e-01   3.5512765e-01  -1.0822338e+00   1.1260183e+00  -5.1033246e-01  -7.5339482e-01  -4.8827889e-01   8.8646672e-04   2.5696153e-01   1.6253070e-01  -5.9038875e-01  -4.9329397e-01
  -6.2998991e-01  -9.1998844e-01  -2.0364049e-01  -4.0439386e-01  -6.8359847e-01  -6.1400644e-02  -2.7829495e-01  -5.7358604e-01  -5.1486125e-01  -1.0928592e-01  -7.0410115e-02  -1.3999501e+00   1.0903814e+00  -1.2253506e+00  -1.0974013e+00  -4.8827889e-01   8.8646672e-04   1.5691775e-03  -1.1333832e-01  -6.2378908e-01  -4.9329397e-01
  -6.2998991e-01  -9.1998844e-01  -2.0364049e-01  -5.6633124e-01  -6.8359847e-01  -6.1400644e-02  -2.7829495e-01  -5.1376058e-01  -6.3067340e-01  -1.7152621e-01  -1.5551767e-01  -1.3999501e+00   1.0903814e+00  -1.2253506e+00  -1.0974013e+00  -4.8827889e-01   8.8646672e-04   1.5691775e-03  -1.1333832e-01  -6.5718941e-01   1.1400175e+00
  -6.2998991e-01  -2.9562833e-01  -2.0364049e-01   1.3865694e+00  -6.8359847e-01  -6.1400644e-02  -2.7829495e-01  -1.1120152e+00  -1.6742478e-01  -4.2048735e-01   1.3384801e-01  -6.0565933e-01   8.4092279e-01   3.9681510e-02  -1.0974013e+00  -4.8827889e-01  -4.1992257e-01  -6.2278910e-02  -3.8920734e-01  -3.5658641e-01  -2.1266055e+00
  -6.2998991e-01  -9.1998844e-01  -2.0364049e-01   1.8268966e+00  -6.8359847e-01  -6.1400644e-02  -2.7829495e-01  -1.4111426e+00   6.4199529e-02  -4.2048735e-01   3.7214916e-01  -1.3469973e+00   8.4092279e-01  -1.5003576e+00  -1.0974013e+00  -4.8827889e-01  -4.1992257e-01  -3.1767126e-01  -4.5817459e-01  -6.5718941e-01  -4.9329397e-01
  -6.2998991e-01  -9.1998844e-01  -2.0364049e-01  -2.0836278e-01  -6.8359847e-01  -6.1400644e-02  -2.7829495e-01  -6.3341151e-01  -5.1486125e-01  -1.7152621e-01   1.4697437e-02  -1.3205210e+00   9.8347055e-01  -1.2253506e+00  -7.5339482e-01  -4.8827889e-01   8.8646672e-04  -6.2278910e-02  -1.8230558e-01  -6.2378908e-01  -4.9329397e-01
  -6.2998991e-01   7.2420683e-02  -2.0364049e-01  -5.3778781e-01  -6.8359847e-01  -6.1400644e-02  -2.7829495e-01  -9.9236430e-01  -2.8323694e-01  -4.2048735e-01   3.5512765e-01  -8.1747019e-01   9.8347055e-01  -1.8032408e-01  -4.0938836e-01   9.6308254e-01  -2.9969141e-01   6.5417265e-02  -2.5127283e-01  -3.8998675e-01  -2.1266055e+00
  -6.2998991e-01  -9.1998844e-01  -2.0364049e-01   2.7527392e-01  -6.8359847e-01  -6.1400644e-02  -2.7829495e-01  -1.2914916e+00  -5.1612626e-02  -4.2048735e-01   6.7853634e-01  -8.4394655e-01   3.7764257e-01  -1.1703492e+00  -4.0938836e-01  -4.8827889e-01  -6.0026930e-01  -3.1767126e-01  -5.2714185e-01  -6.2378908e-01  -4.9329397e-01
  -6.2998991e-01  -2.2815303e-01  -2.0364049e-01  -2.0055152e-01  -6.8359847e-01  -6.1400644e-02  -2.7829495e-01  -1.1718407e+00  -1.6742478e-01  -4.2048735e-01   6.2747181e-01  -4.7327755e-01   3.7764257e-01  -4.0032967e-01  -7.5339482e-01  -4.8827889e-01  -6.0026930e-01  -1.2612700e-01  -4.5817459e-01  -3.8998675e-01  -4.9329397e-01
  -6.2998991e-01  -3.3776372e-02  -2.0364049e-01   4.0700004e-01  -6.8359847e-01  -6.1400644e-02  -2.7829495e-01  -9.3253883e-01  -1.6742478e-01  -4.2048735e-01   1.6789103e-01  -2.3499033e-01   4.4891645e-01   2.0468570e-01  -7.5339482e-01  -4.8827889e-01  -5.4015372e-01   6.5417265e-02  -2.5127283e-01  -8.9383744e-02  -4.9329397e-01
  -6.2998991e-01  -9.1998844e-01  -2.0364049e-01   2.7527392e-01  -6.8359847e-01  -6.1400644e-02  -2.7829495e-01  -9.9236430e-01  -1.6742478e-01  -4.2048735e-01   4.4023520e-01  -1.0557574e+00   5.9146421e-01  -1.2803520e+00  -1.0974013e+00  -4.8827889e-01  -5.4015372e-01  -3.1767126e-01  -5.9610910e-01  -5.9038875e-01  -4.9329397e-01
  -6.2998991e-01   6.1439168e-01  -2.0364049e-01   6.1893630e-02  -6.8359847e-01  -6.1400644e-02  -2.7829495e-01  -1.0521898e+00  -1.6742478e-01  -4.2048735e-01  -4.4488334e-01  -4.2032483e-01   4.4891645e-01  -1.8032408e-01  -7.5339482e-01  -4.8827889e-01  -1.7946026e-01   1.2926535e-01  -1.1333832e-01  -3.5658641e-01  -4.9329397e-01
  -6.2998991e-01   6.6042308e-01  -2.0364049e-01   5.5000102e-01  -6.8359847e-01  -6.1400644e-02  -2.7829495e-01  -1.1718407e+00  -5.1612626e-02  -4.2048735e-01  -3.2573277e-01  -6.8508841e-01   5.9146421e-01  -5.1033246e-01  -7.5339482e-01  -4.8827889e-01  -1.7946026e-01   1.2926535e-01  -1.1333832e-01  -3.8998675e-01  -4.9329397e-01
  -6.2998991e-01   6.1253183e-01  -2.0364049e-01   1.6949817e+00  -6.8359847e-01  -6.1400644e-02  -2.7829495e-01  -1.0521898e+00  -1.6742478e-01  -4.2048735e-01  -3.2573277e-01  -8.1747019e-01   8.0528585e-01  -4.5533106e-01  -4.0938836e-01  -4.8827889e-01  -4.1992257e-01   6.5417265e-02  -1.8230558e-01  -3.5658641e-01  -4.9329397e-01
  -6.2998991e-01   8.5140099e-01  -2.0364049e-01   8.1414317e-01  -6.8359847e-01  -6.1400644e-02  -2.7829495e-01  -8.7271337e-01  -2.8323694e-01  -4.2048735e-01  -6.6616298e-01  -6.5861205e-01   5.9146421e-01  -4.5533106e-01  -4.0938836e-01  -4.8827889e-01  -5.4015372e-01   6.5417265e-02  -1.8230558e-01  -3.2318608e-01  -4.9329397e-01
  -6.2998991e-01   8.3907828e-01  -2.0364049e-01   7.9709959e-01  -6.8359847e-01  -6.1400644e-02  -2.7829495e-01  -8.7271337e-01  -2.8323694e-01  -4.2048735e-01  -6.8318449e-01  -6.5861205e-01   5.9146421e-01  -4.5533106e-01  -4.0938836e-01  -4.8827889e-01  -5.4015372e-01   6.5417265e-02  -1.8230558e-01  -3.2318608e-01  -4.9329397e-01
  -6.2998991e-01   4.0045982e-01  -2.0364049e-01   2.0167612e+00  -6.8359847e-01  -6.1400644e-02  -2.7829495e-01  -9.3253883e-01  -2.8323694e-01  -4.2048735e-01  -5.8105543e-01  -1.0028047e+00   6.2710115e-01  -1.1153478e+00  -4.0938836e-01  -4.8827889e-01  -5.4015372e-01  -1.2612700e-01  -3.8920734e-01  -5.5698841e-01  -4.9329397e-01
  -1.2648921e+00  -9.1998844e-01  -2.0364049e-01   1.4455345e+00  -6.8359847e-01  -6.1400644e-02  -2.7829495e-01   2.6397047e-01  -6.3067340e-01  -1.7152621e-01   1.1891817e+00  -9.2337562e-01   1.6382093e-01  -1.6653618e+00   2.7862457e-01  -4.8827889e-01  -8.4073160e-01  -8.2845596e-01  -1.0099126e+00  -5.9038875e-01   1.1400175e+00
  -1.2648921e+00  -9.1998844e-01  -2.0364049e-01   2.4519937e+00  -6.8359847e-01  -6.1400644e-02  -2.7829495e-01   3.8362140e-01  -8.6229771e-01  -1.7152621e-01   5.4236426e-01  -1.2675683e+00   4.4891645e-01  -1.9403688e+00  -1.0974013e+00  -4.8827889e-01  -8.4073160e-01  -8.9230404e-01  -1.0788799e+00  -6.2378908e-01   1.1400175e+00
  -1.2648921e+00  -9.1998844e-01  -2.0364049e-01   2.4594397e+00  -6.8359847e-01  -6.1400644e-02  -2.7829495e-01   5.0327233e-01  -8.6229771e-01  -2.9600678e-01   3.7214916e-01  -1.4264264e+00   5.9146421e-01  -2.0503716e+00  -7.5339482e-01  -4.8827889e-01  -8.4073160e-01  -8.9230404e-01  -1.0788799e+00  -6.2378908e-01   1.1400175e+00
  -1.2648921e+00  -6.8053215e-01  -2.0364049e-01   1.0136709e+00  -3.7580201e-01  -6.1400644e-02  -2.7829495e-01   1.4431954e-01  -5.1486125e-01  -2.9600678e-01   2.7002009e-01  -1.8203761e-01  -6.2019175e-01  -1.3353534e+00   1.6546504e+00  -4.8827889e-01  -1.2014251e+00  -7.6460787e-01  -1.0788799e+00  -3.8998675e-01   1.1400175e+00
  -1.2648921e+00  -9.1998844e-01  -2.0364049e-01   6.4009119e-01  -6.8359847e-01  -6.1400644e-02  -2.7829495e-01   2.6397047e-01  -7.4648556e-01  -2.9600678e-01   3.8917067e-01  -1.1087101e+00   4.8455339e-01  -1.5553590e+00  -6.5381895e-02  -4.8827889e-01  -1.2014251e+00  -8.2845596e-01  -1.0788799e+00  -5.5698841e-01  -4.9329397e-01
  -1.2648921e+00  -9.1998844e-01  -2.0364049e-01   9.3196693e-01  -6.8359847e-01  -6.1400644e-02  -2.7829495e-01   3.2379594e-01  -7.4648556e-01  -2.9600678e-01   3.3810613e-01  -1.1881392e+00   4.8455339e-01  -1.7203632e+00  -7.5339482e-01  -4.8827889e-01  -1.2014251e+00  -8.9230404e-01  -1.1478471e+00  -5.9038875e-01  -4.9329397e-01
   1.1072935e-01  -4.4734200e-01  -2.0364049e-01   3.2528517e-01  -6.8359847e-01  -6.1400644e-02  -2.7829495e-01   3.2379594e-01  -6.3067340e-01  -3.5824706e-01   4.4023520e-01  -7.3804112e-01   8.7655973e-01  -1.8032408e-01  -7.5339482e-01   9.6308254e-01  -5.9229110e-02   1.9311344e-01   2.4596186e-02  -5.9038875e-01  -4.9329397e-01
   1.1072935e-01  -5.1733582e-01  -2.0364049e-01   5.9176929e-01  -6.8359847e-01  -6.1400644e-02  -2.7829495e-01   2.6397047e-01  -5.1486125e-01  -3.5824706e-01   5.4236426e-01  -3.6737211e-01   3.7764257e-01  -1.8032408e-01  -6.5381895e-02   9.6308254e-01  -5.9229110e-02   1.9311344e-01   2.4596186e-02  -5.5698841e-01  -4.9329397e-01
   1.1072935e-01  -4.4009776e-02  -2.0364049e-01   7.8726660e-01  -6.8359847e-01  -6.1400644e-02  -2.7829495e-01   4.4344687e-01  -8.6229771e-01  -3.5824706e-01   1.6789103e-01  -1.8203761e-01   1.2818399e-01  -1.8032408e-01  -6.5381895e-02  -4.8827889e-01   8.8646672e-04   2.5696153e-01   9.3563441e-02  -6.2378908e-01  -4.9329397e-01
   1.1072935e-01  -3.7147251e-01  -2.0364049e-01   6.4009119e-01  -6.8359847e-01  -6.1400644e-02  -2.7829495e-01   4.4344687e-01  -8.6229771e-01  -2.9600678e-01   6.5761969e-02  -9.4985198e-01   8.0528585e-01  -7.3033805e-01  -1.0974013e+00   9.6308254e-01   8.8646672e-04   1.9311344e-01   2.4596186e-02  -6.5718941e-01  -4.9329397e-01
   1.1072935e-01   6.2600796e-03  -2.0364049e-01   1.5766498e-01  -6.8359847e-01  -6.1400644e-02  -2.7829495e-01  -2.1463325e-01  -3.9904909e-01   1.3967522e-01   8.1470843e-01   2.1510775e-01  -1.5691153e-01   2.0468570e-01  -6.5381895e-02   9.6308254e-01   1.8123320e-01   6.4005005e-01   5.0736697e-01  -3.8998675e-01   1.1400175e+00
   1.1072935e-01  -2.5279625e-01  -2.0364049e-01   2.0972014e-01  -6.8359847e-01  -6.1400644e-02  -2.7829495e-01  -3.9410965e-01  -3.9904909e-01  -4.2048735e-01   7.2960087e-01  -4.2032483e-01   8.0528585e-01   3.6968989e-01   2.7862457e-01   9.6308254e-01   8.4250453e-01   8.9544240e-01   8.5220324e-01  -5.2358808e-01  -4.9329397e-01
   6.3981454e-01   2.0517255e+00  -2.0364049e-01   2.3239565e-01  -6.8359847e-01  -6.1400644e-02  -2.7829495e-01  -4.5393511e-01  -2.8323694e-01  -4.2048735e-01  -7.0020600e-01  -6.8508841e-01   1.0547444e+00   2.0468570e-01  -1.4414078e+00   9.6308254e-01   6.0204223e-01   8.9544240e-01   7.8323599e-01  -5.5698841e-01  -4.9329397e-01
   6.3981454e-01   1.1425388e+00  -2.0364049e-01   7.5741637e-02  -6.8359847e-01  -6.1400644e-02  -2.7829495e-01  -4.5393511e-01  -2.8323694e-01  -4.2048735e-01  -5.1296938e-01  -5.7918298e-01   9.1219667e-01   2.0468570e-01  -7.5339482e-01  -4.8827889e-01   6.0204223e-01   8.3159431e-01   7.1426873e-01  -5.5698841e-01  -4.9329397e-01
   1.1072935e-01  -5.4647906e-01  -2.0364049e-01   4.3053681e-01  -6.8359847e-01  -6.1400644e-02  -2.7829495e-01   3.2379594e-01  -7.4648556e-01  -1.0928592e-01   5.2534275e-01  -4.4680119e-01   1.2818399e-01  -7.3033805e-01  -4.0938836e-01  -4.8827889e-01   8.8646672e-04   1.9311344e-01   2.4596186e-02  -6.5718941e-01   1.1400175e+00
   1.1072935e-01  -9.1998844e-01  -2.0364049e-01   3.2895775e-01  -6.8359847e-01  -6.1400644e-02  -2.7829495e-01   5.0327233e-01  -8.6229771e-01  -2.9600678e-01   2.7002009e-01  -1.0557574e+00   8.0528585e-01  -9.5034364e-01  -6.5381895e-02   9.6308254e-01   8.8646672e-04   1.9311344e-01   9.3563441e-02  -6.5718941e-01   1.1400175e+00
   1.1688997e+00   2.3782220e-01  -2.0364049e-01  -3.4499590e-02  -6.8359847e-01  -6.1400644e-02  -2.7829495e-01  -3.5156855e-02  -3.9904909e-01  -1.0928592e-01   6.7853634e-01  -7.6451748e-01   1.3398399e+00   4.7969269e-01  -6.5381895e-02  -4.8827889e-01   6.6215781e-01   9.5929049e-01   8.5220324e-01  -5.5698841e-01  -4.9329397e-01
   1.1688997e+00   3.6359451e-01  -2.0364049e-01   1.3945649e-01  -6.8359847e-01  -6.1400644e-02  -2.7829495e-01  -4.5393511e-01  -5.1486125e-01  -4.2048735e-01   2.1895556e-01  -7.9099384e-01   1.4111138e+00   5.3469408e-01  -6.5381895e-02  -4.8827889e-01   6.6215781e-01   9.5929049e-01   8.5220324e-01  -5.2358808e-01  -4.9329397e-01
   1.1688997e+00   1.5034316e-01  -2.0364049e-01   2.1460265e-01  -6.8359847e-01  -6.1400644e-02  -2.7829495e-01  -3.5156855e-02  -6.3067340e-01  -4.7045634e-02   2.0193405e-01  -8.1747019e-01   1.4111138e+00   4.7969269e-01   9.6663750e-01  -4.8827889e-01   6.6215781e-01   9.5929049e-01   7.8323599e-01  -5.5698841e-01  -4.9329397e-01
   1.1688997e+00   5.0863214e-01  -2.0364049e-01   3.4005849e-01  -6.8359847e-01  -6.1400644e-02  -2.7829495e-01  -9.4982320e-02  -6.3067340e-01   3.2639608e-01  -3.9381881e-01  -1.0557574e+00   1.4823877e+00   9.4682907e-02  -7.5339482e-01  -4.8827889e-01   6.6215781e-01   9.5929049e-01   8.5220324e-01  -6.2378908e-01  -4.9329397e-01
   1.1688997e+00  -1.4114088e-01  -2.0364049e-01   1.2367329e+00  -6.8359847e-01  -6.1400644e-02  -2.7829495e-01   1.4431954e-01  -8.6229771e-01  -4.2048735e-01   4.5725671e-01  -1.0822338e+00   1.6605724e+00   3.1468850e-01  -7.5339482e-01   9.6308254e-01   1.1430824e+00   1.3423790e+00   1.3349740e+00  -5.9038875e-01  -4.9329397e-01
   1.1688997e+00   1.0653054e-01  -2.0364049e-01   1.2036921e+00  -6.8359847e-01  -6.1400644e-02  -2.7829495e-01   2.0414501e-01  -8.6229771e-01  -4.2048735e-01   4.0619218e-01  -9.4985198e-01   1.6249355e+00   5.3469408e-01  -7.5339482e-01   9.6308254e-01   1.1430824e+00   1.4062271e+00   1.4039413e+00  -6.2378908e-01  -4.9329397e-01
   4.2818046e-01   3.3492891e-01  -2.0364049e-01   5.3372900e-01  -6.8359847e-01  -6.1400644e-02  -2.7829495e-01   8.4494076e-02  -7.4648556e-01  -3.5824706e-01  -1.3849616e-01  -9.2337562e-01   1.0191075e+00  -3.4532827e-01  -1.0974013e+00   9.6308254e-01   4.8181108e-01   6.4005005e-01   5.7633422e-01  -6.5718941e-01  -4.9329397e-01
   4.2818046e-01   5.5301647e-01  -2.0364049e-01   1.0805525e+00  -6.8359847e-01  -6.1400644e-02  -2.7829495e-01   2.4668611e-02  -7.4648556e-01  -2.9600678e-01  -3.0871126e-01  -1.1881392e+00   1.3754769e+00  -3.4532827e-01  -7.5339482e-01  -4.8827889e-01   4.8181108e-01   6.4005005e-01   5.7633422e-01  -6.5718941e-01  -4.9329397e-01
   4.2818046e-01  -1.8845754e-01  -2.0364049e-01   3.8769420e-01  -6.8359847e-01  -6.1400644e-02  -2.7829495e-01   2.0414501e-01  -8.6229771e-01  -2.9600678e-01   2.0193405e-01  -8.4394655e-01   1.0903814e+00  -7.0321284e-02  -1.0974013e+00   9.6308254e-01   4.8181108e-01   7.0389814e-01   5.7633422e-01  -6.2378908e-01  -4.9329397e-01
   4.2818046e-01  -9.1998844e-01  -2.0364049e-01  -7.5491510e-01  -6.8359847e-01  -6.1400644e-02  -2.7829495e-01   1.4431954e-01  -6.3067340e-01  -2.9600678e-01   4.0619218e-01  -9.2337562e-01   1.0191075e+00  -3.4532827e-01  -7.5339482e-01   9.6308254e-01   4.8181108e-01   6.4005005e-01   5.7633422e-01  -6.5718941e-01  -4.9329397e-01
   5.3399750e-01  -6.7801155e-01  -2.0364049e-01   3.7523813e-02  -6.8359847e-01  -6.1400644e-02  -2.7829495e-01   8.6222513e-01  -1.0939220e+00   1.1355198e+00  -1.8956069e-01  -1.1351865e+00   1.4823877e+00  -7.0321284e-02  -7.5339482e-01   9.6308254e-01   3.6157992e-01   5.1235388e-01   3.6943246e-01  -6.2378908e-01  -2.1266055e+00
   3.2236343e-01  -9.1998844e-01  -2.0364049e-01   8.8932413e-01  -3.9024733e-01  -6.1400644e-02  -2.7829495e-01   8.0239966e-01  -1.0939220e+00   1.5712018e+00  -3.5977579e-01  -1.1351865e+00   9.4783361e-01  -8.9534224e-01  -6.5381895e-02  -4.8827889e-01   2.4134877e-01   3.8465770e-01   3.0046520e-01  -6.5718941e-01   1.1400175e+00
   3.2236343e-01  -9.1998844e-01  -2.0364049e-01   7.5026611e-01  -6.8359847e-01  -6.1400644e-02  -2.7829495e-01   8.6222513e-01  -1.0939220e+00   1.5712018e+00  -3.5977579e-01  -1.5323319e+00   1.4823877e+00  -8.9534224e-01  -1.0974013e+00  -4.8827889e-01   2.4134877e-01   4.4850579e-01   3.6943246e-01  -6.9058975e-01  -4.9329397e-01
   3.2236343e-01  -9.1998844e-01  -2.0364049e-01   7.6577381e-01  -4.0460014e-01  -6.1400644e-02  -2.7829495e-01   5.6309780e-01  -1.0939220e+00   3.2639608e-01   1.3384801e-01  -1.1087101e+00   9.4783361e-01  -8.4034084e-01  -7.5339482e-01  -4.8827889e-01   2.4134877e-01   2.5696153e-01   2.3149795e-01  -6.2378908e-01   1.1400175e+00
   3.2236343e-01  -9.1998844e-01  -2.0364049e-01   2.3940792e-01   1.8780382e-01  -6.1400644e-02  -2.7829495e-01   3.8362140e-01  -9.7810987e-01  -2.9600678e-01   1.1682650e-01  -1.1616628e+00   9.1219667e-01  -1.0053450e+00  -1.0974013e+00  -4.8827889e-01   1.2111762e-01   6.5417265e-02   2.4596186e-02  -5.9038875e-01   1.1400175e+00
   3.2236343e-01  -9.1998844e-01  -2.0364049e-01   9.2632332e-01  -3.8594916e-01  -6.1400644e-02  -2.7829495e-01   4.4344687e-01  -9.7810987e-01   1.5194652e-02   2.7002009e-01  -1.1087101e+00   9.4783361e-01  -8.4034084e-01  -1.0974013e+00  -4.8827889e-01   2.4134877e-01   2.5696153e-01   1.6253070e-01  -6.2378908e-01  -4.9329397e-01
   3.2236343e-01  -9.1998844e-01  -2.0364049e-01   8.7302084e-01  -6.8359847e-01  -6.1400644e-02  -2.7829495e-01   3.2379594e-01  -9.7810987e-01  -4.2048735e-01   6.7853634e-01  -1.0557574e+00   9.8347055e-01  -6.7533665e-01  -1.4414078e+00  -4.8827889e-01   6.1002043e-02   1.9311344e-01   9.3563441e-02  -6.5718941e-01  -4.9329397e-01
   3.2236343e-01   6.6042308e-01  -2.0364049e-01   9.1431305e-01  -6.8359847e-01  -6.1400644e-02  -2.7829495e-01   2.0414501e-01  -8.6229771e-01  -3.5824706e-01  -1.9345583e-02  -8.4394655e-01   1.0547444e+00  -1.2532268e-01   2.7862457e-01  -4.8827889e-01   1.8123320e-01   5.1235388e-01   3.6943246e-01  -5.5698841e-01  -4.9329397e-01
   3.2236343e-01   1.5389987e+00  -2.0364049e-01   6.3148410e-01  -6.8359847e-01  -6.1400644e-02  -2.7829495e-01   3.2379594e-01  -8.6229771e-01  -2.9600678e-01  -1.0917007e+00  -7.3804112e-01   1.1260183e+00   2.0468570e-01  -4.0938836e-01  -4.8827889e-01   1.8123320e-01   5.7620196e-01   4.3839971e-01  -5.5698841e-01  -4.9329397e-01
   3.2236343e-01   7.5739693e-01  -2.0364049e-01   6.8412585e-01  -6.8359847e-01  -6.1400644e-02  -2.7829495e-01   1.4431954e-01  -7.4648556e-01  -2.9600678e-01   3.0406311e-01  -9.2337562e-01   1.0547444e+00  -2.9032687e-01  -1.0974013e+00  -4.8827889e-01   1.8123320e-01   3.8465770e-01   3.0046520e-01  -5.9038875e-01  -4.9329397e-01
   3.2236343e-01  -2.9562833e-01  -2.0364049e-01   9.5479215e-01  -6.8359847e-01  -6.1400644e-02  -2.7829495e-01   1.4431954e-01  -7.4648556e-01  -2.9600678e-01   8.6577296e-01  -1.0028047e+00   1.0547444e+00  -4.5533106e-01  -1.0974013e+00  -4.8827889e-01   1.8123320e-01   3.2080961e-01   1.6253070e-01  -6.2378908e-01  -4.9329397e-01
  -7.3580694e-01  -6.5576080e-01  -2.0364049e-01  -1.7405487e-01  -6.8359847e-01  -6.1400644e-02  -2.7829495e-01  -9.4982320e-02  -8.6229771e-01   1.5089615e+00  -7.0410115e-02  -1.3999501e+00   1.0547444e+00  -1.2803520e+00  -1.4414078e+00  -4.8827889e-01  -2.9969141e-01  -1.8997508e-01  -3.2024009e-01  -6.5718941e-01  -4.9329397e-01
  -7.3580694e-01  -9.1998844e-01  -2.0364049e-01   5.3691888e-02  -6.8359847e-01  -6.1400644e-02  -2.7829495e-01   2.4668611e-02  -8.6229771e-01   1.6334421e+00  -8.7431625e-02  -1.4529028e+00   1.1260183e+00  -1.2803520e+00  -1.4414078e+00  -4.8827889e-01  -2.9969141e-01  -1.8997508e-01  -3.8920734e-01  -6.5718941e-01  -4.9329397e-01
  -7.3580694e-01  -4.4333276e-01  -2.0364049e-01   1.2288811e-02  -6.8359847e-01  -6.1400644e-02  -2.7829495e-01  -2.7445872e-01  -8.6229771e-01   1.3967522e-01  -1.9345583e-02  -1.1881392e+00   1.1260183e+00  -7.3033805e-01  -1.0974013e+00  -4.8827889e-01  -2.9969141e-01  -6.2278910e-02  -3.2024009e-01  -6.2378908e-01  -2.1266055e+00
  -7.3580694e-01  -9.1998844e-01  -2.0364049e-01  -3.8007384e-01  -6.8359847e-01  -6.1400644e-02  -2.7829495e-01  -3.5156855e-02  -8.6229771e-01   5.1311694e-01   8.2783479e-02  -1.3999501e+00   1.0547444e+00  -1.2803520e+00  -1.4414078e+00  -4.8827889e-01  -2.9969141e-01  -1.8997508e-01  -3.8920734e-01  -6.5718941e-01  -4.9329397e-01
  -6.2998991e-01  -6.8498302e-01  -2.0364049e-01  -1.0687398e-02  -6.8359847e-01  -6.1400644e-02  -2.7829495e-01  -6.3341151e-01  -6.3067340e-01  -2.3376649e-01   3.3810613e-01  -8.7042291e-01   6.9837503e-01  -7.3033805e-01  -7.5339482e-01  -4.8827889e-01  -6.0026930e-01  -3.1767126e-01  -5.2714185e-01  -5.5698841e-01  -4.9329397e-01
  -6.2998991e-01  -9.1998844e-01  -2.0364049e-01  -1.0639793e-01  -6.8359847e-01  -6.1400644e-02  -2.7829495e-01  -7.5306244e-01  -6.3067340e-01  -1.7152621e-01   5.0832124e-01  -1.1351865e+00   6.9837503e-01  -1.2803520e+00  -1.0974013e+00  -4.8827889e-01  -6.0026930e-01  -5.0921552e-01  -6.6507636e-01  -6.2378908e-01  -4.9329397e-01
  -7.3580694e-01  -6.8388588e-01  -2.0364049e-01  -3.1001485e-03  -6.8359847e-01  -6.1400644e-02  -2.7829495e-01  -8.1288790e-01  -3.9904909e-01  -3.5824706e-01   7.2960087e-01  -9.4985198e-01   6.6273809e-01  -9.5034364e-01  -6.5381895e-02  -4.8827889e-01  -6.6038487e-01  -5.0921552e-01  -6.6507636e-01  -5.9038875e-01  -4.9329397e-01
  -7.3580694e-01  -9.1998844e-01  -2.0364049e-01   1.1620452e+00  -6.8359847e-01  -6.1400644e-02  -2.7829495e-01  -7.5306244e-01  -3.9904909e-01  -2.3376649e-01   8.1470843e-01  -6.0565933e-01   1.9945787e-01  -9.5034364e-01  -6.5381895e-02  -4.8827889e-01  -6.0026930e-01  -5.0921552e-01  -6.6507636e-01  -6.2378908e-01  -4.9329397e-01
  -7.3580694e-01  -3.0623638e-01  -2.0364049e-01  -2.2106717e-01  -4.2062674e-01  -6.1400644e-02  -2.7829495e-01  -8.7271337e-01  -3.9904909e-01  -2.3376649e-01   4.7427822e-01  -7.6451748e-01   4.1327951e-01  -9.5034364e-01  -1.0974013e+00  -4.8827889e-01  -6.0026930e-01  -3.8151935e-01  -5.9610910e-01  -5.9038875e-01  -4.9329397e-01
  -7.3580694e-01  -8.3607480e-02  -2.0364049e-01  -9.3469629e-02  -6.8359847e-01  -6.1400644e-02  -2.7829495e-01  -7.5306244e-01  -5.1486125e-01  -1.0928592e-01   4.2321369e-01  -7.1156476e-01   3.4200563e-01  -9.5034364e-01  -1.0974013e+00  -4.8827889e-01  -6.0026930e-01  -3.8151935e-01  -5.9610910e-01  -5.9038875e-01  -4.9329397e-01
  -7.3580694e-01  -1.8277024e-01  -2.0364049e-01  -1.0639793e-01  -2.0978936e-01  -6.1400644e-02  -2.7829495e-01  -7.5306244e-01  -5.1486125e-01   1.5194652e-02   3.1718948e-02  -5.2623026e-01   9.2547050e-02  -9.5034364e-01  -7.5339482e-01  -4.8827889e-01  -6.0026930e-01  -4.4536743e-01  -5.9610910e-01  -5.9038875e-01  -4.9329397e-01
  -7.3580694e-01  -3.6908247e-01  -2.0364049e-01  -1.1195155e-01   2.4534543e-02  -6.1400644e-02  -2.7829495e-01  -5.1376058e-01  -5.1486125e-01   2.0191551e-01   2.3597707e-01  -5.2623026e-01   9.2547050e-02  -9.5034364e-01  -1.0974013e+00  -4.8827889e-01  -6.0026930e-01  -3.8151935e-01  -5.9610910e-01  -5.9038875e-01  -4.9329397e-01
  -1.7939773e+00  -4.4734200e-01  -2.0364049e-01   3.2528517e-01  -7.6060037e-02  -6.1400644e-02  -2.7829495e-01  -1.5307935e+00   2.9582384e-01  -4.2048735e-01   1.0189666e+00  -3.9384847e-01  -5.0000709e-02  -8.9534224e-01  -1.0974013e+00   9.6308254e-01  -9.6096275e-01  -9.5615213e-01  -1.0788799e+00  -5.2358808e-01  -4.9329397e-01
  -1.7939773e+00   1.3692208e-01  -2.0364049e-01   9.2230737e-01  -3.4396100e-01  -6.1400644e-02  -2.7829495e-01  -1.4709680e+00   2.9582384e-01  -4.2048735e-01   2.8704160e-01   1.0920232e-01  -4.0637011e-01  -4.0032967e-01  -6.5381895e-02   2.4144440e+00  -9.6096275e-01  -7.6460787e-01  -9.4094538e-01  -4.5678741e-01  -4.9329397e-01
  -1.7939773e+00   7.7142188e-01  -2.0364049e-01   1.2883725e+00  -6.8359847e-01  -6.1400644e-02  -2.7829495e-01  -1.4709680e+00   2.9582384e-01  -4.2048735e-01  -8.0233506e-01   1.0920232e-01  -4.0637011e-01  -4.0032967e-01   6.2263103e-01   3.8658054e+00  -7.8061602e-01  -5.7306361e-01  -8.0301087e-01  -4.5678741e-01  -4.9329397e-01
  -1.7939773e+00   4.0507275e-01  -2.0364049e-01   5.0227454e-01  -3.9972682e-01  -6.1400644e-02  -2.7829495e-01  -1.2914916e+00   6.4199529e-02  -4.2048735e-01   4.4023520e-01  -4.4680119e-01   1.2818399e-01  -7.3033805e-01  -7.5339482e-01  -4.8827889e-01  -9.6096275e-01  -7.6460787e-01  -1.0099126e+00  -4.9018775e-01  -4.9329397e-01
  -1.7939773e+00  -9.1998844e-01  -2.0364049e-01   2.4782479e-01  -1.0005619e-01  -6.1400644e-02  -2.7829495e-01  -1.4709680e+00   2.9582384e-01  -4.2048735e-01   9.8492353e-01  -3.9384847e-01  -5.0000709e-02  -8.9534224e-01  -1.0974013e+00   9.6308254e-01  -9.6096275e-01  -9.5615213e-01  -1.0788799e+00  -5.5698841e-01  -4.9329397e-01
  -1.7939773e+00   5.1024823e-01  -2.0364049e-01   7.3792667e-01  -6.8359847e-01  -6.1400644e-02  -2.7829495e-01  -1.2316662e+00  -5.1612626e-02  -4.2048735e-01   8.1470843e-01  -6.0565933e-01   4.1327951e-01  -6.2033525e-01  -1.4414078e+00  -4.8827889e-01  -1.4418874e+00  -8.2845596e-01  -1.0788799e+00  -1.5618441e-01  -4.9329397e-01
  -1.7939773e+00   2.2247772e-01  -2.0364049e-01  -5.5722590e-02  -6.8359847e-01  -6.1400644e-02  -2.7829495e-01  -1.3513171e+00   6.4199529e-02  -4.2048735e-01   8.4875145e-01  -6.0565933e-01   4.1327951e-01  -6.2033525e-01  -7.5339482e-01  -4.8827889e-01  -1.4418874e+00  -9.5615213e-01  -1.3547489e+00  -3.2318608e-01  -2.1266055e+00
  -2.1114284e+00   2.5394768e-01  -2.0364049e-01  -3.3693134e-01  -6.8359847e-01  -6.1400644e-02  -2.7829495e-01  -1.2316662e+00  -1.6742478e-01  -1.0928592e-01   3.8917067e-01  -8.9689927e-01   4.4891645e-01  -1.1703492e+00  -1.0974013e+00  -4.8827889e-01  -1.3216562e+00  -1.2115445e+00  -1.4926834e+00  -5.5698841e-01  -2.1266055e+00
  -2.1114284e+00  -9.1998844e-01  -2.0364049e-01  -3.2598519e-01  -6.8359847e-01  -6.1400644e-02  -2.7829495e-01  -1.2914916e+00  -1.6742478e-01   2.0191551e-01   7.2960087e-01  -8.9689927e-01   4.8455339e-01  -1.1153478e+00  -1.4414078e+00  -4.8827889e-01  -1.4418874e+00  -1.2753926e+00  -1.6306179e+00  -6.2378908e-01  -2.1266055e+00
  -2.1114284e+00   1.6655519e+00  -2.0364049e-01   1.5216333e-01  -6.8359847e-01  -6.1400644e-02  -2.7829495e-01  -1.2316662e+00  -1.6742478e-01  -1.0928592e-01  -3.7679730e-01  -9.2337562e-01   5.2019033e-01  -1.1153478e+00  -1.4414078e+00  -4.8827889e-01  -1.3216562e+00  -1.0838483e+00  -1.4237162e+00  -5.2358808e-01  -2.1266055e+00
  -2.1114284e+00   3.5954730e+00  -2.0364049e-01   8.6226845e-01  -6.8359847e-01  -6.1400644e-02  -2.7829495e-01  -1.1718407e+00  -5.1612626e-02  -4.2048735e-01  -1.2959589e+00  -1.0292811e+00   6.6273809e-01  -1.1153478e+00  -1.4414078e+00  -4.8827889e-01  -1.2014251e+00  -8.2845596e-01  -1.2168144e+00  -4.9018775e-01  -2.1266055e+00
  -2.1114284e+00   1.2536434e+00  -2.0364049e-01   3.6836693e-01  -6.8359847e-01  -6.1400644e-02  -2.7829495e-01  -1.2316662e+00  -1.6742478e-01  -4.7045634e-02  -3.0871126e-01  -9.7632834e-01   5.2019033e-01  -1.2253506e+00  -1.0974013e+00  -4.8827889e-01  -1.3216562e+00  -1.0838483e+00  -1.4926834e+00  -5.5698841e-01  -2.1266055e+00
  -2.1114284e+00   1.0176808e+00  -2.0364049e-01   3.7412623e-01  -6.8359847e-01  -6.1400644e-02  -2.7829495e-01  -1.1718407e+00  -1.6742478e-01  -4.2048735e-01  -1.5551767e-01  -9.7632834e-01   5.2019033e-01  -1.2253506e+00  -1.0974013e+00  -4.8827889e-01  -1.3216562e+00  -1.1476964e+00  -1.4926834e+00  -5.5698841e-01  -2.1266055e+00
  -2.1114284e+00  -1.8061463e-01  -2.0364049e-01  -1.0192577e-01  -6.8359847e-01  -6.1400644e-02  -2.7829495e-01  -1.2316662e+00  -1.6742478e-01   7.7434938e-02   3.7214916e-01  -8.9689927e-01   4.8455339e-01  -1.1153478e+00  -1.4414078e+00   9.6308254e-01  -1.3216562e+00  -1.2115445e+00  -1.5616507e+00  -5.9038875e-01  -2.1266055e+00
  -2.1114284e+00  -9.1998844e-01  -2.0364049e-01  -2.4525666e-01  -6.8359847e-01  -6.1400644e-02  -2.7829495e-01  -1.2914916e+00  -1.6742478e-01   2.6415579e-01   8.1470843e-01  -8.9689927e-01   4.8455339e-01  -1.1153478e+00  -1.0974013e+00  -4.8827889e-01  -1.4418874e+00  -1.2753926e+00  -1.5616507e+00  -6.2378908e-01  -2.1266055e+00
  -1.2648921e+00   1.1698119e+00  -2.0364049e-01  -6.7240133e-01  -6.8359847e-01  -6.1400644e-02  -2.7829495e-01  -1.4709680e+00   2.9582384e-01  -4.2048735e-01  -4.1084032e-01  -8.4394655e-01   6.6273809e-01  -7.3033805e-01  -7.5339482e-01  -4.8827889e-01  -8.4073160e-01  -4.4536743e-01  -8.0301087e-01  -4.2338708e-01  -4.9329397e-01
  -1.4765262e+00  -6.8650198e-01  -2.0364049e-01  -6.6706354e-01  -3.8347562e-01  -6.1400644e-02  -2.7829495e-01  -1.1120152e+00  -5.1612626e-02  -4.2048735e-01   4.7427822e-01  -4.7327755e-01   1.2818399e-01  -7.8533944e-01  -4.0938836e-01  -4.8827889e-01  -9.6096275e-01  -9.5615213e-01  -1.2168144e+00  -4.9018775e-01  -4.9329397e-01
  -1.4765262e+00  -2.6148363e-01  -2.0364049e-01  -1.6358711e+00   1.6284180e-01  -6.1400644e-02  -2.7829495e-01  -1.2316662e+00   2.9582384e-01  -4.2048735e-01  -1.8956069e-01  -3.1441940e-01  -8.5637649e-02  -7.8533944e-01  -6.5381895e-02   9.6308254e-01  -1.3216562e+00  -1.0838483e+00  -1.4237162e+00  -2.8978574e-01  -4.9329397e-01
  -1.4765262e+00  -6.6762732e-01  -2.0364049e-01   8.0741908e-01  -3.5921418e-01  -6.1400644e-02  -2.7829495e-01  -1.1718407e+00  -1.6742478e-01  -4.2048735e-01   4.5725671e-01  -3.4089576e-01  -5.0000709e-02  -7.8533944e-01   2.7862457e-01  -4.8827889e-01  -9.6096275e-01  -8.9230404e-01  -1.1478471e+00  -4.9018775e-01  -4.9329397e-01
  -1.4765262e+00  -9.1998844e-01  -2.0364049e-01   8.3753442e-01  -6.8359847e-01  -6.1400644e-02  -2.7829495e-01  -1.1120152e+00  -2.8323694e-01  -4.2048735e-01   4.9129973e-01  -7.9099384e-01   3.4200563e-01  -1.1153478e+00  -4.0938836e-01  -4.8827889e-01  -9.6096275e-01  -8.9230404e-01  -1.1478471e+00  -6.2378908e-01  -4.9329397e-01
  -1.4765262e+00  -4.8736937e-01  -2.0364049e-01   1.5919925e-01  -1.2751111e-01  -6.1400644e-02  -2.7829495e-01  -1.1718407e+00  -5.1612626e-02   9.4879894e-01  -5.3388604e-02   3.7396590e-01  -6.5582869e-01  -2.3532547e-01  -7.5339482e-01   2.4144440e+00  -6.0026930e-01  -8.2845596e-01  -9.4094538e-01  -3.2318608e-01  -4.9329397e-01
  -1.4765262e+00  -2.9716616e-01  -2.0364049e-01  -3.4372996e-01   1.1697557e-01  -6.1400644e-02  -2.7829495e-01  -1.1718407e+00   6.4199529e-02   1.7579227e+00  -2.9168975e-01   4.2691861e-01  -7.2710257e-01  -2.3532547e-01  -7.5339482e-01   2.4144440e+00  -6.0026930e-01  -8.2845596e-01  -8.7197812e-01  -2.5638541e-01  -4.9329397e-01
  -1.4765262e+00  -9.1998844e-01  -2.0364049e-01   1.1531205e+00  -1.6520445e-01  -6.1400644e-02  -2.7829495e-01  -1.4111426e+00   6.4199529e-02  -4.2048735e-01   3.5512765e-01  -4.9975390e-01  -5.0000709e-02  -1.1153478e+00  -1.0974013e+00   9.6308254e-01  -7.8061602e-01  -9.5615213e-01  -1.0788799e+00  -4.9018775e-01  -4.9329397e-01
  -1.4765262e+00  -9.1998844e-01  -2.0364049e-01  -9.1326878e-01  -1.2042565e-02  -6.1400644e-02  -2.7829495e-01  -1.2316662e+00   6.4199529e-02  -4.2048735e-01   2.5299858e-01  -4.9975390e-01  -5.0000709e-02  -1.1153478e+00  -1.0974013e+00   9.6308254e-01  -6.6038487e-01  -9.5615213e-01  -1.0788799e+00  -3.5658641e-01  -4.9329397e-01
  -1.3707092e+00  -4.1219225e-02  -2.0364049e-01  -1.1658552e-01  -4.0120660e-01  -6.1400644e-02  -2.7829495e-01  -1.1120152e+00  -5.1612626e-02   1.0110392e+00  -3.2573277e-01   3.7396590e-01  -6.5582869e-01  -2.3532547e-01  -1.0974013e+00   9.6308254e-01  -6.0026930e-01  -6.3691169e-01  -7.3404361e-01  -4.5678741e-01  -4.9329397e-01
  -1.3707092e+00   2.0385974e-01  -2.0364049e-01   9.5479215e-01  -2.0206801e-01  -6.1400644e-02  -2.7829495e-01  -1.2914916e+00   6.4199529e-02  -1.0928592e-01  -5.3388604e-02   2.9773250e-02  -7.2710257e-01  -1.0603464e+00  -1.0974013e+00   9.6308254e-01  -6.0026930e-01  -7.0075978e-01  -8.0301087e-01  -3.8998675e-01   1.1400175e+00
  -1.3707092e+00   4.6070191e-02  -2.0364049e-01   7.0240663e-01  -6.8359847e-01  -6.1400644e-02  -2.7829495e-01  -1.2316662e+00  -5.1612626e-02  -2.9600678e-01   4.9129973e-01  -8.4394655e-01   4.4891645e-01  -1.0603464e+00  -1.0974013e+00  -4.8827889e-01  -6.6038487e-01  -5.7306361e-01  -7.3404361e-01  -5.5698841e-01  -4.9329397e-01
  -1.3707092e+00  -9.1998844e-01  -2.0364049e-01  -8.2441048e-01  -6.8359847e-01  -6.1400644e-02  -2.7829495e-01  -1.1718407e+00  -1.6742478e-01   1.3967522e-01   1.8491254e-01  -8.9689927e-01   4.4891645e-01  -1.1703492e+00  -4.0938836e-01  -4.8827889e-01  -6.0026930e-01  -7.0075978e-01  -8.7197812e-01  -5.5698841e-01  -4.9329397e-01
  -1.3707092e+00  -1.9056773e-01  -2.0364049e-01   3.8185701e-01  -6.8359847e-01  -6.1400644e-02  -2.7829495e-01  -1.1718407e+00  -1.6742478e-01  -4.2048735e-01   9.5088051e-01  -9.2337562e-01   5.5582727e-01  -1.0603464e+00  -1.4414078e+00  -4.8827889e-01  -9.6096275e-01  -6.3691169e-01  -9.4094538e-01  -5.2358808e-01  -4.9329397e-01
  -1.3707092e+00  -9.1998844e-01  -2.0364049e-01  -7.3448056e-01  -6.8359847e-01  -6.1400644e-02  -2.7829495e-01  -1.2914916e+00   6.4199529e-02  -4.2048735e-01   1.3423752e+00  -9.2337562e-01   5.5582727e-01  -1.0603464e+00  -4.0938836e-01   9.6308254e-01  -6.6038487e-01  -5.7306361e-01  -7.3404361e-01  -5.9038875e-01  -4.9329397e-01
  -1.3707092e+00  -6.7280775e-01  -2.0364049e-01   4.1538717e-01  -6.8359847e-01  -6.1400644e-02  -2.7829495e-01  -1.1120152e+00  -2.8323694e-01  -4.2048735e-01   9.5088051e-01  -9.2337562e-01   5.5582727e-01  -1.0603464e+00  -1.0974013e+00  -4.8827889e-01  -9.6096275e-01  -7.0075978e-01  -1.0099126e+00  -5.9038875e-01  -4.9329397e-01
  -1.3707092e+00  -9.1998844e-01  -2.0364049e-01   5.0977023e-01  -6.8359847e-01  -6.1400644e-02  -2.7829495e-01  -1.2316662e+00  -5.1612626e-02  -4.2048735e-01   1.2402462e+00  -9.2337562e-01   5.5582727e-01  -1.0603464e+00  -4.0938836e-01  -4.8827889e-01  -6.6038487e-01  -5.7306361e-01  -7.3404361e-01  -5.9038875e-01  -4.9329397e-01
  -1.3707092e+00  -9.1998844e-01  -2.0364049e-01   9.2070447e-01  -6.8359847e-01  -6.1400644e-02  -2.7829495e-01  -1.0521898e+00  -2.8323694e-01  -4.2048735e-01   8.1470843e-01  -9.7632834e-01   6.6273809e-01  -1.0053450e+00  -1.0974013e+00  -4.8827889e-01  -9.6096275e-01  -8.2845596e-01  -1.0788799e+00  -6.5718941e-01  -2.1266055e+00
  -1.3707092e+00  -9.1998844e-01  -2.0364049e-01   1.4979958e+00  -6.8359847e-01  -6.1400644e-02  -2.7829495e-01  -1.0521898e+00  -2.8323694e-01  -4.2048735e-01   8.8279447e-01  -1.0028047e+00   6.9837503e-01  -1.0053450e+00  -1.0974013e+00  -4.8827889e-01  -9.6096275e-01  -8.2845596e-01  -1.0788799e+00  -6.5718941e-01  -2.1266055e+00
  -1.7939773e+00   3.9360036e-01  -2.0364049e-01   4.8376248e-01  -4.0218456e-01  -6.1400644e-02  -2.7829495e-01  -1.4709680e+00   1.8001168e-01  -4.2048735e-01   4.2321369e-01   3.2101318e-01  -6.9146563e-01  -4.0032967e-01   2.7862457e-01  -4.8827889e-01  -1.2014251e+00  -8.9230404e-01  -1.2857816e+00  -3.2318608e-01  -4.9329397e-01
  -1.7939773e+00   8.5825237e-01  -2.0364049e-01   3.3172122e-01  -6.8359847e-01  -6.1400644e-02  -2.7829495e-01  -1.4709680e+00   1.8001168e-01  -4.2048735e-01   2.0193405e-01   2.1510775e-01  -5.4891787e-01  -4.0032967e-01  -4.0938836e-01  -4.8827889e-01  -9.6096275e-01  -7.6460787e-01  -1.0788799e+00  -4.2338708e-01  -4.9329397e-01
  -1.7939773e+00   5.8069906e-01  -2.0364049e-01   4.3973447e-01  -3.6210187e-01  -6.1400644e-02  -2.7829495e-01  -1.4709680e+00   2.9582384e-01  -4.2048735e-01   4.4023520e-01   3.7396590e-01  -7.6273951e-01  -4.0032967e-01   2.7862457e-01  -4.8827889e-01  -1.3216562e+00  -9.5615213e-01  -1.2857816e+00  -2.5638541e-01  -4.9329397e-01
  -1.7939773e+00   3.9246403e-01  -2.0364049e-01   1.7938601e-01  -1.2125754e-01  -6.1400644e-02  -2.7829495e-01  -1.4709680e+00   2.9582384e-01  -4.2048735e-01   4.0619218e-01   2.6806047e-01  -7.6273951e-01  -6.2033525e-01   2.7862457e-01  -4.8827889e-01  -1.3216562e+00  -1.0200002e+00  -1.4237162e+00  -2.5638541e-01  -4.9329397e-01
  -1.7939773e+00   9.7769142e-01  -2.0364049e-01   6.6072999e-01  -6.8359847e-01  -6.1400644e-02  -2.7829495e-01  -1.4709680e+00   2.9582384e-01  -4.2048735e-01   2.3597707e-01  -4.7327755e-01   3.7764257e-01  -4.0032967e-01  -7.5339482e-01  -4.8827889e-01  -1.3216562e+00  -9.5615213e-01  -1.2857816e+00  -3.5658641e-01  -2.1266055e+00
  -1.7939773e+00  -9.1998844e-01  -2.0364049e-01   1.6691003e-01  -6.8359847e-01  -6.1400644e-02  -2.7829495e-01  -1.4111426e+00   1.8001168e-01  -4.2048735e-01   8.3172994e-01  -8.7042291e-01   3.4200563e-01  -1.2803520e+00  -1.0974013e+00  -4.8827889e-01  -1.3216562e+00  -1.2753926e+00  -1.5616507e+00  -6.2378908e-01  -2.1266055e+00
  -1.7939773e+00   8.3602435e-01  -2.0364049e-01   4.8928235e-01  -6.8359847e-01  -6.1400644e-02   1.1608287e+00  -1.6504444e+00   6.4326030e-01  -4.2048735e-01   9.6790202e-01  -2.3179465e-02  -2.2818541e-01  -4.0032967e-01  -1.4414078e+00   9.6308254e-01  -9.6096275e-01  -1.0200002e+00  -1.2168144e+00  -2.5638541e-01  -4.9329397e-01
  -1.7939773e+00   2.2876121e+00  -2.0364049e-01  -8.9646407e-01  -6.8359847e-01  -6.1400644e-02  -2.7829495e-01  -1.5307935e+00   4.1163599e-01  -4.2048735e-01  -2.5764673e-01  -4.7327755e-01   3.7764257e-01  -4.0032967e-01  -1.0974013e+00   9.6308254e-01  -9.6096275e-01  -7.6460787e-01  -1.0788799e+00  -3.8998675e-01  -4.9329397e-01
  -2.1114284e+00   3.1470806e-01  -2.0364049e-01   7.5492653e-01  -4.8768278e-02  -6.1400644e-02  -2.7829495e-01  -1.6504444e+00   6.4326030e-01  -3.5824706e-01   1.3384801e-01  -2.0851397e-01  -4.4200705e-01  -1.1153478e+00  -1.4414078e+00   9.6308254e-01  -1.4418874e+00  -1.3392407e+00  -1.6306179e+00  -3.8998675e-01  -4.9329397e-01
  -2.1114284e+00  -5.2794837e-01  -2.0364049e-01   5.3305628e-01   3.2425598e-01  -6.1400644e-02  -2.7829495e-01  -1.6504444e+00   6.4326030e-01  -4.2048735e-01   5.7640728e-01  -2.0851397e-01  -4.4200705e-01  -1.1153478e+00  -4.0938836e-01   9.6308254e-01  -1.4418874e+00  -1.5307849e+00  -1.7685524e+00  -3.8998675e-01  -4.9329397e-01
  -2.1114284e+00  -2.7982174e-01  -2.0364049e-01   7.2523973e-01  -1.3501947e-01  -6.1400644e-02  -2.7829495e-01  -1.4111426e+00   2.9582384e-01  -2.9600678e-01   2.8704160e-01  -3.6737211e-01  -2.2818541e-01  -1.1153478e+00  -1.0974013e+00   9.6308254e-01  -1.3216562e+00  -1.2753926e+00  -1.4926834e+00  -4.5678741e-01  -4.9329397e-01
  -2.1114284e+00  -9.1998844e-01  -2.0364049e-01   7.3256821e-01   7.8381941e-01  -6.1400644e-02  -2.7829495e-01  -1.7102699e+00   8.7488462e-01  -2.3376649e-01   3.7214916e-01  -3.1441940e-01  -4.4200705e-01  -1.3353534e+00  -4.0938836e-01   9.6308254e-01  -1.4418874e+00  -1.5946330e+00  -1.8375197e+00  -3.5658641e-01  -4.9329397e-01
  -2.1114284e+00  -2.9096893e-01  -2.0364049e-01   6.8412585e-01  -4.1408516e-01  -6.1400644e-02  -2.7829495e-01  -1.2914916e+00   6.4199529e-02  -3.5824706e-01   1.6789103e-01  -4.9975390e-01  -5.0000709e-02  -1.1153478e+00   2.7862457e-01  -4.8827889e-01  -1.3216562e+00  -1.2115445e+00  -1.4237162e+00  -5.5698841e-01  -4.9329397e-01
  -2.1114284e+00  -9.1998844e-01  -2.0364049e-01   2.5599374e-02  -6.8359847e-01  -6.1400644e-02  -2.7829495e-01  -1.1120152e+00  -1.6742478e-01  -4.2048735e-01   3.2108462e-01  -9.7632834e-01  -1.4363769e-02  -2.0503716e+00  -7.5339482e-01   9.6308254e-01  -1.3216562e+00  -1.2115445e+00  -1.4237162e+00  -6.2378908e-01   1.1400175e+00
  -2.1114284e+00  -1.7517005e-01  -2.0364049e-01  -9.0630129e-02  -6.8359847e-01  -6.1400644e-02  -2.7829495e-01  -1.1120152e+00  -2.8323694e-01  -3.5824706e-01   3.1718948e-02  -5.2623026e-01  -1.4363769e-02  -1.1153478e+00  -6.5381895e-02   2.4144440e+00  -9.6096275e-01  -1.0838483e+00  -1.3547489e+00  -5.5698841e-01  -4.9329397e-01
  -2.1114284e+00  -9.1998844e-01  -2.0364049e-01   4.4591188e-01  -6.8359847e-01  -6.1400644e-02  -2.7829495e-01  -1.1718407e+00  -1.6742478e-01  -4.2048735e-01   1.8491254e-01  -1.0557574e+00   4.8455339e-01  -1.4453562e+00  -6.5381895e-02   9.6308254e-01  -1.0210783e+00  -1.0838483e+00  -1.2857816e+00  -6.2378908e-01  -4.9329397e-01
  -1.7939773e+00   2.5942314e-01  -2.0364049e-01   1.6266246e+00  -7.7193524e-02  -6.1400644e-02   1.2682258e+00  -1.6504444e+00   6.4326030e-01  -4.2048735e-01  -2.4062522e-01   4.0044226e-01  -3.7073317e-01   2.5968710e-01  -4.0938836e-01   9.6308254e-01  -9.0084718e-01  -1.1476964e+00  -1.2168144e+00   1.4441859e-01  -4.9329397e-01
  -1.7939773e+00  -4.5171835e-01  -2.0364049e-01   1.6024580e+00   5.2022767e-01  -6.1400644e-02   2.7918353e+00  -1.7700953e+00   9.9069677e-01  -4.2048735e-01  -4.4488334e-01   4.7987133e-01  -4.7764399e-01   2.5968710e-01  -6.5381895e-02   9.6308254e-01  -1.3216562e+00  -1.5307849e+00  -1.8375197e+00   4.1162126e-01  -2.1266055e+00
  -1.7939773e+00  -1.8968999e-01  -2.0364049e-01   1.6468827e+00  -2.1423666e-01  -6.1400644e-02  -2.7829495e-01  -1.4111426e+00   2.9582384e-01  -4.2048735e-01   4.2321369e-01   2.4158411e-01  -1.9254847e-01   2.0468570e-01  -7.5339482e-01  -4.8827889e-01  -4.1992257e-01  -7.0075978e-01  -8.0301087e-01  -5.5983410e-02  -4.9329397e-01
  -1.7939773e+00  -9.1998844e-01  -2.0364049e-01   1.0475525e+00   9.7897472e-01  -6.1400644e-02  -2.7829495e-01  -1.7700953e+00   8.7488462e-01  -4.2048735e-01  -2.4062522e-01  -4.9975390e-01  -2.2818541e-01  -1.3903548e+00  -6.5381895e-02  -4.8827889e-01  -1.0210783e+00  -1.4030887e+00  -1.4926834e+00  -5.5983410e-02  -4.9329397e-01
  -1.7939773e+00   2.0186534e-01  -2.0364049e-01   1.7777358e+00  -3.9519293e-01  -6.1400644e-02  -2.7829495e-01  -1.3513171e+00   2.9582384e-01  -4.2048735e-01   3.3810613e-01   7.4463491e-01  -5.1328093e-01   7.5469967e-01  -4.0938836e-01   2.4144440e+00  -4.1992257e-01  -5.7306361e-01  -5.9610910e-01  -1.2278408e-01  -4.9329397e-01
  -1.7939773e+00   6.8296460e-01  -2.0364049e-01   1.1354406e+00  -6.8359847e-01  -6.1400644e-02  -2.7829495e-01  -1.5307935e+00   2.9582384e-01  -4.2048735e-01  -5.3388604e-02  -4.9975390e-01  -5.0000709e-02  -1.1153478e+00  -7.5339482e-01   9.6308254e-01  -6.0026930e-01  -7.6460787e-01  -9.4094538e-01  -3.8998675e-01  -4.9329397e-01
  -1.7939773e+00  -1.5527320e-01  -2.0364049e-01   1.1846091e+00  -2.8289895e-02  -6.1400644e-02   1.3929453e+00  -1.2316662e+00   1.8001168e-01  -4.2048735e-01   3.2108462e-01   9.0349305e-01  -6.9146563e-01   8.0970107e-01  -4.0938836e-01   2.4144440e+00  -1.7946026e-01  -7.0075978e-01  -5.2714185e-01   8.1242526e-01  -4.9329397e-01
  -1.7939773e+00  -5.5191588e-01  -2.0364049e-01   1.4186227e+00  -2.1047902e-01  -6.1400644e-02   2.1349079e+00  -1.1718407e+00   2.9582384e-01  -4.2048735e-01   3.5512765e-01   9.0349305e-01  -6.9146563e-01   8.0970107e-01  -4.0938836e-01   2.4144440e+00  -4.1992257e-01  -7.0075978e-01  -4.5817459e-01   7.1222426e-01  -4.9329397e-01
  -1.7939773e+00   1.4158101e-01  -2.0364049e-01   1.3006490e+00  -1.3778310e-01  -6.1400644e-02   1.1137037e+00  -1.2914916e+00   5.2744815e-01  -4.2048735e-01   4.8740458e-02   1.3006384e+00  -6.9146563e-01   1.6347220e+00  -6.5381895e-02  -4.8827889e-01  -2.9969141e-01  -2.5382317e-01  -3.2024009e-01   1.2800299e+00  -4.9329397e-01
  -1.7939773e+00   5.0460785e-01  -2.0364049e-01   8.2708339e-01   2.3198761e-01  -6.1400644e-02   2.0567337e+00  -1.4111426e+00   9.9069677e-01  -4.2048735e-01  -1.1087222e+00   1.3535911e+00  -6.9146563e-01   1.7447248e+00  -4.0938836e-01  -4.8827889e-01   5.4192665e-01  -3.8151935e-01  -4.5817459e-01   3.5512526e+00  -4.9329397e-01
  -1.8997944e+00   7.7142188e-01  -2.0364049e-01   1.8732213e+00   4.1112919e-02  -6.1400644e-02   1.5699440e+00  -1.5307935e+00   1.5697575e+00  -4.2048735e-01   6.7853634e-01   1.4065438e+00  -6.9146563e-01   1.8547276e+00   2.7862457e-01  -4.8827889e-01   5.4192665e-01   1.5691775e-03  -4.4371068e-02   3.1170483e+00  -4.9329397e-01
  -1.8997944e+00   1.7511296e+00  -2.0364049e-01   2.0585607e+00  -6.8359847e-01  -6.1400644e-02  -2.7829495e-01  -1.5906190e+00   1.8013819e+00  -4.2048735e-01   1.1381171e+00   1.2741621e+00  -5.1328093e-01   1.8547276e+00  -6.5381895e-02   9.6308254e-01   5.4192665e-01   8.3159431e-01   7.1426873e-01   1.4804319e+00  -4.9329397e-01
   4.2818046e-01  -4.8174606e-01  -2.0364049e-01   1.8253205e-01   1.2880059e+00  -6.1400644e-02   1.1583344e+00  -1.2316662e+00   1.8001168e-01  -4.2048735e-01  -7.3424902e-01   1.0888276e+00  -1.0834720e+00   5.8969548e-01   1.3106440e+00  -4.8827889e-01   8.8646672e-04  -3.1767126e-01  -1.1333832e-01   4.7842193e-01  -4.9329397e-01
   4.2818046e-01  -9.1998844e-01  -2.0364049e-01  -1.5741999e-03   1.4427860e+00  -6.1400644e-02   1.2711165e+00  -1.1718407e+00   1.8001168e-01  -4.2048735e-01  -7.1722751e-01   6.3872948e-01  -1.0834720e+00  -3.4532827e-01   6.2263103e-01  -4.8827889e-01   8.8646672e-04  -4.4536743e-01  -1.8230558e-01   4.4502159e-01   1.1400175e+00
   4.2818046e-01   7.0990189e-01  -2.0364049e-01  -2.5652229e-02  -3.8430468e-01  -6.1400644e-02  -2.7829495e-01  -3.3428418e-01  -7.4648556e-01  -4.2048735e-01  -6.3211996e-01  -2.8794304e-01   8.7655973e-01   7.5469967e-01   2.7862457e-01  -4.8827889e-01   7.2227338e-01   1.2146828e+00   1.0591050e+00  -2.8978574e-01  -4.9329397e-01
   5.3399750e-01   2.6717515e-01  -2.0364049e-01   6.0985611e-03  -1.7493955e-01  -6.1400644e-02  -2.7829495e-01  -5.1376058e-01  -6.3067340e-01  -4.2048735e-01  -5.4701241e-01  -2.8794304e-01   8.7655973e-01   7.5469967e-01  -6.5381895e-02  -4.8827889e-01   7.2227338e-01   9.5929049e-01   8.5220324e-01  -3.8998675e-01  -4.9329397e-01
   6.3981454e-01  -9.1998844e-01  -2.0364049e-01   7.0613475e-01   4.1921764e-02  -6.1400644e-02  -2.7829495e-01  -6.3341151e-01  -5.1486125e-01  -4.7045634e-02   3.8917067e-01  -4.7327755e-01   3.0636869e-01  -5.1033246e-01   2.7862457e-01  -4.8827889e-01   7.2227338e-01   5.7620196e-01   6.4530148e-01  -3.8998675e-01   1.1400175e+00
   6.3981454e-01  -9.1998844e-01  -2.0364049e-01   9.4206163e-01   1.1500857e-01  -6.1400644e-02  -2.7829495e-01  -6.3341151e-01  -5.1486125e-01   1.5194652e-02   2.3597707e-01  -3.1441940e-01   9.2547050e-02  -5.1033246e-01   2.7862457e-01  -4.8827889e-01   7.2227338e-01   5.7620196e-01   6.4530148e-01  -3.5658641e-01   1.1400175e+00
   6.3981454e-01  -4.8810827e-01  -2.0364049e-01   7.5346819e-01   9.8181431e-01  -6.1400644e-02  -2.7829495e-01  -7.5306244e-01  -3.9904909e-01   5.7535722e-01  -2.7466824e-01   1.0920232e-01   2.3509481e-01   5.8969548e-01   2.7862457e-01  -4.8827889e-01   5.4192665e-01   3.8465770e-01   5.0736697e-01  -1.5618441e-01  -4.9329397e-01
   6.3981454e-01  -9.1998844e-01  -2.0364049e-01   3.6836693e-01   8.6861290e-01  -6.1400644e-02  -2.7829495e-01  -6.9323697e-01  -5.1486125e-01   6.9983779e-01  -2.5764673e-01  -1.8203761e-01   2.3509481e-01  -1.5319887e-02  -7.5339482e-01  -4.8827889e-01   5.4192665e-01   3.8465770e-01   5.0736697e-01  -2.8978574e-01   1.1400175e+00
   6.3981454e-01  -6.1846427e-02  -2.0364049e-01   1.1335596e+00   1.1548238e+00  -6.1400644e-02  -2.7829495e-01  -9.9236430e-01  -1.6742478e-01   1.3967522e-01  -8.0233506e-01   4.2691861e-01  -1.9254847e-01   5.8969548e-01   6.2263103e-01  -4.8827889e-01   4.8181108e-01   6.5417265e-02   9.3563441e-02   3.4482059e-01  -4.9329397e-01
   6.3981454e-01   7.4360264e-01  -2.0364049e-01   6.6504693e-01   1.4547769e+00  -6.1400644e-02  -2.7829495e-01  -9.9236430e-01  -5.1612626e-02   5.7535722e-01  -1.1257438e+00   4.2691861e-01  -1.9254847e-01   5.8969548e-01   1.3106440e+00  -4.8827889e-01   4.2169550e-01   1.9311344e-01   3.0046520e-01   3.7822093e-01  -4.9329397e-01
  -6.2998991e-01   7.9726687e-01  -4.2568385e-02   1.4548477e-01   1.5237568e+00  -6.1400644e-02   1.1290652e+00  -1.4111426e+00   9.9069677e-01  -4.2048735e-01  -6.8318449e-01   8.7701669e-01  -8.3401339e-01   5.3469408e-01   6.2263103e-01  -4.8827889e-01   4.2169550e-01  -5.0921552e-01  -2.5127283e-01   1.9146363e+00  -4.9329397e-01
  -7.3580694e-01   2.7010022e+00  -2.3751078e-03   3.3530033e-02   8.6787198e-01  -6.1400644e-02  -2.7829495e-01  -1.3513171e+00   8.7488462e-01  -4.2048735e-01  -1.3980879e+00   8.7701669e-01  -8.3401339e-01   5.3469408e-01   9.6663750e-01   9.6308254e-01  -1.1934469e-01   6.5417265e-02   9.3563441e-02   1.0817257e-02  -4.9329397e-01
  -7.3580694e-01   2.9016616e+00   8.7781380e-03   1.2604093e-01   1.3512460e-01  -6.1400644e-02  -2.7829495e-01  -1.3513171e+00   7.5907246e-01  -4.2048735e-01  -1.3980879e+00   8.7701669e-01  -8.3401339e-01   5.3469408e-01  -6.5381895e-02  -4.8827889e-01  -1.1934469e-01   1.9311344e-01   9.3563441e-02  -1.5618441e-01  -4.9329397e-01
  -7.3580694e-01   8.6232586e-01  -5.5041027e-02   2.1297227e-01   1.6073834e+00  -6.1400644e-02   1.1823838e+00  -1.4111426e+00   9.9069677e-01  -4.2048735e-01  -6.6616298e-01   8.7701669e-01  -8.3401339e-01   5.3469408e-01   9.6663750e-01  -4.8827889e-01   4.2169550e-01  -5.0921552e-01  -1.8230558e-01   1.9480366e+00  -4.9329397e-01
  -7.3580694e-01   1.1110625e+00  -6.2525705e-02   7.0508966e-01   1.0568731e+00  -6.1400644e-02  -2.7829495e-01  -1.2914916e+00   7.5907246e-01  -4.2048735e-01  -4.6190485e-01   1.3535911e+00  -1.3329305e+00   7.5469967e-01   1.3106440e+00  -4.8827889e-01   4.2169550e-01  -3.1767126e-01   2.4596186e-02   1.4804319e+00   1.1400175e+00
  -7.3580694e-01  -2.2239873e-02   4.5857127e-02   1.9700666e-02   1.2396741e+00  -6.1400644e-02  -2.7829495e-01  -1.2914916e+00   8.7488462e-01  -4.2048735e-01  -1.3849616e-01   1.3535911e+00  -1.3329305e+00   7.5469967e-01   1.3106440e+00  -4.8827889e-01   4.2169550e-01  -7.0075978e-01  -3.8920734e-01   2.3822409e+00  -4.9329397e-01
  -7.3580694e-01  -1.7735747e-01   4.4025279e-02  -9.5168314e-02   1.2255531e+00  -6.1400644e-02  -2.7829495e-01  -1.3513171e+00   8.7488462e-01  -4.2048735e-01   4.8740458e-02   1.3535911e+00  -1.3329305e+00   7.5469967e-01   1.6546504e+00  -4.8827889e-01   4.2169550e-01  -6.3691169e-01  -3.8920734e-01   2.1150383e+00  -4.9329397e-01
  -7.3580694e-01  -9.1998844e-01   3.9486101e-02   9.2660393e-02   1.4582998e+00  -6.1400644e-02  -2.7829495e-01  -1.3513171e+00   9.9069677e-01  -4.2048735e-01   4.8740458e-02   1.3535911e+00  -1.3329305e+00   7.5469967e-01   1.3106440e+00  -4.8827889e-01   4.2169550e-01  -7.0075978e-01  -4.5817459e-01   2.4490416e+00  -4.9329397e-01
  -7.3580694e-01  -3.9861556e-01   1.0064372e-01   5.2746625e-01   1.9970866e+00  -6.1400644e-02  -2.7829495e-01  -1.5906190e+00   1.4539454e+00  -4.2048735e-01  -3.2573277e-01   1.3535911e+00  -1.3329305e+00   7.5469967e-01   1.9986569e+00  -4.8827889e-01  -2.9969141e-01  -1.1476964e+00  -1.0788799e+00   1.7142343e+00  -4.9329397e-01
  -4.1835583e-01   1.2094081e+00  -4.8295392e-02  -1.6328359e-01   6.8496178e-01  -6.1400644e-02   1.4668317e+00  -1.4709680e+00   8.7488462e-01  -4.2048735e-01  -1.0746792e+00   8.7701669e-01  -8.3401339e-01   5.3469408e-01  -6.5381895e-02  -4.8827889e-01  -1.1934469e-01  -4.4536743e-01  -2.5127283e-01   8.7922593e-01  -4.9329397e-01
  -4.1835583e-01   7.2841992e-01  -3.8718335e-02   1.8806392e-01   1.0114892e+00  -6.1400644e-02   1.8832049e+00  -1.5307935e+00   1.1065089e+00  -4.2048735e-01  -1.0746792e+00   8.7701669e-01  -8.3401339e-01   5.3469408e-01   9.6663750e-01  -4.8827889e-01  -1.1934469e-01  -6.3691169e-01  -5.2714185e-01   1.2132293e+00  -4.9329397e-01
  -4.1835583e-01   6.1253183e-01   1.5398977e-02  -1.2184715e-01   1.0048850e+00  -6.1400644e-02   1.1570907e+00  -1.3513171e+00   8.7488462e-01  -4.2048735e-01  -3.2573277e-01   9.2996941e-01  -9.0528727e-01   5.3469408e-01   9.6663750e-01  -4.8827889e-01   4.2169550e-01  -4.4536743e-01  -1.8230558e-01   1.6474336e+00  -4.9329397e-01
  -4.1835583e-01  -9.1998844e-01   5.0804062e-02   1.7312651e-01   1.5580088e+00  -6.1400644e-02   2.5801021e+00  -1.3513171e+00   9.9069677e-01  -4.2048735e-01   3.1718948e-02   1.3535911e+00  -1.3329305e+00   7.5469967e-01   1.6546504e+00  -4.8827889e-01   4.2169550e-01  -7.6460787e-01  -4.5817459e-01   2.5492426e+00  -4.9329397e-01
  -4.1835583e-01  -2.1168077e-01  -6.7912944e-03   6.5000823e-01   8.3382945e-01  -6.1400644e-02   1.2696698e+00  -1.2316662e+00   6.4326030e-01  -4.2048735e-01   1.3384801e-01   4.5339497e-01  -9.0528727e-01  -4.5533106e-01   6.2263103e-01  -4.8827889e-01  -1.7946026e-01  -5.0921552e-01  -3.8920734e-01   7.1222426e-01   1.1400175e+00
  -4.1835583e-01  -5.7735178e-01   2.4896623e-02   2.5973615e-01   6.3767415e-01  -6.1400644e-02   1.9681419e+00  -1.3513171e+00   8.7488462e-01  -4.2048735e-01   2.0193405e-01   1.3535911e+00  -1.3329305e+00   7.5469967e-01   9.6663750e-01  -4.8827889e-01   4.2169550e-01  -6.3691169e-01  -4.5817459e-01   1.9814369e+00  -4.9329397e-01
  -4.1835583e-01  -3.3517462e-02  -3.9067706e-04   2.0325003e-01   1.0256025e+00  -6.1400644e-02   1.1747027e+00  -1.1718407e+00   6.4326030e-01  -4.2048735e-01  -1.5551767e-01   4.5339497e-01  -9.0528727e-01  -4.5533106e-01   1.3106440e+00  -4.8827889e-01  -1.7946026e-01  -5.0921552e-01  -3.8920734e-01   6.7882393e-01   1.1400175e+00
  -4.1835583e-01  -9.1998844e-01   8.3475930e-02   1.0858374e+00   1.2134817e+00  -6.1400644e-02   2.9471337e+00  -1.6504444e+00   1.4539454e+00  -4.2048735e-01   8.2783479e-02   1.3535911e+00  -1.3329305e+00   7.5469967e-01   1.6546504e+00  -4.8827889e-01  -1.7946026e-01  -1.2115445e+00  -1.0099126e+00   1.7476346e+00  -4.9329397e-01
  -4.1835583e-01   4.1205289e-01   1.8475914e-02  -1.0057903e-01   1.0286038e+00  -6.1400644e-02  -2.7829495e-01  -8.7271337e-01   2.9582384e-01  -4.2048735e-01  -2.0658220e-01   1.1682566e+00  -1.1191089e+00   6.9969827e-01   9.6663750e-01   9.6308254e-01  -1.7946026e-01  -3.1767126e-01  -2.5127283e-01   3.1142026e-01  -4.9329397e-01
  -4.1835583e-01   6.2375907e-01  -7.4931400e-02   7.2258511e-02   5.0699883e-01  -6.1400644e-02  -2.7829495e-01  -7.5306244e-01   6.4199529e-02  -4.2048735e-01  -4.7892636e-01   4.2691861e-01  -7.9837645e-01  -3.4532827e-01   6.2263103e-01  -4.8827889e-01  -1.7946026e-01   1.5691775e-03  -1.1333832e-01  -1.5618441e-01   1.1400175e+00
  -4.1835583e-01   7.9352647e-01   4.5001064e-04  -2.8160380e-01   1.2042993e+00  -6.1400644e-02  -2.7829495e-01  -8.1288790e-01   2.9582384e-01  -4.2048735e-01  -7.6829204e-01   9.2996941e-01  -7.9837645e-01   6.9969827e-01   2.3426634e+00  -4.8827889e-01   6.1002043e-02  -3.1767126e-01  -1.1333832e-01   6.4542359e-01  -4.9329397e-01
  -4.1835583e-01   1.2203512e+00   3.0193947e-04  -3.6716663e-01   8.8850824e-01  -6.1400644e-02  -2.7829495e-01  -8.1288790e-01   2.9582384e-01  -4.2048735e-01  -9.0446412e-01   1.7772129e+00  -1.1903828e+00   1.8547276e+00   2.3426634e+00  -4.8827889e-01   6.1002043e-02  -1.8997508e-01   2.4596186e-02   6.7882393e-01  -4.9329397e-01
  -4.1835583e-01   1.1291675e+00   1.3761923e-03  -5.0219352e-01   8.9678917e-01  -6.1400644e-02  -2.7829495e-01  -8.7271337e-01   5.2744815e-01  -4.2048735e-01  -7.5127053e-01   1.7772129e+00  -1.1903828e+00   1.8547276e+00   2.6866698e+00  -4.8827889e-01   6.1002043e-02  -3.8151935e-01  -4.4371068e-02   9.4602660e-01  -4.9329397e-01
  -4.1835583e-01   1.0152093e+00   1.1487557e-02  -7.4367843e-01   9.7473346e-01  -6.1400644e-02  -2.7829495e-01  -1.0521898e+00   5.2744815e-01  -4.2048735e-01  -1.2108513e+00   1.7772129e+00  -1.1903828e+00   1.8547276e+00   2.6866698e+00  -4.8827889e-01  -5.9229110e-02  -5.0921552e-01  -1.1333832e-01   1.2800299e+00  -4.9329397e-01
  -4.1835583e-01   7.8712275e-01  -6.1311045e-02  -1.6017685e-01   1.2364280e+00  -6.1400644e-02   1.1207518e+00  -1.4111426e+00   9.9069677e-01  -4.2048735e-01  -5.1296938e-01   8.7701669e-01  -8.3401339e-01   5.3469408e-01   9.6663750e-01  -4.8827889e-01   4.2169550e-01  -4.4536743e-01  -1.1333832e-01   1.8478356e+00  -4.9329397e-01
  -4.1835583e-01  -2.1168077e-01  -8.5530971e-02  -6.5620857e-01   1.1373150e+00  -6.1400644e-02   4.3655994e+00  -1.8299208e+00   1.4539454e+00  -4.2048735e-01  -1.3980879e+00   4.0044226e-01  -8.3401339e-01  -4.5533106e-01  -6.5381895e-02  -4.8827889e-01  -1.2615406e+00  -1.1476964e+00  -1.4237162e+00   7.7902493e-01  -4.9329397e-01
  -4.1835583e-01   6.9503063e-01   7.9544344e-03  -4.0344018e-02   7.9921658e-01  -6.1400644e-02   1.2343605e+00  -1.3513171e+00   8.7488462e-01  -4.2048735e-01  -2.7466824e-01   9.2996941e-01  -9.0528727e-01   5.3469408e-01   6.2263103e-01  -4.8827889e-01   4.2169550e-01  -3.8151935e-01  -1.1333832e-01   1.6808339e+00  -4.9329397e-01
  -4.1835583e-01  -9.1998844e-01   3.7762739e-02  -3.0098738e-01   1.1772778e+00  -6.1400644e-02   2.8855796e+00  -1.3513171e+00   1.1065089e+00  -4.2048735e-01   1.6789103e-01   1.3535911e+00  -1.3329305e+00   7.5469967e-01   2.3426634e+00  -4.8827889e-01   4.2169550e-01  -7.6460787e-01  -3.8920734e-01   2.6828439e+00  -4.9329397e-01
  -4.1835583e-01   2.1904689e-01   5.2856684e-03  -6.0467786e-02   7.8051441e-01  -6.1400644e-02   1.2152819e+00  -1.1120152e+00   6.4326030e-01  -4.2048735e-01  -2.3240730e-03   4.5339497e-01  -9.0528727e-01  -4.5533106e-01   1.3106440e+00  -4.8827889e-01  -1.7946026e-01  -4.4536743e-01  -3.2024009e-01   6.7882393e-01   1.1400175e+00
  -4.1835583e-01  -9.1998844e-01   1.2385541e-01   1.7596584e+00   1.8409302e+00  -6.1400644e-02   2.9408708e+00  -1.7102699e+00   1.6855697e+00  -4.2048735e-01  -7.0410115e-02   1.3535911e+00  -1.3329305e+00   7.5469967e-01   1.6546504e+00  -4.8827889e-01  -1.7946026e-01  -1.2115445e+00  -1.0788799e+00   1.7810349e+00  -4.9329397e-01
  -4.1835583e-01   1.9494033e-01   8.6395171e-04   2.1460265e-01   4.6290263e-01  -6.1400644e-02   1.1836718e+00  -9.3253883e-01   1.8001168e-01  -4.2048735e-01  -3.0871126e-01   4.5339497e-01  -9.0528727e-01  -4.5533106e-01   1.3106440e+00  -4.8827889e-01  -1.7946026e-01  -2.5382317e-01  -2.5127283e-01   2.1121926e-01   1.1400175e+00
  -4.1835583e-01   4.1439597e-01  -3.6760156e-02  -2.5167771e-01   1.0316156e+00  -6.1400644e-02  -2.7829495e-01  -9.3253883e-01   1.8001168e-01  -4.2048735e-01  -1.8956069e-01   4.2691861e-01  -7.9837645e-01  -3.4532827e-01   6.2263103e-01  -4.8827889e-01  -1.7946026e-01  -1.2612700e-01  -2.5127283e-01  -5.5983410e-02   1.1400175e+00
  -4.1835583e-01   8.0311783e-01  -2.4061709e-02  -4.4425430e-01   9.7755855e-01  -6.1400644e-02  -2.7829495e-01  -7.5306244e-01   1.8001168e-01  -4.2048735e-01  -8.0233506e-01   9.2996941e-01  -7.9837645e-01   6.9969827e-01   2.3426634e+00  -4.8827889e-01   6.1002043e-02  -2.5382317e-01  -1.1333832e-01   4.7842193e-01  -4.9329397e-01
  -4.1835583e-01   1.1722821e+00  -2.9198596e-02  -3.9565998e-01   8.5320087e-01  -6.1400644e-02  -2.7829495e-01  -6.9323697e-01   6.4199529e-02  -4.2048735e-01  -7.3424902e-01   1.7772129e+00  -1.1903828e+00   1.8547276e+00   1.3106440e+00  -4.8827889e-01   6.1002043e-02  -6.2278910e-02  -4.4371068e-02   1.0817257e-02  -4.9329397e-01
  -4.1835583e-01   6.3816375e-01   1.9062490e-02  -4.0439386e-01   7.4700480e-01  -6.1400644e-02   1.1810980e+00  -9.3253883e-01   2.9582384e-01  -4.2048735e-01  -4.1084032e-01   1.0888276e+00  -1.0121981e+00   6.9969827e-01   2.3426634e+00  -4.8827889e-01   6.1002043e-02  -3.1767126e-01  -2.5127283e-01   5.4522259e-01  -4.9329397e-01
  -4.1835583e-01   1.8063279e+00   2.3664618e-02   2.4951725e-01   1.9250142e-01  -6.1400644e-02  -2.7829495e-01  -5.1376058e-01   1.8001168e-01  -4.2048735e-01  -5.6403392e-01   1.3271148e+00  -1.1191089e+00   1.0297067e+00   2.7862457e-01  -4.8827889e-01   6.1002043e-02   1.2926535e-01   1.6253070e-01  -8.9383744e-02  -4.9329397e-01
  -1.0090472e-01  -6.9601515e-01  -2.0364049e-01   2.2279785e-01   1.8008548e-01  -6.1400644e-02  -2.7829495e-01  -1.0521898e+00  -5.1612626e-02  -4.2048735e-01   6.7853634e-01   2.6806047e-01  -6.9146563e-01  -5.1033246e-01  -7.5339482e-01  -4.8827889e-01   8.8646672e-04  -6.2278910e-02   2.4596186e-02  -1.8958474e-01   1.1400175e+00
  -1.0090472e-01  -9.1998844e-01  -2.0364049e-01   6.1084972e-01   7.0840605e-01  -6.1400644e-02  -2.7829495e-01  -1.5307935e+00   5.2744815e-01  -4.2048735e-01   6.9555785e-01   1.8863140e-01  -7.2710257e-01  -7.3033805e-01  -4.0938836e-01   9.6308254e-01  -5.4015372e-01  -4.4536743e-01  -4.5817459e-01   1.0817257e-02   1.1400175e+00
   4.9123147e-03  -7.0587679e-01  -2.0364049e-01   1.4095974e-01  -1.3316145e-01  -6.1400644e-02  -2.7829495e-01  -9.9236430e-01  -1.6742478e-01  -4.2048735e-01   8.6577296e-01   1.3567868e-01  -5.1328093e-01  -5.1033246e-01  -4.0938836e-01   2.4144440e+00   2.4134877e-01   1.2926535e-01   9.3563441e-02  -3.2318608e-01   1.1400175e+00
   4.9123147e-03  -9.1998844e-01  -2.0364049e-01   3.2203016e-02  -6.8359847e-01  -6.1400644e-02  -2.7829495e-01  -6.9323697e-01  -5.1486125e-01  -4.2048735e-01   8.6577296e-01  -1.0292811e+00   1.0547444e+00  -5.1033246e-01  -1.0974013e+00  -4.8827889e-01   1.2111762e-01   3.2080961e-01   1.6253070e-01  -6.2378908e-01  -4.9329397e-01
   4.9123147e-03   3.5711179e-01  -2.0364049e-01  -1.0470840e+00   1.3719207e-01  -6.1400644e-02  -2.7829495e-01  -1.1718407e+00   6.4199529e-02  -4.2048735e-01   4.7427822e-01   4.7987133e-01  -5.1328093e-01   2.0468570e-01  -6.5381895e-02   2.4144440e+00   3.0146435e-01   3.2080961e-01   2.3149795e-01  -1.5618441e-01   1.1400175e+00
   4.9123147e-03  -6.0742251e-01  -2.0364049e-01  -3.3893835e-01   5.2171571e-01  -6.1400644e-02  -2.7829495e-01  -1.2316662e+00   6.4199529e-02  -4.2048735e-01   6.4449332e-01   8.2725965e-02  -5.1328093e-01  -6.2033525e-01   2.7862457e-01   2.4144440e+00   2.4134877e-01   1.5691775e-03   2.4596186e-02  -1.2278408e-01   1.1400175e+00
   4.9123147e-03   1.6801745e+00  -2.0364049e-01  -7.3679776e-01   9.8752267e-01  -6.1400644e-02  -2.7829495e-01  -1.4709680e+00   7.5907246e-01  -4.2048735e-01  -9.0446412e-01   6.6520583e-01  -5.1328093e-01   5.8969548e-01   2.7862457e-01  -4.8827889e-01   3.0146435e-01   3.2080961e-01   3.6943246e-01   2.7801993e-01   1.1400175e+00
   4.9123147e-03   1.2981330e+00  -2.0364049e-01  -7.5933092e-01   1.3529495e+00  -6.1400644e-02  -2.7829495e-01  -1.5307935e+00   9.9069677e-01  -4.2048735e-01  -7.1722751e-01   6.9168219e-01  -5.1328093e-01   6.4469688e-01   6.2263103e-01   9.6308254e-01   5.4192665e-01   3.2080961e-01   4.3839971e-01   5.1182226e-01   1.1400175e+00
   4.9123147e-03   1.6320638e+00  -2.0364049e-01  -7.5343326e-01   6.8323526e-01  -6.1400644e-02  -2.7829495e-01  -1.4111426e+00   6.4326030e-01  -4.2048735e-01  -3.2573277e-01   5.5930040e-01  -3.7073317e-01   5.8969548e-01   6.2263103e-01   2.4144440e+00   4.2169550e-01   3.8465770e-01   3.6943246e-01   7.7617924e-02  -4.9329397e-01
   4.9123147e-03   1.5898462e+00  -2.0364049e-01  -1.6358711e+00  -6.8359847e-01  -6.1400644e-02  -2.7829495e-01  -1.1120152e+00  -5.1612626e-02  -4.2048735e-01  -7.1722751e-01  -4.2032483e-01   6.9837503e-01   2.0468570e-01  -7.5339482e-01   9.6308254e-01   5.4192665e-01   8.3159431e-01   7.1426873e-01  -3.2318608e-01  -4.9329397e-01
   4.9123147e-03   1.1065410e+00  -2.0364049e-01  -1.0130046e+00   4.7413282e-01  -6.1400644e-02  -2.7829495e-01  -1.3513171e+00   5.2744815e-01  -4.2048735e-01  -7.0410115e-02   5.5930040e-01  -3.7073317e-01   5.8969548e-01   9.6663750e-01   2.4144440e+00   4.2169550e-01   4.4850579e-01   4.3839971e-01   4.4217591e-02  -4.9329397e-01
   4.9123147e-03   1.0823429e+00  -2.0364049e-01  -8.4460522e-01   7.8713936e-01  -6.1400644e-02  -2.7829495e-01  -1.4709680e+00   7.5907246e-01  -4.2048735e-01  -3.6367094e-02   7.4463491e-01  -5.8455481e-01   6.4469688e-01   1.6546504e+00   2.4144440e+00   3.0146435e-01   1.9311344e-01   2.3149795e-01   1.1101826e-01  -4.9329397e-01
   4.9123147e-03   3.7124140e-01  -2.0364049e-01  -1.0405698e+00   1.4627317e-01  -6.1400644e-02  -2.7829495e-01  -1.1120152e+00   6.4199529e-02  -4.2048735e-01  -1.2147465e-01   5.3282404e-01  -7.9837645e-01  -1.2532268e-01   1.6546504e+00   9.6308254e-01   4.2169550e-01   2.5696153e-01   3.6943246e-01   1.7781892e-01   1.1400175e+00
   4.9123147e-03  -3.5492509e-01  -2.0364049e-01  -8.5433025e-01   4.0589782e-01  -6.1400644e-02  -2.7829495e-01  -9.3253883e-01   6.4199529e-02  -4.2048735e-01   6.5761969e-02   7.4463491e-01  -8.3401339e-01   2.5968710e-01   2.3426634e+00   9.6308254e-01   4.2169550e-01   1.9311344e-01   3.0046520e-01   4.1162126e-01   1.1400175e+00
   4.9123147e-03  -4.4512300e-01  -2.0364049e-01  -6.5068933e-01   2.3198761e-01  -6.1400644e-02  -2.7829495e-01  -9.9236430e-01  -5.1612626e-02  -4.2048735e-01   3.1718948e-02   5.3282404e-01  -7.9837645e-01  -1.2532268e-01   2.3426634e+00   9.6308254e-01   4.2169550e-01   2.5696153e-01   3.6943246e-01   1.7781892e-01   1.1400175e+00
   4.9123147e-03  -9.1998844e-01  -2.0364049e-01  -2.4801579e-01  -6.8359847e-01  -6.1400644e-02  -2.7829495e-01  -1.2914916e+00   6.4199529e-02  -4.2048735e-01   8.3172994e-01  -8.4394655e-01   5.5582727e-01  -8.9534224e-01   2.7862457e-01  -4.8827889e-01   1.2111762e-01   1.9311344e-01   9.3563441e-02  -5.9038875e-01   1.1400175e+00
   1.1072935e-01  -2.7244466e-01  -2.0364049e-01  -2.9244139e-01   5.6492801e-01  -6.1400644e-02  -2.7829495e-01  -8.7271337e-01   6.4199529e-02  -4.2048735e-01  -4.9594787e-01   7.4463491e-01  -8.3401339e-01   2.5968710e-01   1.6546504e+00   9.6308254e-01   6.6215781e-01   2.5696153e-01   5.0736697e-01   6.4542359e-01   1.1400175e+00
   2.1654639e-01  -5.4425910e-01  -2.0364049e-01  -5.9652628e-01   7.6528590e-01  -6.1400644e-02  -2.7829495e-01  -9.3253883e-01   1.8001168e-01  -4.2048735e-01  -5.1296938e-01   7.4463491e-01  -8.3401339e-01   2.5968710e-01   1.9986569e+00   9.6308254e-01   6.6215781e-01   1.9311344e-01   4.3839971e-01   8.1242526e-01   1.1400175e+00
   2.1654639e-01  -9.1998844e-01  -2.0364049e-01  -1.8165264e-01   1.3436347e+00  -6.1400644e-02  -2.7829495e-01  -9.9236430e-01   5.2744815e-01  -4.2048735e-01  -4.6190485e-01   7.4463491e-01  -8.3401339e-01   2.5968710e-01   2.3426634e+00   2.4144440e+00   7.2227338e-01   1.5691775e-03   2.3149795e-01   1.5138323e+00   1.1400175e+00
   2.1654639e-01  -9.1998844e-01  -2.0364049e-01  -8.0315793e-01   8.6417802e-01  -6.1400644e-02  -2.7829495e-01  -8.7271337e-01   1.8001168e-01  -4.2048735e-01  -5.8105543e-01   7.4463491e-01  -8.3401339e-01   2.5968710e-01   1.9986569e+00   2.4144440e+00   7.2227338e-01   1.2926535e-01   3.6943246e-01   9.7942693e-01   1.1400175e+00
  -1.1590751e+00   1.1595004e+00  -2.0364049e-01   8.9817395e-02  -6.8359847e-01  -6.1400644e-02  -2.7829495e-01  -7.5306244e-01  -5.1486125e-01  -4.2048735e-01  -9.5552865e-01  -7.1156476e-01   6.9837503e-01  -4.0032967e-01  -1.0974013e+00  -4.8827889e-01  -2.9969141e-01  -1.2612700e-01  -3.8920734e-01  -4.2338708e-01  -4.9329397e-01
  -1.1590751e+00   1.1850342e+00  -2.0364049e-01   5.4772645e-01  -3.4537469e-01  -6.1400644e-02  -2.7829495e-01  -1.0521898e+00  -2.8323694e-01  -4.2048735e-01  -8.3637808e-01  -1.8203761e-01  -1.4363769e-02  -4.0032967e-01  -6.5381895e-02  -4.8827889e-01  -4.1992257e-01  -2.5382317e-01  -5.2714185e-01  -2.8978574e-01  -4.9329397e-01
  -1.1590751e+00   1.7942827e-01  -2.0364049e-01   1.4053423e+00   2.2995121e-02  -6.1400644e-02  -2.7829495e-01  -1.2316662e+00   6.4199529e-02  -4.2048735e-01  -5.6403392e-01  -1.8203761e-01  -1.4363769e-02  -4.0032967e-01  -7.5339482e-01  -4.8827889e-01  -9.6096275e-01  -5.0921552e-01  -9.4094538e-01  -1.5618441e-01  -4.9329397e-01
  -1.1590751e+00   8.0521712e-01  -2.0364049e-01   1.7728964e+00   5.8358695e-01  -6.1400644e-02  -2.7829495e-01  -1.4111426e+00   5.2744815e-01  -4.2048735e-01  -9.0446412e-01   2.4158411e-01  -5.8455481e-01  -4.0032967e-01  -7.5339482e-01  -4.8827889e-01  -6.6038487e-01  -6.3691169e-01  -7.3404361e-01  -5.5983410e-02  -4.9329397e-01
  -1.1590751e+00   5.6164736e-01  -2.0364049e-01   1.0964691e+00   5.8606192e-01  -6.1400644e-02  -2.7829495e-01  -1.2316662e+00   2.9582384e-01  -4.2048735e-01  -7.0020600e-01  -4.9655823e-02  -5.8455481e-01  -1.0053450e+00  -6.5381895e-02  -4.8827889e-01  -4.1992257e-01  -7.6460787e-01  -7.3404361e-01   1.4441859e-01   1.1400175e+00
  -1.1590751e+00  -6.2816092e-02  -2.0364049e-01   7.3524441e-01   1.1527465e+00  -6.1400644e-02  -2.7829495e-01  -1.1718407e+00   1.8001168e-01  -4.2048735e-01  -7.5127053e-01  -2.3179465e-02  -6.9146563e-01  -1.1153478e+00  -7.5339482e-01  -4.8827889e-01  -9.6096275e-01  -1.2115445e+00  -1.2168144e+00   2.7801993e-01   1.1400175e+00
  -1.1590751e+00  -2.0466781e-01  -2.0364049e-01   3.4285329e-01   1.1553439e+00  -6.1400644e-02  -2.7829495e-01  -1.1718407e+00   6.4199529e-02  -4.2048735e-01  -6.4914147e-01  -2.3179465e-02  -6.9146563e-01  -1.1153478e+00  -6.5381895e-02  -4.8827889e-01  -8.4073160e-01  -1.3392407e+00  -1.3547489e+00   4.4502159e-01  -4.9329397e-01
  -1.1590751e+00  -1.7844638e-01  -2.0364049e-01   7.5726356e-01   9.0502840e-01  -6.1400644e-02   1.3423016e+00  -1.1120152e+00  -5.1612626e-02  -4.2048735e-01  -1.2108513e+00  -2.3179465e-02  -6.9146563e-01  -1.1153478e+00   6.2263103e-01  -4.8827889e-01  -7.8061602e-01  -1.3392407e+00  -1.3547489e+00   5.1182226e-01  -4.9329397e-01
  -1.1590751e+00  -9.1998844e-01  -2.0364049e-01  -4.1938576e-01   1.0122262e+00  -6.1400644e-02   2.6049577e+00  -1.2316662e+00   6.4199529e-02  -4.2048735e-01  -1.3980879e+00  -1.5556125e-01  -6.9146563e-01  -1.3903548e+00  -7.5339482e-01  -4.8827889e-01  -7.8061602e-01  -1.7223292e+00  -1.9754542e+00   1.0796279e+00  -4.9329397e-01
  -1.1590751e+00  -6.9115056e-01  -2.0364049e-01   1.2126862e+00   1.3754345e+00  -6.1400644e-02   1.2220402e+00  -1.0521898e+00  -5.1612626e-02  -4.2048735e-01  -6.4914147e-01  -1.2908490e-01  -7.2710257e-01  -1.3903548e+00  -6.5381895e-02  -4.8827889e-01  -1.3216562e+00  -1.4669368e+00  -1.5616507e+00   1.1101826e-01  -4.9329397e-01
  -1.1590751e+00  -9.1998844e-01  -2.0364049e-01   1.1398395e+00   1.8960290e+00  -6.1400644e-02  -2.7829495e-01  -9.9236430e-01  -5.1612626e-02  -4.2048735e-01  -4.2786183e-01  -1.8203761e-01  -7.2710257e-01  -1.5003576e+00  -7.5339482e-01   9.6308254e-01  -1.3216562e+00  -1.3392407e+00  -1.4237162e+00   1.0817257e-02   1.1400175e+00
  -1.1590751e+00  -2.4095276e-02  -2.0364049e-01   1.4619105e+00   7.5587479e-01  -6.1400644e-02  -2.7829495e-01  -6.3341151e-01  -3.9904909e-01  -4.2048735e-01  -3.2573277e-01   2.4158411e-01  -7.2710257e-01  -6.2033525e-01   2.7862457e-01   9.6308254e-01  -5.4015372e-01  -6.3691169e-01  -7.3404361e-01   2.7801993e-01   1.1400175e+00
  -1.1590751e+00  -9.1998844e-01  -2.0364049e-01   9.7802682e-01   1.7456471e+00  -6.1400644e-02  -2.7829495e-01  -9.9236430e-01  -1.6742478e-01  -4.2048735e-01  -4.4488334e-01  -1.8203761e-01  -7.2710257e-01  -1.5003576e+00  -4.0938836e-01   9.6308254e-01  -1.3216562e+00  -1.2753926e+00  -1.3547489e+00  -2.2583076e-02   1.1400175e+00
  -1.1590751e+00   1.0514337e-01  -2.0364049e-01   1.6724759e+00   1.9486926e-01  -6.1400644e-02  -2.7829495e-01  -4.5393511e-01  -5.1486125e-01  -4.2048735e-01  -2.7466824e-01  -7.6132181e-02  -2.9945929e-01  -6.2033525e-01   6.2263103e-01  -4.8827889e-01   8.8646672e-04  -4.4536743e-01  -5.2714185e-01   4.7842193e-01   1.1400175e+00
  -1.1590751e+00   4.9004415e-01  -2.0364049e-01   1.6144964e+00  -6.8359847e-01  -6.1400644e-02  -2.7829495e-01  -3.3428418e-01  -6.3067340e-01  -4.2048735e-01   6.5761969e-02  -4.2032483e-01   1.6382093e-01  -6.2033525e-01  -6.5381895e-02  -4.8827889e-01   8.4250453e-01  -1.2612700e-01  -3.2024009e-01   8.7922593e-01  -4.9329397e-01
  -1.1590751e+00   3.2770486e-01  -2.0364049e-01   1.2402764e+00  -1.4900464e-01  -6.1400644e-02  -2.7829495e-01  -4.5393511e-01  -6.3067340e-01  -4.2048735e-01  -1.2147465e-01  -7.6132181e-02  -2.9945929e-01  -6.2033525e-01   2.7862457e-01  -4.8827889e-01   8.4250453e-01  -3.1767126e-01  -4.5817459e-01   1.5806329e+00   1.1400175e+00
  -1.1590751e+00   9.2574765e-01  -2.0364049e-01   1.7679201e+00  -6.8359847e-01  -6.1400644e-02  -2.7829495e-01  -2.1463325e-01  -7.4648556e-01  -4.2048735e-01  -2.7466824e-01  -6.8508841e-01   5.2019033e-01  -6.2033525e-01  -4.0938836e-01  -4.8827889e-01   8.4250453e-01   1.2926535e-01   2.4596186e-02   3.7822093e-01   1.1400175e+00
   1.0630827e+00  -9.1998844e-01  -2.0364049e-01   7.7612571e-01  -6.8359847e-01  -6.1400644e-02  -2.7829495e-01   8.0239966e-01  -1.2097342e+00   1.3967522e-01  -5.3388604e-02  -1.4264264e+00   1.6249355e+00  -4.5533106e-01  -1.4414078e+00  -4.8827889e-01   7.2227338e-01   8.9544240e-01   8.5220324e-01  -6.5718941e-01  -4.9329397e-01
   1.0630827e+00  -9.1998844e-01  -2.0364049e-01   1.3364196e+00  -6.8359847e-01  -6.1400644e-02  -2.7829495e-01   8.0239966e-01  -1.2097342e+00   9.4879894e-01  -3.2573277e-01  -1.6117609e+00   1.9456679e+00  -3.4532827e-01  -1.4414078e+00  -4.8827889e-01   1.0228513e+00   1.1508347e+00   1.1280723e+00  -6.9058975e-01  -4.9329397e-01
   1.0630827e+00  -6.9952998e-01  -2.0364049e-01   8.0346311e-01   7.3328496e-01  -6.1400644e-02  -2.7829495e-01   2.6397047e-01  -6.3067340e-01   1.3222407e+00  -4.1084032e-01   1.0623512e+00  -7.9837645e-01   9.7470526e-01  -7.5339482e-01  -4.8827889e-01   1.0228513e+00   8.3159431e-01   1.1970395e+00   5.4522259e-01   1.1400175e+00
   1.0630827e+00  -5.7312172e-01  -2.0364049e-01   1.2426436e+00   1.5457092e+00  -6.1400644e-02  -2.7829495e-01  -2.1463325e-01  -2.8323694e-01   9.4879894e-01  -4.9594787e-01   1.0888276e+00  -8.3401339e-01   9.7470526e-01  -1.0974013e+00  -4.8827889e-01   1.2633136e+00   4.4850579e-01   8.5220324e-01   1.7476346e+00   1.1400175e+00
   1.0630827e+00  -5.0064210e-01  -2.0364049e-01   1.2641251e+00   1.4725081e+00  -6.1400644e-02  -2.7829495e-01  -2.1463325e-01  -5.1612626e-02   1.2600004e+00  -6.1509845e-01   1.0888276e+00  -8.3401339e-01   9.7470526e-01  -6.5381895e-02  -4.8827889e-01   1.2633136e+00   4.4850579e-01   9.2117049e-01   1.9814369e+00   1.1400175e+00
   1.0630827e+00  -9.1998844e-01  -2.0364049e-01   1.4729248e+00   1.4832886e+00  -6.1400644e-02  -2.7829495e-01  -3.5156855e-02   6.4199529e-02   1.6334421e+00  -4.2786183e-01   1.0888276e+00  -8.3401339e-01   9.7470526e-01  -7.5339482e-01   9.6308254e-01   1.2633136e+00   5.1235388e-01   1.1280723e+00   2.2152393e+00   1.1400175e+00
   1.0630827e+00   1.4247309e-01  -2.0364049e-01   5.6836969e-01   2.7306144e+00  -6.1400644e-02  -2.7829495e-01  -7.5306244e-01   4.1163599e-01  -4.2048735e-01  -1.3980879e+00   1.0888276e+00  -8.3401339e-01   9.7470526e-01  -7.5339482e-01  -4.8827889e-01   1.2633136e+00   1.5691775e-03   3.6943246e-01   3.1504486e+00   1.1400175e+00
   1.0630827e+00  -2.8304677e-01  -2.0364049e-01   1.2604093e-01   3.4100169e+00  -6.1400644e-02  -2.7829495e-01  -1.1718407e+00   7.5907246e-01  -4.2048735e-01  -1.3980879e+00   1.0888276e+00  -8.3401339e-01   9.7470526e-01  -7.5339482e-01  -4.8827889e-01   4.2169550e-01  -3.1767126e-01  -2.5127283e-01   2.0816379e+00  -4.9329397e-01
   1.3805338e+00   3.6142631e-01  -2.0364049e-01  -1.0450949e+00  -6.8359847e-01  -6.1400644e-02  -2.7829495e-01   8.4494076e-02  -7.4648556e-01  -4.2048735e-01   6.5761969e-02  -1.8203761e-01   4.8455339e-01   3.6968989e-01  -6.5381895e-02  -4.8827889e-01   1.1430824e+00   1.2785309e+00   1.1970395e+00  -5.5698841e-01   1.1400175e+00
   1.3805338e+00   3.2157870e-01  -2.0364049e-01  -4.9106085e-01  -6.8359847e-01  -6.1400644e-02  -2.7829495e-01   8.4494076e-02  -7.4648556e-01  -4.2048735e-01   3.1718948e-02  -1.1351865e+00   1.7674832e+00   3.6968989e-01  -7.5339482e-01  -4.8827889e-01   1.0228513e+00   1.2146828e+00   1.0591050e+00  -5.9038875e-01  -4.9329397e-01
   1.3805338e+00   3.7565209e-01  -2.0364049e-01  -1.4253407e-01  -6.8359847e-01  -6.1400644e-02  -2.7829495e-01   3.8362140e-01  -8.6229771e-01  -1.0928592e-01  -8.7431625e-02  -1.8203761e-01   4.8455339e-01   3.6968989e-01   2.7862457e-01  -4.8827889e-01   7.8238896e-01   1.2785309e+00   1.1970395e+00  -5.2358808e-01   1.1400175e+00
   1.3805338e+00   8.5275024e-03  -2.0364049e-01   9.3259551e-01  -6.8359847e-01  -6.1400644e-02  -2.7829495e-01   6.2292326e-01  -9.7810987e-01   7.7434938e-02  -3.9381881e-01  -1.2410919e+00   1.6962093e+00   3.9681510e-02   2.7862457e-01  -4.8827889e-01   7.8238896e-01   1.0869867e+00   9.9013775e-01  -6.2378908e-01  -4.9329397e-01
   1.3805338e+00   6.5203158e-02  -2.0364049e-01   6.3516487e-01  -6.8359847e-01  -6.1400644e-02  -2.7829495e-01   6.2292326e-01  -9.7810987e-01   7.7434938e-02  -2.7466824e-01  -2.3179465e-02   9.2547050e-02   9.4682907e-02   2.7862457e-01  -4.8827889e-01   7.8238896e-01   1.0869867e+00   9.9013775e-01  -6.5718941e-01   1.1400175e+00
   1.3805338e+00  -9.1998844e-01  -2.0364049e-01   1.0441254e+00  -6.8359847e-01  -6.1400644e-02  -2.7829495e-01   7.4257419e-01  -9.7810987e-01   2.0191551e-01  -2.3240730e-03  -2.0851397e-01   9.2547050e-02  -2.9032687e-01  -6.5381895e-02  -4.8827889e-01   7.8238896e-01   1.0231386e+00   9.2117049e-01  -6.5718941e-01   1.1400175e+00
   1.0630827e+00   1.4213620e+00  -2.0364049e-01   9.5479215e-01  -6.8359847e-01  -6.1400644e-02  -2.7829495e-01  -9.4982320e-02  -6.3067340e-01  -4.2048735e-01  -3.5977579e-01  -7.3804112e-01   1.3042030e+00   4.7969269e-01  -4.0938836e-01  -4.8827889e-01   7.8238896e-01   1.0231386e+00   9.2117049e-01  -5.5698841e-01  -4.9329397e-01
   1.0630827e+00   2.4197491e+00  -2.0364049e-01   1.0036726e+00  -6.8359847e-01  -6.1400644e-02  -2.7829495e-01  -2.1463325e-01  -5.1486125e-01  -4.2048735e-01  -1.2789374e+00  -7.9099384e-01   1.5536616e+00   7.5469967e-01  -6.5381895e-02  -4.8827889e-01   7.8238896e-01   1.2146828e+00   1.0591050e+00  -5.2358808e-01  -4.9329397e-01
   1.0630827e+00   1.1526824e+00  -2.0364049e-01   8.2131535e-01  -6.8359847e-01  -6.1400644e-02  -2.7829495e-01  -3.5156855e-02  -6.3067340e-01  -4.2048735e-01  -2.0658220e-01  -7.3804112e-01   1.3042030e+00   4.7969269e-01  -7.5339482e-01  -4.8827889e-01   7.8238896e-01   1.0231386e+00   9.2117049e-01  -5.5698841e-01  -4.9329397e-01
   1.0630827e+00  -4.1017828e-01  -2.0364049e-01   1.1846091e+00  -6.8359847e-01  -6.1400644e-02  -2.7829495e-01   2.0414501e-01  -8.6229771e-01  -4.2048735e-01   9.9804989e-02  -9.2337562e-01   1.1616552e+00  -1.2532268e-01  -4.0938836e-01  -4.8827889e-01   7.8238896e-01   8.9544240e-01   8.5220324e-01  -6.2378908e-01  -4.9329397e-01
   1.0630827e+00   1.2938176e+00  -2.0364049e-01   1.4260509e+00  -6.8359847e-01  -6.1400644e-02  -2.7829495e-01  -2.1463325e-01  -5.1486125e-01  -4.2048735e-01  -1.7253918e-01  -8.7042291e-01   1.4823877e+00   4.7969269e-01  -4.0938836e-01  -4.8827889e-01   8.4250453e-01   1.0869867e+00   9.9013775e-01  -5.9038875e-01  -4.9329397e-01
   1.0630827e+00   1.0161972e+00  -2.0364049e-01   5.0648443e-01  -6.8359847e-01  -6.1400644e-02  -2.7829495e-01  -1.5480779e-01  -5.1486125e-01  -4.2048735e-01   4.8740458e-02  -3.4089576e-01   5.5582727e-01   1.4968430e-01  -7.5339482e-01  -4.8827889e-01   8.4250453e-01   1.0231386e+00   9.9013775e-01  -5.9038875e-01   1.1400175e+00
   1.0630827e+00   5.6247463e-01  -2.0364049e-01   7.0744239e-01  -6.8359847e-01  -6.1400644e-02  -2.7829495e-01  -1.5480779e-01  -5.1486125e-01  -4.2048735e-01   5.4236426e-01   6.1225312e-01  -5.8455481e-01   3.6968989e-01   6.2263103e-01  -4.8827889e-01   7.2227338e-01   9.5929049e-01   8.5220324e-01  -5.2358808e-01   1.1400175e+00
   1.0630827e+00  -3.1359554e-01  -2.0364049e-01   8.8024069e-01  -6.8359847e-01  -6.1400644e-02  -2.7829495e-01  -1.5480779e-01  -5.1486125e-01  -4.2048735e-01   6.7853634e-01  -3.4089576e-01   1.4111138e+00   1.4697178e+00  -6.5381895e-02  -4.8827889e-01   7.2227338e-01   8.9544240e-01   8.5220324e-01  -6.2378908e-01  -2.1266055e+00
   1.0630827e+00   5.8159021e-01  -2.0364049e-01   4.4096702e-01  -6.8359847e-01  -6.1400644e-02  -2.7829495e-01  -2.1463325e-01  -5.1486125e-01  -4.2048735e-01   3.3810613e-01  -4.4680119e-01   7.3401197e-01   2.0468570e-01   2.7862457e-01  -4.8827889e-01   6.6215781e-01   8.9544240e-01   8.5220324e-01  -5.5698841e-01  -4.9329397e-01
   1.0630827e+00   1.5409930e+00  -2.0364049e-01   9.1697226e-01  -6.8359847e-01  -6.1400644e-02  -2.7829495e-01  -2.7445872e-01  -5.1486125e-01  -4.2048735e-01  -1.0406362e+00  -4.4680119e-01   7.3401197e-01   2.0468570e-01   6.2263103e-01  -4.8827889e-01   6.6215781e-01   9.5929049e-01   8.5220324e-01  -4.9018775e-01  -4.9329397e-01
   1.2747168e+00   4.1088442e-01  -2.0364049e-01   2.0486331e-01  -3.9848175e-01  -6.1400644e-02  -2.7829495e-01  -2.1463325e-01  -6.3067340e-01  -4.7045634e-02  -5.6403392e-01  -2.8794304e-01   9.1219667e-01   8.0970107e-01   6.2263103e-01   9.6308254e-01   1.1430824e+00   1.2785309e+00   1.1970395e+00  -5.2358808e-01  -4.9329397e-01
   1.2747168e+00   8.0799847e-02  -2.0364049e-01  -1.1744733e+00  -2.5479497e-01  -6.1400644e-02  -2.7829495e-01  -2.7445872e-01  -6.3067340e-01  -1.0928592e-01   1.4697437e-02   6.1225312e-01  -2.9945929e-01   8.0970107e-01   9.6663750e-01   9.6308254e-01   9.6273569e-01   1.2785309e+00   1.1970395e+00  -4.5678741e-01   1.1400175e+00
   1.2747168e+00   1.4966402e-01  -2.0364049e-01   1.3945649e-01  -4.0861280e-01  -6.1400644e-02  -2.7829495e-01  -3.9410965e-01  -5.1486125e-01  -2.3376649e-01  -2.0658220e-01  -2.8794304e-01   9.1219667e-01   8.0970107e-01  -4.0938836e-01  -4.8827889e-01   1.1430824e+00   1.2785309e+00   1.2660068e+00  -4.9018775e-01  -4.9329397e-01
   1.2747168e+00   6.2187646e-01  -2.0364049e-01  -2.1416566e-01  -6.8359847e-01  -6.1400644e-02  -2.7829495e-01  -3.3428418e-01  -5.1486125e-01  -1.0928592e-01  -9.2148563e-01  -8.1747019e-01   1.6249355e+00   8.0970107e-01  -1.0974013e+00  -4.8827889e-01   1.2633136e+00   1.5339233e+00   1.4039413e+00  -5.5698841e-01  -4.9329397e-01
   1.2747168e+00  -7.0659953e-01  -2.0364049e-01   1.3496199e-01  -6.8359847e-01  -6.1400644e-02  -2.7829495e-01  -9.4982320e-02  -7.4648556e-01  -3.5824706e-01   3.3810613e-01  -7.6451748e-01   1.3754769e+00   5.3469408e-01  -1.4414078e+00  -4.8827889e-01   1.1430824e+00   1.3423790e+00   1.3349740e+00  -6.2378908e-01  -4.9329397e-01
   1.2747168e+00  -4.9536066e-01  -2.0364049e-01   1.2604093e-01  -6.8359847e-01  -6.1400644e-02  -2.7829495e-01  -1.5480779e-01  -8.6229771e-01  -4.2048735e-01   3.0406311e-01  -9.7632834e-01   1.6249355e+00   4.7969269e-01  -1.0974013e+00  -4.8827889e-01   1.1430824e+00   1.3423790e+00   1.3349740e+00  -6.2378908e-01  -4.9329397e-01
   1.2747168e+00   1.3297077e+00  -2.0364049e-01   5.4222211e-01  -6.8359847e-01  -6.1400644e-02  -2.7829495e-01  -6.3341151e-01  -5.1486125e-01  -4.2048735e-01   8.2783479e-02  -6.8508841e-01   1.2685661e+00   5.3469408e-01  -1.0974013e+00  -4.8827889e-01   1.0228513e+00   1.2785309e+00   1.1970395e+00  -5.2358808e-01  -4.9329397e-01
   1.2747168e+00   1.6945771e+00  -2.0364049e-01   4.3053681e-01  -6.8359847e-01  -6.1400644e-02  -2.7829495e-01  -6.9323697e-01  -3.9904909e-01  -4.2048735e-01  -4.9594787e-01  -5.2623026e-01   1.0547444e+00   5.3469408e-01  -1.0974013e+00  -4.8827889e-01   1.1430824e+00   1.3423790e+00   1.2660068e+00  -5.2358808e-01  -4.9329397e-01
   1.2747168e+00   1.6841912e+00  -2.0364049e-01   5.2523830e-01  -6.8359847e-01  -6.1400644e-02  -2.7829495e-01  -3.9410965e-01  -6.3067340e-01  -4.2048735e-01  -3.7679730e-01  -6.8508841e-01   1.2685661e+00   5.3469408e-01  -1.0974013e+00  -4.8827889e-01   1.1430824e+00   1.3423790e+00   1.2660068e+00  -5.5698841e-01  -4.9329397e-01
   1.2747168e+00   1.7473728e+00  -2.0364049e-01   5.7767028e-01  -6.8359847e-01  -6.1400644e-02  -2.7829495e-01  -9.4982320e-02  -7.4648556e-01  -4.2048735e-01  -6.1509845e-01  -8.9689927e-01   1.5536616e+00   5.3469408e-01  -7.5339482e-01  -4.8827889e-01   1.1430824e+00   1.3423790e+00   1.3349740e+00  -5.9038875e-01  -4.9329397e-01
   1.4863508e+00   6.6183541e-01  -2.0364049e-01  -7.3138605e-02  -6.8359847e-01  -6.1400644e-02  -2.7829495e-01  -3.9410965e-01  -6.3067340e-01  -4.2048735e-01   3.1718948e-02  -6.5861205e-01   1.2685661e+00   5.8969548e-01  -7.5339482e-01  -4.8827889e-01   1.2633136e+00   1.2146828e+00   1.1970395e+00  -4.9018775e-01  -4.9329397e-01
   1.4863508e+00   1.0251334e+00  -2.0364049e-01   5.1637223e-01  -6.8359847e-01  -6.1400644e-02  -2.7829495e-01  -3.3428418e-01  -6.3067340e-01  -4.2048735e-01  -6.4914147e-01  -6.5861205e-01   1.2685661e+00   5.8969548e-01  -6.5381895e-02  -4.8827889e-01   1.2633136e+00   1.3423790e+00   1.3349740e+00  -5.2358808e-01  -4.9329397e-01
   1.4863508e+00   5.5875918e-01  -2.0364049e-01   1.1720928e-01  -6.8359847e-01  -6.1400644e-02  -2.7829495e-01  -4.5393511e-01  -6.3067340e-01  -4.2048735e-01  -5.3388604e-02  -6.5861205e-01   1.2685661e+00   5.8969548e-01  -7.5339482e-01  -4.8827889e-01   1.1430824e+00   1.2146828e+00   1.1970395e+00  -5.5698841e-01  -4.9329397e-01
   1.4863508e+00   7.2199756e-01  -2.0364049e-01  -5.0035315e-01  -6.8359847e-01  -6.1400644e-02  -2.7829495e-01  -3.9410965e-01  -5.1486125e-01  -4.2048735e-01   9.9804989e-02  -6.5861205e-01   1.2685661e+00   5.8969548e-01  -4.0938836e-01  -4.8827889e-01   8.4250453e-01   1.2146828e+00   1.1280723e+00  -5.2358808e-01  -4.9329397e-01
   1.4863508e+00   8.7021221e-01  -2.0364049e-01  -3.9785506e-01  -6.8359847e-01  -6.1400644e-02  -2.7829495e-01  -4.5393511e-01  -6.3067340e-01  -4.2048735e-01  -2.2360371e-01  -5.7918298e-01   1.2685661e+00   7.5469967e-01  -1.4414078e+00  -4.8827889e-01   1.1430824e+00   1.2785309e+00   1.2660068e+00  -5.5698841e-01  -4.9329397e-01
   1.4863508e+00   1.6014658e+00  -2.0364049e-01  -1.4125769e-01  -6.8359847e-01  -6.1400644e-02  -2.7829495e-01  -5.7358604e-01  -5.1486125e-01  -4.2048735e-01  -8.1935657e-01  -5.7918298e-01   1.2685661e+00   7.5469967e-01  -7.5339482e-01  -4.8827889e-01   1.1430824e+00   1.3423790e+00   1.2660068e+00  -5.5698841e-01  -4.9329397e-01
   1.5921679e+00   6.0329977e-01  -2.0364049e-01  -1.3096776e-01  -6.8359847e-01  -6.1400644e-02  -2.7829495e-01  -3.5156855e-02  -8.6229771e-01   1.8201629e+00  -7.8531355e-01  -1.0292811e+00   1.8743940e+00   7.5469967e-01  -1.4414078e+00  -4.8827889e-01   1.2633136e+00   1.5977714e+00   1.5418758e+00  -6.5718941e-01  -4.9329397e-01
   1.5921679e+00   1.0311369e+00  -2.0364049e-01  -5.5642808e-01  -6.8359847e-01  -6.1400644e-02  -2.7829495e-01  -2.1463325e-01  -7.4648556e-01   5.1311694e-01  -1.0917007e+00  -1.0292811e+00   1.7674832e+00   5.8969548e-01  -1.4414078e+00  -4.8827889e-01   1.2633136e+00   1.5339233e+00   1.4729085e+00  -6.5718941e-01  -4.9329397e-01
   1.5921679e+00  -4.5981402e-01  -2.0364049e-01   5.9176929e-01  -6.8359847e-01  -6.1400644e-02  -2.7829495e-01   8.4494076e-02  -9.7810987e-01   2.6292867e+00  -5.8105543e-01  -1.3205210e+00   1.8743940e+00   1.4968430e-01  -1.0974013e+00  -4.8827889e-01   1.4436603e+00   1.5339233e+00   1.5418758e+00  -6.5718941e-01  -4.9329397e-01
   1.5921679e+00  -2.8090039e-01  -2.0364049e-01  -1.6266329e-01  -6.8359847e-01  -6.1400644e-02  -2.7829495e-01   8.4494076e-02  -8.6229771e-01   2.4425658e+00  -5.1296938e-01  -1.1881392e+00   1.9100310e+00   4.7969269e-01  -7.5339482e-01  -4.8827889e-01   1.2633136e+00   1.5339233e+00   1.5418758e+00  -6.5718941e-01  -4.9329397e-01
   1.5921679e+00  -6.0508702e-01  -2.0364049e-01  -7.6478885e-01  -6.8359847e-01  -6.1400644e-02  -2.7829495e-01   8.4494076e-02  -8.6229771e-01   2.1313644e+00  -4.9594787e-01  -1.3469973e+00   1.9100310e+00   1.4968430e-01  -1.0974013e+00  -4.8827889e-01   1.2633136e+00   1.5339233e+00   1.5418758e+00  -6.9058975e-01  -4.9329397e-01
   1.5921679e+00   4.9861377e-01  -2.0364049e-01   3.2620205e-01  -6.8359847e-01  -6.1400644e-02  -2.7829495e-01  -1.5480779e-01  -6.3067340e-01   1.8824032e+00  -5.6403392e-01  -8.4394655e-01   1.4823877e+00   5.3469408e-01  -1.0974013e+00  -4.8827889e-01   1.2633136e+00   1.5339233e+00   1.5418758e+00  -6.5718941e-01  -4.9329397e-01
   1.5921679e+00   2.2971342e+00  -2.0364049e-01   1.9238189e+00  -6.8359847e-01  -6.1400644e-02  -2.7829495e-01  -5.1376058e-01  -2.8323694e-01  -4.2048735e-01  -5.8105543e-01  -8.4394655e-01   1.4823877e+00   5.3469408e-01  -7.5339482e-01  -4.8827889e-01   1.2633136e+00   1.5339233e+00   1.4729085e+00  -6.2378908e-01  -4.9329397e-01
   1.6979849e+00  -7.2866675e-02  -2.0364049e-01  -1.7130018e-01  -6.8359847e-01  -6.1400644e-02  -2.7829495e-01  -3.5156855e-02  -8.6229771e-01  -4.7045634e-02  -2.3240730e-03  -1.2146156e+00   1.8387571e+00   3.1468850e-01  -1.0974013e+00  -4.8827889e-01   1.1430824e+00   1.4062271e+00   1.3349740e+00  -6.5718941e-01  -4.9329397e-01
   1.6979849e+00  -9.1998844e-01  -2.0364049e-01   2.4782479e-01  -6.8359847e-01  -6.1400644e-02  -2.7829495e-01   2.6397047e-01  -9.7810987e-01  -3.5824706e-01   2.3597707e-01  -1.3999501e+00   1.8743940e+00  -1.5319887e-02  -1.4414078e+00  -4.8827889e-01   1.1430824e+00   1.3423790e+00   1.3349740e+00  -6.9058975e-01  -4.9329397e-01
   1.6979849e+00  -3.3517462e-02  -2.0364049e-01   2.0325003e-01  -6.8359847e-01  -6.1400644e-02  -2.7829495e-01  -3.5156855e-02  -7.4648556e-01   7.7434938e-02   2.0193405e-01  -1.1351865e+00   1.8387571e+00   4.7969269e-01  -6.5381895e-02  -4.8827889e-01   1.2633136e+00   1.4700752e+00   1.4729085e+00  -6.5718941e-01  -4.9329397e-01
   1.6979849e+00   1.8289262e-02  -2.0364049e-01  -1.3702573e-02  -6.8359847e-01  -6.1400644e-02  -2.7829495e-01  -2.7445872e-01  -6.3067340e-01   7.7434938e-02   6.1045030e-01  -7.1156476e-01   1.2685661e+00   4.7969269e-01   2.7862457e-01  -4.8827889e-01   1.2633136e+00   1.4700752e+00   1.4729085e+00  -5.9038875e-01  -4.9329397e-01
   1.6979849e+00  -1.9126842e-01  -2.0364049e-01  -2.9201121e-01  -6.8359847e-01  -6.1400644e-02  -2.7829495e-01  -1.5480779e-01  -7.4648556e-01   8.2431837e-01   1.8491254e-01  -7.6451748e-01   1.2685661e+00   3.6968989e-01  -7.5339482e-01  -4.8827889e-01   1.2633136e+00   1.4062271e+00   1.4729085e+00  -5.9038875e-01   1.1400175e+00
   1.6979849e+00   2.7277496e-01  -2.0364049e-01  -8.1101371e-01  -6.8359847e-01  -6.1400644e-02  -2.7829495e-01  -2.7445872e-01  -6.3067340e-01  -4.2048735e-01   4.0619218e-01  -1.0292811e+00   1.6249355e+00   3.6968989e-01  -1.0974013e+00  -4.8827889e-01   1.0228513e+00   1.4062271e+00   1.3349740e+00  -5.5698841e-01  -4.9329397e-01
   1.6979849e+00   2.7277496e-01  -2.0364049e-01  -8.1101371e-01  -6.8359847e-01  -6.1400644e-02  -2.7829495e-01  -2.7445872e-01  -6.3067340e-01  -4.2048735e-01   4.0619218e-01  -1.0292811e+00   1.6249355e+00   3.6968989e-01  -1.0974013e+00  -4.8827889e-01   1.0228513e+00   1.4062271e+00   1.3349740e+00  -5.5698841e-01  -4.9329397e-01
   1.6979849e+00  -7.0677947e-01  -2.0364049e-01  -1.6142112e-01  -6.8359847e-01  -6.1400644e-02  -2.7829495e-01   8.4494076e-02  -8.6229771e-01   2.9404881e+00  -1.8956069e-01  -7.6451748e-01   1.2685661e+00   3.6968989e-01  -4.0938836e-01  -4.8827889e-01   1.4436603e+00   1.5977714e+00   1.6108430e+00  -6.2378908e-01   1.1400175e+00
   1.6979849e+00  -9.1998844e-01  -2.0364049e-01   9.2632332e-01  -6.8359847e-01  -6.1400644e-02  -2.7829495e-01  -4.5393511e-01  -3.9904909e-01  -2.3376649e-01   8.1470843e-01  -8.4394655e-01   1.2685661e+00   2.0468570e-01  -7.5339482e-01  -4.8827889e-01   1.2633136e+00   1.2785309e+00   1.3349740e+00  -5.2358808e-01   1.1400175e+00
   1.6979849e+00  -9.1998844e-01  -2.0364049e-01   1.3945649e-01  -6.8359847e-01  -6.1400644e-02  -2.7829495e-01   3.2379594e-01  -1.0939220e+00   3.3139298e+00  -5.6403392e-01  -1.6382373e+00   2.1594896e+00  -7.0321284e-02  -1.0974013e+00  -4.8827889e-01   1.4436603e+00   1.6616194e+00   1.6108430e+00  -6.9058975e-01   1.1400175e+00
   1.6979849e+00  -9.1998844e-01  -2.0364049e-01   4.4591188e-01  -6.8359847e-01  -6.1400644e-02  -2.7829495e-01   3.8362140e-01  -1.0939220e+00   3.2516895e+00  -5.8105543e-01  -1.6647136e+00   2.1951265e+00  -7.0321284e-02  -1.0974013e+00  -4.8827889e-01   1.4436603e+00   1.6616194e+00   1.6798103e+00  -6.9058975e-01   1.1400175e+00
   1.6979849e+00  -9.1998844e-01  -2.0364049e-01   8.0559165e-01  -6.8359847e-01  -6.1400644e-02  -2.7829495e-01   3.8362140e-01  -9.7810987e-01   3.0649687e+00  -6.4914147e-01  -1.6117609e+00   2.1951265e+00   3.9681510e-02  -7.5339482e-01  -4.8827889e-01   1.4436603e+00   1.6616194e+00   1.6798103e+00  -6.9058975e-01  -4.9329397e-01
   1.6979849e+00  -9.1998844e-01  -2.0364049e-01   9.2945559e-01  -6.8359847e-01  -6.1400644e-02  -2.7829495e-01   3.8362140e-01  -9.7810987e-01   2.6292867e+00  -6.6616298e-01  -1.6117609e+00   2.1951265e+00   3.9681510e-02  -1.0974013e+00  -4.8827889e-01   1.4436603e+00   1.6616194e+00   1.6108430e+00  -6.9058975e-01  -4.9329397e-01
   1.6979849e+00   2.2731575e-01  -2.0364049e-01   2.6833691e-01  -6.8359847e-01  -6.1400644e-02  -2.7829495e-01  -1.0521898e+00   6.4199529e-02   7.7434938e-02   8.1470843e-01  -6.3213569e-01   1.3754769e+00   8.0970107e-01  -4.0938836e-01  -4.8827889e-01   1.2633136e+00   1.3423790e+00   1.4039413e+00  -4.9018775e-01  -4.9329397e-01
   1.6979849e+00   5.8965840e-01  -2.0364049e-01   1.4961248e+00  -6.8359847e-01  -6.1400644e-02  -2.7829495e-01  -1.4111426e+00   4.1163599e-01  -4.2048735e-01   1.2402462e+00  -4.7327755e-01   1.3754769e+00   1.1397095e+00  -7.5339482e-01  -4.8827889e-01   1.2633136e+00   1.4062271e+00   1.3349740e+00  -4.5678741e-01  -4.9329397e-01
   1.6979849e+00  -1.3114317e-03  -2.0364049e-01   2.7006644e-01  -6.8359847e-01  -6.1400644e-02  -2.7829495e-01  -5.1376058e-01  -7.4648556e-01   7.7434938e-02   2.0193405e-01  -7.6451748e-01   1.5892985e+00   8.6470247e-01  -4.0938836e-01  -4.8827889e-01   1.2633136e+00   1.5339233e+00   1.4729085e+00  -5.9038875e-01  -4.9329397e-01
   1.6979849e+00  -4.5643968e-01  -2.0364049e-01   9.2867182e-01  -6.8359847e-01  -6.1400644e-02  -2.7829495e-01  -1.5480779e-01  -8.6229771e-01   3.2639608e-01  -1.8956069e-01  -1.0028047e+00   1.9100310e+00   8.6470247e-01  -1.0974013e+00  -4.8827889e-01   1.6240070e+00   1.6616194e+00   1.6798103e+00  -5.9038875e-01  -4.9329397e-01
   1.6979849e+00  -1.8505930e-02  -2.0364049e-01   2.3439381e-01  -6.8359847e-01  -6.1400644e-02  -2.7829495e-01  -4.5393511e-01  -7.4648556e-01  -4.2048735e-01  -1.8956069e-01  -9.2337562e-01   1.8387571e+00   9.1970386e-01  -1.0974013e+00  -4.8827889e-01   1.2633136e+00   1.5339233e+00   1.5418758e+00  -5.9038875e-01  -4.9329397e-01
   1.8038019e+00   6.7203157e-01  -2.0364049e-01   1.6670207e+00  -3.4253547e-01  -6.1400644e-02  -2.7829495e-01  -6.3341151e-01  -1.6742478e-01  -3.5824706e-01  -4.9594787e-01   2.9773250e-02   4.8455339e-01   8.0970107e-01   1.3106440e+00  -4.8827889e-01   1.6240070e+00   1.7893156e+00   1.8867121e+00  -3.5658641e-01   1.1400175e+00
   1.8038019e+00   1.6044626e+00  -2.0364049e-01   1.8557050e+00  -1.4277808e-01  -6.1400644e-02  -2.7829495e-01  -9.3253883e-01   2.9582384e-01  -4.2048735e-01  -1.0917007e+00   1.2476857e+00  -1.1547458e+00   8.0970107e-01   9.6663750e-01  -4.8827889e-01   1.9847005e+00   1.7893156e+00   2.0246466e+00   4.4217591e-02   1.1400175e+00
   1.8038019e+00   1.3580822e+00  -2.0364049e-01   2.1450969e+00  -9.7953321e-02  -6.1400644e-02  -2.7829495e-01  -8.7271337e-01   6.4199529e-02  -4.2048735e-01  -1.0917007e+00  -4.4680119e-01   1.1260183e+00   8.0970107e-01  -4.0938836e-01  -4.8827889e-01   1.9847005e+00   1.7893156e+00   2.0936138e+00  -5.5983410e-02   1.1400175e+00
   1.8038019e+00   1.6086700e+00  -2.0364049e-01   9.8717545e-01  -6.8359847e-01  -6.1400644e-02  -2.7829495e-01  -5.7358604e-01  -5.1486125e-01  -4.2048735e-01  -1.3129804e+00  -1.0557574e+00   1.9456679e+00   8.0970107e-01  -4.0938836e-01  -4.8827889e-01   1.9847005e+00   2.1085561e+00   2.2315483e+00  -5.2358808e-01   1.1400175e+00
   4.9123147e-03  -4.8060382e-01  -2.0364049e-01   1.0988429e+00  -4.0120660e-01  -6.1400644e-02  -2.7829495e-01  -9.4982320e-02  -7.4648556e-01  -4.2048735e-01   6.6151483e-01  -4.9975390e-01   6.6273809e-01  -1.5319887e-02  -4.0938836e-01  -4.8827889e-01   8.8646672e-04   1.2926535e-01   2.4596186e-02  -5.5698841e-01  -4.9329397e-01
   4.9123147e-03  -9.1998844e-01  -2.0364049e-01   7.7335651e-01  -3.1042620e-01  -6.1400644e-02  -2.7829495e-01   1.4431954e-01  -8.6229771e-01  -3.5824706e-01   5.0832124e-01  -1.1351865e+00   8.4092279e-01  -1.0603464e+00  -1.0974013e+00  -4.8827889e-01   8.8646672e-04   6.5417265e-02  -4.4371068e-02  -6.2378908e-01   1.1400175e+00
   4.9123147e-03  -9.1998844e-01  -2.0364049e-01   1.0544331e+00  -6.8359847e-01  -6.1400644e-02  -2.7829495e-01   3.8362140e-01  -9.7810987e-01  -2.9600678e-01   2.3597707e-01  -1.2940446e+00   9.1219667e-01  -1.2803520e+00  -1.0974013e+00  -4.8827889e-01   8.8646672e-04   1.2926535e-01   2.4596186e-02  -6.5718941e-01   1.1400175e+00
   4.9123147e-03   1.2640735e+00  -2.0364049e-01   1.3849119e+00  -6.8359847e-01  -6.1400644e-02  -2.7829495e-01  -5.7358604e-01  -2.8323694e-01  -4.2048735e-01   7.4662238e-01  -4.9975390e-01   6.6273809e-01  -1.5319887e-02  -4.0938836e-01  -4.8827889e-01   8.8646672e-04   3.8465770e-01   2.3149795e-01  -3.8998675e-01  -4.9329397e-01
   4.9123147e-03   2.3451372e+00  -2.0364049e-01   1.8765777e+00  -6.8359847e-01  -6.1400644e-02  -2.7829495e-01  -8.7271337e-01  -1.6742478e-01  -4.2048735e-01   5.0832124e-01  -1.2908490e-01   2.3509481e-01   9.4682907e-02  -7.5339482e-01  -4.8827889e-01   5.4192665e-01   5.7620196e-01   5.0736697e-01  -4.2338708e-01   1.1400175e+00
   4.9123147e-03   6.5479884e-01  -2.0364049e-01   1.1645345e+00  -3.9442316e-01  -6.1400644e-02   1.1966786e+00  -8.7271337e-01   6.4199529e-02  -4.2048735e-01  -5.3388604e-02   7.4463491e-01  -1.0478350e+00  -7.0321284e-02  -6.5381895e-02  -4.8827889e-01   5.4192665e-01  -5.7306361e-01  -3.8920734e-01   2.5158423e+00   1.1400175e+00
   4.9123147e-03   2.4644492e+00  -2.0364049e-01   2.3764372e+00  -6.8359847e-01  -6.1400644e-02   2.8916292e+00  -9.9236430e-01   2.9582384e-01  -4.2048735e-01  -1.3980879e+00   7.9758762e-01  -1.0121981e+00   9.4682907e-02   9.6663750e-01   9.6308254e-01   5.4192665e-01   6.5417265e-02   5.7633422e-01   1.8478356e+00   1.1400175e+00
   4.9123147e-03  -9.1998844e-01  -2.0364049e-01   1.8615243e+00  -6.8359847e-01  -6.1400644e-02  -2.7829495e-01  -7.5306244e-01  -3.9904909e-01  -4.2048735e-01   1.2402462e+00  -9.2337562e-01   7.3401197e-01  -7.8533944e-01  -1.0974013e+00  -4.8827889e-01  -1.7946026e-01  -1.2612700e-01  -3.2024009e-01  -5.9038875e-01  -4.9329397e-01
   4.9123147e-03   7.3272948e-01  -2.0364049e-01   1.7929479e+00  -6.8359847e-01  -6.1400644e-02  -2.7829495e-01  -6.9323697e-01  -2.8323694e-01  -4.2048735e-01   9.8492353e-01  -2.6146668e-01   4.4891645e-01   1.4968430e-01   2.7862457e-01  -4.8827889e-01   8.4250453e-01   5.1235388e-01   3.0046520e-01  -8.9383744e-02  -4.9329397e-01
   4.9123147e-03  -9.1998844e-01  -2.0364049e-01   1.3704860e+00  -6.8359847e-01  -6.1400644e-02  -2.7829495e-01  -6.9323697e-01  -5.1486125e-01  -4.2048735e-01   1.0700311e+00  -9.2337562e-01   7.3401197e-01  -7.8533944e-01  -7.5339482e-01   9.6308254e-01  -1.7946026e-01  -6.2278910e-02  -1.8230558e-01  -5.9038875e-01  -4.9329397e-01
   4.9123147e-03   6.2862128e-01  -2.0364049e-01   1.7299512e+00  -3.9923011e-01  -6.1400644e-02  -2.7829495e-01  -7.5306244e-01  -2.8323694e-01  -4.2048735e-01   8.9981598e-01  -4.9655823e-02   1.6382093e-01   1.4968430e-01  -6.5381895e-02   9.6308254e-01   1.1430824e+00   5.7620196e-01   5.0736697e-01   2.1121926e-01   1.1400175e+00
   4.9123147e-03   1.2439002e+00  -2.0364049e-01   2.2121190e+00  -6.8359847e-01  -6.1400644e-02  -2.7829495e-01  -7.5306244e-01  -1.6742478e-01  -4.2048735e-01   6.9555785e-01   3.4748954e-01   1.6382093e-01   9.7470526e-01   2.7862457e-01  -4.8827889e-01   1.1430824e+00   8.3159431e-01   8.5220324e-01  -1.8958474e-01  -4.9329397e-01
   4.9123147e-03  -4.6106677e-01  -2.0364049e-01   1.5378090e+00  -6.8359847e-01  -6.1400644e-02   2.7305440e+00  -8.7271337e-01  -2.8323694e-01  -4.2048735e-01   1.1040741e+00  -4.2032483e-01   1.6382093e-01  -6.2033525e-01  -4.0938836e-01  -4.8827889e-01  -1.7946026e-01  -3.1767126e-01  -3.2024009e-01  -1.5618441e-01  -4.9329397e-01
   4.9123147e-03  -9.1998844e-01  -2.0364049e-01   1.4798486e+00   4.0305894e-02  -6.1400644e-02  -2.7829495e-01  -8.7271337e-01  -2.8323694e-01  -4.2048735e-01   1.0870526e+00  -4.9975390e-01   1.6382093e-01  -7.8533944e-01  -1.0974013e+00   9.6308254e-01  -1.7946026e-01  -3.1767126e-01  -3.2024009e-01  -2.8978574e-01  -4.9329397e-01
   4.9123147e-03   1.5919239e+00  -2.0364049e-01   1.8383627e+00  -6.8359847e-01  -6.1400644e-02  -2.7829495e-01  -1.0521898e+00   2.9582384e-01  -4.2048735e-01   5.2534275e-01   1.2741621e+00  -1.2972936e+00   6.4469688e-01   1.3106440e+00  -4.8827889e-01   8.4250453e-01   8.3159431e-01   8.5220324e-01  -8.9383744e-02   1.1400175e+00
   4.9123147e-03   1.0658690e+00  -2.0364049e-01   2.0263231e+00  -6.8359847e-01  -6.1400644e-02  -2.7829495e-01  -9.3253883e-01   1.8001168e-01  -4.2048735e-01  -1.3849616e-01   4.7987133e-01  -2.2818541e-01   6.4469688e-01  -4.0938836e-01  -4.8827889e-01   1.1430824e+00   8.9544240e-01   9.2117049e-01  -1.2278408e-01   1.1400175e+00
  -2.0672176e-01   1.8907227e-01  -2.0364049e-01   1.1252305e+00  -3.9848175e-01  -6.1400644e-02  -2.7829495e-01  -2.7445872e-01  -6.3067340e-01   6.3759751e-01  -2.9168975e-01  -7.6451748e-01   6.9837503e-01  -5.1033246e-01   6.2263103e-01  -4.8827889e-01   8.8646672e-04   1.5691775e-03  -1.1333832e-01  -5.5698841e-01  -4.9329397e-01
  -2.0672176e-01  -3.7619094e-01  -2.0364049e-01   1.3726411e+00  -6.8359847e-01  -6.1400644e-02  -2.7829495e-01   3.8362140e-01  -9.7810987e-01   1.9446435e+00  -5.8105543e-01  -1.3469973e+00   1.2329291e+00  -8.9534224e-01  -1.0974013e+00  -4.8827889e-01  -1.1934469e-01   1.2926535e-01  -4.4371068e-02  -6.5718941e-01  -4.9329397e-01
  -2.0672176e-01   6.4505215e-01  -2.0364049e-01   5.2874143e-01  -6.8359847e-01  -6.1400644e-02  -2.7829495e-01  -3.9410965e-01  -5.1486125e-01  -4.2048735e-01  -1.9345583e-02  -5.5270662e-01   4.1327951e-01  -5.1033246e-01   6.2263103e-01   9.6308254e-01   8.8646672e-04   1.2926535e-01   2.4596186e-02  -5.5698841e-01  -4.9329397e-01
  -2.0672176e-01   8.5450871e-01  -2.0364049e-01   8.1844147e-01  -6.8359847e-01  -6.1400644e-02  -2.7829495e-01  -5.1376058e-01  -3.9904909e-01  -4.2048735e-01   1.1682650e-01  -2.0851397e-01  -1.4363769e-02  -4.5533106e-01   6.2263103e-01   9.6308254e-01   8.8646672e-04   1.2926535e-01   2.4596186e-02  -5.2358808e-01   1.1400175e+00
  -2.0672176e-01   1.0520641e-02  -2.0364049e-01   6.1636144e-01  -6.8359847e-01  -6.1400644e-02  -2.7829495e-01   2.0414501e-01  -8.6229771e-01   1.5712018e+00  -2.5764673e-01  -5.5270662e-01   4.1327951e-01  -5.1033246e-01   2.7862457e-01  -4.8827889e-01   6.1002043e-02   1.9311344e-01   9.3563441e-02  -6.2378908e-01  -4.9329397e-01
  -2.0672176e-01  -9.1998844e-01  -2.0364049e-01   2.2115299e-01  -6.8359847e-01  -6.1400644e-02  -2.7829495e-01   5.0327233e-01  -1.0939220e+00   2.3803255e+00  -3.9381881e-01  -1.4264264e+00   1.1616552e+00  -1.1703492e+00  -7.5339482e-01  -4.8827889e-01   6.1002043e-02   1.9311344e-01   9.3563441e-02  -6.9058975e-01   1.1400175e+00
  -2.0672176e-01   2.0485962e-01  -2.0364049e-01   8.5337828e-01  -6.8359847e-01  -6.1400644e-02  -2.7829495e-01  -2.7445872e-01  -6.3067340e-01  -3.5824706e-01   1.5086952e-01  -5.5270662e-01   4.1327951e-01  -5.1033246e-01   6.2263103e-01   9.6308254e-01   8.8646672e-04   1.2926535e-01   2.4596186e-02  -5.9038875e-01  -4.9329397e-01
  -2.0672176e-01  -3.8763928e-01  -2.0364049e-01   5.7301021e-01  -6.8359847e-01  -6.1400644e-02  -2.7829495e-01   1.4431954e-01  -8.6229771e-01   1.4467212e+00  -2.4062522e-01  -9.2337562e-01   8.4092279e-01  -6.2033525e-01  -6.5381895e-02  -4.8827889e-01   6.1002043e-02   1.9311344e-01   9.3563441e-02  -6.2378908e-01  -4.9329397e-01
  -2.0672176e-01  -9.1998844e-01  -2.0364049e-01   1.8568898e-01  -6.8359847e-01  -6.1400644e-02  -2.7829495e-01   4.4344687e-01  -9.7810987e-01   2.3180852e+00  -3.9381881e-01  -1.1616628e+00   1.1616552e+00  -6.2033525e-01  -7.5339482e-01   9.6308254e-01   6.1002043e-02   1.9311344e-01   9.3563441e-02  -6.9058975e-01  -4.9329397e-01
  -2.0672176e-01  -2.6033840e-01  -2.0364049e-01   7.9709959e-01  -6.8359847e-01  -6.1400644e-02  -2.7829495e-01  -4.5393511e-01  -6.3067340e-01  -4.2048735e-01   8.8279447e-01  -8.1747019e-01   7.6964891e-01  -5.1033246e-01  -4.0938836e-01  -4.8827889e-01   8.8646672e-04   6.5417265e-02  -1.1333832e-01  -5.9038875e-01  -4.9329397e-01
  -2.0672176e-01  -1.8491332e-01  -2.0364049e-01   9.0584068e-01  -6.8359847e-01  -6.1400644e-02  -2.7829495e-01  -6.9323697e-01  -3.9904909e-01  -4.2048735e-01   1.3934398e+00  -5.5270662e-01   4.4891645e-01  -4.5533106e-01  -4.0938836e-01  -4.8827889e-01  -1.7946026e-01   1.5691775e-03  -1.8230558e-01  -5.5698841e-01  -4.9329397e-01
  -2.0672176e-01  -5.2114641e-01  -2.0364049e-01   5.7068752e-01  -6.8359847e-01  -6.1400644e-02  -2.7829495e-01  -3.3428418e-01  -6.3067340e-01   7.7434938e-02   6.9555785e-01  -8.1747019e-01   7.6964891e-01  -5.1033246e-01  -4.0938836e-01  -4.8827889e-01   8.8646672e-04   6.5417265e-02  -4.4371068e-02  -5.9038875e-01  -4.9329397e-01
  -2.0672176e-01  -9.1998844e-01  -2.0364049e-01   2.3439381e-01  -6.8359847e-01  -6.1400644e-02  -2.7829495e-01  -8.1288790e-01  -3.9904909e-01  -4.2048735e-01   1.5976979e+00  -7.1156476e-01   4.4891645e-01  -7.8533944e-01  -4.0938836e-01   9.6308254e-01  -2.9969141e-01  -6.2278910e-02  -2.5127283e-01  -6.2378908e-01  -4.9329397e-01
  -2.0672176e-01  -9.1998844e-01  -2.0364049e-01  -4.6145952e-02  -6.8359847e-01  -6.1400644e-02  -2.7829495e-01  -8.1288790e-01  -3.9904909e-01  -4.2048735e-01   1.0359881e+00  -1.0028047e+00   8.4092279e-01  -7.8533944e-01  -1.0974013e+00   2.4144440e+00  -2.9969141e-01  -6.2278910e-02  -2.5127283e-01  -6.5718941e-01  -4.9329397e-01
  -2.0672176e-01  -9.1998844e-01  -2.0364049e-01  -2.9071906e-01  -6.8359847e-01  -6.1400644e-02  -2.7829495e-01  -9.9236430e-01  -2.8323694e-01  -4.2048735e-01   1.1551386e+00  -1.0028047e+00   8.4092279e-01  -7.8533944e-01  -7.5339482e-01   2.4144440e+00  -2.9969141e-01  -6.2278910e-02  -2.5127283e-01  -6.2378908e-01  -4.9329397e-01
  -2.0672176e-01  -6.1048312e-01  -2.0364049e-01   5.0451774e-01  -6.8359847e-01  -6.1400644e-02  -2.7829495e-01  -2.1463325e-01  -7.4648556e-01   3.8863637e-01   2.8704160e-01  -8.4394655e-01   8.4092279e-01  -4.5533106e-01  -7.5339482e-01   9.6308254e-01   8.8646672e-04   1.2926535e-01   2.4596186e-02  -6.2378908e-01  -4.9329397e-01
  -2.0672176e-01  -9.1998844e-01  -2.0364049e-01   9.1237722e-02  -6.8359847e-01  -6.1400644e-02  -2.7829495e-01   2.6397047e-01  -9.7810987e-01   1.1355198e+00  -4.7892636e-01  -1.5852846e+00   1.3754769e+00  -1.1703492e+00  -1.0974013e+00  -4.8827889e-01   6.1002043e-02   1.9311344e-01   9.3563441e-02  -6.9058975e-01  -4.9329397e-01
   1.1072935e-01  -2.1101879e-01  -2.0364049e-01   9.7900396e-01  -7.6060037e-02  -6.1400644e-02  -2.7829495e-01  -9.9236430e-01  -5.1612626e-02  -4.2048735e-01   1.3083322e+00  -5.2623026e-01   6.6273809e-01  -7.0321284e-02  -4.0938836e-01  -4.8827889e-01   2.4134877e-01   3.2080961e-01   1.6253070e-01  -3.8998675e-01  -4.9329397e-01
   1.1072935e-01   4.3586059e-01  -2.0364049e-01   1.1770474e+00   1.8780382e-01  -6.1400644e-02  -2.7829495e-01  -8.1288790e-01  -1.6742478e-01  -4.2048735e-01   7.8066540e-01  -3.6737211e-01   4.4891645e-01  -7.0321284e-02  -7.5339482e-01  -4.8827889e-01   2.4134877e-01   3.8465770e-01   2.3149795e-01  -3.5658641e-01  -4.9329397e-01
   1.1072935e-01   1.1110625e+00  -2.0364049e-01   1.1732818e+00   6.2175520e-01  -6.1400644e-02  -2.7829495e-01  -6.3341151e-01  -2.8323694e-01  -4.2048735e-01  -1.8956069e-01  -3.6737211e-01   4.4891645e-01  -7.0321284e-02  -7.5339482e-01  -4.8827889e-01   8.8646672e-04   4.4850579e-01   3.0046520e-01  -2.2298508e-01  -4.9329397e-01
   1.1072935e-01  -9.1998844e-01  -2.0364049e-01   9.8390073e-01   1.7511061e+00  -6.1400644e-02  -2.7829495e-01  -7.5306244e-01  -5.1612626e-02  -4.2048735e-01   2.7002009e-01  -8.1747019e-01   4.4891645e-01  -1.0053450e+00  -1.0974013e+00  -4.8827889e-01   8.8646672e-04  -6.2278910e-02  -4.4371068e-02  -4.5678741e-01   1.1400175e+00
   1.1072935e-01  -9.1998844e-01  -2.0364049e-01   8.2708339e-01  -4.2926901e-01  -6.1400644e-02  -2.7829495e-01  -1.0521898e+00  -5.1612626e-02  -3.5824706e-01   1.8019560e+00  -4.7327755e-01   1.9945787e-01  -6.7533665e-01   2.7862457e-01  -4.8827889e-01   8.8646672e-04   6.5417265e-02   2.4596186e-02  -5.5698841e-01   1.1400175e+00
   1.1072935e-01  -9.1998844e-01  -2.0364049e-01   6.3885759e-01  -6.8359847e-01  -6.1400644e-02  -2.7829495e-01  -1.3513171e+00   1.8001168e-01  -4.2048735e-01   2.2274938e+00  -7.1156476e-01   5.2019033e-01  -6.7533665e-01  -1.0974013e+00  -4.8827889e-01   1.2111762e-01   1.2926535e-01   9.3563441e-02  -5.2358808e-01   1.1400175e+00
   1.1072935e-01  -3.0021921e-01  -2.0364049e-01   9.3574317e-01   1.1305119e-01  -6.1400644e-02  -2.7829495e-01  -6.3341151e-01  -3.9904909e-01   1.5194652e-02   1.0359881e+00  -1.2908490e-01   2.1273171e-02  -2.3532547e-01  -6.5381895e-02  -4.8827889e-01   8.8646672e-04   1.2926535e-01   2.4596186e-02  -5.2358808e-01  -4.9329397e-01
   1.1072935e-01  -9.1998844e-01  -2.0364049e-01   8.2708339e-01  -6.8359847e-01  -6.1400644e-02  -2.7829495e-01  -5.1376058e-01  -5.1486125e-01   7.7434938e-02   1.3934398e+00  -3.9384847e-01   2.1273171e-02  -7.8533944e-01  -4.0938836e-01  -4.8827889e-01   8.8646672e-04   6.5417265e-02   2.4596186e-02  -5.9038875e-01   1.1400175e+00
   1.1072935e-01  -4.8994448e-01  -2.0364049e-01   4.4591188e-01  -6.8359847e-01  -6.1400644e-02  -2.7829495e-01  -2.7445872e-01  -6.3067340e-01   8.8655865e-01   5.0832124e-01  -6.3213569e-01   5.5582727e-01  -4.5533106e-01  -4.0938836e-01  -4.8827889e-01   3.6157992e-01   4.4850579e-01   3.6943246e-01  -5.9038875e-01   1.1400175e+00
   1.1072935e-01  -1.4193969e-01  -2.0364049e-01   5.1637223e-01  -6.8359847e-01  -6.1400644e-02  -2.7829495e-01  -6.3341151e-01  -3.9904909e-01  -4.7045634e-02   1.0700311e+00  -4.2032483e-01   3.7764257e-01  -2.9032687e-01  -6.5381895e-02  -4.8827889e-01   3.6157992e-01   3.8465770e-01   3.6943246e-01  -5.5698841e-01   1.1400175e+00
   1.1072935e-01  -2.4115395e-01  -2.0364049e-01   2.4192507e-01  -2.4731248e-01  -6.1400644e-02  -2.7829495e-01  -6.9323697e-01  -2.8323694e-01  -1.0928592e-01   9.3385900e-01  -4.2032483e-01   3.7764257e-01  -2.9032687e-01  -6.5381895e-02  -4.8827889e-01   3.6157992e-01   3.2080961e-01   3.0046520e-01  -5.2358808e-01   1.1400175e+00
   1.1072935e-01   1.2275730e-01  -2.0364049e-01   5.2746625e-01  -1.3427206e-02  -6.1400644e-02  -2.7829495e-01  -5.7358604e-01  -3.9904909e-01   7.7434938e-02  -1.3849616e-01  -6.8508841e-01   6.6273809e-01  -4.0032967e-01  -7.5339482e-01   9.6308254e-01   3.6157992e-01   3.2080961e-01   3.0046520e-01  -5.5698841e-01  -4.9329397e-01
   4.2818046e-01  -6.9421537e-01  -2.0364049e-01   8.6226845e-01  -6.8359847e-01  -6.1400644e-02  -2.7829495e-01  -1.5480779e-01  -7.4648556e-01   1.3967522e-01   7.6364389e-01  -7.6451748e-01   9.4783361e-01  -1.2532268e-01  -7.5339482e-01  -4.8827889e-01   1.8123320e-01   3.2080961e-01   2.3149795e-01  -6.2378908e-01  -4.9329397e-01
   4.2818046e-01  -9.1998844e-01  -2.0364049e-01   1.1903070e+00  -6.8359847e-01  -6.1400644e-02  -2.7829495e-01  -5.1376058e-01  -5.1486125e-01  -4.2048735e-01   1.3423752e+00  -9.7632834e-01   9.4783361e-01  -5.6533386e-01  -7.5339482e-01  -4.8827889e-01   1.8123320e-01   2.5696153e-01   9.3563441e-02  -5.9038875e-01  -4.9329397e-01
   4.2818046e-01  -9.1998844e-01  -2.0364049e-01   7.1334495e-01  -6.8359847e-01  -6.1400644e-02  -2.7829495e-01   1.4431954e-01  -8.6229771e-01   9.4879894e-01   3.0406311e-01  -1.0028047e+00   9.4783361e-01  -6.2033525e-01  -7.5339482e-01   9.6308254e-01   4.8181108e-01   5.1235388e-01   4.3839971e-01  -6.2378908e-01   1.1400175e+00
   4.2818046e-01  -9.1998844e-01  -2.0364049e-01   9.9374950e-01  -6.8359847e-01  -6.1400644e-02  -2.7829495e-01  -4.5393511e-01  -5.1486125e-01  -4.2048735e-01   1.2742892e+00  -9.7632834e-01   9.4783361e-01  -5.6533386e-01  -7.5339482e-01   9.6308254e-01   1.2111762e-01   2.5696153e-01   1.6253070e-01  -6.2378908e-01  -4.9329397e-01
   4.2818046e-01  -9.1998844e-01  -2.0364049e-01   4.8743919e-01  -6.8359847e-01  -6.1400644e-02  -2.7829495e-01   5.0327233e-01  -1.0939220e+00   1.8824032e+00  -3.9381881e-01  -1.5058555e+00   1.5536616e+00  -7.3033805e-01  -7.5339482e-01  -4.8827889e-01   4.8181108e-01   5.7620196e-01   5.0736697e-01  -6.9058975e-01  -4.9329397e-01
   4.2818046e-01  -9.1998844e-01  -2.0364049e-01   8.1271379e-01  -6.8359847e-01  -6.1400644e-02  -2.7829495e-01   5.6309780e-01  -1.0939220e+00   2.0691241e+00  -4.4488334e-01  -1.5058555e+00   1.5536616e+00  -7.3033805e-01  -7.5339482e-01  -4.8827889e-01   4.8181108e-01   6.4005005e-01   5.7633422e-01  -6.9058975e-01  -4.9329397e-01
   4.2818046e-01   8.3146328e-01  -2.0364049e-01   7.8656726e-01  -4.0218456e-01  -6.1400644e-02  -2.7829495e-01  -1.5480779e-01  -8.6229771e-01  -2.3376649e-01  -6.8318449e-01  -7.1156476e-01   7.6964891e-01  -2.9032687e-01  -1.4414078e+00  -4.8827889e-01   5.4192665e-01   6.4005005e-01   5.7633422e-01  -5.9038875e-01   1.1400175e+00
   4.2818046e-01   5.7625916e-01  -2.0364049e-01   4.3359364e-01  -6.8359847e-01  -6.1400644e-02  -2.7829495e-01  -9.4982320e-02  -8.6229771e-01  -3.5824706e-01  -6.1509845e-01  -9.2337562e-01   1.0547444e+00  -2.9032687e-01  -1.4414078e+00   9.6308254e-01   5.4192665e-01   7.0389814e-01   6.4530148e-01  -6.2378908e-01  -4.9329397e-01
   4.2818046e-01   5.6123408e-01  -2.0364049e-01   7.0548147e-01  -4.1160428e-01  -6.1400644e-02  -2.7829495e-01  -9.4982320e-02  -8.6229771e-01  -1.7152621e-01  -5.2999089e-01  -7.3804112e-01   7.6964891e-01  -3.4532827e-01  -1.0974013e+00  -4.8827889e-01   4.8181108e-01   5.7620196e-01   5.0736697e-01  -5.9038875e-01   1.1400175e+00
   1.2747168e+00  -2.1758331e-01  -2.0364049e-01   1.2786251e+00  -6.8359847e-01  -6.1400644e-02  -2.7829495e-01   2.0414501e-01  -8.6229771e-01  -4.7045634e-02   3.3810613e-01  -7.1156476e-01   1.0547444e+00   1.4968430e-01  -4.0938836e-01  -4.8827889e-01   7.2227338e-01   1.0231386e+00   9.2117049e-01  -5.9038875e-01  -4.9329397e-01
   1.2747168e+00  -9.1998844e-01  -2.0364049e-01   1.0086623e+00  -6.8359847e-01  -6.1400644e-02  -2.7829495e-01   2.0414501e-01  -9.7810987e-01  -4.7045634e-02   5.4236426e-01  -1.1351865e+00   1.3754769e+00  -2.3532547e-01  -1.0974013e+00  -4.8827889e-01   7.2227338e-01   8.9544240e-01   8.5220324e-01  -6.5718941e-01  -4.9329397e-01
   1.8038019e+00  -9.1998844e-01  -2.0364049e-01   1.5028171e+00   1.8166558e+00  -6.1400644e-02  -2.7829495e-01  -1.5480779e-01   1.2223211e+00   1.0110392e+00  -2.3240730e-03   2.3332164e+00  -1.4042044e+00   2.6797486e+00  -6.5381895e-02  -4.8827889e-01   1.2031980e+00   5.7620196e-01   1.1970395e+00   2.2152393e+00  -4.9329397e-01
   1.8038019e+00  -9.1998844e-01  -2.0364049e-01   1.4646567e+00   2.1979003e+00  -6.1400644e-02  -2.7829495e-01  -3.3428418e-01   1.2223211e+00   1.1355198e+00  -4.4488334e-01   1.6713074e+00  -1.4042044e+00   1.3047136e+00  -6.5381895e-02   9.6308254e-01   1.1430824e+00   3.8465770e-01   1.1280723e+00   2.5492426e+00   1.1400175e+00
   1.8038019e+00  -6.0231778e-01  -2.0364049e-01   1.0003566e+00  -6.8359847e-01  -6.1400644e-02  -2.7829495e-01   6.2292326e-01  -1.0939220e+00   7.6207808e-01  -3.0871126e-01  -1.3469973e+00   2.0169418e+00   3.1468850e-01  -7.5339482e-01  -4.8827889e-01   1.1430824e+00   1.4062271e+00   1.3349740e+00  -6.9058975e-01  -4.9329397e-01
   1.8038019e+00  -9.1998844e-01  -2.0364049e-01   1.0911429e+00  -6.8359847e-01  -6.1400644e-02  -2.7829495e-01   8.6222513e-01  -1.0939220e+00   1.2600004e+00  -4.6190485e-01  -1.5588082e+00   2.0525787e+00  -7.0321284e-02  -1.0974013e+00  -4.8827889e-01   1.1430824e+00   1.3423790e+00   1.3349740e+00  -6.9058975e-01  -4.9329397e-01
   1.2747168e+00  -4.5516152e-01  -2.0364049e-01   2.9283959e-01  -3.8485487e-01  -6.1400644e-02  -2.7829495e-01   3.8362140e-01  -9.7810987e-01   5.7535722e-01  -3.7679730e-01  -7.9099384e-01   1.2329291e+00   2.5968710e-01  -4.0938836e-01  -4.8827889e-01   1.2633136e+00   1.4700752e+00   1.4729085e+00  -5.9038875e-01   1.1400175e+00
   1.2747168e+00  -4.8060382e-01  -2.0364049e-01  -1.1658552e-01  -1.1881469e-01  -6.1400644e-02  -2.7829495e-01   2.4668611e-02  -8.6229771e-01   3.8863637e-01   9.9804989e-02  -5.2623026e-01   1.1260183e+00   6.4469688e-01  -7.5339482e-01  -4.8827889e-01   1.2633136e+00   1.4062271e+00   1.3349740e+00  -5.2358808e-01  -4.9329397e-01
   1.2747168e+00  -1.9854525e-01  -2.0364049e-01   3.5978960e-01  -6.8359847e-01  -6.1400644e-02  -2.7829495e-01   3.2379594e-01  -9.7810987e-01   8.8655865e-01  -4.9594787e-01  -1.2410919e+00   1.8387571e+00   2.5968710e-01  -7.5339482e-01  -4.8827889e-01   1.2633136e+00   1.5339233e+00   1.4729085e+00  -6.2378908e-01  -4.9329397e-01
   1.2747168e+00   2.7137007e-01  -2.0364049e-01   1.2477293e+00   8.2086002e-02  -6.1400644e-02  -2.7829495e-01  -7.5306244e-01  -2.8323694e-01  -4.2048735e-01   9.9804989e-02  -2.3499033e-01   8.7655973e-01   8.6470247e-01  -4.0938836e-01  -4.8827889e-01   1.0228513e+00   1.2146828e+00   1.1970395e+00  -2.8978574e-01  -4.9329397e-01
   1.2747168e+00   4.1439597e-01  -2.0364049e-01   6.7111795e-01   1.7400854e-01  -6.1400644e-02  -2.7829495e-01  -6.9323697e-01  -3.9904909e-01  -4.2048735e-01  -8.7431625e-02  -1.5556125e-01   8.0528585e-01   9.1970386e-01  -4.0938836e-01  -4.8827889e-01   1.0228513e+00   1.3423790e+00   1.2660068e+00  -2.8978574e-01  -4.9329397e-01
   1.1688997e+00   6.0790186e-01  -2.0364049e-01   1.1817687e+00  -2.8949810e-02  -6.1400644e-02  -2.7829495e-01  -9.9236430e-01  -5.1612626e-02  -4.2048735e-01   1.4697437e-02   1.6215504e-01   4.1327951e-01   9.7470526e-01  -4.0938836e-01  -4.8827889e-01   1.1430824e+00   1.2146828e+00   1.1970395e+00   7.7617924e-02  -4.9329397e-01
   1.1688997e+00  -1.2032084e-02  -2.0364049e-01   2.4782479e-01  -1.0005619e-01  -6.1400644e-02  -2.7829495e-01  -1.3513171e+00   4.1163599e-01  -4.2048735e-01   5.5938577e-01   2.9453683e-01   3.0636869e-01   1.0847081e+00   2.7862457e-01  -4.8827889e-01   9.0262011e-01   1.0231386e+00   1.0591050e+00   2.7801993e-01  -4.9329397e-01
   1.2747168e+00  -4.1926400e-01  -2.0364049e-01   9.5512728e-02  -3.6178357e-01  -6.1400644e-02  -2.7829495e-01  -6.3341151e-01  -2.8323694e-01  -1.0928592e-01   3.3810613e-01   1.6215504e-01   4.1327951e-01   9.7470526e-01  -6.5381895e-02  -4.8827889e-01   1.2633136e+00   1.2146828e+00   1.2660068e+00  -1.2278408e-01  -4.9329397e-01
   1.2747168e+00  -9.1998844e-01  -2.0364049e-01  -1.8767428e-01  -1.0652171e-02  -6.1400644e-02  -2.7829495e-01  -6.9323697e-01  -2.8323694e-01  -2.9600678e-01   3.7214916e-01  -3.4089576e-01   3.0636869e-01  -2.3532547e-01  -7.5339482e-01  -4.8827889e-01   1.0228513e+00   8.9544240e-01   1.0591050e+00  -5.5983410e-02   1.1400175e+00
   1.2747168e+00  -1.6890178e-01  -2.0364049e-01   4.4178954e-01  -6.8359847e-01  -6.1400644e-02  -2.7829495e-01  -2.7445872e-01  -7.4648556e-01  -1.0928592e-01   4.9129973e-01  -4.7327755e-01   7.6964891e-01   2.0468570e-01  -7.5339482e-01  -4.8827889e-01   1.2633136e+00   1.2785309e+00   1.2660068e+00  -5.2358808e-01   1.1400175e+00
   1.2747168e+00  -1.6964468e-01  -2.0364049e-01   9.5863586e-01  -6.8359847e-01  -6.1400644e-02  -2.7829495e-01  -3.9410965e-01  -6.3067340e-01  -1.0928592e-01   8.8279447e-01  -4.7327755e-01   7.6964891e-01   2.0468570e-01  -4.0938836e-01  -4.8827889e-01   1.2633136e+00   1.2785309e+00   1.3349740e+00  -4.9018775e-01   1.1400175e+00
   1.2747168e+00   2.0510986e-01  -2.0364049e-01   3.0928763e-01  -6.8359847e-01  -6.1400644e-02  -2.7829495e-01  -2.7445872e-01  -7.4648556e-01  -4.2048735e-01   2.8704160e-01  -3.9384847e-01   7.6964891e-01   3.6968989e-01  -4.0938836e-01  -4.8827889e-01   1.4436603e+00   1.3423790e+00   1.4039413e+00  -4.2338708e-01   1.1400175e+00
   1.2747168e+00  -9.1998844e-01  -2.0364049e-01   1.2308464e+00  -6.8359847e-01  -6.1400644e-02  -2.7829495e-01  -1.1120152e+00  -1.6742478e-01  -4.2048735e-01   1.4955688e+00  -5.7918298e-01   7.6964891e-01  -1.5319887e-02  -7.5339482e-01  -4.8827889e-01   8.4250453e-01   8.3159431e-01   7.8323599e-01  -4.9018775e-01   1.1400175e+00
   1.3805338e+00   9.5537046e-02  -2.0364049e-01  -2.3129464e-01  -6.8359847e-01  -6.1400644e-02  -2.7829495e-01   2.4668611e-02  -8.6229771e-01  -3.5824706e-01  -1.3849616e-01  -9.4985198e-01   1.5180246e+00   3.6968989e-01  -7.5339482e-01  -4.8827889e-01   1.4436603e+00   1.5977714e+00   1.5418758e+00  -6.2378908e-01  -4.9329397e-01
   1.3805338e+00  -2.1365927e-01  -2.0364049e-01   3.1798107e-01  -6.8359847e-01  -6.1400644e-02  -2.7829495e-01   2.0414501e-01  -8.6229771e-01  -2.9600678e-01  -3.2573277e-01  -9.4985198e-01   1.5180246e+00   3.6968989e-01  -7.5339482e-01  -4.8827889e-01   1.4436603e+00   1.6616194e+00   1.6108430e+00  -6.2378908e-01   1.1400175e+00
  -2.0672176e-01   1.2458860e+00  -2.0364049e-01   2.1086636e+00   7.0840605e-01  -6.1400644e-02  -2.7829495e-01  -1.2316662e+00   1.8001168e-01  -4.2048735e-01  -1.3980879e+00   8.5054034e-01  -5.1328093e-01   9.7470526e-01  -4.0938836e-01   9.6308254e-01   1.1430824e+00   4.4850579e-01   7.8323599e-01   2.1150383e+00   1.1400175e+00
  -2.0672176e-01   2.1327179e+00  -2.0364049e-01   2.5863366e+00  -6.8359847e-01  -6.1400644e-02  -2.7829495e-01  -1.2316662e+00  -5.1612626e-02  -4.2048735e-01  -1.3980879e+00   3.2968922e-03   9.4783361e-01   1.4697178e+00  -4.0938836e-01   9.6308254e-01   1.1430824e+00   1.3423790e+00   1.4039413e+00  -2.2298508e-01  -4.9329397e-01
  -2.0672176e-01   1.7230461e-01  -2.0364049e-01   1.3856368e+00   2.1244625e+00  -6.1400644e-02  -2.7829495e-01  -1.1718407e+00   2.9582384e-01  -4.2048735e-01  -1.3980879e+00   5.3282404e-01  -5.1328093e-01   3.1468850e-01   6.2263103e-01  -4.8827889e-01  -1.7946026e-01  -8.9230404e-01  -1.0788799e+00   1.7476346e+00  -4.9329397e-01
   1.1072935e-01  -3.4002090e-01  -2.0364049e-01   1.5727485e+00   2.2983562e+00  -6.1400644e-02  -2.7829495e-01  -1.1718407e+00   2.9582384e-01  -4.2048735e-01  -1.3980879e+00   5.3282404e-01  -5.1328093e-01   3.1468850e-01   6.2263103e-01  -4.8827889e-01  -1.7946026e-01  -1.0200002e+00  -1.3547489e+00   1.8812359e+00  -4.9329397e-01
   4.9123147e-03   1.0529570e+00  -2.0364049e-01   2.4573095e+00   1.0070807e+00  -6.1400644e-02  -2.7829495e-01  -1.1718407e+00   6.4199529e-02  -4.2048735e-01  -1.3980879e+00   1.0888276e+00  -5.1328093e-01   1.4697178e+00  -4.0938836e-01   9.6308254e-01   1.4436603e+00   3.2080961e-01   8.5220324e-01   3.2840499e+00   1.1400175e+00
   4.9123147e-03  -9.1998844e-01  -2.0364049e-01  -6.7532385e-02   2.2314962e+00  -6.1400644e-02  -2.7829495e-01  -1.1120152e+00   7.5907246e-01  -4.2048735e-01  -1.3980879e+00   1.8863140e-01  -5.1328093e-01  -4.0032967e-01  -6.5381895e-02  -4.8827889e-01  -3.0048923e+00  -1.5307849e+00  -2.1133887e+00   2.9834469e+00  -2.1266055e+00
   4.9123147e-03  -6.7916381e-01  -2.0364049e-01   6.9572584e-01   5.5462271e-01  -6.1400644e-02  -2.7829495e-01  -9.9236430e-01   1.8001168e-01  -1.7152621e-01   8.9981598e-01   4.7987133e-01  -7.9837645e-01  -2.3532547e-01   6.2263103e-01   3.8658054e+00   8.8646672e-04  -6.2278910e-02  -4.4371068e-02  -2.5638541e-01   1.1400175e+00
   4.9123147e-03  -4.9285019e-01  -2.0364049e-01   1.3180101e+00   4.1448620e-01  -6.1400644e-02  -2.7829495e-01  -1.3513171e+00   7.5907246e-01  -4.2048735e-01   1.7508915e+00   8.2406398e-01  -1.2616567e+00  -2.3532547e-01  -6.5381895e-02   9.6308254e-01  -2.9969141e-01  -1.2612700e-01  -1.8230558e-01  -1.8958474e-01   1.1400175e+00
   4.9123147e-03  -9.1998844e-01  -2.0364049e-01  -7.1872199e-01   4.5288076e-01  -6.1400644e-02  -2.7829495e-01  -6.3341151e-01  -5.1486125e-01   1.5194652e-02   2.0193405e-01  -2.0851397e-01  -2.6382235e-01  -8.4034084e-01   9.6663750e-01   9.6308254e-01   8.8646672e-04   1.5691775e-03   2.4596186e-02  -4.5678741e-01   1.1400175e+00
   4.9123147e-03  -9.1998844e-01  -2.0364049e-01  -6.7532385e-02   1.5027226e+00  -6.1400644e-02  -2.7829495e-01  -5.7358604e-01  -2.8323694e-01   2.0191551e-01  -5.8105543e-01  -4.9655823e-02  -6.9146563e-01  -1.1703492e+00   9.6663750e-01   9.6308254e-01   8.8646672e-04  -1.2612700e-01  -4.4371068e-02  -3.2318608e-01   1.1400175e+00
   4.9123147e-03  -6.9299934e-01  -2.0364049e-01  -6.6124544e-02   4.8348613e-01  -6.1400644e-02  -2.7829495e-01  -9.9236430e-01   1.8001168e-01  -1.7152621e-01   1.6487624e+00   6.1225312e-01  -1.2260197e+00  -6.2033525e-01   1.6546504e+00   3.8658054e+00   8.8646672e-04  -1.8997508e-01  -1.1333832e-01   1.4441859e-01   1.1400175e+00
   4.9123147e-03  -9.1998844e-01  -2.0364049e-01  -5.8874675e-01  -6.8359847e-01  -6.1400644e-02  -2.7829495e-01  -8.7271337e-01  -3.9904909e-01  -4.2048735e-01   9.3385900e-01  -5.7918298e-01   2.3509481e-01  -8.4034084e-01  -6.5381895e-02   9.6308254e-01  -1.7946026e-01   1.5691775e-03  -1.1333832e-01  -5.9038875e-01   1.1400175e+00
   4.9123147e-03  -7.0218841e-01  -2.0364049e-01   1.7156838e-01   7.1619937e-01  -6.1400644e-02  -2.7829495e-01  -1.1718407e+00   5.2744815e-01  -4.2048735e-01   1.9551496e+00   6.6520583e-01  -1.2972936e+00  -6.2033525e-01   6.2263103e-01  -4.8827889e-01  -1.7946026e-01  -3.8151935e-01  -2.5127283e-01   4.4502159e-01   1.1400175e+00
   4.9123147e-03  -9.1998844e-01  -2.0364049e-01   1.8615243e+00  -6.8359847e-01  -6.1400644e-02  -2.7829495e-01  -1.7102699e+00   1.2223211e+00  -4.2048735e-01   4.3041181e+00   8.2406398e-01  -1.2972936e+00  -2.9032687e-01   1.6546504e+00   9.6308254e-01   8.8646672e-04  -1.2612700e-01  -1.8230558e-01  -1.8958474e-01   1.1400175e+00
   4.9123147e-03  -7.0569536e-01  -2.0364049e-01   1.4246554e-01   6.9366024e-01  -6.1400644e-02  -2.7829495e-01  -9.3253883e-01   6.4199529e-02  -3.5824706e-01   1.3253537e+00   4.7987133e-01  -1.0478350e+00  -6.2033525e-01  -6.5381895e-02   9.6308254e-01  -1.7946026e-01  -2.5382317e-01  -1.8230558e-01   7.7617924e-02   1.1400175e+00
   4.9123147e-03  -9.1998844e-01  -2.0364049e-01   6.2051302e-01   1.4133890e+00  -6.1400644e-02  -2.7829495e-01  -1.1120152e+00   4.1163599e-01  -4.2048735e-01   1.1551386e+00   6.1225312e-01  -1.3329305e+00  -7.8533944e-01  -4.0938836e-01   3.8658054e+00  -1.7946026e-01  -4.4536743e-01  -3.2024009e-01   4.7842193e-01   1.1400175e+00
   4.9123147e-03  -6.7847379e-01  -2.0364049e-01   3.4327264e-02   8.6861290e-01  -6.1400644e-02  -2.7829495e-01  -8.7271337e-01   4.1163599e-01  -1.0928592e-01   1.9891926e+00   6.6520583e-01  -1.3685675e+00  -7.3033805e-01   9.6663750e-01  -4.8827889e-01   1.8123320e-01  -1.8997508e-01   2.4596186e-02   3.4482059e-01   1.1400175e+00
   4.9123147e-03  -9.1998844e-01  -2.0364049e-01   5.0977023e-01  -6.8359847e-01  -6.1400644e-02  -2.7829495e-01  -5.7358604e-01  -1.6742478e-01  -4.2048735e-01   3.2658059e+00  -7.6132181e-02  -4.0637011e-01  -7.8533944e-01  -6.5381895e-02  -4.8827889e-01  -1.7946026e-01   1.2926535e-01   2.4596186e-02  -3.8998675e-01   1.1400175e+00
   4.9123147e-03  -5.5771645e-01  -2.0364049e-01   3.6836693e-01   1.1790552e+00  -6.1400644e-02  -2.7829495e-01  -9.9236430e-01   7.5907246e-01  -4.7045634e-02   1.3593968e+00   7.1815855e-01  -1.4398414e+00  -7.3033805e-01   2.3426634e+00   9.6308254e-01   4.2169550e-01  -2.5382317e-01  -4.4371068e-02   7.1222426e-01   1.1400175e+00
   4.9123147e-03  -9.1998844e-01  -2.0364049e-01   3.4005849e-01   2.0709190e+00  -6.1400644e-02  -2.7829495e-01  -1.7700953e+00   2.0330062e+00  -4.2048735e-01   1.4785473e+00   6.9168219e-01  -1.4398414e+00  -7.8533944e-01   1.9986569e+00   2.4144440e+00  -1.7946026e-01  -7.0075978e-01  -4.5817459e-01   6.7882393e-01   1.1400175e+00
   2.1654639e-01  -9.1998844e-01  -2.0364049e-01  -4.7589817e-02   1.3829151e+00  -6.1400644e-02  -2.7829495e-01  -7.5306244e-01  -2.8323694e-01   8.2431837e-01  -3.0871126e-01   7.4463491e-01  -1.3329305e+00  -5.1033246e-01   2.7862457e-01   9.6308254e-01   8.8646672e-04  -3.1767126e-01  -1.1333832e-01   3.1142026e-01   1.1400175e+00
   2.1654639e-01  -9.1998844e-01  -2.0364049e-01  -3.6639910e-01   1.0860915e+00  -6.1400644e-02  -2.7829495e-01  -1.0521898e+00  -5.1612626e-02   6.9983779e-01   1.5086952e-01   4.0044226e-01  -8.6965033e-01  -5.1033246e-01   6.2263103e-01   9.6308254e-01   8.8646672e-04  -3.1767126e-01  -1.1333832e-01   3.4482059e-01   1.1400175e+00
   2.1654639e-01  -9.1998844e-01  -2.0364049e-01   1.5766498e-01   9.8323772e-01  -6.1400644e-02  -2.7829495e-01  -6.9323697e-01  -5.1612626e-02   8.2431837e-01   2.8704160e-01   9.5644577e-01  -1.3329305e+00  -7.0321284e-02  -4.0938836e-01   9.6308254e-01   8.8646672e-04  -2.5382317e-01  -4.4371068e-02   2.1121926e-01   1.1400175e+00
   2.1654639e-01  -9.1998844e-01  -2.0364049e-01  -4.0439386e-01   1.6053667e+00  -6.1400644e-02  -2.7829495e-01  -4.5393511e-01  -3.9904909e-01   9.4879894e-01  -9.0446412e-01   5.0634769e-01  -1.4398414e+00  -1.1703492e+00   2.7862457e-01  -4.8827889e-01   1.2111762e-01  -2.5382317e-01  -4.4371068e-02   3.4482059e-01   1.1400175e+00
   2.1654639e-01  -9.1998844e-01  -2.0364049e-01   9.4932086e-01   1.7189690e+00  -6.1400644e-02  -2.7829495e-01  -1.4709680e+00   8.7488462e-01  -2.3376649e-01   1.1721601e+00   1.0358748e+00  -1.4398414e+00  -7.0321284e-02   9.6663750e-01   9.6308254e-01  -6.0026930e-01  -8.2845596e-01  -6.6507636e-01   1.0128273e+00   1.1400175e+00
   2.1654639e-01  -9.1998844e-01  -2.0364049e-01   1.8098386e+00  -6.8359847e-01  -6.1400644e-02  -2.7829495e-01  -1.0521898e+00   1.5697575e+00   7.7434938e-02   3.0445263e+00   3.2968922e-03  -5.0000709e-02  -7.0321284e-02   9.6663750e-01   9.6308254e-01   1.2111762e-01   6.5417265e-02   9.3563441e-02  -2.5638541e-01  -4.9329397e-01
   2.1654639e-01  -9.1998844e-01  -2.0364049e-01   7.2086435e-01   1.9447012e+00  -6.1400644e-02  -2.7829495e-01  -1.4709680e+00   7.5907246e-01  -4.2048735e-01  -2.3240730e-03   1.0888276e+00  -1.4398414e+00   3.9681510e-02   9.6663750e-01   2.4144440e+00  -6.0026930e-01  -1.0200002e+00  -7.3404361e-01   1.4136313e+00  -4.9329397e-01
   2.1654639e-01  -9.1998844e-01  -2.0364049e-01  -3.5232504e-02   1.5477498e+00  -6.1400644e-02  -2.7829495e-01  -1.4111426e+00   5.2744815e-01  -4.2048735e-01   6.5761969e-02   7.9758762e-01  -1.4398414e+00  -5.6533386e-01   1.6546504e+00   2.4144440e+00  -6.0026930e-01  -1.0200002e+00  -6.6507636e-01   1.4470316e+00   1.1400175e+00
   2.1654639e-01  -9.1998844e-01  -2.0364049e-01   1.7625087e-01   1.8425652e+00  -6.1400644e-02  -2.7829495e-01  -1.3513171e+00   7.5907246e-01  -4.2048735e-01  -3.6367094e-02   9.8292212e-01  -1.2972936e+00   3.9681510e-02   2.7862457e-01   2.4144440e+00  -6.0026930e-01  -9.5615213e-01  -6.6507636e-01   1.2800299e+00  -4.9329397e-01
   6.3981454e-01   4.2982923e-01  -2.0364049e-01  -7.0240262e-01   4.7310282e-01  -6.1400644e-02  -2.7829495e-01  -6.9323697e-01   1.9171940e+00  -4.2048735e-01  -5.3388604e-02  -3.9384847e-01   6.9837503e-01   2.5968710e-01  -4.0938836e-01  -4.8827889e-01   8.8646672e-04   7.6774622e-01   6.4530148e-01   4.4217591e-02  -4.9329397e-01
   6.3981454e-01  -9.1998844e-01  -2.0364049e-01  -6.9317695e-01   1.9250142e-01  -6.1400644e-02  -2.7829495e-01  -8.1288790e-01   2.7278791e+00  -4.2048735e-01  -2.7466824e-01  -7.6451748e-01   5.9146421e-01  -6.7533665e-01   2.7862457e-01   9.6308254e-01   1.2111762e-01   2.5696153e-01   1.6253070e-01  -5.9038875e-01   1.1400175e+00
   6.3981454e-01   1.2625774e+00  -2.0364049e-01   9.5159774e-01  -6.8359847e-01  -6.1400644e-02  -2.7829495e-01  -4.5393511e-01   6.4199529e-02  -4.2048735e-01   6.9555785e-01  -4.9975390e-01   8.4092279e-01   2.5968710e-01  -4.0938836e-01  -4.8827889e-01   8.4250453e-01   1.0869867e+00   1.0591050e+00  -4.2338708e-01   1.1400175e+00
   6.3981454e-01   1.7186117e+00  -2.0364049e-01   1.4053423e+00  -6.8359847e-01  -6.1400644e-02  -2.7829495e-01  -1.5480779e-01  -5.1612626e-02  -4.2048735e-01  -1.3980879e+00  -6.0565933e-01   1.0547444e+00   3.6968989e-01  -1.4414078e+00   9.6308254e-01   1.2633136e+00   1.2785309e+00   1.2660068e+00  -4.2338708e-01   1.1400175e+00
   6.3981454e-01  -9.1998844e-01  -2.0364049e-01  -2.5894379e-01  -6.8359847e-01  -6.1400644e-02  -2.7829495e-01  -1.5307935e+00   8.7488462e-01  -4.2048735e-01   1.6317409e+00  -7.6451748e-01   6.9837503e-01  -5.1033246e-01  -4.0938836e-01  -4.8827889e-01   4.8181108e-01   5.1235388e-01   4.3839971e-01  -4.9018775e-01   1.1400175e+00
   6.3981454e-01   2.8700843e-01  -2.0364049e-01  -8.0117057e-01  -6.8359847e-01  -6.1400644e-02  -2.7829495e-01  -1.5906190e+00   3.1911277e+00  -4.2048735e-01   1.5296119e+00  -3.1441940e-01   8.4092279e-01   6.4469688e-01  -6.5381895e-02  -4.8827889e-01   1.2633136e+00   1.0231386e+00   9.9013775e-01  -2.5638541e-01  -4.9329397e-01
   5.3399750e-01  -3.1140638e-01   8.1116328e-01  -3.7327351e-01   4.8980607e-01  -6.1400644e-02  -2.7829495e-01   1.0417015e+00   1.3381332e+00  -4.2048735e-01  -8.5339959e-01   4.5339497e-01  -3.3509623e-01   4.2469129e-01   9.6663750e-01  -4.8827889e-01   2.4134877e-01  -7.0075978e-01   3.6943246e-01  -4.2338708e-01  -4.9329397e-01
   1.1072935e-01   5.6454685e-01   7.0402304e-01  -6.0923844e-01  -3.6556221e-01  -6.1400644e-02  -2.7829495e-01   1.1613525e+00   6.4326030e-01  -4.2048735e-01  -6.3211996e-01  -2.6146668e-01   1.9945787e-01  -2.3532547e-01  -4.0938836e-01  -4.8827889e-01   3.6157992e-01  -1.8997508e-01   3.6943246e-01  -5.9038875e-01   1.1400175e+00
   2.1654639e-01   7.8494647e-02   4.6234327e-01  -2.5486604e-01  -3.6273663e-01  -6.1400644e-02  -2.7829495e-01   1.2211779e+00   9.9069677e-01  -4.2048735e-01  -1.1768083e+00  -1.0557574e+00   1.3042030e+00  -1.8032408e-01  -1.0974013e+00  -4.8827889e-01   1.2111762e-01  -2.5382317e-01   2.3149795e-01  -5.9038875e-01  -2.1266055e+00
   1.2747168e+00  -9.1998844e-01   6.3966145e-01  -1.1534718e+00   1.5580088e+00  -6.1400644e-02  -2.7829495e-01   1.2211779e+00   2.1488183e+00  -4.2048735e-01  -9.3850714e-01   4.0044226e-01  -5.8455481e-01  -7.0321284e-02  -4.0938836e-01  -4.8827889e-01   6.6215781e-01  -1.5307849e+00   8.5220324e-01  -1.2278408e-01   1.1400175e+00
   4.2818046e-01   6.5843313e-02   8.6487073e-01  -2.7236413e-01  -5.0005777e-02  -6.1400644e-02  -2.7829495e-01   1.1015270e+00   4.1163599e-01  -4.2048735e-01  -3.0871126e-01   5.6249607e-02   1.9945787e-01   4.2469129e-01   1.3106440e+00  -4.8827889e-01   3.6157992e-01  -6.2278910e-02   4.3839971e-01  -5.2358808e-01  -4.9329397e-01
   1.1072935e-01   3.4592316e-01   5.6155839e-01  -3.2270638e-01  -2.7679863e-01  -6.1400644e-02  -2.7829495e-01   1.2211779e+00   1.2223211e+00  -4.2048735e-01  -1.1257438e+00  -1.0557574e+00   1.3042030e+00  -1.8032408e-01  -1.0974013e+00  -4.8827889e-01   1.2111762e-01  -3.8151935e-01   2.3149795e-01  -5.9038875e-01  -2.1266055e+00
   3.2236343e-01  -5.1279705e-01   5.7719464e-01  -5.0949580e-01  -4.2189713e-01  -6.1400644e-02  -2.7829495e-01   1.2211779e+00   6.4326030e-01  -4.2048735e-01  -5.1296938e-01  -2.3499033e-01   1.9945787e-01  -1.8032408e-01  -4.0938836e-01  -4.8827889e-01   1.2111762e-01  -1.8997508e-01   3.0046520e-01  -5.9038875e-01   1.1400175e+00
   5.3399750e-01  -3.5868802e-01   8.4931698e-01  -1.2477029e+00   3.7895547e-02  -6.1400644e-02  -2.7829495e-01   1.1613525e+00   5.2744815e-01  -4.2048735e-01  -2.2360371e-01   5.6249607e-02   1.9945787e-01   4.2469129e-01  -6.5381895e-02  -4.8827889e-01   3.6157992e-01  -1.8997508e-01   4.3839971e-01  -5.2358808e-01  -4.9329397e-01
   1.1072935e-01   5.5016181e-01   5.3179724e-01  -4.7394575e-01  -4.1363746e-01  -6.1400644e-02  -2.7829495e-01   1.2211779e+00   1.4539454e+00  -4.2048735e-01  -1.2108513e+00  -1.0292811e+00   1.2685661e+00  -1.8032408e-01  -7.5339482e-01  -4.8827889e-01   1.2111762e-01  -4.4536743e-01   2.3149795e-01  -5.9038875e-01  -4.9329397e-01
   1.2747168e+00  -7.3635312e-01   8.2216252e-01  -1.1278980e+00   2.1489336e+00  -6.1400644e-02  -2.7829495e-01   1.2211779e+00   2.4962548e+00  -4.2048735e-01  -1.1087222e+00   1.8301656e+00  -8.3401339e-01   2.5147444e+00   9.6663750e-01   9.6308254e-01   5.4192665e-01  -1.5946330e+00   8.5220324e-01   5.7862293e-01  -4.9329397e-01
   1.2747168e+00  -1.1851192e-01   8.3211070e-01  -8.0447760e-01   1.3768330e+00  -6.1400644e-02   1.0353899e+00   1.2810034e+00   2.2646305e+00  -4.2048735e-01  -1.3470234e+00   1.0358748e+00  -8.3401339e-01   8.6470247e-01   9.6663750e-01  -4.8827889e-01   3.0146435e-01  -1.4669368e+00   7.1426873e-01   2.2820399e+00   1.1400175e+00
   1.0630827e+00   4.5148368e-02   6.5468209e-01  -7.4594862e-01   5.5698573e-01  -6.1400644e-02   1.8309548e+00   1.2810034e+00   2.0330062e+00  -4.2048735e-01  -1.3129804e+00   8.5054034e-01  -7.6273951e-01   5.8969548e-01   1.9986569e+00  -4.8827889e-01   1.2111762e-01  -1.3392407e+00   6.4530148e-01   2.5826429e+00   1.1400175e+00
   1.0630827e+00  -1.1723972e-01   8.5048693e-01  -8.0315793e-01   1.1221408e+00  -6.1400644e-02   1.0374752e+00   1.2810034e+00   2.1488183e+00  -4.2048735e-01  -1.3470234e+00   1.0358748e+00  -8.3401339e-01   8.6470247e-01   9.6663750e-01  -4.8827889e-01   3.0146435e-01  -1.4030887e+00   7.1426873e-01   2.3154403e+00   1.1400175e+00
   1.0630827e+00  -2.1513593e-01   8.1008483e-01  -6.6098741e-01   1.3549364e+00  -6.1400644e-02   8.7701536e-01   1.2810034e+00   2.3804426e+00  -4.2048735e-01  -1.3470234e+00   1.8301656e+00  -8.3401339e-01   2.5147444e+00   9.6663750e-01  -4.8827889e-01   3.6157992e-01  -1.5946330e+00   7.1426873e-01   2.1484386e+00  -4.9329397e-01
   1.0630827e+00  -2.9562833e-01   9.4158436e-01  -1.2040939e+00   1.7240538e+00  -6.1400644e-02  -2.7829495e-01   1.1613525e+00   2.9595034e+00  -4.2048735e-01  -1.3300019e+00   1.8301656e+00  -8.3401339e-01   2.5147444e+00   1.6546504e+00   2.4144440e+00   3.6157992e-01  -1.5307849e+00   9.2117049e-01   1.1130283e+00  -4.9329397e-01
   1.1688997e+00  -3.8651621e-01   8.8606929e-01  -1.2669476e+00   2.0592966e+00  -6.1400644e-02  -2.7829495e-01   1.1613525e+00   2.7278791e+00  -4.2048735e-01  -1.1768083e+00   1.8301656e+00  -8.3401339e-01   2.5147444e+00   1.9986569e+00   2.4144440e+00   5.4192665e-01  -1.4030887e+00   8.5220324e-01   9.4602660e-01  -4.9329397e-01
   2.1654639e-01  -5.6583460e-01  -1.5934942e-01   3.2345404e-01   1.3649292e+00  -6.1400644e-02  -2.7829495e-01   1.2211779e+00   6.4199529e-02  -1.0928592e-01  -2.2360371e-01   5.5930040e-01  -9.0528727e-01  -2.3532547e-01   2.7862457e-01  -4.8827889e-01  -5.9229110e-02  -3.1767126e-01   2.4596186e-02   4.1162126e-01   1.1400175e+00
  -6.2998991e-01   2.3023127e+00  -1.6122087e-01   7.0979985e-01  -4.6560179e-01  -6.1400644e-02  -2.7829495e-01   5.0327233e-01   1.2223211e+00  -4.2048735e-01  -1.3470234e+00   2.9453683e-01  -2.2818541e-01   2.5968710e-01  -4.0938836e-01  -4.8827889e-01  -5.9229110e-02   1.5691775e-03   2.3149795e-01  -2.5638541e-01  -4.9329397e-01
  -6.2998991e-01   2.1937193e+00  -1.6265044e-01   8.5741141e-01  -4.7294842e-01  -6.1400644e-02  -2.7829495e-01   5.0327233e-01   1.3381332e+00  -4.2048735e-01  -1.3640449e+00   3.2101318e-01  -2.2818541e-01   3.1468850e-01   2.7862457e-01  -4.8827889e-01  -5.9229110e-02   6.5417265e-02   2.3149795e-01  -2.8978574e-01  -4.9329397e-01
  -5.2417287e-01   1.2584449e+00  -2.0364049e-01   6.8181967e-01  -2.5280583e-01  -6.1400644e-02  -2.7829495e-01   5.0327233e-01   1.4539454e+00  -4.2048735e-01  -6.6616298e-01   9.8292212e-01  -6.9146563e-01   9.7470526e-01   6.2263103e-01   9.6308254e-01   1.8123320e-01  -5.7306361e-01   1.6253070e-01  -1.8958474e-01  -4.9329397e-01
  -9.4744102e-01   2.1051483e+00  -1.4429482e-01   5.7922802e-01  -6.8359847e-01  -6.1400644e-02  -2.7829495e-01   6.2292326e-01   8.7488462e-01  -4.2048735e-01  -9.8957168e-01   2.9773250e-02  -1.9254847e-01  -2.3532547e-01   1.3106440e+00  -4.8827889e-01  -5.9229110e-02  -6.2278910e-02  -4.4371068e-02  -4.2338708e-01   1.1400175e+00
  -9.4744102e-01   1.7569301e+00  -1.6930409e-01  -4.9665438e-01  -6.8359847e-01  -6.1400644e-02  -2.7829495e-01   6.2292326e-01   7.5907246e-01  -4.2048735e-01  -1.2108513e+00   2.9773250e-02  -1.9254847e-01  -2.3532547e-01   6.2263103e-01  -4.8827889e-01  -1.7946026e-01   1.5691775e-03  -4.4371068e-02  -4.2338708e-01   1.1400175e+00
  -9.4744102e-01   1.5442214e+00  -1.7203247e-01  -3.2500329e-01  -6.8359847e-01  -6.1400644e-02  -2.7829495e-01   6.2292326e-01   7.5907246e-01  -4.2048735e-01  -1.3980879e+00   8.2725965e-02  -1.9254847e-01  -1.2532268e-01  -6.5381895e-02  -4.8827889e-01   2.4134877e-01   6.5417265e-02   1.6253070e-01  -3.5658641e-01   1.1400175e+00
  -9.4744102e-01   1.6114827e+00  -1.5673826e-01   6.9831937e-01  -6.8359847e-01  -6.1400644e-02  -2.7829495e-01   5.0327233e-01   2.2646305e+00  -4.2048735e-01  -1.3980879e+00   9.2996941e-01  -2.2818541e-01   1.5797206e+00   6.2263103e-01   9.6308254e-01   6.0204223e-01  -2.5382317e-01   6.4530148e-01  -1.8958474e-01  -4.9329397e-01
  -9.4744102e-01   1.6673155e+00  -1.7487848e-01  -4.4303504e-01  -6.8359847e-01  -6.1400644e-02  -2.7829495e-01   6.2292326e-01   6.4326030e-01  -4.2048735e-01  -1.2108513e+00   2.9773250e-02  -1.9254847e-01  -2.3532547e-01   6.2263103e-01  -4.8827889e-01   2.4134877e-01   6.5417265e-02   9.3563441e-02  -3.5658641e-01   1.1400175e+00
  -2.0672176e-01   4.0748047e-02  -2.0364049e-01   2.0847623e+00   5.7358364e-02  -6.1400644e-02  -2.7829495e-01   4.4344687e-01   1.4539454e+00  -4.2048735e-01  -1.0236147e+00   4.0044226e-01  -5.1328093e-01   3.9681510e-02   2.7862457e-01  -4.8827889e-01   1.8123320e-01  -2.5382317e-01  -1.1333832e-01  -2.2583076e-02  -4.9329397e-01
  -2.0672176e-01  -3.2952530e-01  -1.7902572e-01   1.4266468e+00  -3.0410863e-01  -6.1400644e-02  -2.7829495e-01   4.4344687e-01   1.4539454e+00  -4.2048735e-01  -6.1509845e-01   3.7396590e-01  -4.7764399e-01   3.9681510e-02   6.2263103e-01  -4.8827889e-01   1.8123320e-01  -1.8997508e-01  -4.4371068e-02  -1.8958474e-01  -4.9329397e-01
  -2.0672176e-01  -7.1573494e-01  -1.5255192e-01   1.1891656e+00  -1.5850467e-01  -6.1400644e-02  -2.7829495e-01   5.0327233e-01   1.5697575e+00  -4.2048735e-01  -1.8956069e-01  -3.1441940e-01   1.6382093e-01  -4.0032967e-01   2.7862457e-01  -4.8827889e-01   1.2111762e-01  -1.2612700e-01  -4.4371068e-02  -3.8998675e-01  -4.9329397e-01
  -2.0672176e-01  -3.3555274e-01  -1.2242882e-01   7.8913340e-01   3.1804424e-01  -6.1400644e-02  -2.7829495e-01   4.4344687e-01   1.8013819e+00  -4.2048735e-01  -4.4488334e-01  -1.2908490e-01  -1.2127459e-01  -4.5533106e-01  -6.5381895e-02  -4.8827889e-01   1.8123320e-01  -2.5382317e-01  -1.1333832e-01  -1.8958474e-01   1.1400175e+00
  -2.0672176e-01  -2.7765352e-01  -9.6531858e-02   4.3709824e-01   1.4205707e-01  -6.1400644e-02  -2.7829495e-01   4.4344687e-01   1.8013819e+00  -4.2048735e-01  -8.3637808e-01   5.6249607e-02  -1.2127459e-01  -7.0321284e-02   6.2263103e-01  -4.8827889e-01   1.8123320e-01  -1.8997508e-01  -4.4371068e-02  -1.8958474e-01  -4.9329397e-01
  -2.0672176e-01   3.2425272e-02  -8.4530044e-02   1.0736877e-02  -7.1483474e-02  -6.1400644e-02  -2.7829495e-01   3.8362140e-01   1.5697575e+00  -4.2048735e-01  -6.8318449e-01   5.6249607e-02  -1.2127459e-01  -7.0321284e-02   2.7862457e-01  -4.8827889e-01  -5.9229110e-02  -1.2612700e-01  -4.4371068e-02  -3.2318608e-01  -4.9329397e-01
  -2.0672176e-01   1.9976944e+00  -2.0364049e-01   7.1814502e-01  -6.8359847e-01  -6.1400644e-02  -2.7829495e-01   3.2379594e-01  -5.1612626e-02  -4.2048735e-01  -9.2148563e-01  -1.5556125e-01   4.8455339e-01   4.2469129e-01  -6.5381895e-02   9.6308254e-01   4.8181108e-01   5.7620196e-01   5.0736697e-01  -3.5658641e-01  -4.9329397e-01
  -2.0672176e-01   1.3317110e+00  -1.8486707e-01  -3.9013812e-01  -3.9416563e-01  -6.1400644e-02  -2.7829495e-01   4.4344687e-01  -1.6742478e-01  -4.2048735e-01  -9.8957168e-01   6.6520583e-01  -6.2019175e-01   4.2469129e-01   6.2263103e-01  -4.8827889e-01   4.8181108e-01   5.1235388e-01   5.0736697e-01  -1.5618441e-01   1.1400175e+00
  -2.0672176e-01   7.3875252e-01  -1.7290791e-01  -8.7113453e-01   5.0092435e-01  -6.1400644e-02  -2.7829495e-01   4.4344687e-01   1.8001168e-01  -4.2048735e-01  -6.8318449e-01   8.5054034e-01  -6.2019175e-01   8.0970107e-01   9.6663750e-01  -4.8827889e-01   4.8181108e-01   3.2080961e-01   4.3839971e-01   2.7801993e-01  -4.9329397e-01
  -2.0672176e-01   7.2066586e-01  -1.6944333e-01  -7.8492335e-01   6.3445934e-01  -6.1400644e-02  -2.7829495e-01   5.0327233e-01   2.9582384e-01  -4.2048735e-01  -1.0576577e+00   8.5054034e-01  -6.2019175e-01   8.0970107e-01   9.6663750e-01  -4.8827889e-01   4.8181108e-01   2.5696153e-01   3.0046520e-01   3.4482059e-01  -4.9329397e-01
  -2.0672176e-01   8.7338634e-01  -1.7041346e-01  -8.0906370e-01   8.5320087e-01  -6.1400644e-02  -2.7829495e-01   3.8362140e-01   5.2744815e-01  -4.2048735e-01  -4.1084032e-01   1.3535911e+00  -6.2019175e-01   1.8547276e+00   2.7862457e-01  -4.8827889e-01  -2.9969141e-01   2.5696153e-01   2.3149795e-01   1.0128273e+00  -4.9329397e-01
  -2.0672176e-01   3.5069418e-01  -1.8245200e-01  -5.8138004e-01   1.2763999e+00  -6.1400644e-02  -2.7829495e-01   3.8362140e-01   5.2744815e-01  -4.2048735e-01  -5.6403392e-01   1.3535911e+00  -6.2019175e-01   1.8547276e+00   6.2263103e-01  -4.8827889e-01  -2.9969141e-01   2.5696153e-01   2.3149795e-01   1.1798289e+00  -4.9329397e-01
  -2.0672176e-01   1.2100487e+00  -1.7827039e-01  -1.0045723e+00   6.8537349e-01  -6.1400644e-02  -2.7829495e-01   3.8362140e-01   4.1163599e-01  -4.2048735e-01  -2.9168975e-01   1.1682566e+00  -4.7764399e-01   1.6897234e+00   9.6663750e-01  -4.8827889e-01  -2.9969141e-01   2.5696153e-01   3.0046520e-01   8.7922593e-01  -4.9329397e-01
  -2.0672176e-01   1.5160987e+00  -2.0364049e-01   1.3965526e+00   5.6893739e-01  -6.1400644e-02  -2.7829495e-01   2.6397047e-01   6.4199529e-02  -4.2048735e-01   3.5512765e-01   1.0623512e+00  -2.2818541e-01   1.8547276e+00   9.6663750e-01  -4.8827889e-01   8.4250453e-01   5.1235388e-01   5.7633422e-01   9.7942693e-01  -4.9329397e-01
  -2.0672176e-01   1.3626521e+00  -2.0364049e-01   1.1808845e-01   9.4645698e-01  -6.1400644e-02  -2.7829495e-01   3.8362140e-01   6.4199529e-02  -4.2048735e-01  -5.4701241e-01   7.1815855e-01  -4.7764399e-01   7.5469967e-01   9.6663750e-01  -4.8827889e-01  -3.5980699e-01   1.2926535e-01   2.4596186e-02   6.1202326e-01  -4.9329397e-01
  -2.0672176e-01   1.1131038e+00  -1.8245200e-01   4.7311106e-01   9.4973348e-01  -6.1400644e-02  -2.7829495e-01   4.4344687e-01   2.9582384e-01  -4.2048735e-01  -1.3470234e+00   7.1815855e-01  -4.7764399e-01   7.5469967e-01  -4.0938836e-01  -4.8827889e-01  -5.9229110e-02   6.5417265e-02   2.4596186e-02   9.1262626e-01  -4.9329397e-01
  -2.0672176e-01   1.1129466e+00  -1.8408339e-01  -2.2999172e-01   5.2246111e-01  -6.1400644e-02  -2.7829495e-01   3.8362140e-01   1.8001168e-01  -4.2048735e-01  -6.8318449e-01   9.2996941e-01  -4.7764399e-01   1.1947108e+00  -6.5381895e-02  -4.8827889e-01   4.8181108e-01   3.2080961e-01   4.3839971e-01   5.7862293e-01  -4.9329397e-01
   4.9123147e-03   1.0710812e+00  -2.0364049e-01   1.4239674e+00   3.2975589e+00  -6.1400644e-02  -2.7829495e-01   6.2292326e-01   1.4539454e+00  -4.2048735e-01  -1.3980879e+00   1.3006384e+00  -1.0834720e+00   1.0297067e+00   2.7862457e-01  -4.8827889e-01   4.8181108e-01  -9.5615213e-01   3.6943246e-01   2.6494436e+00   1.1400175e+00
   4.9123147e-03   7.8664268e-01  -2.0364049e-01   1.9047992e+00   3.3381829e+00  -6.1400644e-02  -2.7829495e-01   6.8274873e-01   1.6855697e+00  -4.2048735e-01  -1.3980879e+00   1.3800675e+00  -1.0834720e+00   1.1947108e+00   9.6663750e-01  -4.8827889e-01   4.8181108e-01  -1.2115445e+00   1.6253070e-01   2.7496446e+00  -4.9329397e-01
   4.9123147e-03   1.2094081e+00  -2.0364049e-01   1.3093040e+00   3.4220823e+00  -6.1400644e-02  -2.7829495e-01   6.2292326e-01   1.4539454e+00  -4.2048735e-01  -1.3980879e+00   1.1153039e+00  -7.2710257e-01   1.1947108e+00  -4.0938836e-01  -4.8827889e-01   4.8181108e-01  -1.0838483e+00   2.4596186e-02   2.7496446e+00  -4.9329397e-01
   4.9123147e-03   9.6707010e-01  -2.0364049e-01   1.8441243e+00   2.9548313e+00  -6.1400644e-02  -2.7829495e-01   6.8274873e-01   1.5697575e+00  -4.2048735e-01  -1.3980879e+00   1.1153039e+00  -7.2710257e-01   1.1947108e+00   2.7862457e-01  -4.8827889e-01  -1.8025808e+00  -1.1476964e+00  -2.5127283e-01   3.0836479e+00  -2.1266055e+00
   4.9123147e-03   3.0158569e-01  -2.0364049e-01   2.0811675e+00   3.7129840e+00  -6.1400644e-02  -2.7829495e-01   8.0239966e-01   1.6855697e+00  -4.2048735e-01  -1.3980879e+00   1.0888276e+00  -9.7656115e-01   7.5469967e-01  -6.5381895e-02  -4.8827889e-01  -1.4418874e+00  -1.4669368e+00  -1.0788799e+00   1.4470316e+00  -4.9329397e-01
  -1.8997944e+00  -9.1998844e-01  -2.0364049e-01   1.3280233e+00  -6.8359847e-01  -6.1400644e-02  -2.7829495e-01   1.2211779e+00  -1.2097342e+00  -4.2048735e-01   5.5938577e-01  -1.3734737e+00   4.8455339e-01  -2.1053730e+00  -1.0974013e+00  -4.8827889e-01  -1.2615406e+00  -1.1476964e+00  -1.4237162e+00  -6.9058975e-01  -4.9329397e-01
  -1.8997944e+00  -9.1998844e-01  -2.0364049e-01   1.5304951e+00  -6.8359847e-01  -6.1400644e-02  -2.7829495e-01   1.2211779e+00  -1.0939220e+00  -4.2048735e-01   6.4449332e-01  -1.3205210e+00   4.1327951e-01  -2.1053730e+00  -1.0974013e+00  -4.8827889e-01  -1.2615406e+00  -1.1476964e+00  -1.4237162e+00  -6.5718941e-01  -4.9329397e-01
  -1.8997944e+00  -9.1998844e-01  -2.0364049e-01   1.1620452e+00  -6.8359847e-01  -6.1400644e-02  -2.7829495e-01   1.1613525e+00  -1.0939220e+00  -4.2048735e-01   6.7853634e-01  -1.2940446e+00   3.4200563e-01  -2.1603744e+00  -1.0974013e+00  -4.8827889e-01  -1.2615406e+00  -1.2115445e+00  -1.4237162e+00  -6.5718941e-01  -4.9329397e-01
  -1.8997944e+00  -9.1998844e-01  -2.0364049e-01   1.2676270e+00  -6.8359847e-01  -6.1400644e-02  -2.7829495e-01   1.1613525e+00  -1.0939220e+00  -4.2048735e-01   7.1257936e-01  -1.2675683e+00   3.4200563e-01  -2.1053730e+00  -1.0974013e+00  -4.8827889e-01  -1.2615406e+00  -1.2115445e+00  -1.4237162e+00  -6.5718941e-01  -4.9329397e-01
  -1.8997944e+00  -9.1998844e-01  -2.0364049e-01   1.2786251e+00  -6.8359847e-01  -6.1400644e-02  -2.7829495e-01   1.2211779e+00  -1.0939220e+00  -4.2048735e-01   5.7640728e-01  -1.3469973e+00   4.1327951e-01  -2.1603744e+00  -1.0974013e+00  -4.8827889e-01  -1.2615406e+00  -1.1476964e+00  -1.4237162e+00  -6.9058975e-01  -4.9329397e-01
  -1.8997944e+00  -2.3285300e-01  -2.0364049e-01   7.4007687e-01  -6.8359847e-01  -6.1400644e-02  -2.7829495e-01   9.8187606e-01  -1.6742478e-01  -4.2048735e-01   1.3593968e+00  -4.4680119e-01   2.1273171e-02  -8.9534224e-01  -7.5339482e-01  -4.8827889e-01  -1.3817718e+00  -1.2753926e+00  -1.5616507e+00  -3.5658641e-01  -4.9329397e-01
  -2.7463306e+00   1.7605682e+00  -2.0364049e-01   1.6596723e+00  -6.8359847e-01  -6.1400644e-02  -2.7829495e-01   1.0417015e+00  -5.1612626e-02  -4.2048735e-01   7.6364389e-01  -5.2623026e-01   1.2818399e-01  -8.9534224e-01   2.7862457e-01  -4.8827889e-01  -1.7424652e+00  -1.0200002e+00  -1.4237162e+00   3.7822093e-01  -2.1266055e+00
  -2.7463306e+00  -9.1998844e-01  -2.0364049e-01   1.8923967e+00  -6.8359847e-01  -6.1400644e-02  -2.7829495e-01   1.1015270e+00  -9.7810987e-01  -4.2048735e-01   1.0019450e+00  -1.2146156e+00   1.6382093e-01  -2.2703772e+00  -1.0974013e+00  -4.8827889e-01  -1.5621185e+00  -1.5307849e+00  -1.7685524e+00  -6.2378908e-01  -4.9329397e-01
  -2.7463306e+00  -9.1998844e-01  -2.0364049e-01   1.9846211e+00  -6.8359847e-01  -6.1400644e-02  -2.7829495e-01   1.1015270e+00  -9.7810987e-01  -4.2048735e-01   8.9981598e-01  -1.2146156e+00   1.6382093e-01  -2.2703772e+00  -1.0974013e+00  -4.8827889e-01  -1.4418874e+00  -1.5307849e+00  -1.7685524e+00  -6.2378908e-01  -4.9329397e-01
  -2.7463306e+00  -6.4180820e-01  -2.0364049e-01   2.2116486e+00  -6.8359847e-01  -6.1400644e-02  -2.7829495e-01   1.1015270e+00  -9.7810987e-01  -4.2048735e-01   5.5938577e-01  -1.1616628e+00   1.6382093e-01  -2.1603744e+00  -1.0974013e+00  -4.8827889e-01  -1.4418874e+00  -1.4669368e+00  -1.6995852e+00  -6.5718941e-01  -4.9329397e-01
  -2.7463306e+00  -9.1998844e-01  -2.0364049e-01   1.9655658e+00  -6.8359847e-01  -6.1400644e-02  -2.7829495e-01   1.1015270e+00  -9.7810987e-01  -4.2048735e-01   7.1257936e-01  -1.2410919e+00   1.6382093e-01  -2.3253786e+00  -1.0974013e+00  -4.8827889e-01  -1.4418874e+00  -1.4669368e+00  -1.6995852e+00  -6.5718941e-01  -4.9329397e-01
  -2.7463306e+00  -9.1998844e-01  -2.0364049e-01   1.6769527e+00  -6.8359847e-01  -6.1400644e-02  -2.7829495e-01   1.1613525e+00  -9.7810987e-01  -4.2048735e-01   3.7214916e-01  -1.4264264e+00   4.1327951e-01  -2.3253786e+00  -1.0974013e+00  -4.8827889e-01  -1.5020029e+00  -1.4030887e+00  -1.6995852e+00  -6.9058975e-01  -4.9329397e-01
  -2.7463306e+00   6.7437374e-01  -2.0364049e-01   5.6929622e-01  -6.8359847e-01  -6.1400644e-02  -2.7829495e-01   1.1613525e+00  -8.6229771e-01  -4.2048735e-01   7.4662238e-01  -5.2623026e-01   3.4200563e-01  -5.6533386e-01  -4.0938836e-01  -4.8827889e-01  -1.4418874e+00  -1.0838483e+00  -1.5616507e+00  -2.2298508e-01  -2.1266055e+00
  -2.3230625e+00  -4.2384879e-01  -2.0364049e-01   8.8024069e-01  -4.7101964e-01  -6.1400644e-02  -2.7829495e-01   1.0417015e+00  -6.3067340e-01  -4.2048735e-01   6.1045030e-01  -2.6146668e-01   5.6910110e-02  -4.5533106e-01   2.7862457e-01  -4.8827889e-01  -1.4418874e+00  -1.2753926e+00  -1.6306179e+00  -2.8978574e-01  -2.1266055e+00
  -2.3230625e+00  -2.1758331e-01  -2.0364049e-01   6.3095925e-01  -3.8264195e-01  -6.1400644e-02  -2.7829495e-01   9.8187606e-01  -6.3067340e-01  -4.2048735e-01   4.4023520e-01  -2.6146668e-01   5.6910110e-02  -4.5533106e-01  -4.0938836e-01  -4.8827889e-01  -1.4418874e+00  -1.3392407e+00  -1.7685524e+00  -1.5618441e-01  -2.1266055e+00
  -2.3230625e+00  -3.3238385e-01  -2.0364049e-01   8.0228214e-01  -4.3183004e-01  -6.1400644e-02  -2.7829495e-01   1.1015270e+00  -7.4648556e-01  -4.2048735e-01   4.5725671e-01  -2.6146668e-01   5.6910110e-02  -4.5533106e-01  -4.0938836e-01  -4.8827889e-01  -1.4418874e+00  -1.2753926e+00  -1.6306179e+00  -2.2298508e-01  -2.1266055e+00
  -2.3230625e+00  -1.8405758e-01  -1.9136892e-01   1.9629179e-01  -4.9440577e-01  -6.1400644e-02  -2.7829495e-01   1.1613525e+00  -6.3067340e-01  -4.2048735e-01   4.0619218e-01  -2.3499033e-01   5.6910110e-02  -4.0032967e-01   6.2263103e-01  -4.8827889e-01  -1.5621185e+00  -1.2115445e+00  -1.6306179e+00   1.0817257e-02  -2.1266055e+00
  -2.3230625e+00  -9.1998844e-01  -2.0364049e-01   2.5631755e-01  -6.8359847e-01  -6.1400644e-02  -2.7829495e-01   1.1613525e+00  -9.7810987e-01  -4.2048735e-01   6.4449332e-01  -1.1616628e+00   2.7073175e-01  -1.9953702e+00  -1.0974013e+00  -4.8827889e-01  -1.5621185e+00  -1.4030887e+00  -1.6995852e+00  -6.5718941e-01  -4.9329397e-01
  -2.3230625e+00   4.0748047e-02  -1.8762031e-01  -8.3859253e-01  -4.3661287e-01  -6.1400644e-02  -2.7829495e-01   1.2211779e+00  -3.9904909e-01  -4.2048735e-01   1.8491254e-01   3.7396590e-01  -1.4363769e-02   7.5469967e-01   2.7862457e-01  -4.8827889e-01  -1.6222341e+00  -1.2753926e+00  -1.6995852e+00   1.1101826e-01  -2.1266055e+00
  -2.3230625e+00   3.7014341e-01  -1.8571315e-01   1.0407070e+00  -4.0720983e-01  -6.1400644e-02  -2.7829495e-01   1.1015270e+00   1.8001168e-01  -4.2048735e-01   4.8740458e-02   3.7396590e-01  -1.4363769e-02   7.5469967e-01  -4.0938836e-01  -4.8827889e-01  -1.6222341e+00  -1.2115445e+00  -1.6995852e+00   4.4502159e-01  -2.1266055e+00
  -2.3230625e+00   7.6765901e-01  -1.8018937e-01   1.4763829e+00  -3.2204889e-01  -6.1400644e-02  -2.7829495e-01   1.1015270e+00   5.2744815e-01  -4.2048735e-01  -1.7253918e-01   3.7396590e-01  -1.4363769e-02   7.5469967e-01  -6.5381895e-02  -4.8827889e-01  -1.7424652e+00  -1.1476964e+00  -1.5616507e+00   9.1262626e-01  -2.1266055e+00
  -2.3230625e+00  -2.5513521e-01  -2.0364049e-01   5.0977023e-01   4.5586889e-01  -6.1400644e-02  -2.7829495e-01   1.1613525e+00   2.9582384e-01  -4.2048735e-01  -3.2573277e-01   2.7038854e+00  -1.0121981e+00   4.0547835e+00   3.0306763e+00   9.6308254e-01  -1.7424652e+00  -1.9138734e+00  -2.0444214e+00   4.7842193e-01  -2.1266055e+00
  -2.3230625e+00  -6.2816092e-02  -2.0364049e-01  -4.5031336e-01  -3.1632948e-01  -6.1400644e-02  -2.7829495e-01   1.1613525e+00   1.8001168e-01  -4.2048735e-01  -2.4062522e-01   1.1153039e+00  -1.0121981e+00   7.5469967e-01   2.6866698e+00   9.6308254e-01  -1.7424652e+00  -1.7861773e+00  -1.9754542e+00   5.4522259e-01  -4.9329397e-01
  -2.3230625e+00  -9.4528680e-02  -2.0364049e-01   6.4752089e-01   7.3112648e-01  -6.1400644e-02  -2.7829495e-01   1.1015270e+00   1.1065089e+00  -4.2048735e-01  -1.0917007e+00   2.7038854e+00  -1.0121981e+00   4.0547835e+00   1.9986569e+00   9.6308254e-01  -2.2835054e+00  -2.0415696e+00  -2.1823560e+00   1.2800299e+00  -2.1266055e+00
  -2.3230625e+00   3.7836727e-02  -2.0364049e-01   1.6760564e+00   8.5538382e-01  -6.1400644e-02  -2.7829495e-01   1.1015270e+00   1.4539454e+00  -4.2048735e-01  -1.0917007e+00   2.7038854e+00  -1.0121981e+00   4.0547835e+00   1.6546504e+00  -4.8827889e-01  -2.4638522e+00  -2.2331139e+00  -2.1133887e+00   1.3468306e+00  -2.1266055e+00
  -2.3230625e+00  -2.2290824e-01  -2.0364049e-01   1.0154969e+00   6.6043901e-01  -6.1400644e-02  -2.7829495e-01   1.1613525e+00   7.5907246e-01  -4.2048735e-01  -4.4488334e-01   2.7038854e+00  -1.0121981e+00   4.0547835e+00   1.9986569e+00  -4.8827889e-01  -1.7424652e+00  -2.0415696e+00  -1.9754542e+00   4.1162126e-01  -2.1266055e+00
  -2.3230625e+00   1.7806424e-01  -1.9056198e-01   1.4015691e+00   5.2620201e-01  -6.1400644e-02  -2.7829495e-01   1.1613525e+00   8.7488462e-01  -4.2048735e-01  -4.9594787e-01   2.7038854e+00  -1.0121981e+00   4.0547835e+00   9.6663750e-01  -4.8827889e-01  -1.7424652e+00  -1.9138734e+00  -1.9064869e+00   7.1222426e-01  -2.1266055e+00
  -2.3230625e+00  -2.5415893e-02  -1.9120974e-01   1.6635585e+00   2.7463578e-01  -6.1400644e-02  -2.7829495e-01   1.1613525e+00   4.1163599e-01  -4.2048735e-01  -2.4062522e-01   2.7038854e+00  -1.0121981e+00   4.0547835e+00   9.6663750e-01  -4.8827889e-01  -1.5621185e+00  -1.7223292e+00  -1.8375197e+00   5.1182226e-01  -2.1266055e+00
   5.3399750e-01   2.7212797e+00  -2.0364049e-01   8.8225358e-01   3.5650732e-01  -6.1400644e-02  -2.7829495e-01   5.0327233e-01   1.4539454e+00  -4.2048735e-01  -1.3470234e+00   1.6448311e+00  -1.3685675e+00   1.3047136e+00   1.6546504e+00   2.4144440e+00   1.4436603e+00   5.7620196e-01   1.8177448e+00   7.1222426e-01   1.1400175e+00
   5.3399750e-01   2.2741064e+00  -2.0364049e-01   9.4115710e-01   3.4282170e-01  -6.1400644e-02  -2.7829495e-01   5.6309780e-01   1.5697575e+00  -4.2048735e-01  -5.8105543e-01   1.6448311e+00  -1.3685675e+00   1.3047136e+00   1.6546504e+00   2.4144440e+00   1.6841226e+00   5.1235388e-01   1.9556793e+00   9.1262626e-01   1.1400175e+00
   5.3399750e-01   2.3465156e+00  -2.0364049e-01   4.9020514e-01   5.5132957e-01  -6.1400644e-02  -2.7829495e-01   6.8274873e-01   1.1065089e+00  -4.2048735e-01  -1.3300019e+00   1.6448311e+00  -1.3685675e+00   1.3047136e+00   2.7862457e-01  -4.8827889e-01   1.4436603e+00   5.1235388e-01   1.6798103e+00   1.0128273e+00   1.1400175e+00
   5.3399750e-01   2.1666369e+00  -2.0364049e-01  -6.5068933e-01   5.3718296e-01  -6.1400644e-02  -2.7829495e-01   6.8274873e-01   7.5907246e-01  -4.2048735e-01  -1.3640449e+00   1.6448311e+00  -1.3685675e+00   1.3047136e+00  -4.0938836e-01  -4.8827889e-01   1.4436603e+00   7.0389814e-01   1.6798103e+00   6.1202326e-01   1.1400175e+00
   5.3399750e-01   2.5507192e+00  -2.0364049e-01  -6.0722541e-01   5.9104097e-01  -6.1400644e-02  -2.7829495e-01   7.4257419e-01   4.1163599e-01  -4.2048735e-01  -1.3640449e+00   1.6448311e+00  -1.3685675e+00   1.3047136e+00   9.6663750e-01  -4.8827889e-01   6.0204223e-01   7.6774622e-01   1.6798103e+00   8.4582560e-01   1.1400175e+00
   5.3399750e-01   2.5808166e+00  -2.0364049e-01  -5.1849240e-01   1.0471420e+00  -6.1400644e-02  -2.7829495e-01   7.4257419e-01   4.1163599e-01  -4.2048735e-01  -1.3300019e+00   1.6448311e+00  -1.3685675e+00   1.3047136e+00   9.6663750e-01   9.6308254e-01   6.0204223e-01   5.7620196e-01   1.4039413e+00   1.0796279e+00   1.1400175e+00
   5.3399750e-01   2.1483337e+00  -2.0364049e-01  -6.3732854e-01   7.0840605e-01  -6.1400644e-02  -2.7829495e-01   6.8274873e-01   8.7488462e-01  -4.2048735e-01  -1.3300019e+00   1.6448311e+00  -1.3685675e+00   1.3047136e+00  -6.5381895e-02  -4.8827889e-01   1.4436603e+00   5.1235388e-01   1.5418758e+00   1.2800299e+00   1.1400175e+00
   5.3399750e-01   2.0424566e+00  -2.0364049e-01  -7.5786390e-01   6.7637248e-01  -6.1400644e-02  -2.7829495e-01   8.0239966e-01   2.9582384e-01  -4.2048735e-01  -1.1087222e+00   1.6448311e+00  -1.3685675e+00   1.3047136e+00   9.6663750e-01   9.6308254e-01   7.8238896e-01   7.6774622e-01   1.4729085e+00   7.7902493e-01   1.1400175e+00
   5.3399750e-01   1.8896320e+00  -2.0364049e-01   3.0712635e-01   6.0621527e-01  -6.1400644e-02  -2.7829495e-01   7.4257419e-01   1.8001168e-01  -4.2048735e-01  -1.0445314e-01   1.6448311e+00  -1.3685675e+00   1.3047136e+00   2.7862457e-01   9.6308254e-01   7.2227338e-01   8.3159431e-01   1.4729085e+00   7.1222426e-01   1.1400175e+00
   5.3399750e-01   1.5818644e+00  -2.0364049e-01   3.4145489e-01   6.9463359e-01  -6.1400644e-02  -2.7829495e-01   6.8274873e-01   1.8001168e-01  -4.2048735e-01  -1.8956069e-01   1.6448311e+00  -1.3685675e+00   1.3047136e+00   2.7862457e-01  -4.8827889e-01   7.2227338e-01   6.4005005e-01   1.4039413e+00   1.2800299e+00   1.1400175e+00
   5.3399750e-01   1.2840720e+00  -1.8693482e-01   2.6915933e-02   3.4661725e-01  -6.1400644e-02  -2.7829495e-01   8.0239966e-01   6.4199529e-02  -4.2048735e-01  -4.7892636e-01   9.2996941e-01  -7.6273951e-01   7.5469967e-01  -7.5339482e-01  -4.8827889e-01   6.0204223e-01   6.4005005e-01   9.2117049e-01   1.0462276e+00   1.1400175e+00
   5.3399750e-01   1.1736570e+00  -1.8424532e-01  -2.7133586e-02   2.1345689e-01  -6.1400644e-02  -2.7829495e-01   8.0239966e-01   1.8001168e-01  -4.2048735e-01  -4.4488334e-01   9.2996941e-01  -7.6273951e-01   7.5469967e-01   2.7862457e-01  -4.8827889e-01   7.2227338e-01   6.4005005e-01   9.9013775e-01   1.1464286e+00   1.1400175e+00
   5.3399750e-01   7.0243219e-01  -1.6499237e-01  -3.3031803e-02   2.1016798e-01  -6.1400644e-02  -2.7829495e-01   8.0239966e-01   6.4199529e-02  -4.2048735e-01  -5.1296938e-01   9.2996941e-01  -7.6273951e-01   7.5469967e-01   2.7862457e-01   9.6308254e-01   7.2227338e-01   6.4005005e-01   9.2117049e-01   9.4602660e-01   1.1400175e+00
   5.3399750e-01   1.0036107e+00  -1.7448067e-01   5.7197187e-02   4.4030562e-01  -6.1400644e-02  -2.7829495e-01   8.0239966e-01  -5.1612626e-02  -4.2048735e-01  -5.9807694e-01   9.2996941e-01  -7.6273951e-01   7.5469967e-01  -7.5339482e-01  -4.8827889e-01   6.0204223e-01   6.4005005e-01   9.2117049e-01   8.7922593e-01   1.1400175e+00
   5.3399750e-01   8.3358884e-01  -1.7439978e-01  -1.8064417e-01   2.1801889e-01  -6.1400644e-02  -2.7829495e-01   7.4257419e-01  -5.1612626e-02  -4.2048735e-01  -3.4275428e-01   9.2996941e-01  -7.6273951e-01   7.5469967e-01  -6.5381895e-02  -4.8827889e-01   6.0204223e-01   6.4005005e-01   8.5220324e-01   7.4562460e-01   1.1400175e+00
   5.3399750e-01   6.9062204e-01  -1.7006955e-01   3.4859183e-02   9.2754367e-02  -6.1400644e-02  -2.7829495e-01   7.4257419e-01  -5.1612626e-02  -4.2048735e-01  -2.4062522e-01   9.2996941e-01  -7.6273951e-01   7.5469967e-01  -4.0938836e-01   9.6308254e-01   7.2227338e-01   6.4005005e-01   8.5220324e-01   7.4562460e-01   1.1400175e+00
   5.3399750e-01   5.9417830e-01  -1.0264624e-01   3.9527891e-02  -2.9433732e-01  -6.1400644e-02  -2.7829495e-01   8.6222513e-01  -5.1612626e-02  -4.2048735e-01  -2.0658220e-01  -6.8508841e-01   1.1260183e+00   3.1468850e-01  -7.5339482e-01  -4.8827889e-01   6.0204223e-01   5.1235388e-01   4.3839971e-01  -4.2338708e-01  -4.9329397e-01
   5.3399750e-01   1.2580119e+00  -1.3100466e-01  -1.2967155e-01  -4.0363892e-01  -6.1400644e-02  -2.7829495e-01   8.0239966e-01  -2.8323694e-01  -4.2048735e-01  -3.0871126e-01  -6.8508841e-01   1.1260183e+00   3.1468850e-01  -1.0974013e+00  -4.8827889e-01   6.0204223e-01   7.0389814e-01   6.4530148e-01  -4.2338708e-01  -4.9329397e-01
   5.3399750e-01   1.7394245e+00  -1.2973146e-01  -1.0327017e-01  -3.9873163e-01  -6.1400644e-02  -2.7829495e-01   6.8274873e-01  -3.9904909e-01  -4.2048735e-01  -5.1296938e-01  -6.8508841e-01   1.1260183e+00   3.1468850e-01  -1.0974013e+00  -4.8827889e-01   6.0204223e-01   7.0389814e-01   6.4530148e-01  -4.2338708e-01  -4.9329397e-01
   5.3399750e-01   1.4280515e+00  -1.4340463e-01  -1.3698737e-01  -4.5143201e-01  -6.1400644e-02  -2.7829495e-01   7.4257419e-01  -2.8323694e-01  -4.2048735e-01  -3.9381881e-01  -6.8508841e-01   1.1260183e+00   3.1468850e-01  -1.0974013e+00  -4.8827889e-01   6.0204223e-01   7.0389814e-01   5.7633422e-01  -4.2338708e-01  -4.9329397e-01
   5.3399750e-01   2.2123587e+00  -1.5615727e-01  -6.0467786e-02  -6.8359847e-01  -6.1400644e-02  -2.7829495e-01   6.8274873e-01  -6.3067340e-01  -4.2048735e-01  -7.0020600e-01  -6.8508841e-01   1.1260183e+00   3.1468850e-01  -4.0938836e-01  -4.8827889e-01   6.6215781e-01   8.3159431e-01   7.1426873e-01  -4.5678741e-01  -4.9329397e-01
  -1.0090472e-01   1.5056976e-01  -1.5008617e-01  -1.5517872e-01   9.6771258e-01  -6.1400644e-02   1.1254903e+00   9.2205059e-01   7.5907246e-01  -4.2048735e-01  -1.2448943e+00   4.2691861e-01  -4.4200705e-01   2.0468570e-01   1.3106440e+00  -4.8827889e-01  -1.7946026e-01  -3.8151935e-01  -3.2024009e-01   1.0817257e-02  -4.9329397e-01
  -1.0090472e-01   6.8449027e-01  -1.5013148e-01  -3.0437541e-01   5.5383704e-01  -6.1400644e-02  -2.7829495e-01   7.4257419e-01   6.4326030e-01  -4.2048735e-01  -1.1938298e+00  -1.2908490e-01   3.4200563e-01   2.5968710e-01   6.2263103e-01   9.6308254e-01  -1.7946026e-01   1.5691775e-03  -1.8230558e-01  -1.8958474e-01  -4.9329397e-01
  -1.0090472e-01   1.1049633e+00  -1.4032953e-01  -9.3569187e-01  -6.8359847e-01  -6.1400644e-02  -2.7829495e-01   5.0327233e-01   4.1163599e-01  -4.2048735e-01  -8.5339959e-01  -3.6737211e-01   6.6273809e-01   2.5968710e-01   9.6663750e-01  -4.8827889e-01   8.4250453e-01   6.4005005e-01   7.1426873e-01  -2.2298508e-01  -4.9329397e-01
  -1.0090472e-01   9.2037432e-01  -1.1157696e-01  -6.1770651e-01  -6.8359847e-01  -6.1400644e-02  -2.7829495e-01   5.0327233e-01   1.1065089e+00  -4.2048735e-01  -1.3980879e+00  -4.7327755e-01   6.6273809e-01   3.9681510e-02  -6.5381895e-02  -4.8827889e-01  -2.9969141e-01   4.4850579e-01   4.3839971e-01   1.4441859e-01  -4.9329397e-01
  -1.0090472e-01   9.9324619e-01  -1.2388305e-01  -3.1277073e-01  -2.7372073e-01  -6.1400644e-02  -2.7829495e-01   6.2292326e-01   9.9069677e-01  -4.2048735e-01  -1.3980879e+00  -4.7327755e-01   6.6273809e-01   3.9681510e-02  -4.0938836e-01  -4.8827889e-01  -3.5980699e-01   3.2080961e-01   3.0046520e-01   1.4441859e-01  -4.9329397e-01
  -1.0090472e-01   1.0341525e+00  -1.5476286e-01  -2.8448188e-01  -1.8122897e-01  -6.1400644e-02  -2.7829495e-01   6.2292326e-01   5.2744815e-01  -4.2048735e-01  -9.8957168e-01   2.9453683e-01  -2.2818541e-01   2.5968710e-01   6.2263103e-01  -4.8827889e-01   8.4250453e-01   3.8465770e-01   5.0736697e-01   1.4441859e-01   1.1400175e+00
  -1.0090472e-01   1.0939873e+00  -1.4766912e-01  -3.9785506e-01  -3.9595858e-01  -6.1400644e-02  -2.7829495e-01   6.2292326e-01   5.2744815e-01  -4.2048735e-01  -9.2148563e-01   2.9453683e-01  -2.2818541e-01   2.5968710e-01   6.2263103e-01  -4.8827889e-01   8.4250453e-01   4.4850579e-01   5.7633422e-01   4.4217591e-02   1.1400175e+00
  -1.0090472e-01   1.3098691e+00  -1.8504917e-01  -4.0222194e-01  -3.9697321e-01  -6.1400644e-02  -2.7829495e-01   6.2292326e-01   6.4326030e-01  -4.2048735e-01  -9.3850714e-01   2.9453683e-01  -2.2818541e-01   2.5968710e-01   6.2263103e-01  -4.8827889e-01  -2.3957584e-01   4.4850579e-01   5.7633422e-01   1.7781892e-01   1.1400175e+00
  -1.0090472e-01   1.5724168e+00  -2.0364049e-01  -6.9571109e-01  -3.9235023e-01  -6.1400644e-02  -2.7829495e-01   5.6309780e-01  -5.1612626e-02  -4.2048735e-01  -8.3637808e-01   2.9453683e-01  -2.2818541e-01   2.5968710e-01   9.6663750e-01  -4.8827889e-01   9.0262011e-01   6.4005005e-01   7.1426873e-01  -2.2583076e-02   1.1400175e+00
  -1.0090472e-01   1.2094081e+00  -2.0364049e-01  -8.9957735e-01  -3.4145840e-01  -6.1400644e-02  -2.7829495e-01   5.6309780e-01   6.4199529e-02  -4.2048735e-01  -4.9594787e-01   3.2101318e-01  -2.6382235e-01   2.5968710e-01   9.6663750e-01  -4.8827889e-01   9.0262011e-01   5.7620196e-01   7.1426873e-01   4.4217591e-02   1.1400175e+00
  -1.0090472e-01   1.3829792e+00  -2.0364049e-01  -3.6177445e-01  -3.8757565e-01  -6.1400644e-02  -2.7829495e-01   5.6309780e-01   6.4199529e-02  -4.2048735e-01  -7.1722751e-01   2.9453683e-01  -2.2818541e-01   2.5968710e-01   6.2263103e-01  -4.8827889e-01   9.0262011e-01   5.1235388e-01   5.0736697e-01   4.4217591e-02   1.1400175e+00
  -1.0090472e-01   1.0809282e+00  -2.0364049e-01   9.3800194e-02  -3.6210187e-01  -6.1400644e-02  -2.7829495e-01   5.6309780e-01   1.8001168e-01  -4.2048735e-01  -9.3850714e-01  -4.7327755e-01   7.3401197e-01   1.4968430e-01  -7.5339482e-01  -4.8827889e-01   1.2111762e-01   3.8465770e-01   3.0046520e-01  -4.2338708e-01  -4.9329397e-01
  -1.0090472e-01   1.5067471e+00  -2.0364049e-01   3.7798421e-01  -3.7166655e-01  -6.1400644e-02  -2.7829495e-01   4.4344687e-01  -1.6742478e-01  -4.2048735e-01  -9.2148563e-01  -4.7327755e-01   7.3401197e-01   1.4968430e-01  -7.5339482e-01  -4.8827889e-01   1.2111762e-01   4.4850579e-01   3.6943246e-01  -4.2338708e-01  -4.9329397e-01
  -1.0090472e-01   8.0521712e-01  -2.0364049e-01   7.5026611e-01  -5.0005777e-02  -6.1400644e-02  -2.7829495e-01   4.4344687e-01  -5.1612626e-02  -4.2048735e-01  -9.8957168e-01  -1.5556125e-01   3.0636869e-01   1.4968430e-01  -4.0938836e-01  -4.8827889e-01   2.4134877e-01   3.8465770e-01   3.0046520e-01  -4.2338708e-01  -4.9329397e-01
   2.1654639e-01   3.2320645e-01  -1.8291035e-01   4.2748900e-01   5.9480098e-01  -6.1400644e-02  -2.7829495e-01   5.0327233e-01   4.1163599e-01  -4.2048735e-01  -1.2448943e+00   2.4158411e-01  -2.6382235e-01   9.4682907e-02   2.7862457e-01  -4.8827889e-01   4.2169550e-01   1.5691775e-03   2.3149795e-01   2.7801993e-01   1.1400175e+00
   2.1654639e-01   3.5453698e-01  -1.8238792e-01   4.7948901e-01   9.5467301e-01  -6.1400644e-02  -2.7829495e-01   6.8274873e-01   1.8001168e-01  -4.2048735e-01  -1.2278728e+00   2.4158411e-01  -2.6382235e-01   9.4682907e-02   9.6663750e-01  -4.8827889e-01  -5.9229110e-02   1.5691775e-03   9.3563441e-02   7.7617924e-02  -4.9329397e-01
   2.1654639e-01  -1.3659250e-02  -1.8474931e-01   5.5783567e-01   1.3551393e+00  -6.1400644e-02  -2.7829495e-01   7.4257419e-01   6.4199529e-02  -4.2048735e-01  -1.0917007e+00   1.0920232e-01  -2.6382235e-01  -1.8032408e-01   2.7862457e-01  -4.8827889e-01   6.1002043e-02  -6.2278910e-02   9.3563441e-02   1.0817257e-02   1.1400175e+00
   2.1654639e-01  -2.5513521e-01  -1.8516323e-01   8.1629043e-01   1.0256025e+00  -6.1400644e-02   1.1747027e+00   8.6222513e-01  -5.1612626e-02  -4.2048735e-01  -9.3850714e-01  -4.9655823e-02  -2.6382235e-01  -5.1033246e-01   9.6663750e-01   9.6308254e-01   6.1002043e-02  -3.8151935e-01  -4.4371068e-02   4.7842193e-01   1.1400175e+00
   2.1654639e-01   1.0478391e+00  -2.0364049e-01   2.4466917e+00   1.4242683e+00  -6.1400644e-02  -2.7829495e-01   9.2205059e-01  -1.6742478e-01  -4.2048735e-01  -1.3980879e+00   9.2996941e-01  -3.7073317e-01   1.3597150e+00   9.6663750e-01  -4.8827889e-01   1.2031980e+00   3.2080961e-01   9.9013775e-01   2.6828439e+00   1.1400175e+00
   2.1654639e-01   1.0226429e+00  -2.0364049e-01   1.9466082e+00   9.8110349e-01  -6.1400644e-02  -2.7829495e-01   9.2205059e-01  -3.9904909e-01  -4.2048735e-01   1.8491254e-01   9.2996941e-01  -3.7073317e-01   1.3597150e+00   1.3106440e+00  -4.8827889e-01   1.2031980e+00   7.6774622e-01   1.1970395e+00   1.6474336e+00   1.1400175e+00
   2.1654639e-01   1.4322520e+00  -1.7912589e-01   2.0241939e+00   1.2061286e+00  -6.1400644e-02  -2.7829495e-01   9.2205059e-01  -2.8323694e-01  -4.2048735e-01  -1.3980879e+00   9.2996941e-01  -3.7073317e-01   1.3597150e+00   1.3106440e+00  -4.8827889e-01   1.2031980e+00   7.6774622e-01   1.1970395e+00   1.6140333e+00   1.1400175e+00
   2.1654639e-01   1.2049346e+00  -1.8395557e-01   1.9562250e+00   1.1373150e+00  -6.1400644e-02  -2.7829495e-01   9.8187606e-01  -3.9904909e-01  -4.2048735e-01  -7.6829204e-01   9.2996941e-01  -3.7073317e-01   1.3597150e+00   1.9986569e+00  -4.8827889e-01   1.2031980e+00   7.0389814e-01   9.9013775e-01   1.3468306e+00  -4.9329397e-01
   2.1654639e-01   9.2238564e-01  -1.8443962e-01   2.1864190e+00   1.0925385e+00  -6.1400644e-02  -2.7829495e-01   1.0417015e+00  -2.8323694e-01  -4.2048735e-01  -6.3211996e-01   9.2996941e-01  -3.7073317e-01   1.3597150e+00   1.6546504e+00  -4.8827889e-01   1.2031980e+00   7.6774622e-01   1.0591050e+00   9.4602660e-01  -4.9329397e-01
   2.1654639e-01   1.0833501e+00  -1.8508190e-01   1.4428220e+00   7.4700480e-01  -6.1400644e-02  -2.7829495e-01   9.2205059e-01  -2.8323694e-01  -4.2048735e-01  -5.6403392e-01   9.2996941e-01  -3.7073317e-01   1.3597150e+00  -6.5381895e-02   9.6308254e-01   1.2031980e+00   8.9544240e-01   9.9013775e-01   6.4542359e-01  -4.9329397e-01
   2.1654639e-01   1.0135651e+00  -1.8572838e-01   7.4128805e-01   6.9717070e-01  -6.1400644e-02  -2.7829495e-01   8.6222513e-01  -2.8323694e-01  -4.2048735e-01  -5.1296938e-01   9.2996941e-01  -3.7073317e-01   1.3597150e+00   6.2263103e-01  -4.8827889e-01   8.4250453e-01   8.3159431e-01   9.2117049e-01   4.1162126e-01  -4.9329397e-01
   2.1654639e-01   4.0391650e-01  -2.0364049e-01  -1.6358711e+00  -6.8359847e-01  -6.1400644e-02  -2.7829495e-01   6.2292326e-01  -2.8323694e-01  -4.2048735e-01  -1.0917007e+00   2.4158411e-01  -1.4363769e-02   4.7969269e-01  -6.5381895e-02  -4.8827889e-01   8.4250453e-01   8.9544240e-01   9.9013775e-01   4.4217591e-02   1.1400175e+00
   2.1654639e-01   4.6633744e-01  -1.8052366e-01   6.6504693e-01   7.4198512e-01  -6.1400644e-02  -2.7829495e-01   9.8187606e-01  -2.8323694e-01  -4.2048735e-01  -3.9381881e-01   2.4158411e-01  -1.4363769e-02   4.7969269e-01  -6.5381895e-02  -4.8827889e-01   8.4250453e-01   6.4005005e-01   7.8323599e-01  -5.5983410e-02   1.1400175e+00
   2.1654639e-01   4.4685395e-01  -1.8464720e-01   8.8477423e-01   7.8051441e-01  -6.1400644e-02  -2.7829495e-01   9.8187606e-01  -3.9904909e-01  -4.2048735e-01  -3.7679730e-01   2.4158411e-01  -1.4363769e-02   4.7969269e-01   2.7862457e-01  -4.8827889e-01   3.6157992e-01   6.4005005e-01   7.1426873e-01  -1.2278408e-01   1.1400175e+00
   2.1654639e-01   6.2777494e-01  -1.8751000e-01   7.7243484e-01   5.5983328e-01  -6.1400644e-02  -2.7829495e-01   1.0417015e+00  -3.9904909e-01  -4.2048735e-01  -5.6403392e-01   2.4158411e-01  -1.4363769e-02   4.7969269e-01   2.7862457e-01  -4.8827889e-01   7.2227338e-01   5.7620196e-01   7.1426873e-01  -1.2278408e-01   1.1400175e+00
   2.1654639e-01   4.1557058e-01  -2.0364049e-01   5.1921407e-01   4.6088415e-01  -6.1400644e-02  -2.7829495e-01   1.0417015e+00  -3.9904909e-01  -4.2048735e-01  -5.6403392e-01   2.4158411e-01  -1.4363769e-02   4.7969269e-01   2.7862457e-01  -4.8827889e-01   3.6157992e-01   5.7620196e-01   6.4530148e-01  -1.8958474e-01  -4.9329397e-01
   2.1654639e-01   9.5772822e-01  -2.0364049e-01   5.2835871e-01   1.2093880e-01  -6.1400644e-02  -2.7829495e-01   1.1015270e+00  -5.1486125e-01  -4.2048735e-01  -7.5127053e-01   2.4158411e-01  -1.4363769e-02   4.7969269e-01  -4.0938836e-01  -4.8827889e-01   7.8238896e-01   7.0389814e-01   7.1426873e-01  -1.8958474e-01   1.1400175e+00
   2.1654639e-01   9.8946238e-01  -1.5815494e-01  -5.0402794e-01   1.0695464e+00  -6.1400644e-02  -2.7829495e-01   1.1015270e+00  -6.3067340e-01  -4.2048735e-01  -9.7255016e-01   6.9168219e-01  -8.5637649e-02   1.3047136e+00   1.3106440e+00  -4.8827889e-01   9.0262011e-01   4.4850579e-01   6.4530148e-01   5.1182226e-01  -4.9329397e-01
   2.1654639e-01   1.3787920e+00  -1.7626055e-01   6.3516487e-01   7.9382451e-01  -6.1400644e-02  -2.7829495e-01   9.2205059e-01  -3.9904909e-01  -4.2048735e-01  -1.3129804e+00   6.6520583e-01  -8.5637649e-02   1.2497122e+00   6.2263103e-01  -4.8827889e-01   9.0262011e-01   7.6774622e-01   9.9013775e-01   5.7862293e-01  -4.9329397e-01
   2.1654639e-01   1.4449439e+00  -1.7330588e-01   6.2862950e-01   9.5325866e-01  -6.1400644e-02  -2.7829495e-01   8.6222513e-01  -2.8323694e-01  -4.2048735e-01  -1.2959589e+00   6.6520583e-01  -8.5637649e-02   1.2497122e+00   2.7862457e-01  -4.8827889e-01   9.0262011e-01   7.6774622e-01   9.9013775e-01   7.1222426e-01  -4.9329397e-01
   2.1654639e-01   1.2211279e+00  -1.6793761e-01   1.3255137e+00   9.6771258e-01  -6.1400644e-02  -2.7829495e-01   8.6222513e-01  -3.9904909e-01  -4.2048735e-01  -1.3980879e+00   6.6520583e-01  -8.5637649e-02   1.2497122e+00   2.7862457e-01  -4.8827889e-01   9.0262011e-01   7.6774622e-01   1.0591050e+00   7.7902493e-01  -4.9329397e-01
   2.1654639e-01   1.1655031e+00  -1.8190590e-01   1.6091349e+00   9.9182968e-01  -6.1400644e-02  -2.7829495e-01   7.4257419e-01  -2.8323694e-01  -4.2048735e-01  -1.3980879e+00   5.5930040e-01   5.6910110e-02   1.2497122e+00  -6.5381895e-02  -4.8827889e-01   9.0262011e-01   8.9544240e-01   1.1970395e+00   7.7902493e-01  -4.9329397e-01
   2.1654639e-01   1.4580602e+00  -2.0364049e-01   2.0186696e+00   1.0145889e+00  -6.1400644e-02  -2.7829495e-01   7.4257419e-01  -2.8323694e-01  -4.2048735e-01  -1.3980879e+00   7.1815855e-01  -1.5691153e-01   1.2497122e+00  -4.0938836e-01  -4.8827889e-01   9.0262011e-01   9.5929049e-01   1.2660068e+00   8.7922593e-01   1.1400175e+00
   2.1654639e-01   1.8779739e+00  -2.0364049e-01   1.7502656e+00   6.6508643e-01  -6.1400644e-02  -2.7829495e-01   6.8274873e-01  -5.1612626e-02  -4.2048735e-01  -1.3980879e+00   7.1815855e-01  -1.5691153e-01   1.2497122e+00   2.7862457e-01  -4.8827889e-01   9.0262011e-01   1.2146828e+00   1.6108430e+00   7.7902493e-01   1.1400175e+00
   2.1654639e-01   1.8285533e+00  -1.7817847e-01   1.3208642e+00   8.8660956e-01  -6.1400644e-02  -2.7829495e-01   6.2292326e-01   6.4199529e-02  -4.2048735e-01  -1.3980879e+00   7.1815855e-01  -1.5691153e-01   1.2497122e+00   2.7862457e-01  -4.8827889e-01   9.0262011e-01   1.0231386e+00   1.4039413e+00   9.4602660e-01   1.1400175e+00
   2.9677894e+00   1.5753982e+00  -2.0364049e-01   1.2402764e+00  -6.8359847e-01  -6.1400644e-02  -2.7829495e-01   8.0239966e-01  -7.4648556e-01  -4.2048735e-01  -2.3240730e-03   3.2968922e-03   1.4467508e+00   2.2397374e+00   9.6663750e-01  -4.8827889e-01   2.5858562e+00   2.3639484e+00   2.5763846e+00  -2.2298508e-01  -4.9329397e-01
  -1.2648921e+00  -3.3801871e-01  -2.0364049e-01  -1.2334091e+00   2.3086506e+00  -6.1400644e-02  -2.7829495e-01   7.4257419e-01  -1.6742478e-01  -4.2048735e-01  -1.2147465e-01   1.0920232e-01  -4.0637011e-01  -4.0032967e-01  -6.5381895e-02  -4.8827889e-01  -1.3817718e+00  -1.1476964e+00  -1.2168144e+00   1.4441859e-01  -4.9329397e-01
  -1.2648921e+00  -2.6574305e-01  -2.0364049e-01  -1.1834267e+00   2.6802624e+00  -6.1400644e-02  -2.7829495e-01   8.0239966e-01  -2.8323694e-01  -4.2048735e-01  -1.5551767e-01   1.0920232e-01  -4.0637011e-01  -4.0032967e-01  -4.0938836e-01  -4.8827889e-01  -4.8003814e-01  -1.2115445e+00  -1.2857816e+00   6.1202326e-01  -4.9329397e-01
  -1.2648921e+00  -2.4387656e-01  -2.0364049e-01  -1.1683049e+00   2.3581548e+00  -6.1400644e-02  -2.7829495e-01   7.4257419e-01   6.4199529e-02  -4.2048735e-01  -3.6367094e-02   1.0920232e-01  -4.0637011e-01  -4.0032967e-01   2.7862457e-01   9.6308254e-01  -1.3817718e+00  -1.1476964e+00  -1.2168144e+00   2.4461959e-01  -4.9329397e-01
  -1.1590751e+00  -1.6890178e-01  -1.6189287e-01  -5.9704082e-01   9.2547607e-01  -6.1400644e-02  -2.7829495e-01   8.0239966e-01   6.4199529e-02  -4.2048735e-01   1.1682650e-01   5.8577676e-01  -8.3401339e-01  -7.0321284e-02   9.6663750e-01   9.6308254e-01  -8.4073160e-01  -1.0838483e+00  -1.1478471e+00   1.4441859e-01  -4.9329397e-01
  -1.1590751e+00   1.8869892e-02  -1.5145596e-01  -3.3733322e-01   1.3277447e+00  -6.1400644e-02  -2.7829495e-01   8.0239966e-01   2.9582384e-01  -4.2048735e-01   3.1718948e-02   5.8577676e-01  -8.3401339e-01  -7.0321284e-02   6.2263103e-01   9.6308254e-01  -8.4073160e-01  -1.1476964e+00  -1.1478471e+00   3.4482059e-01  -4.9329397e-01
  -1.1590751e+00  -1.5777038e-01  -1.7186573e-01  -8.4520149e-01   5.4109278e-01  -6.1400644e-02  -2.7829495e-01   7.4257419e-01   1.8001168e-01  -4.2048735e-01   9.1683749e-01   6.6520583e-01  -8.3401339e-01   9.4682907e-02   9.6663750e-01   9.6308254e-01  -8.4073160e-01  -8.9230404e-01  -9.4094538e-01   1.1101826e-01  -4.9329397e-01
  -1.1590751e+00   4.7577518e-01  -1.6485015e-01  -3.4888110e-01  -8.5561566e-02  -6.1400644e-02  -2.7829495e-01   7.4257419e-01  -1.6742478e-01  -4.2048735e-01   1.0019450e+00   5.6249607e-02  -1.4363769e-02   9.4682907e-02  -4.0938836e-01  -4.8827889e-01  -7.2050045e-01  -4.4536743e-01  -7.3404361e-01  -1.2278408e-01  -4.9329397e-01
  -1.1590751e+00   3.5711179e-01  -1.6104948e-01  -1.2825989e+00  -6.8359847e-01  -6.1400644e-02  -2.7829495e-01   6.2292326e-01  -5.1612626e-02  -4.2048735e-01   9.3385900e-01  -2.3179465e-02   1.9945787e-01   2.5968710e-01   6.2263103e-01  -4.8827889e-01  -7.2050045e-01  -3.8151935e-01  -6.6507636e-01  -5.5983410e-02  -4.9329397e-01
  -1.1590751e+00   7.9551931e-01  -1.4642869e-01  -1.1613263e+00  -6.8359847e-01  -6.1400644e-02  -2.7829495e-01   5.6309780e-01   2.9582384e-01  -4.2048735e-01   2.8704160e-01  -2.3179465e-02   1.9945787e-01   2.5968710e-01   9.6663750e-01  -4.8827889e-01  -7.2050045e-01  -2.5382317e-01  -4.5817459e-01   1.1101826e-01  -4.9329397e-01
  -1.1590751e+00   6.6042308e-01  -1.7069900e-01  -2.6970104e-01  -1.7573432e-01  -6.1400644e-02  -2.7829495e-01   6.8274873e-01  -5.1612626e-02  -4.2048735e-01   6.9555785e-01   1.3567868e-01  -1.4363769e-02   2.5968710e-01  -4.0938836e-01  -4.8827889e-01  -7.2050045e-01  -4.4536743e-01  -6.6507636e-01  -5.5983410e-02  -4.9329397e-01
  -1.1590751e+00   1.1549822e-01  -1.6910724e-01  -7.7656020e-01   3.8121090e-01  -6.1400644e-02  -2.7829495e-01   6.8274873e-01  -5.1612626e-02  -4.2048735e-01   9.8492353e-01   3.7396590e-01  -3.3509623e-01   2.5968710e-01  -6.5381895e-02  -4.8827889e-01  -7.2050045e-01  -6.3691169e-01  -8.0301087e-01   7.7617924e-02  -4.9329397e-01
  -1.1590751e+00   3.2784139e-02  -1.5597836e-01  -8.4520149e-01   7.8603103e-01  -6.1400644e-02  -2.7829495e-01   6.8274873e-01   1.8001168e-01  -4.2048735e-01   9.1683749e-01   6.6520583e-01  -7.2710257e-01   2.5968710e-01   2.7862457e-01   9.6308254e-01  -7.2050045e-01  -7.6460787e-01  -8.7197812e-01   2.4461959e-01  -4.9329397e-01
  -1.1590751e+00   2.8298892e-01  -1.4346195e-01   2.7970643e-02   5.5344456e-01  -6.1400644e-02  -2.7829495e-01   6.2292326e-01   4.1163599e-01  -4.2048735e-01   4.0619218e-01   6.6520583e-01  -7.2710257e-01   2.5968710e-01   1.6546504e+00   9.6308254e-01  -7.2050045e-01  -7.0075978e-01  -7.3404361e-01   4.1162126e-01  -4.9329397e-01
  -1.1590751e+00   4.7899272e-01  -1.1616103e-01  -1.8466971e-01   1.1146481e+00  -6.1400644e-02  -2.7829495e-01   6.8274873e-01   5.2744815e-01  -4.2048735e-01  -8.8744261e-01   6.6520583e-01  -7.2710257e-01   2.5968710e-01   2.7862457e-01   9.6308254e-01  -7.2050045e-01  -7.6460787e-01  -6.6507636e-01   5.7862293e-01  -4.9329397e-01
  -1.1590751e+00   2.9717566e-01  -1.2753020e-01   4.7592360e-02   1.2720758e+00  -6.1400644e-02  -2.7829495e-01   6.8274873e-01   4.1163599e-01  -4.2048735e-01  -9.5552865e-01   6.6520583e-01  -7.2710257e-01   2.5968710e-01   6.2263103e-01  -4.8827889e-01  -7.2050045e-01  -8.2845596e-01  -8.0301087e-01   5.4522259e-01  -4.9329397e-01
  -1.1590751e+00   5.9162926e-02  -1.4241334e-01   3.9552991e-01   2.1482481e+00  -6.1400644e-02  -2.7829495e-01   8.0239966e-01   4.1163599e-01  -4.2048735e-01  -9.8957168e-01   8.7701669e-01  -1.0121981e+00   2.5968710e-01   1.3106440e+00  -4.8827889e-01  -1.3216562e+00  -1.2753926e+00  -1.1478471e+00   1.1464286e+00  -4.9329397e-01
   1.1688997e+00   1.6754088e+00  -2.0364049e-01  -1.1230565e+00  -6.8359847e-01  -6.1400644e-02  -2.7829495e-01   8.6222513e-01  -7.4648556e-01  -4.2048735e-01  -1.7253918e-01  -4.9655823e-02   1.9945787e-01   2.0468570e-01  -4.0938836e-01  -4.8827889e-01   9.6273569e-01   8.3159431e-01   9.2117049e-01  -4.2338708e-01   1.1400175e+00
   1.1688997e+00   1.1595004e+00  -2.0364049e-01  -4.8541211e-01  -1.4900464e-01  -6.1400644e-02  -2.7829495e-01   9.2205059e-01   6.4326030e-01  -4.2048735e-01  -7.8531355e-01   1.3567868e-01   3.7764257e-01   8.6470247e-01   1.6546504e+00  -4.8827889e-01   6.0204223e-01   7.0389814e-01   9.9013775e-01  -8.9383744e-02  -4.9329397e-01
   1.1688997e+00   1.1425388e+00  -2.0364049e-01  -1.0653335e+00  -6.8359847e-01  -6.1400644e-02  -2.7829495e-01   9.2205059e-01   8.7488462e-01  -4.2048735e-01  -7.3424902e-01   1.3567868e-01   3.7764257e-01   8.6470247e-01   1.3106440e+00  -4.8827889e-01   8.4250453e-01  -6.2278910e-02   1.1280723e+00  -2.2298508e-01  -4.9329397e-01
   1.1688997e+00  -9.1998844e-01  -2.0364049e-01  -2.8682758e-01  -6.8359847e-01  -6.1400644e-02  -2.7829495e-01   1.2810034e+00  -1.2097342e+00  -1.7152621e-01   3.3810613e-01  -1.3734737e+00   1.4823877e+00  -5.6533386e-01  -1.0974013e+00  -4.8827889e-01   4.8181108e-01   6.4005005e-01   5.7633422e-01  -6.5718941e-01  -4.9329397e-01
   1.1688997e+00  -9.1998844e-01  -2.0364049e-01  -3.3572414e-01  -6.8359847e-01  -6.1400644e-02  -2.7829495e-01   1.2810034e+00  -1.2097342e+00  -1.0928592e-01   3.0406311e-01  -1.3205210e+00   1.5536616e+00  -3.4532827e-01  -1.0974013e+00  -4.8827889e-01   4.8181108e-01   7.0389814e-01   5.7633422e-01  -6.5718941e-01  -4.9329397e-01
   1.1688997e+00  -9.1998844e-01  -2.0364049e-01  -1.5549213e-01  -6.8359847e-01  -6.1400644e-02  -2.7829495e-01   1.2810034e+00  -1.2097342e+00  -1.7152621e-01   2.8704160e-01  -1.3734737e+00   1.4823877e+00  -5.6533386e-01  -1.4414078e+00  -4.8827889e-01   4.8181108e-01   6.4005005e-01   5.7633422e-01  -6.5718941e-01  -4.9329397e-01
   1.1688997e+00  -9.1998844e-01  -2.0364049e-01  -5.9083266e-01  -6.8359847e-01  -6.1400644e-02  -2.7829495e-01   1.3408288e+00  -1.2097342e+00  -4.7045634e-02   2.3597707e-01  -1.2675683e+00   1.5180246e+00  -2.9032687e-01  -1.0974013e+00  -4.8827889e-01   4.8181108e-01   7.0389814e-01   5.7633422e-01  -6.5718941e-01  -4.9329397e-01
   1.1688997e+00  -9.1998844e-01  -2.0364049e-01  -7.2745674e-01  -6.8359847e-01  -6.1400644e-02  -2.7829495e-01   1.3408288e+00  -1.3255463e+00  -4.7045634e-02   2.3597707e-01  -1.3205210e+00   1.5536616e+00  -3.4532827e-01  -1.0974013e+00  -4.8827889e-01   4.8181108e-01   7.0389814e-01   6.4530148e-01  -6.5718941e-01  -4.9329397e-01
   1.1688997e+00  -9.1998844e-01  -2.0364049e-01  -9.7598519e-01  -6.8359847e-01  -6.1400644e-02  -2.7829495e-01   1.4006543e+00  -1.3255463e+00  -1.0928592e-01   2.0193405e-01  -1.3469973e+00   1.5892985e+00  -3.4532827e-01  -1.0974013e+00  -4.8827889e-01   4.8181108e-01   7.0389814e-01   5.7633422e-01  -6.5718941e-01  -4.9329397e-01
   1.1688997e+00  -9.1998844e-01  -2.0364049e-01  -1.2833111e+00  -6.8359847e-01  -6.1400644e-02  -2.7829495e-01   1.4006543e+00  -1.3255463e+00  -1.0928592e-01   2.0193405e-01  -1.2675683e+00   1.5180246e+00  -2.9032687e-01  -1.0974013e+00  -4.8827889e-01   4.8181108e-01   7.0389814e-01   5.7633422e-01  -6.5718941e-01  -4.9329397e-01
   1.1688997e+00  -9.1998844e-01  -2.0364049e-01  -1.2756862e+00  -6.8359847e-01  -6.1400644e-02  -2.7829495e-01   1.4006543e+00  -1.3255463e+00  -4.7045634e-02   2.3597707e-01  -1.2410919e+00   1.4823877e+00  -2.9032687e-01  -1.0974013e+00  -4.8827889e-01   4.8181108e-01   7.0389814e-01   6.4530148e-01  -6.5718941e-01  -4.9329397e-01
   1.1688997e+00  -9.1998844e-01  -2.0364049e-01  -1.3330663e+00  -6.8359847e-01  -6.1400644e-02  -2.7829495e-01   1.4604798e+00  -1.3255463e+00  -4.7045634e-02   2.5299858e-01  -1.2940446e+00   1.5180246e+00  -3.4532827e-01  -1.0974013e+00  -4.8827889e-01   5.4192665e-01   7.0389814e-01   6.4530148e-01  -6.5718941e-01  -4.9329397e-01
   1.1688997e+00  -9.1998844e-01  -2.0364049e-01  -1.2953263e+00  -6.8359847e-01  -6.1400644e-02  -2.7829495e-01   1.4604798e+00  -1.3255463e+00  -4.7045634e-02   2.0193405e-01  -1.2410919e+00   1.4823877e+00  -2.9032687e-01  -1.0974013e+00  -4.8827889e-01   5.4192665e-01   7.0389814e-01   6.4530148e-01  -6.5718941e-01  -4.9329397e-01
   1.1688997e+00  -9.1998844e-01  -2.0364049e-01  -1.2889073e+00  -6.8359847e-01  -6.1400644e-02  -2.7829495e-01   1.4604798e+00  -1.3255463e+00   7.7434938e-02   2.8704160e-01  -1.2410919e+00   1.4823877e+00  -2.9032687e-01  -1.0974013e+00  -4.8827889e-01   6.0204223e-01   7.6774622e-01   6.4530148e-01  -6.5718941e-01  -4.9329397e-01
   1.1688997e+00  -9.1998844e-01  -2.0364049e-01  -6.8635202e-01  -6.8359847e-01  -6.1400644e-02  -2.7829495e-01   1.3408288e+00  -1.3255463e+00  -1.7152621e-01   3.8917067e-01  -1.2940446e+00   1.5180246e+00  -3.4532827e-01  -1.0974013e+00  -4.8827889e-01   6.0204223e-01   7.6774622e-01   7.1426873e-01  -6.5718941e-01  -4.9329397e-01
   1.1688997e+00  -9.1998844e-01  -2.0364049e-01   5.4416166e-01  -6.8359847e-01  -6.1400644e-02  -2.7829495e-01   1.3408288e+00  -1.2097342e+00  -1.7152621e-01   8.6577296e-01  -4.7327755e-01   5.5582727e-01  -1.2532268e-01  -4.0938836e-01   9.6308254e-01   6.0204223e-01   7.6774622e-01   7.1426873e-01  -6.2378908e-01   1.1400175e+00
   1.1688997e+00  -9.1998844e-01  -2.0364049e-01  -5.3950894e-01  -6.8359847e-01  -6.1400644e-02  -2.7829495e-01   1.4006543e+00  -1.3255463e+00  -1.0928592e-01   3.5512765e-01  -1.2410919e+00   1.4823877e+00  -2.9032687e-01  -1.0974013e+00  -4.8827889e-01   6.0204223e-01   7.6774622e-01   7.1426873e-01  -6.5718941e-01  -4.9329397e-01
   1.1688997e+00  -9.1998844e-01  -2.0364049e-01   7.5960521e-01  -6.8359847e-01  -6.1400644e-02  -2.7829495e-01   1.2810034e+00  -1.2097342e+00  -1.7152621e-01   9.1683749e-01  -4.7327755e-01   5.5582727e-01  -1.2532268e-01  -6.5381895e-02   9.6308254e-01   6.0204223e-01   7.6774622e-01   7.1426873e-01  -6.2378908e-01   1.1400175e+00
   1.1688997e+00  -9.1998844e-01  -2.0364049e-01  -6.1918643e-01  -6.8359847e-01  -6.1400644e-02  -2.7829495e-01   1.2810034e+00  -1.2097342e+00  -1.7152621e-01   7.1257936e-01  -4.7327755e-01   5.5582727e-01  -1.2532268e-01  -6.5381895e-02   9.6308254e-01   5.4192665e-01   7.0389814e-01   6.4530148e-01  -6.5718941e-01   1.1400175e+00
   7.4563157e-01   2.1057567e+00  -1.8562121e-01   4.5658768e-01  -6.8359847e-01  -6.1400644e-02  -2.7829495e-01   5.0327233e-01  -5.1612626e-02  -4.2048735e-01   1.6828055e+00   9.0349305e-01   1.9945787e-01   2.1847360e+00   2.7862457e-01  -4.8827889e-01   4.8181108e-01   1.2785309e+00   1.0591050e+00   8.7922593e-01  -4.9329397e-01
   7.4563157e-01   1.2598895e+00  -2.0364049e-01   9.4841123e-01  -6.8359847e-01  -6.1400644e-02  -2.7829495e-01   5.6309780e-01  -5.1486125e-01  -4.2048735e-01   1.6828055e+00   2.9453683e-01   1.9945787e-01   9.1970386e-01   2.7862457e-01  -4.8827889e-01   7.2227338e-01   8.9544240e-01   7.8323599e-01  -2.8978574e-01  -4.9329397e-01
   7.4563157e-01   1.3422308e+00  -2.0364049e-01   4.5005060e-01  -6.8359847e-01  -6.1400644e-02  -2.7829495e-01   5.6309780e-01  -5.1486125e-01  -4.2048735e-01   1.8189775e+00   5.0634769e-01   1.9945787e-01   1.3597150e+00   6.2263103e-01  -4.8827889e-01   4.8181108e-01   1.0869867e+00   9.2117049e-01   1.4441859e-01  -4.9329397e-01
   7.4563157e-01   1.8811438e+00  -1.8240932e-01   8.2956371e-01  -6.8359847e-01  -6.1400644e-02  -2.7829495e-01   5.0327233e-01   6.4199529e-02  -4.2048735e-01   2.1764293e+00   8.7701669e-01   2.3509481e-01   2.1847360e+00   9.6663750e-01  -4.8827889e-01   9.6273569e-01   1.4062271e+00   1.1280723e+00   6.1202326e-01  -4.9329397e-01
   7.4563157e-01   1.8019259e+00  -1.8094668e-01   2.4647301e-01  -6.8359847e-01  -6.1400644e-02  -2.7829495e-01   4.4344687e-01   1.8001168e-01  -4.2048735e-01   2.0062142e+00   8.7701669e-01   2.3509481e-01   2.1847360e+00   1.3106440e+00  -4.8827889e-01   1.2111762e-01   1.4062271e+00   1.1280723e+00   1.8812359e+00  -4.9329397e-01
   9.5726565e-01   6.6042308e-01  -2.0364049e-01   5.5000102e-01  -6.8359847e-01  -6.1400644e-02  -2.7829495e-01   8.0239966e-01  -1.6742478e-01  -4.2048735e-01  -4.2786183e-01   1.0920232e-01   1.2818399e-01   4.2469129e-01   6.2263103e-01   9.6308254e-01   3.6157992e-01   5.7620196e-01   7.1426873e-01  -4.2338708e-01  -4.9329397e-01
   9.5726565e-01  -5.6583460e-01  -2.0364049e-01   8.1328533e-01  -6.8359847e-01  -6.1400644e-02  -2.7829495e-01   1.2211779e+00  -1.0939220e+00  -3.5824706e-01   5.9342879e-01  -1.3205210e+00   1.5180246e+00  -4.0032967e-01  -1.0974013e+00  -4.8827889e-01   8.4250453e-01   8.9544240e-01   8.5220324e-01  -6.2378908e-01   1.1400175e+00
   9.5726565e-01  -6.6863074e-01  -2.0364049e-01   1.1453579e+00  -6.8359847e-01  -6.1400644e-02  -2.7829495e-01   1.3408288e+00  -1.2097342e+00  -4.2048735e-01   5.0832124e-01  -1.3205210e+00   1.5180246e+00  -4.0032967e-01  -1.4414078e+00  -4.8827889e-01   8.4250453e-01   8.9544240e-01   8.5220324e-01  -6.5718941e-01   1.1400175e+00
   1.1072935e-01  -3.4398425e-01  -1.7962847e-01   1.5508217e+00   4.2699285e-01  -6.1400644e-02  -2.7829495e-01   6.8274873e-01   8.7488462e-01  -4.2048735e-01  -1.7253918e-01   4.2691861e-01  -6.9146563e-01  -1.8032408e-01  -7.5339482e-01   9.6308254e-01   1.8123320e-01  -8.2845596e-01   1.6253070e-01  -5.5983410e-02   1.1400175e+00
   1.1072935e-01  -2.8358112e-01  -1.8595378e-01   1.8849968e+00   6.7979524e-01  -6.1400644e-02  -2.7829495e-01   7.4257419e-01   5.2744815e-01  -4.2048735e-01  -3.4275428e-01   4.2691861e-01  -6.9146563e-01  -1.8032408e-01   9.6663750e-01   9.6308254e-01   2.4134877e-01  -5.7306361e-01   2.3149795e-01  -2.2583076e-02   1.1400175e+00
   8.5144861e-01  -9.1998844e-01  -1.5391749e-01  -3.9858503e-01   1.9994575e+00  -6.1400644e-02  -2.7829495e-01   1.0417015e+00  -5.1612626e-02  -4.2048735e-01  -5.6403392e-01   5.0634769e-01  -8.6965033e-01  -2.9032687e-01   2.7862457e-01   9.6308254e-01   3.6157992e-01   6.5417265e-02   5.0736697e-01   3.1142026e-01   1.1400175e+00
   8.5144861e-01  -9.1998844e-01  -1.7373616e-01  -6.4370223e-01   1.6216005e+00  -6.1400644e-02  -2.7829495e-01   1.0417015e+00  -2.8323694e-01  -4.2048735e-01  -7.3424902e-01   5.0634769e-01  -8.6965033e-01  -2.9032687e-01   2.7862457e-01   2.4144440e+00   3.6157992e-01   1.9311344e-01   5.0736697e-01   1.7781892e-01   1.1400175e+00
   8.5144861e-01  -9.1998844e-01  -1.8052366e-01  -8.6889844e-01   1.8111728e+00  -6.1400644e-02  -2.7829495e-01   9.8187606e-01  -1.6742478e-01  -4.2048735e-01  -7.3424902e-01   5.0634769e-01  -8.6965033e-01  -2.9032687e-01   9.6663750e-01   9.6308254e-01   3.6157992e-01   1.2926535e-01   5.0736697e-01   1.1101826e-01   1.1400175e+00
   8.5144861e-01  -9.1998844e-01  -1.8225859e-01  -5.7175490e-01   1.9535866e+00  -6.1400644e-02  -2.7829495e-01   9.8187606e-01  -1.6742478e-01  -4.2048735e-01  -7.1722751e-01   5.3282404e-01  -9.0528727e-01  -2.9032687e-01   6.2263103e-01   9.6308254e-01   3.6157992e-01   6.5417265e-02   4.3839971e-01   1.4441859e-01   1.1400175e+00
   8.5144861e-01  -9.1998844e-01  -1.6209852e-01  -9.4672920e-01   1.8782385e+00  -6.1400644e-02  -2.7829495e-01   9.8187606e-01  -5.1612626e-02  -4.2048735e-01  -5.8105543e-01   5.8577676e-01  -9.7656115e-01  -2.9032687e-01   6.2263103e-01  -4.8827889e-01   3.6157992e-01   1.5691775e-03   4.3839971e-01   2.7801993e-01   1.1400175e+00
   8.5144861e-01  -9.1998844e-01  -1.7817847e-01  -7.9108964e-01   2.0642656e+00  -6.1400644e-02  -2.7829495e-01   9.2205059e-01  -1.6742478e-01  -4.2048735e-01  -7.3424902e-01   5.3282404e-01  -9.0528727e-01  -2.9032687e-01   9.6663750e-01   9.6308254e-01   3.6157992e-01   6.5417265e-02   4.3839971e-01   2.1121926e-01   1.1400175e+00
   8.5144861e-01  -9.1998844e-01  -1.5432458e-01  -8.1776694e-01   1.9774909e+00  -6.1400644e-02  -2.7829495e-01   9.2205059e-01  -5.1612626e-02  -4.2048735e-01  -5.9807694e-01   5.8577676e-01  -9.7656115e-01  -2.9032687e-01   1.3106440e+00   9.6308254e-01   3.6157992e-01   1.5691775e-03   4.3839971e-01   2.7801993e-01   1.1400175e+00
   8.5144861e-01  -9.1998844e-01  -1.6181003e-01  -5.9497963e-01   1.8960290e+00  -6.1400644e-02  -2.7829495e-01   9.2205059e-01   6.4199529e-02  -4.2048735e-01  -3.4275428e-01   8.2406398e-01  -9.7656115e-01   2.0468570e-01   1.3106440e+00   9.6308254e-01   3.6157992e-01  -5.0921552e-01   4.3839971e-01   1.7781892e-01   1.1400175e+00
   8.5144861e-01  -9.1998844e-01  -1.7962847e-01  -4.4086130e-01   1.9077813e+00  -6.1400644e-02  -2.7829495e-01   9.2205059e-01   6.4199529e-02  -4.2048735e-01  -2.9168975e-01   8.2406398e-01  -9.7656115e-01   2.0468570e-01   1.3106440e+00  -4.8827889e-01   3.6157992e-01  -5.7306361e-01   3.6943246e-01   1.4441859e-01   1.1400175e+00
   8.5144861e-01  -9.1998844e-01  -1.8165660e-01  -5.4179540e-01   1.6889056e+00  -6.1400644e-02  -2.7829495e-01   9.8187606e-01  -5.1612626e-02  -4.2048735e-01   3.0406311e-01   8.2406398e-01  -9.7656115e-01   2.0468570e-01   1.3106440e+00  -4.8827889e-01   3.6157992e-01  -5.0921552e-01   4.3839971e-01   7.7617924e-02   1.1400175e+00
   8.5144861e-01  -9.1998844e-01  -1.3307129e-01  -7.5786390e-01   1.7643493e+00  -6.1400644e-02  -2.7829495e-01   9.2205059e-01   4.1163599e-01  -4.2048735e-01   3.1718948e-02   8.7701669e-01  -1.3685675e+00  -2.9032687e-01   9.6663750e-01  -4.8827889e-01   3.6157992e-01  -5.7306361e-01   3.0046520e-01   4.4502159e-01   1.1400175e+00
   8.5144861e-01  -9.1998844e-01  -1.2577327e-01  -9.8999939e-01   1.7173844e+00  -6.1400644e-02  -2.7829495e-01   8.6222513e-01   4.1163599e-01  -4.2048735e-01   9.9804989e-02   7.4463491e-01  -1.3685675e+00  -5.6533386e-01   2.7862457e-01  -4.8827889e-01   3.6157992e-01  -7.0075978e-01   3.0046520e-01   4.4502159e-01   1.1400175e+00
   5.3399750e-01  -9.1998844e-01  -1.1364028e-01  -8.8936198e-01   1.3977232e+00  -6.1400644e-02  -2.7829495e-01   8.6222513e-01   6.4326030e-01  -4.2048735e-01   2.7002009e-01   1.1153039e+00  -1.3685675e+00   2.0468570e-01   6.2263103e-01   9.6308254e-01   3.6157992e-01  -7.6460787e-01   3.0046520e-01   4.4502159e-01   1.1400175e+00
   5.3399750e-01  -9.1998844e-01  -1.2914385e-01  -1.0179567e+00   1.6134550e+00  -6.1400644e-02  -2.7829495e-01   8.6222513e-01   4.1163599e-01  -4.2048735e-01   6.5761969e-02   7.4463491e-01  -1.3685675e+00  -5.6533386e-01   1.9986569e+00   9.6308254e-01   3.6157992e-01  -6.3691169e-01   3.0046520e-01   4.7842193e-01   1.1400175e+00
   5.3399750e-01  -3.3667622e-01  -1.0637383e-01  -4.2569971e-01   1.1908713e+00  -6.1400644e-02  -2.7829495e-01   8.0239966e-01   5.2744815e-01  -4.2048735e-01  -7.0410115e-02   1.1153039e+00  -1.3685675e+00   2.0468570e-01   1.6546504e+00   2.4144440e+00   3.6157992e-01  -1.8997508e-01   1.6253070e-01   5.7862293e-01   1.1400175e+00
   5.3399750e-01  -4.3557112e-01  -1.2286444e-01   1.7141245e+00   1.4957420e+00  -6.1400644e-02  -2.7829495e-01   8.0239966e-01   4.1163599e-01  -4.2048735e-01  -4.6190485e-01   1.1153039e+00  -1.3685675e+00   2.0468570e-01   9.6663750e-01   9.6308254e-01   1.8123320e-01  -1.8997508e-01   1.6253070e-01   3.7822093e-01   1.1400175e+00
   5.3399750e-01  -4.0966382e-01  -1.1854443e-01   8.3453935e-01   1.2843111e+00  -6.1400644e-02  -2.7829495e-01   8.0239966e-01   5.2744815e-01  -4.2048735e-01  -7.3424902e-01   9.2996941e-01  -1.3685675e+00  -1.8032408e-01   1.3106440e+00   2.4144440e+00   1.8123320e-01  -6.2278910e-02   2.3149795e-01   2.4461959e-01   1.1400175e+00
   5.3399750e-01  -4.3788006e-01  -1.6344497e-01   6.9794850e-01   1.1755039e+00  -6.1400644e-02  -2.7829495e-01   8.0239966e-01   4.1163599e-01  -4.2048735e-01  -3.9381881e-01   8.5054034e-01  -1.0834720e+00   9.4682907e-02   6.2263103e-01  -4.8827889e-01   1.8123320e-01   1.5691775e-03   3.0046520e-01   4.4217591e-02   1.1400175e+00
   5.3399750e-01  -9.1998844e-01  -1.7833130e-01   4.6340585e-01   4.8698879e-01  -6.1400644e-02  -2.7829495e-01   8.6222513e-01   5.2744815e-01  -4.2048735e-01  -2.9168975e-01   7.4463491e-01  -9.4092421e-01   9.4682907e-02   2.7862457e-01   9.6308254e-01   1.8123320e-01   1.5691775e-03   2.3149795e-01  -2.2298508e-01   1.1400175e+00
   5.3399750e-01  -9.1998844e-01  -1.8195062e-01   8.8282929e-01   6.5398612e-01  -6.1400644e-02  -2.7829495e-01   8.6222513e-01   4.1163599e-01  -4.2048735e-01  -3.0871126e-01   7.4463491e-01  -9.4092421e-01   9.4682907e-02   2.7862457e-01   9.6308254e-01   1.8123320e-01   1.5691775e-03   2.3149795e-01  -2.5638541e-01   1.1400175e+00
   5.3399750e-01  -9.1998844e-01  -2.0364049e-01   1.3280233e+00   8.9041150e-01  -6.1400644e-02  -2.7829495e-01   8.6222513e-01   4.1163599e-01  -4.2048735e-01  -1.7253918e-01   7.4463491e-01  -9.4092421e-01   9.4682907e-02   9.6663750e-01   9.6308254e-01   3.6157992e-01   1.5691775e-03   2.3149795e-01  -8.9383744e-02   1.1400175e+00
   5.3399750e-01  -9.1998844e-01  -2.0364049e-01   8.9585254e-01   6.6090231e-01  -6.1400644e-02  -2.7829495e-01   8.6222513e-01   4.1163599e-01  -4.2048735e-01  -2.7466824e-01   7.4463491e-01  -9.4092421e-01   9.4682907e-02   1.3106440e+00   2.4144440e+00   3.6157992e-01   6.5417265e-02   2.3149795e-01  -1.5618441e-01   1.1400175e+00
   5.3399750e-01  -9.1998844e-01  -2.0364049e-01   9.7691094e-01   3.5706235e-01  -6.1400644e-02  -2.7829495e-01   8.0239966e-01   5.2744815e-01  -4.2048735e-01  -2.9168975e-01   7.4463491e-01  -9.4092421e-01   9.4682907e-02   1.9986569e+00   2.4144440e+00   3.6157992e-01   6.5417265e-02   3.0046520e-01  -2.2298508e-01   1.1400175e+00
   5.3399750e-01  -9.1998844e-01  -1.8666581e-01   6.1687954e-01   3.6320687e-01  -6.1400644e-02  -2.7829495e-01   8.6222513e-01   4.1163599e-01  -4.2048735e-01  -2.9168975e-01   7.4463491e-01  -9.4092421e-01   9.4682907e-02   2.7862457e-01   2.4144440e+00   3.6157992e-01   6.5417265e-02   2.3149795e-01  -2.2298508e-01   1.1400175e+00
   6.3981454e-01   1.5699378e+00  -2.0364049e-01  -1.0528233e-01  -3.2798244e-01  -6.1400644e-02  -2.7829495e-01   3.8362140e-01  -2.8323694e-01  -4.2048735e-01  -1.0917007e+00   6.3872948e-01  -6.2019175e-01   3.6968989e-01   1.6546504e+00  -4.8827889e-01   7.2227338e-01   7.6774622e-01   7.1426873e-01  -2.2298508e-01   1.1400175e+00
   6.3981454e-01   1.3406257e+00  -2.0364049e-01  -7.4253898e-01  -2.6848601e-01  -6.1400644e-02  -2.7829495e-01   3.8362140e-01  -1.6742478e-01  -4.2048735e-01  -1.0576577e+00   6.3872948e-01  -6.2019175e-01   3.6968989e-01   1.3106440e+00  -4.8827889e-01   7.2227338e-01   7.6774622e-01   7.1426873e-01  -1.5618441e-01   1.1400175e+00
   6.3981454e-01   1.4630405e+00  -2.0364049e-01   1.2938842e+00  -3.4324973e-01  -6.1400644e-02  -2.7829495e-01   3.8362140e-01  -2.8323694e-01  -4.2048735e-01  -8.7042110e-01   6.3872948e-01  -6.2019175e-01   3.6968989e-01   1.6546504e+00  -4.8827889e-01   7.2227338e-01   7.6774622e-01   7.8323599e-01  -2.2298508e-01   1.1400175e+00
   6.3981454e-01   2.0784208e+00  -2.0364049e-01   8.5239440e-01  -4.2665535e-01  -6.1400644e-02  -2.7829495e-01   3.2379594e-01  -2.8323694e-01  -4.2048735e-01  -1.1597868e+00   6.3872948e-01  -6.2019175e-01   3.6968989e-01   9.6663750e-01  -4.8827889e-01   7.2227338e-01   8.3159431e-01   7.8323599e-01  -3.2318608e-01   1.1400175e+00
   6.3981454e-01   1.9711778e+00  -2.0364049e-01   8.2491721e-01  -3.9772946e-01  -6.1400644e-02  -2.7829495e-01   3.2379594e-01  -2.8323694e-01  -4.2048735e-01  -1.1257438e+00   6.3872948e-01  -6.2019175e-01   3.6968989e-01   9.6663750e-01  -4.8827889e-01   7.2227338e-01   8.3159431e-01   7.8323599e-01  -2.8978574e-01   1.1400175e+00
   6.3981454e-01   2.0999062e+00  -2.0364049e-01   5.9176929e-01  -4.2481420e-01  -6.1400644e-02  -2.7829495e-01   3.8362140e-01  -2.8323694e-01  -4.2048735e-01  -1.1257438e+00   6.3872948e-01  -6.2019175e-01   3.6968989e-01   1.3106440e+00  -4.8827889e-01   7.2227338e-01   8.9544240e-01   8.5220324e-01  -2.8978574e-01   1.1400175e+00
   6.3981454e-01   2.2635743e+00  -2.0364049e-01   8.8024069e-01  -3.9130255e-01  -6.1400644e-02  -2.7829495e-01   3.8362140e-01  -2.8323694e-01  -4.2048735e-01  -1.1087222e+00   6.3872948e-01  -6.2019175e-01   3.6968989e-01   9.6663750e-01  -4.8827889e-01   7.2227338e-01   8.9544240e-01   8.5220324e-01  -2.8978574e-01   1.1400175e+00
   6.3981454e-01   2.5475811e+00  -2.0364049e-01  -1.6017685e-01  -6.8359847e-01  -6.1400644e-02  -2.7829495e-01   3.8362140e-01  -3.9904909e-01  -4.2048735e-01  -1.0406362e+00  -6.5861205e-01   1.1260183e+00   3.6968989e-01  -4.0938836e-01  -4.8827889e-01   7.2227338e-01   9.5929049e-01   8.5220324e-01  -4.9018775e-01  -4.9329397e-01
   6.3981454e-01   2.6373270e+00  -2.0364049e-01   4.1418480e-01  -6.8359847e-01  -6.1400644e-02  -2.7829495e-01   3.8362140e-01  -6.3067340e-01  -4.2048735e-01  -1.2959589e+00  -6.5861205e-01   1.1260183e+00   3.6968989e-01  -7.5339482e-01  -4.8827889e-01   6.6215781e-01   1.0231386e+00   8.5220324e-01  -5.2358808e-01  -4.9329397e-01
   6.3981454e-01   3.1022678e+00  -2.0364049e-01   2.1852728e-01  -6.8359847e-01  -6.1400644e-02  -2.7829495e-01   3.8362140e-01  -6.3067340e-01  -4.2048735e-01  -1.3810664e+00  -6.5861205e-01   1.1260183e+00   3.6968989e-01  -4.0938836e-01  -4.8827889e-01   6.6215781e-01   1.0231386e+00   9.2117049e-01  -4.9018775e-01  -4.9329397e-01
   6.3981454e-01   3.3972333e+00  -2.0364049e-01  -3.5633621e-01  -6.8359847e-01  -6.1400644e-02  -2.7829495e-01   3.8362140e-01  -6.3067340e-01  -4.2048735e-01  -1.3640449e+00  -6.5861205e-01   1.1260183e+00   3.6968989e-01  -6.5381895e-02  -4.8827889e-01   6.6215781e-01   1.0231386e+00   9.2117049e-01  -5.2358808e-01  -4.9329397e-01
   6.3981454e-01   2.9149438e+00  -2.0364049e-01  -3.0984443e-01  -6.8359847e-01  -6.1400644e-02  -2.7829495e-01   3.8362140e-01  -6.3067340e-01  -4.2048735e-01  -1.0746792e+00  -6.5861205e-01   1.1260183e+00   3.6968989e-01  -7.5339482e-01  -4.8827889e-01   6.6215781e-01   9.5929049e-01   8.5220324e-01  -5.2358808e-01  -4.9329397e-01
   6.3981454e-01   2.7325182e+00  -2.0364049e-01  -8.1473178e-02  -6.8359847e-01  -6.1400644e-02  -2.7829495e-01   3.8362140e-01  -6.3067340e-01  -4.2048735e-01  -1.0236147e+00  -6.5861205e-01   1.1260183e+00   3.6968989e-01  -4.0938836e-01  -4.8827889e-01   6.6215781e-01   9.5929049e-01   8.5220324e-01  -5.2358808e-01  -4.9329397e-01
   6.3981454e-01   3.1258650e+00  -2.0364049e-01  -1.6358711e+00  -6.8359847e-01  -6.1400644e-02  -2.7829495e-01   3.8362140e-01  -5.1486125e-01  -4.2048735e-01  -9.8957168e-01  -2.6146668e-01   5.9146421e-01   3.6968989e-01  -7.5339482e-01   3.8658054e+00   6.6215781e-01   9.5929049e-01   8.5220324e-01  -4.5678741e-01  -4.9329397e-01
   6.3981454e-01   2.5805973e+00  -2.0364049e-01  -4.9665438e-01  -6.8359847e-01  -6.1400644e-02  -2.7829495e-01   3.8362140e-01  -5.1486125e-01  -4.2048735e-01  -9.3850714e-01  -2.6146668e-01   5.9146421e-01   3.6968989e-01  -4.0938836e-01   9.6308254e-01   6.6215781e-01   9.5929049e-01   8.5220324e-01  -4.9018775e-01  -4.9329397e-01
   6.3981454e-01   2.3097030e+00  -2.0364049e-01  -5.8481316e-01  -4.3939633e-01  -6.1400644e-02  -2.7829495e-01   3.2379594e-01  -3.9904909e-01  -4.2048735e-01  -9.0446412e-01   3.4748954e-01  -2.2818541e-01   3.6968989e-01  -6.5381895e-02   9.6308254e-01   6.6215781e-01   8.9544240e-01   7.8323599e-01  -3.5658641e-01   1.1400175e+00
   6.3981454e-01   2.5588194e+00  -2.0364049e-01  -7.3370550e-01  -4.0412036e-01  -6.1400644e-02  -2.7829495e-01   3.2379594e-01  -1.6742478e-01  -4.2048735e-01  -1.0746792e+00   3.4748954e-01  -2.2818541e-01   3.6968989e-01   2.7862457e-01   9.6308254e-01   6.6215781e-01   8.3159431e-01   7.8323599e-01  -3.2318608e-01   1.1400175e+00
   6.3981454e-01   2.8331224e+00  -2.0364049e-01  -6.6256998e-01  -6.8359847e-01  -6.1400644e-02  -2.7829495e-01   3.2379594e-01  -5.1486125e-01  -4.2048735e-01  -1.0236147e+00  -4.9655823e-02   3.0636869e-01   3.6968989e-01   2.7862457e-01   9.6308254e-01   6.6215781e-01   8.9544240e-01   7.8323599e-01  -4.5678741e-01   1.1400175e+00
   6.3981454e-01   1.0842322e+00  -2.0364049e-01  -1.6358711e+00   1.7514144e-01  -6.1400644e-02  -2.7829495e-01   2.6397047e-01   1.8001168e-01  -4.2048735e-01  -5.9807694e-01   4.7987133e-01  -3.7073317e-01   4.2469129e-01  -6.5381895e-02   9.6308254e-01   3.6157992e-01   5.7620196e-01   5.7633422e-01   1.0817257e-02   1.1400175e+00
   6.3981454e-01   8.8619614e-01  -2.0364049e-01  -8.0315793e-01   4.7723389e-01  -6.1400644e-02  -2.7829495e-01   2.6397047e-01   1.8001168e-01  -4.2048735e-01  -3.7679730e-01   4.7987133e-01  -3.7073317e-01   4.2469129e-01   2.7862457e-01   9.6308254e-01   3.6157992e-01   5.1235388e-01   5.7633422e-01   7.7617924e-02   1.1400175e+00
   6.3981454e-01   6.2975116e-01  -2.0364049e-01  -5.6414628e-01   6.4442219e-01  -6.1400644e-02  -2.7829495e-01   2.6397047e-01   1.8001168e-01  -4.2048735e-01  -4.2786183e-01   4.7987133e-01  -3.7073317e-01   4.2469129e-01   2.7862457e-01  -4.8827889e-01   3.6157992e-01   4.4850579e-01   5.0736697e-01   4.4217591e-02   1.1400175e+00
   6.3981454e-01   6.9208889e-01  -1.6523876e-01  -9.9882280e-01   7.9651566e-01  -6.1400644e-02  -2.7829495e-01   3.2379594e-01   2.9582384e-01  -4.2048735e-01  -4.4488334e-01   7.4463491e-01  -7.2710257e-01   4.2469129e-01   6.2263103e-01  -4.8827889e-01   3.6157992e-01   3.8465770e-01   5.0736697e-01   1.7781892e-01   1.1400175e+00
   6.3981454e-01  -1.4740783e-02  -1.5332414e-01  -3.8382025e-01   1.2557396e+00  -6.1400644e-02  -2.7829495e-01   3.2379594e-01   5.2744815e-01  -4.2048735e-01  -4.4488334e-01   7.4463491e-01  -7.2710257e-01   4.2469129e-01   1.3106440e+00  -4.8827889e-01   3.6157992e-01   2.5696153e-01   3.6943246e-01   3.7822093e-01   1.1400175e+00
   6.3981454e-01  -1.9820201e-01  -1.6352146e-01   3.6073901e-01   1.4812269e+00  -6.1400644e-02  -2.7829495e-01   3.2379594e-01   9.9069677e-01  -4.2048735e-01  -6.1509845e-01   7.4463491e-01  -7.2710257e-01   4.2469129e-01   9.6663750e-01  -4.8827889e-01   1.2111762e-01   1.2926535e-01   2.3149795e-01   1.7781892e-01   1.1400175e+00
   6.3981454e-01  -2.7656389e-01  -1.6787705e-01   7.3725556e-01   1.7975699e+00  -6.1400644e-02  -2.7829495e-01   3.8362140e-01   9.9069677e-01  -4.2048735e-01  -6.3211996e-01   1.0093985e+00  -1.0834720e+00   4.2469129e-01   6.2263103e-01  -4.8827889e-01   1.2111762e-01  -1.2612700e-01   1.6253070e-01   6.7882393e-01   1.1400175e+00
   6.3981454e-01  -4.0551063e-01  -1.6074619e-01  -2.1271938e-01   2.2922892e+00  -6.1400644e-02  -2.7829495e-01   3.8362140e-01   1.2223211e+00  -4.2048735e-01  -5.1296938e-01   1.0093985e+00  -1.0834720e+00   4.2469129e-01  -6.5381895e-02  -4.8827889e-01   1.2111762e-01  -2.5382317e-01   9.3563441e-02   8.4582560e-01   1.1400175e+00
   6.3981454e-01  -3.0846282e-01  -1.5265488e-01  -3.6716663e-01   2.0675883e+00  -6.1400644e-02  -2.7829495e-01   3.8362140e-01   1.1065089e+00  -4.2048735e-01  -4.1084032e-01   7.4463491e-01  -7.2710257e-01   4.2469129e-01   1.6546504e+00   9.6308254e-01  -5.9229110e-02  -6.2278910e-02   9.3563441e-02   3.7822093e-01   1.1400175e+00
   6.3981454e-01  -2.8384795e-01  -1.5060263e-01   1.2382467e-01   2.1783278e+00  -6.1400644e-02  -2.7829495e-01   3.2379594e-01   1.1065089e+00  -4.2048735e-01  -3.7679730e-01   7.4463491e-01  -7.2710257e-01   4.2469129e-01   6.2263103e-01  -4.8827889e-01   1.2111762e-01  -6.2278910e-02   9.3563441e-02   3.1142026e-01   1.1400175e+00
   6.3981454e-01  -5.4201259e-01  -1.4061344e-01   4.5524720e-01   2.7173454e+00  -6.1400644e-02  -2.7829495e-01   4.4344687e-01   1.3381332e+00  -4.2048735e-01  -9.8957168e-01   7.9758762e-01  -1.0834720e+00  -1.5319887e-02  -6.5381895e-02  -4.8827889e-01  -5.9229110e-02  -5.7306361e-01  -1.1333832e-01   9.1262626e-01   1.1400175e+00
   7.4563157e-01  -4.5601441e-01  -2.0364049e-01   6.1016262e-01  -6.8359847e-01  -6.1400644e-02  -2.7829495e-01   8.0239966e-01  -8.6229771e-01  -2.9600678e-01   5.5938577e-01  -6.0565933e-01   7.6964891e-01  -7.0321284e-02  -4.0938836e-01  -4.8827889e-01   8.4250453e-01   8.9544240e-01   9.2117049e-01  -5.5698841e-01   1.1400175e+00
   7.4563157e-01   9.5537046e-02  -2.0364049e-01   7.0508966e-01  -6.8359847e-01  -6.1400644e-02  -2.7829495e-01   8.0239966e-01  -1.0939220e+00  -4.2048735e-01  -1.9345583e-02  -3.4089576e-01   5.9146421e-01   2.0468570e-01  -4.0938836e-01  -4.8827889e-01   1.0228513e+00   1.2146828e+00   1.1970395e+00  -5.9038875e-01   1.1400175e+00
   7.4563157e-01  -4.7629171e-04  -2.0364049e-01   2.7179912e-01  -6.8359847e-01  -6.1400644e-02  -2.7829495e-01   8.0239966e-01  -9.7810987e-01  -4.2048735e-01   4.8740458e-02  -4.7327755e-01   7.6964891e-01   2.0468570e-01  -7.5339482e-01  -4.8827889e-01   1.0228513e+00   1.2146828e+00   1.1970395e+00  -5.9038875e-01   1.1400175e+00
   9.5726565e-01   5.2633669e-01  -2.0364049e-01   6.9794850e-01  -6.8359847e-01  -6.1400644e-02  -2.7829495e-01   8.0239966e-01  -9.7810987e-01  -4.2048735e-01  -1.9345583e-02  -9.2337562e-01   1.4823877e+00   3.6968989e-01  -1.4414078e+00  -4.8827889e-01   1.0228513e+00   1.2785309e+00   1.2660068e+00  -5.9038875e-01  -4.9329397e-01
   9.5726565e-01   3.3930361e-01  -2.0364049e-01   4.5420582e-01  -6.8359847e-01  -6.1400644e-02  -2.7829495e-01   8.0239966e-01  -1.0939220e+00  -4.2048735e-01  -7.0410115e-02  -9.7632834e-01   1.4467508e+00   2.0468570e-01  -1.4414078e+00  -4.8827889e-01   1.0228513e+00   1.2785309e+00   1.1970395e+00  -6.2378908e-01  -4.9329397e-01
   9.5726565e-01   1.5034316e-01  -2.0364049e-01   1.3248869e+00  -6.8359847e-01  -6.1400644e-02  -2.7829495e-01   8.0239966e-01  -9.7810987e-01  -4.2048735e-01  -5.3388604e-02  -2.8794304e-01   6.2710115e-01   3.6968989e-01  -4.0938836e-01   9.6308254e-01   1.0228513e+00   1.2785309e+00   1.2660068e+00  -5.5698841e-01   1.1400175e+00
   9.5726565e-01  -7.9385144e-03  -2.0364049e-01   1.2024119e+00  -6.8359847e-01  -6.1400644e-02  -2.7829495e-01   8.0239966e-01  -9.7810987e-01  -3.5824706e-01   4.8740458e-02  -3.6737211e-01   7.3401197e-01   3.6968989e-01  -4.0938836e-01   9.6308254e-01   1.0228513e+00   1.3423790e+00   1.3349740e+00  -5.5698841e-01   1.1400175e+00
   9.5726565e-01   3.3058447e-01  -2.0364049e-01   7.8566874e-01  -6.8359847e-01  -6.1400644e-02  -2.7829495e-01   8.0239966e-01  -9.7810987e-01  -2.3376649e-01   2.3597707e-01  -2.8794304e-01   6.2710115e-01   3.6968989e-01  -4.0938836e-01   9.6308254e-01   1.2031980e+00   1.3423790e+00   1.4039413e+00  -5.2358808e-01   1.1400175e+00
   9.5726565e-01   2.2679543e-01  -2.0364049e-01   1.1398395e+00  -6.8359847e-01  -6.1400644e-02  -2.7829495e-01   8.0239966e-01  -9.7810987e-01  -3.5824706e-01   1.5086952e-01  -2.8794304e-01   6.2710115e-01   3.6968989e-01  -4.0938836e-01   9.6308254e-01   1.4436603e+00   1.3423790e+00   1.4039413e+00  -3.8998675e-01   1.1400175e+00
   9.5726565e-01   1.5034316e-01  -2.0364049e-01   1.3248869e+00  -3.3964813e-01  -6.1400644e-02  -2.7829495e-01   7.4257419e-01  -8.6229771e-01  -3.5824706e-01   4.8740458e-02   2.9773250e-02   1.9945787e-01   3.6968989e-01  -4.0938836e-01  -4.8827889e-01   1.4436603e+00   1.2146828e+00   1.3349740e+00  -2.2298508e-01   1.1400175e+00
   9.5726565e-01   2.6829089e-01  -2.0364049e-01   1.3224521e+00  -3.7811628e-01  -6.1400644e-02  -2.7829495e-01   7.4257419e-01  -8.6229771e-01  -3.5824706e-01  -1.9345583e-02  -1.2908490e-01   4.1327951e-01   3.6968989e-01  -6.5381895e-02  -4.8827889e-01   1.4436603e+00   1.2146828e+00   1.3349740e+00  -2.5638541e-01   1.1400175e+00
   7.4563157e-01   7.3633803e-01  -1.5760872e-01   2.1822462e+00   1.4454390e+00  -6.1400644e-02  -2.7829495e-01   6.2292326e-01  -5.1612626e-02  -4.2048735e-01  -7.8531355e-01  -7.6132181e-02   1.6382093e-01   9.4682907e-02   2.7862457e-01  -4.8827889e-01   1.5037759e+00   4.4850579e-01   7.1426873e-01   1.7142343e+00   1.1400175e+00
   7.4563157e-01   6.9835296e-01  -1.6990841e-01   1.7216285e+00   1.3966131e+00  -6.1400644e-02  -2.7829495e-01   5.6309780e-01   1.8001168e-01  -4.2048735e-01  -1.0236147e+00   5.8577676e-01  -5.1328093e-01   4.2469129e-01  -6.5381895e-02   9.6308254e-01   1.5037759e+00   3.8465770e-01   5.7633422e-01   1.9146363e+00   1.1400175e+00
   7.4563157e-01   1.3558041e+00  -1.8255794e-01   1.5117848e+00   9.4156683e-01  -6.1400644e-02  -2.7829495e-01   4.4344687e-01   6.4199529e-02  -1.7152621e-01   3.3810613e-01   5.8577676e-01  -5.1328093e-01   4.2469129e-01   2.7862457e-01  -4.8827889e-01   1.3234291e+00   4.4850579e-01   5.7633422e-01   1.2132293e+00   1.1400175e+00
   7.4563157e-01   1.2518654e+00  -1.7777233e-01   1.3680268e+00   1.3104694e+00  -6.1400644e-02  -2.7829495e-01   5.0327233e-01   1.8001168e-01  -4.7045634e-02  -2.0658220e-01   5.8577676e-01  -5.1328093e-01   4.2469129e-01  -6.5381895e-02  -4.8827889e-01   1.3234291e+00   4.4850579e-01   6.4530148e-01   1.3468306e+00   1.1400175e+00
   7.4563157e-01   1.9395607e+00  -1.6958144e-01   1.7541729e+00   1.9418705e+00  -6.1400644e-02  -2.7829495e-01   3.8362140e-01   5.2744815e-01  -4.2048735e-01  -1.3980879e+00   5.8577676e-01  -5.1328093e-01   4.2469129e-01   2.7862457e-01  -4.8827889e-01   6.6215781e-01   1.9311344e-01   3.0046520e-01   7.1222426e-01   1.1400175e+00
   7.4563157e-01   1.7593847e+00  -1.7571658e-01   1.1435160e+00   1.4689384e+00  -6.1400644e-02  -2.7829495e-01   3.2379594e-01   6.4199529e-02  -4.2048735e-01   3.0406311e-01   6.6520583e-01  -5.1328093e-01   5.8969548e-01   6.2263103e-01  -4.8827889e-01   6.6215781e-01   3.2080961e-01   4.3839971e-01   5.4522259e-01   1.1400175e+00
   7.4563157e-01   1.3709818e+00  -1.7976444e-01   1.1366960e+00   1.1569058e+00  -6.1400644e-02  -2.7829495e-01   3.2379594e-01  -5.1612626e-02  -4.2048735e-01   1.0700311e+00   7.4463491e-01  -5.1328093e-01   7.5469967e-01   1.3106440e+00  -4.8827889e-01   1.5638914e+00   5.7620196e-01   7.1426873e-01   1.6808339e+00   1.1400175e+00
   7.4563157e-01   1.7278214e+00  -1.7604553e-01   1.1107745e+00   5.9270936e-01  -6.1400644e-02  -2.7829495e-01   3.2379594e-01  -5.1612626e-02  -4.2048735e-01   1.1551386e+00   7.4463491e-01  -5.1328093e-01   7.5469967e-01   1.9986569e+00  -4.8827889e-01   1.5638914e+00   7.0389814e-01   8.5220324e-01   1.2132293e+00   1.1400175e+00
   7.4563157e-01   2.2607140e+00  -2.0364049e-01   1.6635585e+00  -6.8359847e-01  -6.1400644e-02  -2.7829495e-01   3.2379594e-01  -6.3067340e-01  -4.2048735e-01   8.8279447e-01  -7.6132181e-02   5.9146421e-01   7.5469967e-01  -6.5381895e-02  -4.8827889e-01   1.5638914e+00   1.2785309e+00   1.4729085e+00   1.4441859e-01   1.1400175e+00
  -2.0672176e-01   5.8218490e-01  -2.0364049e-01   3.2120037e+00   3.1781805e+00  -6.1400644e-02  -2.7829495e-01   7.4257419e-01   6.4326030e-01  -4.2048735e-01  -1.3980879e+00   1.3535911e+00  -1.2972936e+00   8.0970107e-01  -6.5381895e-02   2.4144440e+00  -9.0084718e-01  -1.1476964e+00  -1.0099126e+00   2.4490416e+00  -4.9329397e-01
   8.5144861e-01  -2.6616597e-01  -1.7638444e-01   8.5096466e-01   5.7703396e-01  -6.1400644e-02  -2.7829495e-01   1.1613525e+00  -2.8323694e-01  -4.2048735e-01  -3.9381881e-01   3.2968922e-03   1.6382093e-01   2.5968710e-01   6.2263103e-01  -4.8827889e-01   3.6157992e-01   2.5696153e-01   3.6943246e-01  -8.9383744e-02  -4.9329397e-01
   8.5144861e-01  -2.1176193e-02  -1.7866116e-01   8.5042893e-01   8.5684257e-01  -6.1400644e-02  -2.7829495e-01   1.1613525e+00  -3.9904909e-01  -4.2048735e-01  -7.5127053e-01  -2.3179465e-02   1.9945787e-01   2.5968710e-01   2.7862457e-01  -4.8827889e-01   6.0204223e-01   4.4850579e-01   5.0736697e-01  -1.5618441e-01  -4.9329397e-01
   8.5144861e-01  -2.7000192e-03  -2.0364049e-01   4.7863638e-01   4.9548154e-01  -6.1400644e-02  -2.7829495e-01   1.2211779e+00  -6.3067340e-01  -4.2048735e-01  -4.6190485e-01  -2.3179465e-02   1.9945787e-01   2.5968710e-01  -6.5381895e-02  -4.8827889e-01   5.4192665e-01   5.1235388e-01   5.7633422e-01  -2.5638541e-01  -4.9329397e-01
   8.5144861e-01   1.5261322e-01  -1.8128359e-01   9.6028667e-01   6.9512075e-01  -6.1400644e-02  -2.7829495e-01   1.1613525e+00  -5.1486125e-01  -4.2048735e-01  -4.2786183e-01  -1.2908490e-01   1.9945787e-01   3.9681510e-02  -6.5381895e-02  -4.8827889e-01   5.4192665e-01   3.8465770e-01   5.0736697e-01  -1.2278408e-01   1.1400175e+00
   8.5144861e-01   4.0565579e-02  -1.8361907e-01   1.0212194e+00   8.5976839e-01  -6.1400644e-02  -2.7829495e-01   1.1015270e+00  -2.8323694e-01  -4.2048735e-01  -3.4275428e-01  -1.0260854e-01   1.6382093e-01   3.9681510e-02   6.2263103e-01  -4.8827889e-01   6.6215781e-01   2.5696153e-01   4.3839971e-01   1.4441859e-01   1.1400175e+00
   8.5144861e-01  -1.3792913e-01  -1.8190590e-01   8.8802247e-01   6.5674403e-01  -6.1400644e-02  -2.7829495e-01   1.1015270e+00  -2.8323694e-01  -4.2048735e-01  -4.9594787e-01  -1.5556125e-01   9.2547050e-02  -1.8032408e-01  -6.5381895e-02  -4.8827889e-01   4.2169550e-01   1.9311344e-01   4.3839971e-01  -5.5983410e-02   1.1400175e+00
   8.5144861e-01  -3.8763928e-01  -1.8144833e-01   9.4115710e-01   6.8496178e-01  -6.1400644e-02  -2.7829495e-01   1.1613525e+00  -2.8323694e-01  -4.2048735e-01  -3.9381881e-01  -1.5556125e-01   9.2547050e-02  -1.8032408e-01  -7.5339482e-01  -4.8827889e-01   4.2169550e-01   1.2926535e-01   3.6943246e-01  -5.5983410e-02   1.1400175e+00
   8.5144861e-01  -4.6148284e-01  -1.8452666e-01   9.0077107e-01   7.8980616e-01  -6.1400644e-02  -2.7829495e-01   1.1613525e+00  -2.8323694e-01  -4.2048735e-01  -2.9168975e-01  -2.0851397e-01   1.6382093e-01  -1.8032408e-01   2.7862457e-01  -4.8827889e-01   4.2169550e-01   6.5417265e-02   3.0046520e-01   1.0817257e-02   1.1400175e+00
   8.5144861e-01  -3.7735789e-01  -1.8101973e-01   9.9092801e-01   7.1139320e-01  -6.1400644e-02  -2.7829495e-01   1.1015270e+00  -5.1612626e-02  -4.2048735e-01  -2.7466824e-01  -1.0260854e-01   9.2547050e-02  -7.0321284e-02   9.6663750e-01  -4.8827889e-01   3.6157992e-01   6.5417265e-02   3.0046520e-01   4.4217591e-02   1.1400175e+00
   8.5144861e-01  -2.5918920e-01  -1.8527590e-01   8.0133823e-01   1.0151806e+00  -6.1400644e-02  -2.7829495e-01   1.1015270e+00   6.4199529e-02  -4.2048735e-01  -1.7253918e-01   2.0949291e+00  -5.4891787e-01   3.5047695e+00   1.6546504e+00  -4.8827889e-01   3.6157992e-01  -8.2845596e-01   3.6943246e-01   4.4217591e-02  -4.9329397e-01
   8.5144861e-01  -4.3370798e-01  -1.4282544e-01   3.8185701e-01   1.1915923e+00  -6.1400644e-02  -2.7829495e-01   1.0417015e+00   1.8001168e-01  -4.2048735e-01   1.5086952e-01   2.0949291e+00  -5.4891787e-01   3.5047695e+00   1.6546504e+00  -4.8827889e-01   3.6157992e-01  -9.5615213e-01   3.6943246e-01  -2.2583076e-02  -4.9329397e-01
   8.5144861e-01  -4.7401694e-01  -1.6645786e-01  -9.3809646e-02   1.0361532e+00  -6.1400644e-02  -2.7829495e-01   1.1015270e+00  -1.6742478e-01  -3.5824706e-01   1.5086952e-01   2.0949291e+00  -5.4891787e-01   3.5047695e+00   9.6663750e-01  -4.8827889e-01   3.6157992e-01  -7.6460787e-01   4.3839971e-01  -1.2278408e-01  -4.9329397e-01
   8.5144861e-01  -6.8671737e-01  -1.6474279e-01   2.9995662e-01   1.1154775e+00  -6.1400644e-02  -2.7829495e-01   1.1015270e+00   6.4199529e-02  -3.5824706e-01   2.1895556e-01   2.3596927e+00  -9.0528727e-01   3.5047695e+00   2.7862457e-01   9.6308254e-01   3.6157992e-01  -9.5615213e-01   3.0046520e-01   2.1121926e-01  -4.9329397e-01
   8.5144861e-01  -6.8628618e-01  -1.4518610e-01  -1.9699487e-02   1.1188030e+00  -6.1400644e-02  -2.7829495e-01   1.0417015e+00   6.4199529e-02  -3.5824706e-01  -1.2147465e-01   2.3596927e+00  -9.0528727e-01   3.5047695e+00   2.7862457e-01   9.6308254e-01   3.6157992e-01  -9.5615213e-01   3.6943246e-01   2.1121926e-01  -4.9329397e-01
   8.5144861e-01  -9.1998844e-01  -1.3592352e-01   2.3639625e-01   7.0840605e-01  -6.1400644e-02  -2.7829495e-01   1.1015270e+00  -2.8323694e-01  -2.3376649e-01  -1.9345583e-02   5.3282404e-01  -9.0528727e-01  -2.9032687e-01  -4.0938836e-01   2.4144440e+00   2.4134877e-01  -1.2612700e-01   1.6253070e-01   2.4461959e-01   1.1400175e+00
   8.5144861e-01  -9.1998844e-01  -1.2931893e-01   8.0280042e-03   4.6222900e-01  -6.1400644e-02  -2.7829495e-01   1.1015270e+00  -2.8323694e-01  -2.3376649e-01  -1.9345583e-02   5.3282404e-01  -9.0528727e-01  -2.9032687e-01  -7.5339482e-01   2.4144440e+00   2.4134877e-01   1.5691775e-03   2.3149795e-01   4.4217591e-02   1.1400175e+00
   8.5144861e-01  -9.1998844e-01  -1.4089481e-01   9.8948045e-02   2.8376183e-01  -6.1400644e-02   1.3664177e+00   1.1015270e+00   2.9582384e-01  -1.0928592e-01  -7.1722751e-01   2.4158411e-01  -9.0528727e-01  -8.9534224e-01  -6.5381895e-02   9.6308254e-01   2.4134877e-01  -3.8151935e-01  -2.5127283e-01   3.7822093e-01   1.1400175e+00
   8.5144861e-01  -9.1998844e-01  -1.1591837e-01   1.2745828e+00   6.6882759e-01  -6.1400644e-02   2.0211092e+00   1.1613525e+00  -1.6742478e-01  -4.2048735e-01  -3.0871126e-01  -3.6737211e-01   2.1273171e-02  -7.3033805e-01  -6.5381895e-02  -4.8827889e-01   1.8123320e-01  -3.1767126e-01  -2.5127283e-01   1.0817257e-02   1.1400175e+00
   1.1072935e-01  -5.8057119e-01  -1.7534176e-01   2.4192507e-01   1.0615455e+00  -6.1400644e-02  -2.7829495e-01   7.4257419e-01   1.3381332e+00  -4.2048735e-01  -1.1427653e+00   1.8863140e-01  -2.6382235e-01  -1.5319887e-02   6.2263103e-01  -4.8827889e-01  -2.3957584e-01  -5.0921552e-01  -3.2024009e-01   1.0817257e-02  -4.9329397e-01
   1.1072935e-01  -9.1998844e-01  -1.8064970e-01   1.4152917e+00   1.0886647e+00  -6.1400644e-02  -2.7829495e-01   8.0239966e-01   1.3381332e+00  -4.2048735e-01  -1.1938298e+00  -2.0851397e-01  -2.6382235e-01  -8.4034084e-01  -6.5381895e-02  -4.8827889e-01  -5.9229110e-02  -6.3691169e-01  -3.2024009e-01   1.0817257e-02   1.1400175e+00
   1.1072935e-01  -9.1998844e-01  -1.6048276e-01   8.6993932e-01   6.4714077e-01  -6.1400644e-02  -2.7829495e-01   9.2205059e-01   8.7488462e-01  -4.2048735e-01  -1.2108513e+00  -2.3499033e-01  -2.6382235e-01  -8.9534224e-01  -1.0974013e+00  -4.8827889e-01  -5.9229110e-02  -5.7306361e-01  -3.2024009e-01  -5.5983410e-02   1.1400175e+00
   1.1072935e-01  -9.1998844e-01  -1.1697019e-01   5.2079616e-01   6.5261143e-01  -6.1400644e-02  -2.7829495e-01   9.2205059e-01   1.2223211e+00  -4.2048735e-01  -1.3980879e+00  -2.3499033e-01  -2.6382235e-01  -8.9534224e-01  -7.5339482e-01  -4.8827889e-01  -2.9969141e-01  -7.0075978e-01  -4.5817459e-01  -2.2298508e-01   1.1400175e+00
   1.1072935e-01  -9.1998844e-01  -1.3936442e-01   1.5629662e+00   5.5509459e-01  -6.1400644e-02  -2.7829495e-01   9.8187606e-01   1.2223211e+00  -4.2048735e-01  -1.3810664e+00  -3.1441940e-01  -1.5691153e-01  -8.9534224e-01  -7.5339482e-01  -4.8827889e-01  -1.7946026e-01  -6.3691169e-01  -4.5817459e-01  -2.2298508e-01   1.1400175e+00
   1.1072935e-01  -9.1998844e-01  -1.2039252e-01   1.1261391e+00   2.7898710e-01  -6.1400644e-02  -2.7829495e-01   9.8187606e-01   1.6855697e+00  -4.2048735e-01  -1.3810664e+00  -6.5861205e-01   9.2547050e-02  -1.2253506e+00  -4.0938836e-01  -4.8827889e-01  -1.7946026e-01  -5.7306361e-01  -3.2024009e-01  -3.8998675e-01   1.1400175e+00
   1.1072935e-01  -9.1998844e-01  -1.3642726e-01   1.3374725e+00   3.5263871e-01  -6.1400644e-02  -2.7829495e-01   1.1015270e+00   1.1065089e+00  -4.2048735e-01  -1.3810664e+00  -9.2337562e-01   4.4891645e-01  -1.2253506e+00  -7.5339482e-01  -4.8827889e-01  -1.7946026e-01  -5.0921552e-01  -3.8920734e-01  -4.2338708e-01   1.1400175e+00
   1.1072935e-01  -9.1998844e-01  -1.3592352e-01   1.3597567e+00   3.6040492e-01  -6.1400644e-02  -2.7829495e-01   1.1015270e+00   9.9069677e-01  -4.2048735e-01  -1.3129804e+00  -1.0028047e+00   4.4891645e-01  -1.3903548e+00  -7.5339482e-01  -4.8827889e-01  -1.7946026e-01  -5.7306361e-01  -4.5817459e-01  -4.2338708e-01   1.1400175e+00
   1.1072935e-01  -9.1998844e-01  -1.3621229e-01   1.3469821e+00   3.5595288e-01  -6.1400644e-02  -2.7829495e-01   1.1015270e+00   8.7488462e-01  -4.2048735e-01  -1.3129804e+00  -1.0028047e+00   4.4891645e-01  -1.3903548e+00  -1.0974013e+00  -4.8827889e-01  -1.7946026e-01  -5.7306361e-01  -4.5817459e-01  -4.2338708e-01   1.1400175e+00
   1.1072935e-01  -9.1998844e-01  -1.2907798e-01   1.1472022e+00   4.6594374e-01  -6.1400644e-02  -2.7829495e-01   1.0417015e+00   8.7488462e-01  -4.2048735e-01  -1.3129804e+00  -6.8508841e-01   2.3509481e-01  -1.0603464e+00  -7.5339482e-01  -4.8827889e-01  -1.7946026e-01  -6.3691169e-01  -5.2714185e-01  -3.2318608e-01   1.1400175e+00
   1.1072935e-01  -9.1998844e-01  -1.3342384e-01   9.8499139e-01   3.9894295e-01  -6.1400644e-02  -2.7829495e-01   1.0417015e+00   7.5907246e-01  -4.2048735e-01  -1.0065932e+00   3.2968922e-03  -8.5637649e-02  -1.2532268e-01  -6.5381895e-02  -4.8827889e-01  -1.7946026e-01  -5.7306361e-01  -4.5817459e-01  -2.8978574e-01  -4.9329397e-01
   1.1072935e-01  -9.1998844e-01  -1.2854681e-01   5.4416166e-01   4.7413282e-01  -6.1400644e-02  -2.7829495e-01   1.0417015e+00   7.5907246e-01  -4.2048735e-01  -1.1257438e+00   6.3872948e-01  -9.4092421e-01  -1.2532268e-01  -7.5339482e-01  -4.8827889e-01  -1.7946026e-01  -7.0075978e-01  -5.2714185e-01   1.4441859e-01  -4.9329397e-01
   1.1072935e-01  -9.1998844e-01  -1.3474327e-01   7.8538399e-02   6.4415095e-01  -6.1400644e-02  -2.7829495e-01   1.0417015e+00   6.4326030e-01  -4.2048735e-01  -1.1257438e+00   6.9168219e-01  -1.0121981e+00  -1.2532268e-01  -4.0938836e-01  -4.8827889e-01  -1.7946026e-01  -8.9230404e-01  -5.9610910e-01   7.7902493e-01  -4.9329397e-01
   1.1072935e-01  -9.1998844e-01  -1.1845847e-01   1.3049022e-01   6.2966640e-01  -6.1400644e-02  -2.7829495e-01   1.0417015e+00   8.7488462e-01  -4.2048735e-01  -1.0576577e+00   7.7111126e-01  -1.0121981e+00   3.9681510e-02  -4.0938836e-01  -4.8827889e-01  -4.1992257e-01  -1.0200002e+00  -5.9610910e-01   7.7902493e-01  -4.9329397e-01
   6.3981454e-01   7.5461980e-01  -2.0364049e-01   3.4940538e-01  -6.8359847e-01  -6.1400644e-02  -2.7829495e-01   8.0239966e-01  -9.7810987e-01  -4.2048735e-01   1.0530096e+00  -6.3213569e-01   1.5180246e+00   1.0297067e+00  -1.0974013e+00  -4.8827889e-01   9.6273569e-01   1.5339233e+00   1.2660068e+00  -1.2278408e-01  -4.9329397e-01
   6.3981454e-01   3.2107092e-01  -2.0364049e-01   8.0641978e-02  -6.8359847e-01  -6.1400644e-02  -2.7829495e-01   8.0239966e-01  -9.7810987e-01  -4.2048735e-01   1.8870636e+00  -7.3804112e-01   1.6605724e+00   1.0297067e+00  -4.0938836e-01  -4.8827889e-01   7.8238896e-01   1.7254675e+00   1.6798103e+00   2.1121926e-01   1.1400175e+00
   6.3981454e-01   1.9105994e+00  -2.0364049e-01   1.0412660e-01  -6.8359847e-01  -6.1400644e-02  -2.7829495e-01   7.4257419e-01  -8.6229771e-01  -4.2048735e-01  -7.6829204e-01  -6.8508841e-01   1.5892985e+00   1.0297067e+00  -4.0938836e-01  -4.8827889e-01   9.6273569e-01   1.7254675e+00   1.6798103e+00   1.0817257e-02   1.1400175e+00
   6.3981454e-01   1.7109857e+00  -2.0364049e-01   3.8574472e-01  -6.8359847e-01  -6.1400644e-02  -2.7829495e-01   7.4257419e-01  -7.4648556e-01  -4.2048735e-01  -7.5127053e-01  -6.0565933e-01   1.3042030e+00   7.5469967e-01  -4.0938836e-01  -4.8827889e-01   7.8238896e-01   1.0869867e+00   9.2117049e-01  -3.5658641e-01  -4.9329397e-01
   6.3981454e-01   1.4711779e+00  -2.0364049e-01   1.7743734e-02  -6.8359847e-01  -6.1400644e-02  -2.7829495e-01   7.4257419e-01  -7.4648556e-01  -4.2048735e-01  -1.5551767e-01  -8.7042291e-01   1.3042030e+00   2.0468570e-01  -7.5339482e-01  -4.8827889e-01   7.2227338e-01   7.6774622e-01   7.8323599e-01  -4.9018775e-01  -4.9329397e-01
   6.3981454e-01   7.7899819e-01  -2.0364049e-01  -6.9288637e-02  -6.8359847e-01  -6.1400644e-02  -2.7829495e-01   8.6222513e-01  -8.6229771e-01  -4.2048735e-01   4.8740458e-02  -8.1747019e-01   1.2329291e+00   2.0468570e-01  -1.0974013e+00  -4.8827889e-01   7.2227338e-01   7.6774622e-01   7.1426873e-01  -4.9018775e-01  -4.9329397e-01
   6.3981454e-01   2.6024887e-01  -2.0364049e-01  -3.4811897e-03  -6.8359847e-01  -6.1400644e-02  -2.7829495e-01   8.6222513e-01  -7.4648556e-01  -4.2048735e-01  -3.6367094e-02  -8.1747019e-01   1.2329291e+00   2.0468570e-01  -7.5339482e-01  -4.8827889e-01   7.2227338e-01   6.4005005e-01   5.7633422e-01  -4.5678741e-01  -4.9329397e-01
   6.3981454e-01   5.9569094e-01  -2.0364049e-01   1.1107964e-01  -6.8359847e-01  -6.1400644e-02  -2.7829495e-01   8.6222513e-01  -7.4648556e-01  -4.2048735e-01  -8.7431625e-02  -8.1747019e-01   1.2329291e+00   2.0468570e-01  -4.0938836e-01  -4.8827889e-01   7.2227338e-01   7.0389814e-01   6.4530148e-01  -4.9018775e-01  -4.9329397e-01
   6.3981454e-01   6.8857291e-01  -2.0364049e-01  -3.0098738e-01  -6.8359847e-01  -6.1400644e-02  -2.7829495e-01   9.2205059e-01  -8.6229771e-01  -4.2048735e-01  -8.7431625e-02  -8.1747019e-01   1.2329291e+00   2.0468570e-01  -1.0974013e+00  -4.8827889e-01   7.2227338e-01   7.6774622e-01   6.4530148e-01  -4.9018775e-01  -4.9329397e-01
   6.3981454e-01   5.0220416e-01  -1.5621068e-01  -4.5564770e-01  -6.8359847e-01  -6.1400644e-02  -2.7829495e-01   9.2205059e-01  -7.4648556e-01  -4.2048735e-01  -1.3849616e-01  -8.1747019e-01   1.2329291e+00   2.0468570e-01  -1.0974013e+00  -4.8827889e-01   7.2227338e-01   7.0389814e-01   7.1426873e-01  -4.9018775e-01  -4.9329397e-01
   3.2236343e-01   2.0296662e+00  -1.5892670e-01  -1.5235241e-01  -6.8359847e-01  -6.1400644e-02  -2.7829495e-01   9.2205059e-01  -6.3067340e-01  -4.2048735e-01  -1.3129804e+00  -7.9099384e-01   1.1972922e+00   2.0468570e-01  -4.0938836e-01  -4.8827889e-01   7.2227338e-01   7.0389814e-01   7.1426873e-01  -4.9018775e-01  -4.9329397e-01
   3.2236343e-01   1.9534871e+00  -1.6371142e-01  -3.1110013e-01  -6.8359847e-01  -6.1400644e-02  -2.7829495e-01   9.2205059e-01  -6.3067340e-01  -4.2048735e-01  -1.3300019e+00  -7.9099384e-01   1.1972922e+00   2.0468570e-01  -4.0938836e-01  -4.8827889e-01   7.2227338e-01   7.0389814e-01   6.4530148e-01  -4.9018775e-01  -4.9329397e-01
   3.2236343e-01   2.1232547e+00  -1.5750800e-01  -8.7057673e-01  -6.8359847e-01  -6.1400644e-02  -2.7829495e-01   8.6222513e-01  -5.1486125e-01  -4.2048735e-01  -1.3129804e+00  -9.2337562e-01   1.1972922e+00  -7.0321284e-02  -1.0974013e+00  -4.8827889e-01   7.2227338e-01   6.4005005e-01   6.4530148e-01  -4.9018775e-01  -4.9329397e-01
   3.2236343e-01   1.8526634e+00  -1.5740683e-01  -1.0192577e-01  -6.8359847e-01  -6.1400644e-02  -2.7829495e-01   9.2205059e-01  -6.3067340e-01  -4.2048735e-01  -1.3129804e+00  -9.2337562e-01   1.1972922e+00  -7.0321284e-02  -1.0974013e+00  -4.8827889e-01   7.2227338e-01   6.4005005e-01   6.4530148e-01  -4.9018775e-01  -4.9329397e-01
   3.2236343e-01   1.3580822e+00  -1.5615727e-01   3.3338304e-01  -6.8359847e-01  -6.1400644e-02  -2.7829495e-01   9.2205059e-01  -6.3067340e-01  -4.2048735e-01  -7.5127053e-01  -9.2337562e-01   1.1972922e+00  -7.0321284e-02  -7.5339482e-01  -4.8827889e-01   7.2227338e-01   6.4005005e-01   6.4530148e-01  -4.9018775e-01  -4.9329397e-01
   3.2236343e-01   9.5656699e-01  -1.6452630e-01   6.3516487e-01  -6.8359847e-01  -6.1400644e-02  -2.7829495e-01   9.2205059e-01  -5.1486125e-01  -4.2048735e-01  -5.1296938e-01  -8.9689927e-01   1.1616552e+00  -7.0321284e-02  -1.4414078e+00  -4.8827889e-01   7.2227338e-01   5.7620196e-01   5.7633422e-01  -4.5678741e-01  -4.9329397e-01
   3.2236343e-01   9.6707010e-01  -1.5868836e-01   6.0126881e-01  -6.8359847e-01  -6.1400644e-02  -2.7829495e-01   1.0417015e+00  -6.3067340e-01  -3.5824706e-01  -2.3240730e-03  -8.7042291e-01   1.0191075e+00  -2.3532547e-01  -1.0974013e+00  -4.8827889e-01   7.2227338e-01   5.7620196e-01   6.4530148e-01  -4.2338708e-01  -4.9329397e-01
   3.2236343e-01   6.4782457e-01  -1.6629319e-01   1.1521323e+00  -6.8359847e-01  -6.1400644e-02  -2.7829495e-01   1.1015270e+00  -7.4648556e-01  -4.2048735e-01   2.1895556e-01  -8.9689927e-01   1.0547444e+00  -2.3532547e-01  -1.0974013e+00  -4.8827889e-01   6.6215781e-01   5.1235388e-01   5.7633422e-01  -4.9018775e-01  -4.9329397e-01
   3.2236343e-01   4.4390501e-01  -2.0364049e-01  -8.8130902e-01  -6.8359847e-01  -6.1400644e-02  -2.7829495e-01   1.1015270e+00  -7.4648556e-01  -4.2048735e-01   2.8704160e-01  -8.7042291e-01   1.0191075e+00  -2.3532547e-01  -1.0974013e+00  -4.8827889e-01   6.6215781e-01   5.1235388e-01   4.3839971e-01  -4.5678741e-01  -4.9329397e-01
   3.2236343e-01  -1.0429216e-01  -2.0364049e-01  -8.8374310e-01  -6.8359847e-01  -6.1400644e-02  -2.7829495e-01   1.1613525e+00  -8.6229771e-01  -4.2048735e-01   2.1895556e-01  -8.7042291e-01   1.0191075e+00  -2.3532547e-01  -7.5339482e-01  -4.8827889e-01   6.6215781e-01   5.1235388e-01   4.3839971e-01  -4.5678741e-01  -4.9329397e-01
   3.2236343e-01  -3.8025345e-01  -2.0364049e-01  -5.1610738e-01  -6.8359847e-01  -6.1400644e-02  -2.7829495e-01   1.1613525e+00  -9.7810987e-01  -4.2048735e-01   3.3810613e-01  -8.7042291e-01   1.0191075e+00  -2.3532547e-01  -4.0938836e-01  -4.8827889e-01   6.6215781e-01   5.1235388e-01   4.3839971e-01  -4.5678741e-01  -4.9329397e-01
   3.2236343e-01  -6.5012093e-01  -2.0364049e-01  -5.1610738e-01  -6.8359847e-01  -6.1400644e-02  -2.7829495e-01   1.2211779e+00  -9.7810987e-01  -4.2048735e-01   3.5512765e-01  -9.4985198e-01   1.0191075e+00  -4.0032967e-01  -6.5381895e-02  -4.8827889e-01   6.6215781e-01   5.1235388e-01   4.3839971e-01  -4.9018775e-01  -4.9329397e-01
   3.2236343e-01   1.1632531e+00  -1.8709867e-01  -2.6380545e-01  -6.8359847e-01  -6.1400644e-02  -2.7829495e-01   9.8187606e-01  -7.4648556e-01  -4.2048735e-01  -2.5764673e-01  -6.8508841e-01   1.0547444e+00   2.0468570e-01  -7.5339482e-01  -4.8827889e-01   7.2227338e-01   6.4005005e-01   5.7633422e-01  -4.9018775e-01  -4.9329397e-01
   3.2236343e-01   9.1503218e-01  -2.0364049e-01  -1.1305746e-01  -6.8359847e-01  -6.1400644e-02  -2.7829495e-01   8.0239966e-01  -7.4648556e-01  -4.2048735e-01  -1.2147465e-01  -6.3213569e-01   1.0903814e+00   3.6968989e-01  -4.0938836e-01  -4.8827889e-01   6.6215781e-01   8.3159431e-01   7.1426873e-01  -4.2338708e-01  -4.9329397e-01
   3.2236343e-01   9.5309188e-01  -2.0364049e-01   9.1237722e-02  -6.8359847e-01  -6.1400644e-02  -2.7829495e-01   8.0239966e-01  -7.4648556e-01  -4.2048735e-01  -2.2360371e-01  -6.3213569e-01   1.0903814e+00   3.6968989e-01  -7.5339482e-01  -4.8827889e-01   7.2227338e-01   8.3159431e-01   7.1426873e-01  -4.2338708e-01  -4.9329397e-01
   3.2236343e-01   7.0511337e-01  -2.0364049e-01  -2.8726108e-01  -6.8359847e-01  -6.1400644e-02  -2.7829495e-01   8.0239966e-01  -5.1486125e-01  -4.2048735e-01  -4.4488334e-01  -8.1747019e-01   1.0903814e+00  -1.5319887e-02  -4.0938836e-01  -4.8827889e-01   6.6215781e-01   7.0389814e-01   6.4530148e-01  -4.9018775e-01  -4.9329397e-01
   3.2236343e-01   6.2943462e-01  -2.0364049e-01  -1.2072688e+00  -6.8359847e-01  -6.1400644e-02  -2.7829495e-01   8.0239966e-01  -3.9904909e-01  -4.2048735e-01  -6.6616298e-01  -5.5270662e-01   7.3401197e-01  -1.5319887e-02  -4.0938836e-01  -4.8827889e-01   3.0146435e-01   6.4005005e-01   5.7633422e-01  -4.2338708e-01  -4.9329397e-01
   3.2236343e-01   6.8449027e-01  -2.0364049e-01  -1.6358711e+00  -6.8359847e-01  -6.1400644e-02  -2.7829495e-01   8.0239966e-01  -2.8323694e-01  -4.2048735e-01  -5.1296938e-01  -6.0565933e-01   7.3401197e-01  -1.2532268e-01  -7.5339482e-01  -4.8827889e-01   3.0146435e-01   5.1235388e-01   4.3839971e-01  -4.9018775e-01  -4.9329397e-01
   3.2236343e-01   1.0676033e+00  -2.0364049e-01   1.9682517e-01  -6.8359847e-01  -6.1400644e-02  -2.7829495e-01   8.0239966e-01  -5.1486125e-01  -4.2048735e-01  -5.9807694e-01  -4.2032483e-01   8.0528585e-01   3.6968989e-01  -4.0938836e-01  -4.8827889e-01   3.0146435e-01   7.0389814e-01   6.4530148e-01  -3.5658641e-01  -4.9329397e-01
  -7.3580694e-01  -9.1998844e-01  -2.0364049e-01   9.0215167e-01   2.1468781e+00  -6.1400644e-02  -2.7829495e-01   1.0417015e+00   1.8001168e-01  -4.2048735e-01  -1.1427653e+00  -2.3179465e-02  -7.9837645e-01  -1.2803520e+00   9.6663750e-01  -4.8827889e-01  -4.1992257e-01  -1.0200002e+00  -8.0301087e-01   3.7822093e-01   1.1400175e+00
  -7.3580694e-01  -9.1998844e-01  -2.0364049e-01   8.8326125e-01   2.0477718e+00  -6.1400644e-02  -2.7829495e-01   1.0417015e+00   2.9582384e-01  -4.2048735e-01  -1.1938298e+00  -2.3179465e-02  -7.9837645e-01  -1.2803520e+00   1.6546504e+00  -4.8827889e-01  -4.8003814e-01  -1.0200002e+00  -7.3404361e-01   2.7801993e-01   1.1400175e+00
  -7.3580694e-01  -9.1998844e-01  -2.0364049e-01   7.5306018e-01   1.9806069e+00  -6.1400644e-02  -2.7829495e-01   1.0417015e+00  -5.1612626e-02  -4.2048735e-01  -1.1597868e+00  -2.3179465e-02  -7.9837645e-01  -1.2803520e+00   1.3106440e+00  -4.8827889e-01  -4.8003814e-01  -1.0200002e+00  -8.0301087e-01   3.1142026e-01   1.1400175e+00
  -7.3580694e-01  -9.1998844e-01  -2.0364049e-01   1.0648203e+00   2.2446273e+00  -6.1400644e-02  -2.7829495e-01   1.0417015e+00  -1.6742478e-01  -4.2048735e-01  -1.1768083e+00  -1.0260854e-01  -7.9837645e-01  -1.4453562e+00   6.2263103e-01  -4.8827889e-01  -4.8003814e-01  -1.0200002e+00  -8.7197812e-01   1.4441859e-01   1.1400175e+00
  -7.3580694e-01  -9.1998844e-01  -1.7780403e-01   9.3574317e-01   1.7063505e+00  -6.1400644e-02  -2.7829495e-01   1.0417015e+00   5.2744815e-01  -4.2048735e-01  -1.1257438e+00  -1.0260854e-01  -7.9837645e-01  -1.4453562e+00   6.2263103e-01  -4.8827889e-01  -3.5980699e-01  -9.5615213e-01  -6.6507636e-01   1.4441859e-01   1.1400175e+00
  -7.3580694e-01  -9.1998844e-01  -1.8069974e-01   1.4086516e+00   2.1458515e+00  -6.1400644e-02  -2.7829495e-01   1.1015270e+00   1.8001168e-01  -4.2048735e-01  -1.1087222e+00  -1.0260854e-01  -7.9837645e-01  -1.4453562e+00  -6.5381895e-02  -4.8827889e-01  -3.5980699e-01  -1.0838483e+00  -8.7197812e-01   3.7822093e-01   1.1400175e+00
  -7.3580694e-01  -9.1998844e-01  -1.7951858e-01   1.5654062e+00   1.9196411e+00  -6.1400644e-02  -2.7829495e-01   1.0417015e+00   2.9582384e-01  -4.2048735e-01  -1.2108513e+00  -4.9655823e-02  -7.9837645e-01  -1.3353534e+00   2.7862457e-01  -4.8827889e-01  -3.5980699e-01  -1.0838483e+00  -8.0301087e-01   2.7801993e-01   1.1400175e+00
  -7.3580694e-01  -9.1998844e-01  -1.8825176e-01   1.1722566e+00   1.9261560e+00  -6.1400644e-02  -2.7829495e-01   1.0417015e+00   2.9582384e-01  -4.2048735e-01  -1.1768083e+00  -1.2908490e-01  -6.9146563e-01  -1.3353534e+00   1.3106440e+00  -4.8827889e-01  -3.5980699e-01  -1.0200002e+00  -8.0301087e-01   3.1142026e-01   1.1400175e+00
  -7.3580694e-01  -6.8585340e-01  -1.8411961e-01   1.2786251e+00   1.7240538e+00  -6.1400644e-02  -2.7829495e-01   1.0417015e+00   1.8001168e-01  -4.2048735e-01  -5.8105543e-01   2.1510775e-01  -6.9146563e-01  -6.2033525e-01   2.7862457e-01  -4.8827889e-01  -3.5980699e-01  -9.5615213e-01  -8.0301087e-01   3.1142026e-01  -4.9329397e-01
  -7.3580694e-01  -9.1998844e-01  -1.7748348e-01   9.6764903e-01   1.7360025e+00  -6.1400644e-02  -2.7829495e-01   9.8187606e-01   4.1163599e-01  -4.2048735e-01  -5.2999089e-01  -2.3179465e-02  -5.8455481e-01  -9.5034364e-01  -6.5381895e-02  -4.8827889e-01  -3.5980699e-01  -1.0200002e+00  -8.0301087e-01   1.7781892e-01   1.1400175e+00
  -7.3580694e-01   5.0060618e-01  -1.6416006e-01   1.6388437e+00   5.3375383e-01  -6.1400644e-02  -2.7829495e-01   8.6222513e-01   7.5907246e-01  -4.2048735e-01  -7.0410115e-02   4.2691861e-01  -5.8455481e-01  -1.5319887e-02   1.3106440e+00   9.6308254e-01  -2.9969141e-01  -7.0075978e-01  -7.3404361e-01   2.1121926e-01  -4.9329397e-01
  -7.3580694e-01   2.7465333e-01  -1.7043962e-01   5.6721261e-01   1.3638539e+00  -6.1400644e-02  -2.7829495e-01   9.2205059e-01   5.2744815e-01  -4.2048735e-01  -2.5764673e-01   4.2691861e-01  -5.8455481e-01  -1.5319887e-02   6.2263103e-01   9.6308254e-01  -3.5980699e-01  -7.6460787e-01  -8.7197812e-01   1.7781892e-01  -4.9329397e-01
  -7.3580694e-01   2.5431113e-01  -1.7100496e-01   5.2969881e-01   2.3352844e+00  -6.1400644e-02  -2.7829495e-01   9.2205059e-01  -1.6742478e-01  -4.2048735e-01  -1.2147465e-01   5.8577676e-01  -7.9837645e-01  -1.5319887e-02   6.2263103e-01   9.6308254e-01  -1.5621185e+00  -8.2845596e-01  -1.1478471e+00   4.4502159e-01  -4.9329397e-01
  -7.3580694e-01   6.0111730e-02  -1.7640205e-01   6.2342824e-01   2.2559770e+00  -6.1400644e-02  -2.7829495e-01   9.8187606e-01  -2.8323694e-01  -4.2048735e-01  -2.2360371e-01   5.8577676e-01  -7.9837645e-01  -1.5319887e-02   2.7862457e-01   9.6308254e-01  -1.5621185e+00  -9.5615213e-01  -1.2168144e+00   3.1142026e-01  -4.9329397e-01
  -7.3580694e-01  -5.2240065e-01  -1.7049183e-01   1.6635585e+00   2.3827512e+00  -6.1400644e-02  -2.7829495e-01   1.1015270e+00  -2.8323694e-01  -4.2048735e-01  -1.2619158e+00   6.9168219e-01  -9.4092421e-01  -1.5319887e-02   1.3106440e+00   9.6308254e-01  -1.3216562e+00  -1.2115445e+00  -1.3547489e+00  -1.8958474e-01  -4.9329397e-01
  -7.3580694e-01  -6.1751735e-01  -1.7842213e-01   1.2925700e+00   2.4267657e+00  -6.1400644e-02  -2.7829495e-01   1.1015270e+00  -3.9904909e-01  -4.2048735e-01  -7.0020600e-01   6.9168219e-01  -9.4092421e-01  -1.5319887e-02   2.7862457e-01   2.4144440e+00  -1.2014251e+00  -1.2115445e+00  -1.3547489e+00  -2.5638541e-01  -4.9329397e-01
  -7.3580694e-01  -9.1998844e-01  -1.7718810e-01   9.9704891e-01   2.9867874e+00  -6.1400644e-02  -2.7829495e-01   1.2211779e+00  -3.9904909e-01  -4.2048735e-01  -4.6190485e-01   5.6249607e-02  -9.4092421e-01  -1.3353534e+00   2.7862457e-01   9.6308254e-01  -1.2014251e+00  -1.4030887e+00  -1.4926834e+00  -3.8998675e-01   1.1400175e+00
  -7.3580694e-01  -9.1998844e-01  -1.8011086e-01   1.0964691e+00   2.2184824e+00  -6.1400644e-02   1.5720067e+00   1.2211779e+00  -5.1486125e-01  -4.2048735e-01  -5.1296938e-01   5.6249607e-02  -9.4092421e-01  -1.3353534e+00  -6.5381895e-02   9.6308254e-01  -1.2014251e+00  -1.4030887e+00  -1.4926834e+00  -3.5658641e-01  -4.9329397e-01
  -7.3580694e-01  -9.1998844e-01  -1.7987211e-01   1.5184878e+00   1.8814877e+00  -6.1400644e-02   1.5907809e+00   1.1613525e+00  -3.9904909e-01  -4.2048735e-01  -5.4701241e-01   2.1510775e-01  -9.4092421e-01  -1.0053450e+00   2.7862457e-01   2.4144440e+00  -1.2014251e+00  -1.4669368e+00  -1.4926834e+00  -3.5658641e-01  -4.9329397e-01
  -7.3580694e-01  -9.1998844e-01  -2.0364049e-01   1.3680268e+00   1.3104694e+00  -6.1400644e-02   1.7559018e+00   1.2211779e+00  -5.1486125e-01  -4.2048735e-01  -4.4488334e-01   2.1510775e-01  -9.4092421e-01  -1.0053450e+00   6.2263103e-01   2.4144440e+00  -1.2014251e+00  -1.4669368e+00  -1.4926834e+00  -3.8998675e-01  -4.9329397e-01
  -7.3580694e-01  -9.1998844e-01  -2.0364049e-01   1.1620452e+00   1.4832886e+00  -6.1400644e-02   1.9321988e+00   1.2211779e+00  -5.1486125e-01  -4.2048735e-01  -4.1084032e-01   2.1510775e-01  -9.4092421e-01  -1.0053450e+00   9.6663750e-01   2.4144440e+00  -1.1413095e+00  -1.4030887e+00  -1.4237162e+00  -3.8998675e-01  -4.9329397e-01
  -7.3580694e-01  -9.1998844e-01  -2.0364049e-01   1.4513632e+00   1.3657903e+00  -6.1400644e-02   1.8123359e+00   1.2211779e+00  -3.9904909e-01  -4.2048735e-01  -1.5551767e-01   2.1510775e-01  -9.4092421e-01  -1.0053450e+00   2.7862457e-01   9.6308254e-01  -1.2014251e+00  -1.4030887e+00  -1.4237162e+00  -3.8998675e-01  -4.9329397e-01
  -7.3580694e-01  -9.1998844e-01  -2.0364049e-01   1.5580973e+00   1.5426554e+00  -6.1400644e-02   1.6142511e+00   1.2211779e+00  -1.6742478e-01  -4.2048735e-01  -2.9168975e-01   2.1510775e-01  -9.4092421e-01  -1.0053450e+00   2.7862457e-01   9.6308254e-01  -1.2014251e+00  -1.4030887e+00  -1.4237162e+00  -4.2338708e-01  -4.9329397e-01
  -7.3580694e-01  -9.1998844e-01  -2.0364049e-01   1.7743736e+00   1.0771440e+00  -6.1400644e-02   1.5178809e+00   1.2211779e+00  -2.8323694e-01  -4.2048735e-01  -3.2573277e-01  -1.0260854e-01  -5.1328093e-01  -1.0053450e+00  -4.0938836e-01  -4.8827889e-01  -1.2014251e+00  -1.4030887e+00  -1.5616507e+00  -4.2338708e-01  -4.9329397e-01
  -7.3580694e-01  -9.1998844e-01  -2.0364049e-01   5.2835871e-01   1.3277447e+00  -6.1400644e-02   1.7735248e+00   1.2211779e+00  -1.6742478e-01  -4.2048735e-01  -8.8744261e-01   8.2725965e-02  -4.4200705e-01  -5.1033246e-01  -6.5381895e-02  -4.8827889e-01  -1.5621185e+00  -1.4030887e+00  -1.6306179e+00  -4.2338708e-01  -4.9329397e-01
  -7.3580694e-01  -9.1998844e-01  -2.0364049e-01   1.3155174e+00   1.7164347e+00  -6.1400644e-02   1.4705134e+00   1.1613525e+00  -1.6742478e-01  -4.2048735e-01  -9.5552865e-01   8.2725965e-02  -4.4200705e-01  -5.1033246e-01  -6.5381895e-02  -4.8827889e-01  -1.3216562e+00  -1.4030887e+00  -1.5616507e+00  -4.5678741e-01  -4.9329397e-01
  -7.3580694e-01  -9.1998844e-01  -2.0364049e-01   1.2174818e+00   1.5893600e+00  -6.1400644e-02   1.6539549e+00   1.1613525e+00  -5.1612626e-02  -4.2048735e-01  -9.3850714e-01   8.2725965e-02  -4.4200705e-01  -5.1033246e-01  -6.5381895e-02  -4.8827889e-01  -1.7424652e+00  -1.4030887e+00  -1.6306179e+00  -3.2318608e-01  -4.9329397e-01
  -7.3580694e-01  -9.1998844e-01  -2.0364049e-01   8.7722737e-01   2.0412296e+00  -6.1400644e-02  -2.7829495e-01   1.1613525e+00  -5.1612626e-02  -4.2048735e-01  -9.8957168e-01   4.2691861e-01  -9.0528727e-01  -5.1033246e-01   6.2263103e-01  -4.8827889e-01  -1.5020029e+00  -1.4030887e+00  -1.5616507e+00  -4.2338708e-01  -4.9329397e-01
  -7.3580694e-01  -9.1998844e-01  -2.0364049e-01   9.0460981e-01   2.8579240e+00  -6.1400644e-02  -2.7829495e-01   1.1613525e+00  -1.6742478e-01  -4.2048735e-01  -1.0746792e+00   4.2691861e-01  -9.0528727e-01  -5.1033246e-01   2.7862457e-01  -4.8827889e-01  -1.5020029e+00  -1.4030887e+00  -1.6306179e+00  -4.5678741e-01  -4.9329397e-01
  -7.3580694e-01  -9.1998844e-01  -2.0364049e-01   1.0368110e+00   2.8647974e+00  -6.1400644e-02  -2.7829495e-01   1.2211779e+00  -1.6742478e-01  -4.2048735e-01  -1.1087222e+00   4.2691861e-01  -9.0528727e-01  -5.1033246e-01   2.7862457e-01  -4.8827889e-01  -1.5020029e+00  -1.4030887e+00  -1.6306179e+00  -4.5678741e-01  -4.9329397e-01
  -3.1253880e-01  -9.1998844e-01  -1.6544746e-01   2.6488725e-01   3.4381976e+00  -6.1400644e-02  -2.7829495e-01   8.0239966e-01   3.3069399e+00  -4.2048735e-01  -1.3980879e+00   2.2273109e+00  -6.5582869e-01   3.6147723e+00   1.9986569e+00   9.6308254e-01  -1.5020029e+00  -2.8715947e+00  -7.3404361e-01   4.1162126e-01  -2.1266055e+00
  -3.1253880e-01  -9.1998844e-01  -1.6844424e-01   1.1574593e-01   3.6574107e+00  -6.1400644e-02  -2.7829495e-01   8.0239966e-01   2.8436913e+00  -4.2048735e-01  -1.3980879e+00   2.2273109e+00  -6.5582869e-01   3.6147723e+00   1.9986569e+00   9.6308254e-01  -1.3817718e+00  -2.7438986e+00  -8.7197812e-01   2.4461959e-01  -2.1266055e+00
  -4.1835583e-01  -9.1998844e-01  -1.2896794e-01   1.2545383e+00   2.0026252e+00  -6.1400644e-02  -2.7829495e-01   1.1613525e+00   6.4326030e-01  -4.2048735e-01  -1.3980879e+00   6.9168219e-01  -6.9146563e-01   3.6968989e-01  -6.5381895e-02   2.4144440e+00  -8.4073160e-01  -1.3392407e+00  -9.4094538e-01  -2.2583076e-02  -4.9329397e-01
  -4.1835583e-01  -9.1998844e-01  -5.3586762e-02   8.5337828e-01   1.6298041e+00  -6.1400644e-02  -2.7829495e-01   1.1613525e+00   8.7488462e-01  -4.2048735e-01  -1.3980879e+00   2.6806047e-01  -1.2127459e-01   3.6968989e-01   2.7862457e-01   9.6308254e-01  -4.1992257e-01  -9.5615213e-01  -8.0301087e-01  -2.5638541e-01  -4.9329397e-01
  -4.1835583e-01  -9.1998844e-01  -6.5243014e-02   6.6001208e-01   1.4500978e+00  -6.1400644e-02  -2.7829495e-01   1.2211779e+00   6.4326030e-01  -4.2048735e-01  -1.2108513e+00   2.6806047e-01  -1.2127459e-01   3.6968989e-01  -4.0938836e-01   9.6308254e-01  -4.1992257e-01  -8.9230404e-01  -6.6507636e-01  -2.5638541e-01  -4.9329397e-01
  -4.1835583e-01  -9.1998844e-01  -9.0985646e-02   1.0338964e+00   2.2938036e+00  -6.1400644e-02  -2.7829495e-01   1.1015270e+00   1.1065089e+00  -4.2048735e-01  -1.2108513e+00   8.7701669e-01  -9.4092421e-01   3.6968989e-01   6.2263103e-01  -4.8827889e-01  -4.1992257e-01  -1.2115445e+00  -6.6507636e-01  -8.9383744e-02  -4.9329397e-01
  -4.1835583e-01  -9.1998844e-01  -7.3271370e-02   1.4537008e+00   2.1877183e+00  -6.1400644e-02  -2.7829495e-01   1.1015270e+00   1.2223211e+00  -4.2048735e-01  -1.1938298e+00   8.7701669e-01  -9.4092421e-01   3.6968989e-01  -6.5381895e-02   9.6308254e-01  -4.1992257e-01  -1.1476964e+00  -5.9610910e-01  -1.2278408e-01  -4.9329397e-01
  -4.1835583e-01  -9.1998844e-01  -7.2460186e-02   1.4729248e+00   2.4945026e+00  -6.1400644e-02  -2.7829495e-01   1.1015270e+00   1.4539454e+00  -4.2048735e-01  -1.1768083e+00   5.8577676e-01  -9.4092421e-01  -2.3532547e-01   6.2263103e-01   9.6308254e-01  -4.1992257e-01  -1.4030887e+00  -5.9610910e-01   1.0817257e-02  -4.9329397e-01
  -4.1835583e-01  -9.1998844e-01  -6.4416110e-02   1.3336155e+00   2.3827512e+00  -6.1400644e-02  -2.7829495e-01   1.1015270e+00   1.8013819e+00  -4.2048735e-01  -1.1427653e+00   5.8577676e-01  -9.4092421e-01  -2.3532547e-01   2.7862457e-01   2.4144440e+00  -5.4015372e-01  -1.5307849e+00  -5.9610910e-01   1.1101826e-01  -4.9329397e-01
  -4.1835583e-01  -9.1998844e-01  -4.1822681e-02   6.6504693e-01   2.5239646e+00  -6.1400644e-02  -2.7829495e-01   1.1015270e+00   1.5697575e+00  -4.2048735e-01  -1.1597868e+00   5.8577676e-01  -9.4092421e-01  -2.3532547e-01  -4.0938836e-01  -4.8827889e-01  -5.4015372e-01  -1.2115445e+00  -5.2714185e-01  -1.5618441e-01  -4.9329397e-01
  -7.3580694e-01   2.8556982e-01   1.2302594e-01   8.6524599e-01  -6.8359847e-01  -6.1400644e-02  -2.7829495e-01   1.2810034e+00   3.0753156e+00  -1.0928592e-01  -1.3470234e+00  -1.3469973e+00   1.1616552e+00  -1.0053450e+00  -1.4414078e+00  -4.8827889e-01  -1.7946026e-01  -4.4536743e-01  -1.8230558e-01  -6.5718941e-01  -4.9329397e-01
  -4.1835583e-01  -9.1998844e-01  -1.6332969e-01  -9.6715308e-01  -6.8359847e-01  -6.1400644e-02  -2.7829495e-01   1.5203052e+00   5.2744815e-01   5.7535722e-01  -7.0020600e-01  -1.4264264e+00   1.0191075e+00  -1.3903548e+00  -7.5339482e-01  -4.8827889e-01  -3.5980699e-01  -3.8151935e-01  -3.8920734e-01  -6.5718941e-01  -4.9329397e-01
  -5.2417287e-01  -2.6574305e-01   1.5091725e-01   1.7390657e-01  -6.8359847e-01  -6.1400644e-02  -2.7829495e-01   1.2810034e+00   3.1911277e+00  -1.0928592e-01  -1.3470234e+00  -1.3469973e+00   1.1616552e+00  -1.0053450e+00  -1.4414078e+00  -4.8827889e-01  -1.7946026e-01  -4.4536743e-01  -1.8230558e-01  -6.9058975e-01  -4.9329397e-01
  -5.2417287e-01  -1.8598019e-01  -1.4244296e-01   9.0215167e-01  -6.8359847e-01  -6.1400644e-02  -2.7829495e-01   1.2211779e+00  -2.8323694e-01   2.3180852e+00  -8.8744261e-01  -1.2675683e+00   1.0547444e+00  -1.0053450e+00  -7.5339482e-01  -4.8827889e-01  -6.0026930e-01  -4.4536743e-01  -5.9610910e-01  -6.5718941e-01  -2.1266055e+00
  -5.2417287e-01  -2.1365927e-01  -1.4475069e-01   8.0644411e-01  -6.8359847e-01  -6.1400644e-02  -2.7829495e-01   1.2211779e+00  -2.8323694e-01   2.4425658e+00  -8.8744261e-01  -1.2675683e+00   1.0547444e+00  -1.0053450e+00  -7.5339482e-01  -4.8827889e-01  -6.0026930e-01  -4.4536743e-01  -5.9610910e-01  -6.5718941e-01  -2.1266055e+00
  -5.2417287e-01  -9.1998844e-01  -2.0364049e-01   2.1134475e-01  -6.8359847e-01  -6.1400644e-02  -2.7829495e-01   1.2211779e+00  -8.6229771e-01   3.0027284e+00  -8.0233506e-01  -1.6117609e+00   1.0547444e+00  -1.7203632e+00  -1.0974013e+00  -4.8827889e-01  -6.0026930e-01  -4.4536743e-01  -6.6507636e-01  -6.9058975e-01  -4.9329397e-01
  -5.2417287e-01  -9.1998844e-01  -1.8698760e-01   2.1662251e-02  -6.8359847e-01  -6.1400644e-02  -2.7829495e-01   1.0417015e+00  -8.6229771e-01   3.1894492e+00  -7.0020600e-01  -1.4264264e+00   1.0547444e+00  -1.3353534e+00  -1.0974013e+00  -4.8827889e-01  -6.0026930e-01  -5.0921552e-01  -7.3404361e-01  -6.9058975e-01  -2.1266055e+00
  -5.2417287e-01  -9.1998844e-01  -1.8206162e-01   1.5399348e-01  -6.8359847e-01  -6.1400644e-02  -2.7829495e-01   1.1015270e+00  -8.6229771e-01   3.2516895e+00  -7.1722751e-01  -1.4264264e+00   1.0547444e+00  -1.3353534e+00  -7.5339482e-01  -4.8827889e-01  -6.0026930e-01  -5.0921552e-01  -6.6507636e-01  -6.9058975e-01  -2.1266055e+00
  -5.2417287e-01  -9.1998844e-01  -1.8016326e-01   3.1145371e-01  -6.8359847e-01  -6.1400644e-02  -2.7829495e-01   1.0417015e+00  -8.6229771e-01   3.5628909e+00  -7.0020600e-01  -1.4264264e+00   1.0547444e+00  -1.3353534e+00  -1.0974013e+00  -4.8827889e-01  -7.2050045e-01  -5.0921552e-01  -7.3404361e-01  -6.5718941e-01  -2.1266055e+00
  -5.2417287e-01  -9.1998844e-01  -1.7661158e-01   6.0604902e-01  -6.8359847e-01  -6.1400644e-02  -2.7829495e-01   9.2205059e-01  -8.6229771e-01   3.3139298e+00  -7.0020600e-01  -1.4264264e+00   1.0547444e+00  -1.3353534e+00  -7.5339482e-01  -4.8827889e-01  -8.4073160e-01  -5.7306361e-01  -8.0301087e-01  -6.5718941e-01  -2.1266055e+00
  -5.2417287e-01  -9.1998844e-01  -1.8000534e-01   3.2455233e-01  -6.8359847e-01  -6.1400644e-02  -2.7829495e-01   9.2205059e-01  -9.7810987e-01   3.3761701e+00  -6.8318449e-01  -1.4264264e+00   1.0547444e+00  -1.3353534e+00  -7.5339482e-01  -4.8827889e-01  -7.8061602e-01  -5.7306361e-01  -8.0301087e-01  -6.9058975e-01  -2.1266055e+00
  -5.2417287e-01  -9.1998844e-01  -2.0364049e-01   3.4453400e-01  -6.8359847e-01  -6.1400644e-02  -2.7829495e-01   1.0417015e+00  -1.0939220e+00   4.1230535e+00  -7.1722751e-01  -1.6382373e+00   1.0191075e+00  -1.8303660e+00  -1.0974013e+00  -4.8827889e-01  -7.8061602e-01  -5.7306361e-01  -8.0301087e-01  -6.9058975e-01  -4.9329397e-01
  -5.2417287e-01  -9.1998844e-01  -2.0364049e-01   8.0280042e-03  -6.8359847e-01  -6.1400644e-02  -2.7829495e-01   1.1015270e+00  -1.0939220e+00   3.9985729e+00  -7.1722751e-01  -1.6382373e+00   1.0191075e+00  -1.8303660e+00  -1.0974013e+00  -4.8827889e-01  -7.8061602e-01  -6.3691169e-01  -8.7197812e-01  -6.9058975e-01  -4.9329397e-01
  -5.2417287e-01  -9.1998844e-01  -2.0364049e-01   3.4378668e-01  -6.8359847e-01  -6.1400644e-02  -2.7829495e-01   1.2211779e+00  -1.2097342e+00   3.7496118e+00  -6.6616298e-01  -1.6382373e+00   1.0191075e+00  -1.8303660e+00  -1.0974013e+00  -4.8827889e-01  -7.8061602e-01  -5.7306361e-01  -8.0301087e-01  -6.9058975e-01  -4.9329397e-01
  -5.2417287e-01  -9.1998844e-01  -2.0364049e-01   4.1739429e-01  -6.8359847e-01  -6.1400644e-02  -2.7829495e-01   1.5203052e+00  -1.2097342e+00   3.5006507e+00  -7.0020600e-01  -1.4793791e+00   1.0191075e+00  -1.5003576e+00  -7.5339482e-01  -4.8827889e-01  -7.8061602e-01  -5.0921552e-01  -7.3404361e-01  -6.5718941e-01  -4.9329397e-01
  -5.2417287e-01  -9.1998844e-01  -1.8309219e-01   4.0938935e-01  -6.8359847e-01  -6.1400644e-02  -2.7829495e-01   1.5801307e+00  -6.3067340e-01   2.8160075e+00  -7.5127053e-01  -1.4793791e+00   1.0191075e+00  -1.5003576e+00  -7.5339482e-01  -4.8827889e-01  -4.1992257e-01  -5.0921552e-01  -5.9610910e-01  -6.5718941e-01  -4.9329397e-01
  -5.2417287e-01  -9.1998844e-01  -1.8499986e-01   2.1951107e-01  -6.8359847e-01  -6.1400644e-02  -2.7829495e-01   1.2810034e+00  -7.4648556e-01   3.1894492e+00  -7.0020600e-01  -1.4529028e+00   1.0547444e+00  -1.3903548e+00  -1.0974013e+00  -4.8827889e-01  -7.8061602e-01  -5.0921552e-01  -6.6507636e-01  -6.5718941e-01  -2.1266055e+00
  -2.0672176e-01   1.3787920e+00  -1.4888062e-01   1.0893721e+00  -6.8359847e-01  -6.1400644e-02  -2.7829495e-01   1.2211779e+00   2.9582384e-01  -4.2048735e-01  -1.1768083e+00  -7.6451748e-01   7.6964891e-01  -4.0032967e-01  -6.5381895e-02  -4.8827889e-01   8.8646672e-04   1.2926535e-01   9.3563441e-02  -5.9038875e-01  -4.9329397e-01
  -2.0672176e-01   1.4571288e+00  -2.0364049e-01  -4.0294677e-01  -6.8359847e-01  -6.1400644e-02  -2.7829495e-01   1.3408288e+00  -3.9904909e-01  -4.2048735e-01  -1.2278728e+00  -7.6451748e-01   7.6964891e-01  -4.0032967e-01   2.7862457e-01  -4.8827889e-01   6.1002043e-02   1.9311344e-01   9.3563441e-02  -6.2378908e-01  -4.9329397e-01
  -2.0672176e-01   1.2981330e+00  -1.8052366e-01  -8.6889844e-01  -6.8359847e-01  -6.1400644e-02  -2.7829495e-01   1.2810034e+00  -2.8323694e-01  -4.2048735e-01  -1.2278728e+00  -7.6451748e-01   7.6964891e-01  -4.0032967e-01   6.2263103e-01  -4.8827889e-01   6.1002043e-02   1.9311344e-01   9.3563441e-02  -6.2378908e-01  -4.9329397e-01
  -2.0672176e-01   1.0688440e+00  -1.7995223e-01  -1.6358711e+00  -6.8359847e-01  -6.1400644e-02  -2.7829495e-01   1.3408288e+00  -6.3067340e-01  -4.2048735e-01  -1.1938298e+00  -7.6451748e-01   7.6964891e-01  -4.0032967e-01  -6.5381895e-02  -4.8827889e-01   6.1002043e-02   2.5696153e-01   1.6253070e-01  -5.9038875e-01  -4.9329397e-01
  -2.0672176e-01   8.7520518e-01  -1.8225859e-01  -1.6358711e+00  -6.8359847e-01  -6.1400644e-02  -2.7829495e-01   1.3408288e+00  -6.3067340e-01  -4.2048735e-01  -9.2148563e-01  -7.3804112e-01   7.6964891e-01  -3.4532827e-01  -6.5381895e-02  -4.8827889e-01   6.1002043e-02   3.2080961e-01   1.6253070e-01  -5.5698841e-01  -4.9329397e-01
  -2.0672176e-01   7.8600301e-01  -1.8783648e-01   1.9934386e-01  -6.8359847e-01  -6.1400644e-02  -2.7829495e-01   1.4604798e+00  -8.6229771e-01  -1.0928592e-01  -6.8318449e-01  -7.3804112e-01   7.6964891e-01  -3.4532827e-01  -6.5381895e-02  -4.8827889e-01   1.8123320e-01   3.8465770e-01   2.3149795e-01  -5.9038875e-01  -4.9329397e-01
  -2.0672176e-01   9.7334982e-01  -1.8610093e-01  -1.3449064e+00  -6.8359847e-01  -6.1400644e-02  -2.7829495e-01   1.5203052e+00  -8.6229771e-01  -4.7045634e-02  -6.4914147e-01  -1.1351865e+00   1.3042030e+00  -3.4532827e-01  -1.0974013e+00  -4.8827889e-01   1.8123320e-01   4.4850579e-01   3.0046520e-01  -5.9038875e-01  -4.9329397e-01
  -2.0672176e-01   9.3115243e-01  -1.8820670e-01  -1.3798393e+00  -6.8359847e-01  -6.1400644e-02  -2.7829495e-01   1.5801307e+00  -8.6229771e-01  -1.0928592e-01  -7.5127053e-01  -1.1351865e+00   1.3042030e+00  -3.4532827e-01  -1.0974013e+00  -4.8827889e-01   1.8123320e-01   3.8465770e-01   2.3149795e-01  -5.9038875e-01  -4.9329397e-01
  -2.0672176e-01   9.9566189e-01  -1.8589423e-01   1.3049022e-01  -6.8359847e-01  -6.1400644e-02  -2.7829495e-01   1.5203052e+00  -8.6229771e-01  -4.7045634e-02  -6.6616298e-01  -1.1351865e+00   1.3042030e+00  -3.4532827e-01  -1.0974013e+00  -4.8827889e-01   1.8123320e-01   4.4850579e-01   3.0046520e-01  -5.9038875e-01  -4.9329397e-01
  -2.0672176e-01   8.5295349e-01  -1.8516323e-01  -1.3293509e+00  -6.8359847e-01  -6.1400644e-02  -2.7829495e-01   1.5801307e+00  -8.6229771e-01   2.0191551e-01  -7.1722751e-01  -1.1351865e+00   1.3042030e+00  -3.4532827e-01  -1.0974013e+00  -4.8827889e-01   1.8123320e-01   4.4850579e-01   3.0046520e-01  -5.9038875e-01  -4.9329397e-01
  -2.0672176e-01   4.6431363e-01  -1.8440458e-01  -1.3167657e+00  -6.8359847e-01  -6.1400644e-02  -2.7829495e-01   1.6399562e+00  -6.3067340e-01   1.3967522e-01  -5.8105543e-01  -1.1351865e+00   1.3042030e+00  -3.4532827e-01  -1.0974013e+00  -4.8827889e-01   1.8123320e-01   3.8465770e-01   3.0046520e-01  -5.9038875e-01  -4.9329397e-01
  -2.0672176e-01   3.7234124e-01  -1.8568261e-01  -1.3379669e+00  -6.8359847e-01  -6.1400644e-02  -2.7829495e-01   1.6399562e+00  -6.3067340e-01   7.7434938e-02  -6.4914147e-01  -1.1351865e+00   1.3042030e+00  -3.4532827e-01  -7.5339482e-01  -4.8827889e-01   1.8123320e-01   3.8465770e-01   2.3149795e-01  -5.9038875e-01  -4.9329397e-01
  -2.0672176e-01   2.9105486e-01  -2.0364049e-01  -1.3008716e+00  -6.8359847e-01  -6.1400644e-02  -2.7829495e-01   1.6997816e+00  -9.7810987e-01   1.3967522e-01  -5.4701241e-01  -1.1087101e+00   1.2685661e+00  -3.4532827e-01  -7.5339482e-01  -4.8827889e-01   1.8123320e-01   4.4850579e-01   3.0046520e-01  -5.9038875e-01  -4.9329397e-01
  -2.0672176e-01  -2.8569485e-02  -2.0364049e-01  -1.2248964e+00  -6.8359847e-01  -6.1400644e-02  -2.7829495e-01   1.8194326e+00  -9.7810987e-01   2.0191551e-01  -4.7892636e-01  -1.1087101e+00   1.2685661e+00  -3.4532827e-01  -4.0938836e-01  -4.8827889e-01   1.8123320e-01   3.8465770e-01   2.3149795e-01  -5.9038875e-01  -4.9329397e-01
  -2.0672176e-01  -1.6063155e-01  -1.6143318e-01  -1.2857815e+00  -6.8359847e-01  -6.1400644e-02  -2.7829495e-01   1.7596071e+00  -1.6742478e-01   7.7434938e-02  -5.4701241e-01  -1.1087101e+00   1.2685661e+00  -3.4532827e-01  -4.0938836e-01  -4.8827889e-01   1.8123320e-01   2.5696153e-01   2.3149795e-01  -5.9038875e-01  -4.9329397e-01
  -2.0672176e-01  -9.1998844e-01  -3.0832713e-02   2.7527392e-01  -6.8359847e-01  -6.1400644e-02  -2.7829495e-01   1.6997816e+00   1.6855697e+00  -4.2048735e-01  -1.0236147e+00  -1.2410919e+00   1.1972922e+00  -7.3033805e-01  -7.5339482e-01  -4.8827889e-01  -2.3957584e-01  -3.8151935e-01  -2.5127283e-01  -6.5718941e-01  -2.1266055e+00
  -2.0672176e-01  -9.1998844e-01  -4.7485199e-03   4.2627240e-01  -6.8359847e-01  -6.1400644e-02  -2.7829495e-01   1.6399562e+00   1.3381332e+00  -1.0928592e-01  -1.1427653e+00  -1.2410919e+00   1.1972922e+00  -7.3033805e-01  -1.0974013e+00  -4.8827889e-01  -3.5980699e-01  -3.8151935e-01  -3.8920734e-01  -6.5718941e-01  -2.1266055e+00
  -2.0672176e-01  -9.1998844e-01  -1.6833096e-02   1.0203786e+00  -6.8359847e-01  -6.1400644e-02  -2.7829495e-01   1.6997816e+00   7.5907246e-01   3.2639608e-01  -1.1597868e+00  -1.2410919e+00   1.1972922e+00  -7.3033805e-01  -7.5339482e-01  -4.8827889e-01  -4.8003814e-01  -3.8151935e-01  -4.5817459e-01  -6.5718941e-01  -2.1266055e+00
  -4.1835583e-01  -6.9340615e-01  -7.1402280e-02   5.5783567e-01  -6.8359847e-01  -6.1400644e-02  -2.7829495e-01   1.8792580e+00   2.9582384e-01   1.1355198e+00  -1.0746792e+00  -1.3734737e+00   1.1972922e+00  -1.0053450e+00  -7.5339482e-01  -4.8827889e-01  -4.8003814e-01  -3.8151935e-01  -4.5817459e-01  -6.5718941e-01  -2.1266055e+00
  -4.1835583e-01  -6.7256589e-01  -1.4175434e-01   4.1739429e-01  -6.8359847e-01  -6.1400644e-02  -2.7829495e-01   1.9989090e+00  -2.8323694e-01   1.7579227e+00  -9.8957168e-01  -1.2410919e+00   1.1972922e+00  -7.3033805e-01  -7.5339482e-01  -4.8827889e-01  -4.8003814e-01  -3.8151935e-01  -4.5817459e-01  -6.5718941e-01  -2.1266055e+00
   1.1072935e-01  -9.1998844e-01  -1.7929574e-01   3.8341031e-01  -6.8359847e-01  -6.1400644e-02  -2.7829495e-01   1.9989090e+00  -1.3255463e+00   4.1230535e+00  -8.0233506e-01  -1.3734737e+00   1.4823877e+00  -5.6533386e-01  -7.5339482e-01  -4.8827889e-01   8.8646672e-04   1.9311344e-01   9.3563441e-02  -6.9058975e-01  -2.1266055e+00
   1.1072935e-01  -9.1998844e-01  -1.7758048e-01   5.2568352e-01  -6.8359847e-01  -6.1400644e-02  -2.7829495e-01   2.0587344e+00  -1.0939220e+00   3.9363327e+00  -8.7042110e-01  -1.6911900e+00   1.4467508e+00  -1.2803520e+00  -1.0974013e+00  -4.8827889e-01   8.8646672e-04   1.2926535e-01   2.4596186e-02  -6.9058975e-01  -4.9329397e-01
   1.1072935e-01  -9.1998844e-01  -1.7814768e-01   5.5734891e-02  -6.8359847e-01  -6.1400644e-02  -2.7829495e-01   1.9989090e+00  -7.4648556e-01   3.2516895e+00  -9.5552865e-01  -1.6117609e+00   1.4467508e+00  -1.1153478e+00  -1.0974013e+00  -4.8827889e-01   8.8646672e-04   6.5417265e-02  -4.4371068e-02  -6.9058975e-01  -2.1266055e+00
   1.1072935e-01  -9.1998844e-01  -1.7926760e-01  -1.8578432e-02  -6.8359847e-01  -6.1400644e-02  -2.7829495e-01   1.9989090e+00  -7.4648556e-01   2.3180852e+00  -7.8531355e-01  -1.5852846e+00   1.4111138e+00  -1.1153478e+00  -1.0974013e+00  -4.8827889e-01   8.8646672e-04   6.5417265e-02   2.4596186e-02  -6.9058975e-01  -4.9329397e-01
   1.1072935e-01  -9.1998844e-01  -1.7820919e-01   5.1653816e-02  -6.8359847e-01  -6.1400644e-02  -2.7829495e-01   1.9390835e+00  -6.3067340e-01   1.6956824e+00  -6.4914147e-01  -1.5058555e+00   1.4111138e+00  -9.5034364e-01  -1.0974013e+00  -4.8827889e-01   8.8646672e-04   1.2926535e-01   2.4596186e-02  -6.9058975e-01  -4.9329397e-01
   1.1072935e-01  -9.1998844e-01  -1.8197291e-01  -1.9809296e-01  -6.8359847e-01  -6.1400644e-02  -2.7829495e-01   1.8792580e+00  -7.4648556e-01   1.3844809e+00  -4.9594787e-01  -1.5058555e+00   1.4111138e+00  -9.5034364e-01  -1.0974013e+00  -4.8827889e-01   8.8646672e-04   1.2926535e-01   2.4596186e-02  -6.9058975e-01  -4.9329397e-01
   1.1072935e-01  -9.1998844e-01  -1.7957365e-01  -4.3813298e-01  -6.8359847e-01  -6.1400644e-02  -2.7829495e-01   1.9390835e+00  -7.4648556e-01   5.7535722e-01  -4.1084032e-01  -1.5058555e+00   1.4111138e+00  -9.5034364e-01  -1.0974013e+00  -4.8827889e-01  -5.9229110e-02   1.2926535e-01   2.4596186e-02  -6.5718941e-01  -4.9329397e-01
   1.1072935e-01  -9.1998844e-01  -1.7777233e-01  -3.4848631e-01  -6.8359847e-01  -6.1400644e-02  -2.7829495e-01   1.8792580e+00  -9.7810987e-01   3.2639608e-01  -2.4062522e-01  -1.5058555e+00   1.4111138e+00  -9.5034364e-01  -1.4414078e+00  -4.8827889e-01   8.8646672e-04   1.9311344e-01   9.3563441e-02  -6.5718941e-01  -4.9329397e-01
   1.1072935e-01  -9.1998844e-01  -2.0364049e-01  -2.2563103e-01  -6.8359847e-01  -6.1400644e-02  -2.7829495e-01   1.8194326e+00  -1.2097342e+00   3.8863637e-01  -1.7253918e-01  -1.2675683e+00   1.3754769e+00  -5.1033246e-01  -1.0974013e+00  -4.8827889e-01   8.8646672e-04   2.5696153e-01   1.6253070e-01  -6.5718941e-01  -4.9329397e-01
   1.1072935e-01  -9.1998844e-01  -2.0364049e-01   7.1137413e-01  -6.8359847e-01  -6.1400644e-02  -2.7829495e-01   1.8194326e+00  -1.2097342e+00   5.1311694e-01  -2.5764673e-01  -1.2675683e+00   1.3754769e+00  -5.1033246e-01  -7.5339482e-01  -4.8827889e-01   8.8646672e-04   2.5696153e-01   1.6253070e-01  -6.5718941e-01  -4.9329397e-01
   1.1072935e-01  -9.1998844e-01  -2.0364049e-01   2.2197505e-01  -6.8359847e-01  -6.1400644e-02  -2.7829495e-01   1.8194326e+00  -9.7810987e-01   8.2431837e-01  -5.9807694e-01  -1.2675683e+00   1.3754769e+00  -5.1033246e-01  -7.5339482e-01  -4.8827889e-01   8.8646672e-04   1.9311344e-01   9.3563441e-02  -6.9058975e-01  -2.1266055e+00
   1.1072935e-01  -9.1998844e-01  -1.1505835e-01   3.2345404e-01  -6.8359847e-01  -6.1400644e-02  -2.7829495e-01   1.6997816e+00   1.8001168e-01   4.5087665e-01  -8.5339959e-01  -1.1087101e+00   1.1616552e+00  -5.1033246e-01  -4.0938836e-01  -4.8827889e-01   8.8646672e-04   1.5691775e-03   2.4596186e-02  -6.5718941e-01  -4.9329397e-01
   1.1072935e-01  -9.1998844e-01  -2.1220414e-02   9.3372602e-02  -6.8359847e-01  -6.1400644e-02  -2.7829495e-01   1.6399562e+00   7.5907246e-01   2.6415579e-01  -9.7255016e-01  -3.6737211e-01   2.1273171e-02  -7.3033805e-01   1.9986569e+00  -4.8827889e-01   8.8646672e-04  -6.2278910e-02  -4.4371068e-02  -6.5718941e-01   1.1400175e+00
   1.1072935e-01  -9.1998844e-01   3.8138640e-03   8.4864628e-02  -6.8359847e-01  -6.1400644e-02  -2.7829495e-01   1.5203052e+00   1.4539454e+00  -1.7152621e-01  -1.1427653e+00  -3.6737211e-01   2.1273171e-02  -7.3033805e-01   1.3106440e+00   9.6308254e-01  -1.1934469e-01  -1.8997508e-01  -1.1333832e-01  -6.5718941e-01   1.1400175e+00
   1.1072935e-01  -9.1998844e-01  -6.3768769e-03   1.2274936e+00  -6.8359847e-01  -6.1400644e-02  -2.7829495e-01   1.4604798e+00   1.8013819e+00  -3.5824706e-01  -1.1938298e+00  -4.4680119e-01   2.1273171e-02  -8.9534224e-01   1.3106440e+00  -4.8827889e-01  -1.1934469e-01  -3.1767126e-01  -1.8230558e-01  -6.2378908e-01   1.1400175e+00
   1.1072935e-01  -9.1998844e-01  -7.6483982e-02   8.9541628e-01  -6.8359847e-01  -6.1400644e-02  -2.7829495e-01   1.4006543e+00   1.8013819e+00  -3.5824706e-01  -1.1768083e+00  -4.4680119e-01   2.1273171e-02  -8.9534224e-01   1.3106440e+00  -4.8827889e-01  -1.7946026e-01  -2.5382317e-01  -1.8230558e-01  -6.2378908e-01   1.1400175e+00
   1.1072935e-01  -9.1998844e-01  -1.7705468e-01   1.0103297e+00  -6.8359847e-01  -6.1400644e-02  -2.7829495e-01   1.5203052e+00   6.4326030e-01  -4.7045634e-02  -9.7255016e-01  -1.5556125e-01   2.1273171e-02  -2.9032687e-01   9.6663750e-01   9.6308254e-01  -1.7946026e-01  -6.2278910e-02  -1.1333832e-01  -5.9038875e-01  -4.9329397e-01
   4.2818046e-01  -9.1998844e-01  -2.0364049e-01   1.6414740e+00  -6.8359847e-01  -6.1400644e-02  -2.7829495e-01   1.9989090e+00  -1.2097342e+00   1.2600004e+00  -6.1509845e-01  -8.1747019e-01   7.6964891e-01  -5.1033246e-01  -6.5381895e-02  -4.8827889e-01   1.2111762e-01   2.5696153e-01   1.6253070e-01  -6.9058975e-01  -4.9329397e-01
   4.2818046e-01  -9.1998844e-01  -2.0364049e-01   1.6251036e+00  -6.8359847e-01  -6.1400644e-02  -2.7829495e-01   2.0587344e+00  -1.4413585e+00   2.0691241e+00  -5.2999089e-01  -1.4264264e+00   1.3754769e+00  -8.4034084e-01  -7.5339482e-01  -4.8827889e-01   1.2111762e-01   3.2080961e-01   1.6253070e-01  -6.9058975e-01  -4.9329397e-01
   4.2818046e-01  -9.1998844e-01  -1.8052366e-01   1.0485333e+00  -6.8359847e-01  -6.1400644e-02  -2.7829495e-01   1.9989090e+00  -1.2097342e+00   1.8201629e+00  -1.8956069e-01  -1.0028047e+00   8.0528585e-01  -8.4034084e-01  -4.0938836e-01  -4.8827889e-01   1.8123320e-01   2.5696153e-01   1.6253070e-01  -6.5718941e-01   1.1400175e+00
   4.2818046e-01  -9.1998844e-01  -1.7636681e-01   6.2635101e-01  -6.8359847e-01  -6.1400644e-02  -2.7829495e-01   1.7596071e+00  -5.1486125e-01   8.8655865e-01  -2.0658220e-01  -8.4394655e-01   5.9146421e-01  -8.4034084e-01  -7.5339482e-01  -4.8827889e-01   6.1002043e-02   1.2926535e-01   9.3563441e-02  -6.5718941e-01   1.1400175e+00
   4.2818046e-01  -9.1998844e-01  -1.4951328e-01   1.0578866e+00  -2.6635451e-01  -6.1400644e-02  -2.7829495e-01   1.3408288e+00   8.7488462e-01  -4.2048735e-01  -6.4914147e-01  -7.6451748e-01   3.4200563e-01  -1.0603464e+00  -4.0938836e-01  -4.8827889e-01  -1.7946026e-01  -1.2612700e-01  -4.4371068e-02  -6.2378908e-01   1.1400175e+00
   4.2818046e-01  -9.1998844e-01  -1.7664619e-01   1.0509884e+00  -2.6742299e-01  -6.1400644e-02  -2.7829495e-01   1.3408288e+00   5.2744815e-01  -4.2048735e-01  -4.9594787e-01  -7.6451748e-01   3.4200563e-01  -1.0603464e+00  -7.5339482e-01  -4.8827889e-01  -5.9229110e-02  -6.2278910e-02  -4.4371068e-02  -6.2378908e-01   1.1400175e+00
   4.2818046e-01  -9.1998844e-01  -1.1699988e-01   1.2387005e+00   1.5426554e+00  -6.1400644e-02   1.9927603e+00   1.1613525e+00   8.7488462e-01  -4.2048735e-01  -8.8744261e-01   2.9453683e-01  -8.3401339e-01  -6.7533665e-01   2.7862457e-01  -4.8827889e-01  -1.1934469e-01  -8.9230404e-01  -3.8920734e-01   8.1242526e-01   1.1400175e+00
   4.2818046e-01  -9.1998844e-01  -1.1197723e-01   1.4053423e+00   2.1427760e+00  -6.1400644e-02   3.3257709e+00   1.1015270e+00   8.7488462e-01  -4.2048735e-01  -1.0746792e+00   3.2101318e-01  -8.3401339e-01  -6.2033525e-01   6.2263103e-01  -4.8827889e-01  -1.1934469e-01  -1.3392407e+00  -9.4094538e-01   1.6808339e+00   1.1400175e+00
   4.2818046e-01  -9.1998844e-01  -1.0195617e-01   6.1325778e-01   1.9292075e+00  -6.1400644e-02   2.3870913e+00   1.1015270e+00   8.7488462e-01  -4.2048735e-01  -5.4701241e-01   2.9453683e-01  -8.3401339e-01  -6.7533665e-01   6.2263103e-01  -4.8827889e-01  -1.1934469e-01  -1.0838483e+00  -5.9610910e-01   1.0796279e+00   1.1400175e+00
   4.2818046e-01  -9.1998844e-01  -1.5999132e-01   1.2605226e+00  -6.8359847e-01  -6.1400644e-02  -2.7829495e-01   1.3408288e+00   6.4199529e-02   2.6415579e-01  -5.9807694e-01  -9.4985198e-01   8.7655973e-01  -6.2033525e-01  -6.5381895e-02  -4.8827889e-01   2.4134877e-01   1.5691775e-03   9.3563441e-02  -5.5698841e-01  -4.9329397e-01
   5.3399750e-01  -9.1998844e-01  -2.0364049e-01   8.1557427e-01  -6.8359847e-01  -6.1400644e-02  -2.7829495e-01   2.1783854e+00  -1.2097342e+00   1.6334421e+00  -3.2573277e-01  -1.1351865e+00   1.0903814e+00  -6.7533665e-01  -7.5339482e-01  -4.8827889e-01   6.0204223e-01   6.4005005e-01   5.7633422e-01  -6.5718941e-01   1.1400175e+00
   8.5144861e-01  -9.1998844e-01  -2.0364049e-01   6.1084972e-01  -6.8359847e-01  -6.1400644e-02  -2.7829495e-01   2.2980363e+00  -1.4413585e+00   2.5670464e+00  -4.7892636e-01  -1.4264264e+00   1.4823877e+00  -6.7533665e-01  -7.5339482e-01  -4.8827889e-01   5.4192665e-01   7.6774622e-01   6.4530148e-01  -6.9058975e-01  -4.9329397e-01
   8.5144861e-01   8.3447454e-02  -2.0364049e-01  -2.4801579e-01  -6.8359847e-01  -6.1400644e-02  -2.7829495e-01   2.1185599e+00  -1.4413585e+00   1.8201629e+00  -1.0236147e+00  -1.4793791e+00   1.7674832e+00  -3.4532827e-01  -1.0974013e+00  -4.8827889e-01   6.6215781e-01   9.5929049e-01   8.5220324e-01  -6.5718941e-01  -4.9329397e-01
   8.5144861e-01  -9.1998844e-01  -2.0364049e-01   1.0964691e+00  -6.8359847e-01  -6.1400644e-02  -2.7829495e-01   2.0587344e+00  -1.3255463e+00   8.2431837e-01   4.8740458e-02  -1.2675683e+00   1.1972922e+00  -7.8533944e-01  -1.0974013e+00  -4.8827889e-01   4.8181108e-01   6.4005005e-01   5.7633422e-01  -6.5718941e-01   1.1400175e+00
   8.5144861e-01  -9.1998844e-01  -2.0364049e-01   6.2676916e-01  -3.8319824e-01  -6.1400644e-02  -2.7829495e-01   2.0587344e+00  -1.0939220e+00   1.1977601e+00  -2.0658220e-01  -1.3999501e+00   1.3754769e+00  -7.8533944e-01  -1.0974013e+00  -4.8827889e-01   5.4192665e-01   5.7620196e-01   5.7633422e-01  -6.2378908e-01   1.1400175e+00
   8.5144861e-01  -9.1998844e-01  -2.0364049e-01   7.2989805e-01  -3.1715760e-01  -6.1400644e-02  -2.7829495e-01   2.0587344e+00  -9.7810987e-01   1.2600004e+00  -3.0871126e-01  -1.2675683e+00   1.1972922e+00  -7.8533944e-01  -1.0974013e+00  -4.8827889e-01   4.8181108e-01   5.1235388e-01   5.7633422e-01  -6.5718941e-01   1.1400175e+00
   8.5144861e-01  -9.1998844e-01  -2.0364049e-01   1.0412660e-01  -2.7932850e-01  -6.1400644e-02  -2.7829495e-01   1.9390835e+00  -8.6229771e-01   6.3759751e-01  -3.7679730e-01  -1.1351865e+00   1.1972922e+00  -5.1033246e-01  -7.5339482e-01  -4.8827889e-01   5.4192665e-01   6.4005005e-01   5.7633422e-01  -6.2378908e-01  -4.9329397e-01
   1.0630827e+00  -5.1148142e-01  -1.6958144e-01   1.1891656e+00  -6.8359847e-01  -6.1400644e-02  -2.7829495e-01   1.7596071e+00  -1.2097342e+00   1.8201629e+00  -5.4701241e-01  -8.4394655e-01   9.4783361e-01  -2.9032687e-01  -7.5339482e-01   9.6308254e-01   5.4192665e-01   6.4005005e-01   5.7633422e-01  -6.5718941e-01  -4.9329397e-01