repo,hash,datetime,date,hour,weekday,weekday_name,month,author,author_hash,subject_len,files,insertions,deletions,changes
manifests,d124675d,2024-09-03 15:10:18+03:00,2024-09-03,15,1,Вт,2024-09,Автор 18,e8790c3b,14,1,1,0,1
manifests,c937b140,2024-09-03 15:24:18+03:00,2024-09-03,15,1,Вт,2024-09,Автор 18,e8790c3b,32,1,76,0,76
manifests,dda30e32,2024-09-03 15:35:26+03:00,2024-09-03,15,1,Вт,2024-09,Автор 04,f843be85,51,1,1,1,2
manifests,0fa488ad,2024-09-03 15:44:04+03:00,2024-09-03,15,1,Вт,2024-09,Автор 18,e8790c3b,32,1,1,1,2
manifests,487d19bc,2024-09-03 15:47:39+03:00,2024-09-03,15,1,Вт,2024-09,Автор 04,f843be85,51,1,1,1,2
manifests,b4d75da2,2024-09-03 23:44:14+03:00,2024-09-03,23,1,Вт,2024-09,Автор 03,be95ff83,26,1,78,0,78
manifests,dc2e5c9d,2024-09-03 23:45:09+03:00,2024-09-03,23,1,Вт,2024-09,Автор 03,be95ff83,25,1,76,0,76
manifests,d8356f7d,2024-09-04 14:55:07+03:00,2024-09-04,14,2,Ср,2024-09,Автор 04,f843be85,43,1,1,1,2
manifests,25603066,2024-09-04 23:08:02+03:00,2024-09-04,23,2,Ср,2024-09,Автор 04,f843be85,51,1,1,1,2
manifests,7d772cc0,2024-09-05 22:27:54+03:00,2024-09-05,22,3,Чт,2024-09,Автор 07,2055dbd4,23,1,69,0,69
manifests,3c103629,2024-09-05 22:35:38+03:00,2024-09-05,22,3,Чт,2024-09,Автор 07,2055dbd4,23,1,0,17,17
manifests,227feede,2024-09-05 22:40:56+03:00,2024-09-05,22,3,Чт,2024-09,Автор 07,2055dbd4,25,1,55,0,55
manifests,7b9f2f33,2024-09-05 23:26:11+03:00,2024-09-05,23,3,Чт,2024-09,Автор 07,2055dbd4,23,1,2,2,4
manifests,a3daa13e,2024-09-05 23:26:53+03:00,2024-09-05,23,3,Чт,2024-09,Автор 07,2055dbd4,25,1,2,2,4
manifests,fadab9dc,2024-09-05 23:54:31+03:00,2024-09-05,23,3,Чт,2024-09,Автор 07,2055dbd4,32,1,65,0,65
manifests,7b35c404,2024-09-06 01:02:56+03:00,2024-09-06,1,4,Пт,2024-09,Автор 07,2055dbd4,25,1,61,0,61
manifests,ab30e02a,2024-09-06 19:45:56+03:00,2024-09-06,19,4,Пт,2024-09,Автор 07,2055dbd4,31,1,68,0,68
manifests,0b0dd8d8,2024-09-06 20:02:42+03:00,2024-09-06,20,4,Пт,2024-09,Автор 07,2055dbd4,27,1,61,0,61
manifests,f03bed9c,2024-09-06 20:17:42+03:00,2024-09-06,20,4,Пт,2024-09,Автор 05,890bd079,25,1,67,0,67
manifests,79f840a8,2024-09-06 20:42:20+03:00,2024-09-06,20,4,Пт,2024-09,Автор 07,2055dbd4,33,1,38,0,38
manifests,4f1bd8d8,2024-09-06 21:02:09+03:00,2024-09-06,21,4,Пт,2024-09,Автор 05,890bd079,21,1,74,0,74
manifests,63fdb568,2024-09-06 21:13:11+03:00,2024-09-06,21,4,Пт,2024-09,Автор 04,f843be85,43,1,1,1,2
manifests,7c08baa1,2024-09-07 14:53:32+03:00,2024-09-07,14,5,Сб,2024-09,Автор 03,be95ff83,16,12,0,0,0
manifests,bfa76068,2024-09-07 14:55:20+03:00,2024-09-07,14,5,Сб,2024-09,Автор 03,be95ff83,17,12,771,0,771
manifests,9a9f96ec,2024-09-07 15:32:44+03:00,2024-09-07,15,5,Сб,2024-09,Автор 03,be95ff83,16,65,693,803,1496
manifests,8307ab0e,2024-09-07 15:35:52+03:00,2024-09-07,15,5,Сб,2024-09,Автор 03,be95ff83,18,4,113,39,152
manifests,62dc6352,2024-09-07 15:42:35+03:00,2024-09-07,15,5,Сб,2024-09,Автор 04,f843be85,59,1,1,1,2
manifests,8f093b32,2024-09-07 16:25:58+03:00,2024-09-07,16,5,Сб,2024-09,Автор 18,e8790c3b,22,1,1,1,2
manifests,490f3823,2024-09-07 16:26:28+03:00,2024-09-07,16,5,Сб,2024-09,Автор 04,f843be85,59,1,1,1,2
manifests,2ac0fdfa,2024-09-07 16:37:45+03:00,2024-09-07,16,5,Сб,2024-09,Автор 18,e8790c3b,22,1,1,1,2
manifests,2fc76e06,2024-09-07 16:50:54+03:00,2024-09-07,16,5,Сб,2024-09,Автор 04,f843be85,59,1,1,1,2
manifests,884aa019,2024-09-07 17:09:26+03:00,2024-09-07,17,5,Сб,2024-09,Автор 03,be95ff83,27,1,2,2,4
manifests,ff40ab11,2024-09-07 19:45:23+03:00,2024-09-07,19,5,Сб,2024-09,Автор 07,2055dbd4,22,1,1,1,2
manifests,44f2d4de,2024-09-07 20:21:21+03:00,2024-09-07,20,5,Сб,2024-09,Автор 07,2055dbd4,18,1,2,2,4
manifests,62de84fe,2024-09-07 20:21:29+03:00,2024-09-07,20,5,Сб,2024-09,Автор 07,2055dbd4,22,1,1,1,2
manifests,6e8201cf,2024-09-07 20:33:04+03:00,2024-09-07,20,5,Сб,2024-09,Автор 04,f843be85,57,1,1,1,2
manifests,6d3d7456,2024-09-07 20:38:38+03:00,2024-09-07,20,5,Сб,2024-09,Автор 07,2055dbd4,22,1,1,1,2
manifests,67950fd1,2024-09-07 20:45:22+03:00,2024-09-07,20,5,Сб,2024-09,Автор 07,2055dbd4,22,1,1,1,2
manifests,420789b8,2024-09-07 20:46:16+03:00,2024-09-07,20,5,Сб,2024-09,Автор 07,2055dbd4,22,1,1,1,2
manifests,ce32586c,2024-09-07 20:47:25+03:00,2024-09-07,20,5,Сб,2024-09,Автор 07,2055dbd4,22,1,1,1,2
manifests,1c1f98e9,2024-09-07 20:53:42+03:00,2024-09-07,20,5,Сб,2024-09,Автор 04,f843be85,57,1,1,1,2
manifests,173252bd,2024-09-07 21:00:02+03:00,2024-09-07,21,5,Сб,2024-09,Автор 04,f843be85,55,1,1,1,2
manifests,dadb1ecd,2024-09-07 21:04:15+03:00,2024-09-07,21,5,Сб,2024-09,Автор 04,f843be85,55,1,1,1,2
manifests,6d6b17e6,2024-09-07 21:08:55+03:00,2024-09-07,21,5,Сб,2024-09,Автор 04,f843be85,57,1,1,1,2
manifests,dcd6670a,2024-09-07 21:10:25+03:00,2024-09-07,21,5,Сб,2024-09,Автор 04,f843be85,59,1,1,1,2
manifests,5c8a8f76,2024-09-07 21:22:28+03:00,2024-09-07,21,5,Сб,2024-09,Автор 07,2055dbd4,18,1,13,0,13
manifests,97a1a14b,2024-09-07 21:22:57+03:00,2024-09-07,21,5,Сб,2024-09,Автор 07,2055dbd4,22,1,27,0,27
manifests,44b844f0,2024-09-07 21:24:37+03:00,2024-09-07,21,5,Сб,2024-09,Автор 07,2055dbd4,19,1,14,0,14
manifests,fc99bc47,2024-09-07 21:26:47+03:00,2024-09-07,21,5,Сб,2024-09,Автор 07,2055dbd4,4,3,54,0,54
manifests,ece0141c,2024-09-07 21:27:46+03:00,2024-09-07,21,5,Сб,2024-09,Автор 04,f843be85,57,1,1,1,2
manifests,7922de16,2024-09-07 21:43:52+03:00,2024-09-07,21,5,Сб,2024-09,Автор 04,f843be85,56,1,1,1,2
manifests,df972a0f,2024-09-07 21:46:38+03:00,2024-09-07,21,5,Сб,2024-09,Автор 07,2055dbd4,18,1,2,2,4
manifests,51f4a759,2024-09-07 21:47:23+03:00,2024-09-07,21,5,Сб,2024-09,Автор 07,2055dbd4,18,1,1,1,2
manifests,d52b20cd,2024-09-07 21:50:02+03:00,2024-09-07,21,5,Сб,2024-09,Автор 07,2055dbd4,22,1,1,1,2
manifests,7def1fda,2024-09-07 21:51:43+03:00,2024-09-07,21,5,Сб,2024-09,Автор 07,2055dbd4,22,1,1,1,2
manifests,9e7fbb27,2024-09-07 22:03:58+03:00,2024-09-07,22,5,Сб,2024-09,Автор 07,2055dbd4,19,1,4,2,6
manifests,31f11ed7,2024-09-07 22:05:09+03:00,2024-09-07,22,5,Сб,2024-09,Автор 07,2055dbd4,19,1,2,2,4
manifests,d16a9123,2024-09-07 22:08:25+03:00,2024-09-07,22,5,Сб,2024-09,Автор 07,2055dbd4,18,1,1,1,2
manifests,6d5450d0,2024-09-07 22:09:24+03:00,2024-09-07,22,5,Сб,2024-09,Автор 18,e8790c3b,22,1,3,0,3
manifests,036c78cd,2024-09-07 22:14:11+03:00,2024-09-07,22,5,Сб,2024-09,Автор 07,2055dbd4,18,1,1,1,2
manifests,a64baea2,2024-09-07 22:16:31+03:00,2024-09-07,22,5,Сб,2024-09,Автор 07,2055dbd4,22,1,6,0,6
manifests,a2bc880e,2024-09-07 22:18:19+03:00,2024-09-07,22,5,Сб,2024-09,Автор 18,e8790c3b,22,1,1,2,3
manifests,ec11ee44,2024-09-07 22:26:31+03:00,2024-09-07,22,5,Сб,2024-09,Автор 04,f843be85,64,1,1,1,2
manifests,9b437282,2024-09-07 22:41:16+03:00,2024-09-07,22,5,Сб,2024-09,Автор 18,e8790c3b,22,1,1,1,2
manifests,a94d971e,2024-09-07 23:39:42+03:00,2024-09-07,23,5,Сб,2024-09,Автор 07,2055dbd4,22,1,3,0,3
manifests,315280a5,2024-09-08 00:11:58+03:00,2024-09-08,0,6,Вс,2024-09,Автор 04,f843be85,57,1,1,1,2
manifests,d497f24e,2024-09-08 00:20:31+03:00,2024-09-08,0,6,Вс,2024-09,Автор 07,2055dbd4,22,1,3,0,3
manifests,0d13bdf5,2024-09-08 00:21:10+03:00,2024-09-08,0,6,Вс,2024-09,Автор 07,2055dbd4,22,1,3,0,3
manifests,65f8d593,2024-09-08 00:21:37+03:00,2024-09-08,0,6,Вс,2024-09,Автор 07,2055dbd4,22,1,3,0,3
manifests,496d79a6,2024-09-08 00:29:15+03:00,2024-09-08,0,6,Вс,2024-09,Автор 07,2055dbd4,18,1,2,2,4
manifests,252c3361,2024-09-08 00:30:52+03:00,2024-09-08,0,6,Вс,2024-09,Автор 07,2055dbd4,19,1,5,3,8
manifests,9b782fb3,2024-09-08 00:33:19+03:00,2024-09-08,0,6,Вс,2024-09,Автор 07,2055dbd4,19,1,1,1,2
manifests,003a815b,2024-09-08 00:33:47+03:00,2024-09-08,0,6,Вс,2024-09,Автор 07,2055dbd4,19,1,1,1,2
manifests,db37226b,2024-09-08 00:33:54+03:00,2024-09-08,0,6,Вс,2024-09,Автор 07,2055dbd4,18,1,1,1,2
manifests,3dd456c0,2024-09-08 00:35:22+03:00,2024-09-08,0,6,Вс,2024-09,Автор 07,2055dbd4,18,1,1,1,2
manifests,3ef4bd77,2024-09-08 00:36:05+03:00,2024-09-08,0,6,Вс,2024-09,Автор 07,2055dbd4,18,1,1,1,2
manifests,095b98ec,2024-09-08 00:43:26+03:00,2024-09-08,0,6,Вс,2024-09,Автор 18,e8790c3b,18,1,1,1,2
manifests,63520155,2024-09-08 00:46:40+03:00,2024-09-08,0,6,Вс,2024-09,Автор 04,f843be85,63,1,1,1,2
manifests,ffcebf4c,2024-09-08 00:49:39+03:00,2024-09-08,0,6,Вс,2024-09,Автор 04,f843be85,58,1,1,1,2
manifests,ecc95456,2024-09-08 00:53:19+03:00,2024-09-08,0,6,Вс,2024-09,Автор 07,2055dbd4,18,1,6,16,22
manifests,5651991e,2024-09-08 01:02:20+03:00,2024-09-08,1,6,Вс,2024-09,Автор 07,2055dbd4,22,1,2,1,3
manifests,3673593f,2024-09-08 01:02:33+03:00,2024-09-08,1,6,Вс,2024-09,Автор 07,2055dbd4,22,1,3,0,3
manifests,24c4d276,2024-09-08 01:02:51+03:00,2024-09-08,1,6,Вс,2024-09,Автор 07,2055dbd4,22,1,3,0,3
manifests,64766c4b,2024-09-08 01:03:10+03:00,2024-09-08,1,6,Вс,2024-09,Автор 07,2055dbd4,22,1,3,0,3
manifests,a05f1553,2024-09-08 01:03:21+03:00,2024-09-08,1,6,Вс,2024-09,Автор 07,2055dbd4,21,1,3,0,3
manifests,b78beec4,2024-09-08 01:03:32+03:00,2024-09-08,1,6,Вс,2024-09,Автор 07,2055dbd4,21,1,3,0,3
manifests,6b7f3980,2024-09-08 01:03:43+03:00,2024-09-08,1,6,Вс,2024-09,Автор 07,2055dbd4,22,1,3,0,3
manifests,8ac97459,2024-09-08 01:03:54+03:00,2024-09-08,1,6,Вс,2024-09,Автор 07,2055dbd4,22,1,3,0,3
manifests,d666267f,2024-09-08 01:04:05+03:00,2024-09-08,1,6,Вс,2024-09,Автор 07,2055dbd4,22,1,3,0,3
manifests,08caa780,2024-09-08 01:34:38+03:00,2024-09-08,1,6,Вс,2024-09,Автор 07,2055dbd4,33,2,0,78,78
manifests,d200d825,2024-09-08 01:34:51+03:00,2024-09-08,1,6,Вс,2024-09,Автор 07,2055dbd4,34,2,0,75,75
manifests,41fd7567,2024-09-08 01:36:00+03:00,2024-09-08,1,6,Вс,2024-09,Автор 07,2055dbd4,22,1,1,1,2
manifests,42bdc765,2024-09-08 01:36:50+03:00,2024-09-08,1,6,Вс,2024-09,Автор 07,2055dbd4,22,1,1,1,2
manifests,57415f7d,2024-09-08 01:37:26+03:00,2024-09-08,1,6,Вс,2024-09,Автор 07,2055dbd4,22,1,1,1,2
manifests,fcfa373a,2024-09-08 01:40:06+03:00,2024-09-08,1,6,Вс,2024-09,Автор 04,f843be85,59,1,1,1,2
manifests,55f348a6,2024-09-08 15:59:28+03:00,2024-09-08,15,6,Вс,2024-09,Автор 04,f843be85,55,1,1,1,2
manifests,ff224be0,2024-09-08 18:46:40+03:00,2024-09-08,18,6,Вс,2024-09,Автор 18,e8790c3b,22,1,1,1,2
manifests,7d985de6,2024-09-08 19:05:30+03:00,2024-09-08,19,6,Вс,2024-09,Автор 05,890bd079,18,1,2,2,4
manifests,d2d33800,2024-09-08 19:14:46+03:00,2024-09-08,19,6,Вс,2024-09,Автор 05,890bd079,18,1,2,2,4
manifests,440eac3f,2024-09-08 19:18:29+03:00,2024-09-08,19,6,Вс,2024-09,Автор 07,2055dbd4,18,1,2,2,4
manifests,d48beee2,2024-09-08 19:26:27+03:00,2024-09-08,19,6,Вс,2024-09,Автор 07,2055dbd4,18,1,1,1,2
manifests,dd6e549a,2024-09-09 13:01:35+03:00,2024-09-09,13,0,Пн,2024-09,Автор 04,f843be85,59,1,1,1,2
manifests,6c5c25f4,2024-09-09 18:31:40+03:00,2024-09-09,18,0,Пн,2024-09,Автор 07,2055dbd4,19,1,16,0,16
manifests,88dbf525,2024-09-09 19:06:36+03:00,2024-09-09,19,0,Пн,2024-09,Автор 18,e8790c3b,22,1,1,1,2
manifests,868b6f16,2024-09-09 21:50:47+03:00,2024-09-09,21,0,Пн,2024-09,Автор 03,be95ff83,33,1,11,6,17
manifests,61fbcbbd,2024-09-09 22:26:40+03:00,2024-09-09,22,0,Пн,2024-09,Автор 03,be95ff83,26,1,22,16,38
manifests,a8a64778,2024-09-09 22:28:40+03:00,2024-09-09,22,0,Пн,2024-09,Автор 04,f843be85,56,1,1,1,2
manifests,e958e38d,2024-09-09 22:46:49+03:00,2024-09-09,22,0,Пн,2024-09,Автор 18,e8790c3b,20,1,1,1,2
manifests,3776812c,2024-09-09 23:19:16+03:00,2024-09-09,23,0,Пн,2024-09,Автор 18,e8790c3b,18,1,2,2,4
manifests,9c3e919d,2024-09-09 23:22:59+03:00,2024-09-09,23,0,Пн,2024-09,Автор 03,be95ff83,12,1,2,2,4
manifests,607f7a72,2024-09-09 23:31:25+03:00,2024-09-09,23,0,Пн,2024-09,Автор 03,be95ff83,10,1,8,8,16
manifests,a434b0b6,2024-09-10 23:31:07+03:00,2024-09-10,23,1,Вт,2024-09,Автор 03,be95ff83,30,2,22,6,28
manifests,dcd1a166,2024-09-10 23:45:49+03:00,2024-09-10,23,1,Вт,2024-09,Автор 03,be95ff83,26,1,1,1,2
manifests,cd76c8cb,2024-09-11 13:52:39+03:00,2024-09-11,13,2,Ср,2024-09,Автор 04,f843be85,67,1,1,1,2
manifests,2be0b704,2024-09-11 14:03:47+03:00,2024-09-11,14,2,Ср,2024-09,Автор 05,890bd079,18,1,4,4,8
manifests,ed2bdfe8,2024-09-11 14:04:11+03:00,2024-09-11,14,2,Ср,2024-09,Автор 05,890bd079,18,1,4,4,8
manifests,db964b9b,2024-09-13 00:59:38+03:00,2024-09-13,0,4,Пт,2024-09,Автор 07,2055dbd4,30,1,135,0,135
manifests,4226997d,2024-09-13 01:01:05+03:00,2024-09-13,1,4,Пт,2024-09,Автор 07,2055dbd4,19,1,34,0,34
manifests,1c6362f8,2024-09-13 01:18:52+03:00,2024-09-13,1,4,Пт,2024-09,Автор 07,2055dbd4,22,1,9,4,13
manifests,394c27e2,2024-09-15 12:28:25+03:00,2024-09-15,12,6,Вс,2024-09,Автор 04,f843be85,59,1,1,1,2
manifests,70aec98a,2024-09-15 23:20:29+03:00,2024-09-15,23,6,Вс,2024-09,Автор 03,be95ff83,31,1,1,1,2
manifests,6ea6f474,2024-09-16 23:50:40+03:00,2024-09-16,23,0,Пн,2024-09,Автор 03,be95ff83,18,3,59,0,59
manifests,e20811c6,2024-09-17 00:15:12+03:00,2024-09-17,0,1,Вт,2024-09,Автор 03,be95ff83,27,1,9,2,11
manifests,9b274643,2024-09-17 00:21:01+03:00,2024-09-17,0,1,Вт,2024-09,Автор 03,be95ff83,10,1,1,1,2
manifests,80ed0855,2024-09-17 10:27:11+03:00,2024-09-17,10,1,Вт,2024-09,Автор 03,be95ff83,21,1,11,11,22
manifests,7206b093,2024-09-17 10:40:28+03:00,2024-09-17,10,1,Вт,2024-09,Автор 03,be95ff83,23,1,1,1,2
manifests,404edcdc,2024-09-17 20:12:43+03:00,2024-09-17,20,1,Вт,2024-09,Автор 05,890bd079,18,1,1,0,1
manifests,e7040b97,2024-09-18 13:26:08+03:00,2024-09-18,13,2,Ср,2024-09,Автор 03,be95ff83,22,3,61,0,61
manifests,df5c3a19,2024-09-18 13:29:14+03:00,2024-09-18,13,2,Ср,2024-09,Автор 03,be95ff83,26,2,14,4,18
manifests,1bb61dce,2024-09-18 16:04:53+03:00,2024-09-18,16,2,Ср,2024-09,Автор 05,890bd079,22,1,33,0,33
manifests,a66b1cd7,2024-09-18 16:05:23+03:00,2024-09-18,16,2,Ср,2024-09,Автор 05,890bd079,17,1,8,0,8
manifests,5d17c9d0,2024-09-18 16:06:47+03:00,2024-09-18,16,2,Ср,2024-09,Автор 05,890bd079,19,1,27,0,27
manifests,eee47760,2024-09-18 16:48:13+03:00,2024-09-18,16,2,Ср,2024-09,Автор 05,890bd079,19,1,1,1,2
manifests,c843d6d3,2024-09-18 17:09:18+03:00,2024-09-18,17,2,Ср,2024-09,Автор 05,890bd079,19,1,0,15,15
manifests,f2dbf9c3,2024-09-18 17:10:35+03:00,2024-09-18,17,2,Ср,2024-09,Автор 05,890bd079,19,1,14,1,15
manifests,c93d22a6,2024-09-18 17:11:15+03:00,2024-09-18,17,2,Ср,2024-09,Автор 05,890bd079,19,1,7,5,12
manifests,f9343745,2024-09-18 17:17:47+03:00,2024-09-18,17,2,Ср,2024-09,Автор 05,890bd079,19,1,2,2,4
manifests,f099206b,2024-09-18 17:19:23+03:00,2024-09-18,17,2,Ср,2024-09,Автор 05,890bd079,19,1,2,2,4
manifests,885da36c,2024-09-18 17:28:06+03:00,2024-09-18,17,2,Ср,2024-09,Автор 05,890bd079,19,1,0,15,15
manifests,593f3601,2024-09-18 17:32:03+03:00,2024-09-18,17,2,Ср,2024-09,Автор 05,890bd079,22,1,2,0,2
manifests,d8768bf2,2024-09-18 17:43:14+03:00,2024-09-18,17,2,Ср,2024-09,Автор 05,890bd079,22,1,3,0,3
manifests,34a482ea,2024-09-18 17:49:03+03:00,2024-09-18,17,2,Ср,2024-09,Автор 05,890bd079,22,1,1,0,1
manifests,25be36a8,2024-09-19 13:34:15+03:00,2024-09-19,13,3,Чт,2024-09,Автор 03,be95ff83,27,3,71,0,71
manifests,d384aa13,2024-09-19 13:36:23+03:00,2024-09-19,13,3,Чт,2024-09,Автор 04,f843be85,56,1,1,1,2
manifests,420b585f,2024-09-19 13:38:17+03:00,2024-09-19,13,3,Чт,2024-09,Автор 04,f843be85,56,1,1,1,2
manifests,2ec5c0b9,2024-09-19 13:40:02+03:00,2024-09-19,13,3,Чт,2024-09,Автор 04,f843be85,49,1,1,1,2
manifests,79be2b10,2024-09-19 13:42:04+03:00,2024-09-19,13,3,Чт,2024-09,Автор 04,f843be85,56,1,1,1,2
manifests,0da3be2a,2024-09-19 13:44:35+03:00,2024-09-19,13,3,Чт,2024-09,Автор 04,f843be85,56,1,1,1,2
manifests,5a1b8aa5,2024-09-19 13:45:07+03:00,2024-09-19,13,3,Чт,2024-09,Автор 04,f843be85,56,1,1,1,2
manifests,edc8f6f9,2024-09-20 15:56:29+03:00,2024-09-20,15,4,Пт,2024-09,Автор 04,f843be85,59,1,1,1,2
manifests,3d0fc44a,2024-09-22 14:24:27+03:00,2024-09-22,14,6,Вс,2024-09,Автор 04,f843be85,56,1,1,1,2
manifests,975dcaf9,2024-09-23 15:09:29+03:00,2024-09-23,15,0,Пн,2024-09,Автор 04,f843be85,59,1,1,1,2
manifests,6d9cb6fc,2024-09-28 00:18:52+03:00,2024-09-28,0,5,Сб,2024-09,Автор 04,f843be85,56,1,1,1,2
manifests,d157b974,2024-09-29 19:40:16+03:00,2024-09-29,19,6,Вс,2024-09,Автор 04,f843be85,59,1,1,1,2
manifests,17f18d6e,2024-09-30 10:15:57+03:00,2024-09-30,10,0,Пн,2024-09,Автор 04,f843be85,59,1,1,1,2
manifests,a8de6733,2024-09-30 23:16:07+03:00,2024-09-30,23,0,Пн,2024-09,Автор 05,890bd079,18,1,1,0,1
manifests,0c28bded,2024-09-30 23:16:52+03:00,2024-09-30,23,0,Пн,2024-09,Автор 05,890bd079,18,1,1,1,2
manifests,ca43eee4,2024-09-30 23:34:16+03:00,2024-09-30,23,0,Пн,2024-09,Автор 04,f843be85,59,1,1,1,2
manifests,c34eb7c3,2024-10-03 12:48:44+03:00,2024-10-03,12,3,Чт,2024-10,Автор 04,f843be85,59,1,1,1,2
manifests,68935d9b,2024-10-04 13:31:15+03:00,2024-10-04,13,4,Пт,2024-10,Автор 03,be95ff83,25,1,2,1,3
manifests,db4b225d,2024-10-05 21:20:37+03:00,2024-10-05,21,5,Сб,2024-10,Автор 04,f843be85,63,1,1,1,2
manifests,3739b562,2024-10-05 23:49:36+03:00,2024-10-05,23,5,Сб,2024-10,Автор 05,890bd079,20,1,557,0,557
manifests,78c71e09,2024-10-05 23:50:20+03:00,2024-10-05,23,5,Сб,2024-10,Автор 05,890bd079,20,1,366,0,366
manifests,2b11068d,2024-10-06 02:17:41+03:00,2024-10-06,2,6,Вс,2024-10,Автор 04,f843be85,57,1,1,1,2
manifests,d502e0b1,2024-10-06 02:22:07+03:00,2024-10-06,2,6,Вс,2024-10,Автор 04,f843be85,50,1,1,1,2
manifests,07209d48,2024-10-06 02:23:26+03:00,2024-10-06,2,6,Вс,2024-10,Автор 04,f843be85,57,1,1,1,2
manifests,158a887e,2024-10-06 16:13:32+03:00,2024-10-06,16,6,Вс,2024-10,Автор 05,890bd079,20,1,157,0,157
manifests,5f7bcd34,2024-10-06 18:32:04+03:00,2024-10-06,18,6,Вс,2024-10,Автор 08,a4e888be,16,1,23,1,24
manifests,a5702357,2024-10-07 20:41:37+03:00,2024-10-07,20,0,Пн,2024-10,Автор 18,e8790c3b,36,1,1,0,1
manifests,21ec01aa,2024-10-07 21:05:45+03:00,2024-10-07,21,0,Пн,2024-10,Автор 18,e8790c3b,28,1,1,1,2
manifests,e58e7104,2024-10-07 21:21:15+03:00,2024-10-07,21,0,Пн,2024-10,Автор 18,e8790c3b,19,1,1,1,2
manifests,80efaac6,2024-10-10 17:59:27+03:00,2024-10-10,17,3,Чт,2024-10,Автор 08,a4e888be,11,1,7,6,13
manifests,d8ff22cd,2024-10-11 00:05:34+03:00,2024-10-11,0,4,Пт,2024-10,Автор 07,2055dbd4,23,1,2,0,2
manifests,a7c3f69c,2024-10-11 00:06:46+03:00,2024-10-11,0,4,Пт,2024-10,Автор 07,2055dbd4,26,1,3,1,4
manifests,b72c52a0,2024-10-11 00:09:39+03:00,2024-10-11,0,4,Пт,2024-10,Автор 07,2055dbd4,27,1,1,0,1
manifests,4ed04ff5,2024-10-11 00:18:51+03:00,2024-10-11,0,4,Пт,2024-10,Автор 08,a4e888be,15,1,1,1,2
manifests,29c46b23,2024-10-28 11:45:19+03:00,2024-10-28,11,0,Пн,2024-10,Автор 08,a4e888be,37,2,14,1,15
manifests,2c8620e6,2024-11-12 04:24:48+03:00,2024-11-12,4,1,Вт,2024-11,Автор 03,be95ff83,23,3,77,0,77
manifests,71acf84b,2024-11-12 04:44:57+03:00,2024-11-12,4,1,Вт,2024-11,Автор 03,be95ff83,22,2,13,2,15
manifests,06a89fb4,2024-11-12 19:57:27+03:00,2024-11-12,19,1,Вт,2024-11,Автор 08,a4e888be,21,2,63,0,63
manifests,9c809e3b,2024-11-12 20:38:36+03:00,2024-11-12,20,1,Вт,2024-11,Автор 08,a4e888be,13,1,3,1,4
manifests,3834c434,2024-11-13 20:43:56+03:00,2024-11-13,20,2,Ср,2024-11,Автор 08,a4e888be,19,1,18,0,18
manifests,450dd8d9,2024-11-14 15:17:52+03:00,2024-11-14,15,3,Чт,2024-11,Автор 07,2055dbd4,40,1,1,0,1
manifests,528146dc,2024-11-15 17:32:34+03:00,2024-11-15,17,4,Пт,2024-11,Автор 05,890bd079,22,1,30,0,30
manifests,b9ebe14a,2024-11-15 17:33:05+03:00,2024-11-15,17,4,Пт,2024-11,Автор 05,890bd079,18,1,16,0,16
manifests,ad85c2b3,2024-11-15 17:33:22+03:00,2024-11-15,17,4,Пт,2024-11,Автор 05,890bd079,19,1,15,0,15
manifests,6c91e3bd,2024-11-15 17:38:45+03:00,2024-11-15,17,4,Пт,2024-11,Автор 05,890bd079,19,1,4,6,10
manifests,b19acee8,2024-11-15 17:39:39+03:00,2024-11-15,17,4,Пт,2024-11,Автор 05,890bd079,15,1,12,0,12
manifests,e33d67e3,2024-11-15 17:41:13+03:00,2024-11-15,17,4,Пт,2024-11,Автор 05,890bd079,22,1,19,0,19
manifests,3fe2c7dc,2024-11-16 02:50:26+03:00,2024-11-16,2,5,Сб,2024-11,Автор 08,a4e888be,43,1,1,1,2
manifests,baee77e0,2024-11-16 17:56:00+03:00,2024-11-16,17,5,Сб,2024-11,Автор 04,f843be85,59,1,1,1,2
manifests,090c8845,2024-11-17 12:15:40+03:00,2024-11-17,12,6,Вс,2024-11,Автор 05,890bd079,15,1,1,1,2
manifests,8810b2ad,2024-11-17 12:17:21+03:00,2024-11-17,12,6,Вс,2024-11,Автор 05,890bd079,15,1,1,1,2
manifests,486c29cd,2024-11-17 12:18:56+03:00,2024-11-17,12,6,Вс,2024-11,Автор 05,890bd079,22,1,1,1,2
manifests,9652fc24,2024-11-17 12:21:45+03:00,2024-11-17,12,6,Вс,2024-11,Автор 05,890bd079,22,1,0,1,1
manifests,913fedaa,2024-11-17 12:23:52+03:00,2024-11-17,12,6,Вс,2024-11,Автор 05,890bd079,22,1,1,0,1
manifests,acd16943,2024-11-17 12:33:56+03:00,2024-11-17,12,6,Вс,2024-11,Автор 05,890bd079,22,1,2,0,2
manifests,35af238a,2024-11-17 12:40:27+03:00,2024-11-17,12,6,Вс,2024-11,Автор 05,890bd079,22,1,0,2,2
manifests,85785dbb,2024-11-17 12:44:24+03:00,2024-11-17,12,6,Вс,2024-11,Автор 05,890bd079,22,1,1,0,1
manifests,41ef5d73,2024-11-17 12:52:59+03:00,2024-11-17,12,6,Вс,2024-11,Автор 05,890bd079,22,1,1,1,2
manifests,87ebeaf7,2024-11-18 17:00:19+03:00,2024-11-18,17,0,Пн,2024-11,Автор 05,890bd079,18,1,1,1,2
manifests,978803e0,2024-11-18 17:09:56+03:00,2024-11-18,17,0,Пн,2024-11,Автор 01,631db03e,22,1,1,1,2
manifests,d50d583b,2024-11-18 17:13:23+03:00,2024-11-18,17,0,Пн,2024-11,Автор 01,631db03e,22,1,1,1,2
manifests,640d7028,2024-11-18 17:13:39+03:00,2024-11-18,17,0,Пн,2024-11,Автор 05,890bd079,36,4,0,88,88
manifests,56e61152,2024-11-18 17:32:38+03:00,2024-11-18,17,0,Пн,2024-11,Автор 05,890bd079,19,1,1,1,2
manifests,5d768f36,2024-11-18 19:54:49+03:00,2024-11-18,19,0,Пн,2024-11,Автор 01,631db03e,21,1,35,0,35
manifests,a87ba60c,2024-11-18 19:55:09+03:00,2024-11-18,19,0,Пн,2024-11,Автор 01,631db03e,19,1,13,0,13
manifests,0861ff89,2024-11-18 19:57:17+03:00,2024-11-18,19,0,Пн,2024-11,Автор 01,631db03e,21,1,1,1,2
manifests,b298d800,2024-11-18 19:57:31+03:00,2024-11-18,19,0,Пн,2024-11,Автор 01,631db03e,19,1,1,1,2
manifests,2225d463,2024-11-18 20:01:03+03:00,2024-11-18,20,0,Пн,2024-11,Автор 01,631db03e,21,1,0,9,9
manifests,9588e73e,2024-11-18 20:34:34+03:00,2024-11-18,20,0,Пн,2024-11,Автор 01,631db03e,15,1,11,0,11
manifests,8a02cba2,2024-11-18 20:35:31+03:00,2024-11-18,20,0,Пн,2024-11,Автор 01,631db03e,21,1,3,0,3
manifests,352d1d6c,2024-11-18 20:39:58+03:00,2024-11-18,20,0,Пн,2024-11,Автор 01,631db03e,15,1,1,0,1
manifests,eabf8263,2024-11-18 20:41:05+03:00,2024-11-18,20,0,Пн,2024-11,Автор 05,890bd079,15,1,1,1,2
manifests,280a4a1d,2024-11-18 20:44:59+03:00,2024-11-18,20,0,Пн,2024-11,Автор 05,890bd079,21,1,9,5,14
manifests,bebe7feb,2024-11-18 20:45:44+03:00,2024-11-18,20,0,Пн,2024-11,Автор 01,631db03e,21,1,9,6,15
manifests,3a7cc074,2024-11-20 00:40:48+03:00,2024-11-20,0,2,Ср,2024-11,Автор 05,890bd079,18,1,1,1,2
manifests,e0ed08c3,2024-11-20 21:39:25+03:00,2024-11-20,21,2,Ср,2024-11,Автор 01,631db03e,21,1,0,3,3
manifests,edaf2402,2024-11-20 21:57:26+03:00,2024-11-20,21,2,Ср,2024-11,Автор 08,a4e888be,23,2,0,19,19
manifests,1b70bd45,2024-11-23 17:32:21+03:00,2024-11-23,17,5,Сб,2024-11,Автор 05,890bd079,18,1,7,3,10
manifests,251f958a,2024-12-02 01:11:32+03:00,2024-12-02,1,0,Пн,2024-12,Автор 04,f843be85,59,1,1,1,2
manifests,d875afa3,2024-12-03 16:59:23+03:00,2024-12-03,16,1,Вт,2024-12,Автор 03,be95ff83,22,1,1,1,2
manifests,f6e6f74b,2024-12-04 23:56:00+03:00,2024-12-04,23,2,Ср,2024-12,Автор 03,be95ff83,22,1,3,1,4
manifests,5dc94461,2024-12-04 23:58:25+03:00,2024-12-04,23,2,Ср,2024-12,Автор 03,be95ff83,22,1,1,1,2
manifests,c2b9a793,2024-12-05 02:39:17+03:00,2024-12-05,2,3,Чт,2024-12,Автор 03,be95ff83,22,1,1,1,2
manifests,0bc68190,2024-12-05 02:49:21+03:00,2024-12-05,2,3,Чт,2024-12,Автор 03,be95ff83,22,1,1,1,2
manifests,44f7347e,2024-12-05 02:54:42+03:00,2024-12-05,2,3,Чт,2024-12,Автор 03,be95ff83,22,1,1,1,2
manifests,1355c410,2024-12-05 02:58:41+03:00,2024-12-05,2,3,Чт,2024-12,Автор 03,be95ff83,22,1,1,1,2
manifests,b0734399,2024-12-05 03:01:11+03:00,2024-12-05,3,3,Чт,2024-12,Автор 03,be95ff83,21,1,1,1,2
manifests,52338cdb,2024-12-05 11:55:14+03:00,2024-12-05,11,3,Чт,2024-12,Автор 03,be95ff83,21,1,2,2,4
manifests,ab173492,2024-12-05 12:03:43+03:00,2024-12-05,12,3,Чт,2024-12,Автор 03,be95ff83,18,1,1,1,2
manifests,7d6fa1f5,2024-12-05 12:11:53+03:00,2024-12-05,12,3,Чт,2024-12,Автор 03,be95ff83,21,1,0,2,2
manifests,1e01e226,2024-12-05 12:30:49+03:00,2024-12-05,12,3,Чт,2024-12,Автор 03,be95ff83,18,1,1,1,2
manifests,d1a60b3d,2024-12-05 12:32:16+03:00,2024-12-05,12,3,Чт,2024-12,Автор 03,be95ff83,22,1,0,2,2
manifests,037490a1,2024-12-05 12:47:09+03:00,2024-12-05,12,3,Чт,2024-12,Автор 03,be95ff83,22,1,0,2,2
manifests,f45ca3aa,2024-12-05 12:58:09+03:00,2024-12-05,12,3,Чт,2024-12,Автор 03,be95ff83,22,1,1,1,2
manifests,095d168c,2024-12-05 14:08:43+03:00,2024-12-05,14,3,Чт,2024-12,Автор 03,be95ff83,22,1,0,2,2
manifests,db74ed84,2024-12-05 14:14:19+03:00,2024-12-05,14,3,Чт,2024-12,Автор 03,be95ff83,18,1,2,2,4
manifests,d79e9e03,2024-12-05 17:07:36+03:00,2024-12-05,17,3,Чт,2024-12,Автор 03,be95ff83,22,1,0,2,2
manifests,f7e7cb01,2024-12-05 17:10:33+03:00,2024-12-05,17,3,Чт,2024-12,Автор 03,be95ff83,22,1,0,2,2
manifests,4dd49427,2024-12-05 17:13:43+03:00,2024-12-05,17,3,Чт,2024-12,Автор 03,be95ff83,22,1,0,2,2
manifests,4ada81ba,2024-12-05 17:34:02+03:00,2024-12-05,17,3,Чт,2024-12,Автор 03,be95ff83,22,1,11,2,13
manifests,bc6afdec,2024-12-08 23:16:44+03:00,2024-12-08,23,6,Вс,2024-12,Автор 01,631db03e,18,1,1,1,2
manifests,ff145a2b,2024-12-08 23:30:13+03:00,2024-12-08,23,6,Вс,2024-12,Автор 03,be95ff83,18,1,2,1,3
manifests,9302c950,2024-12-08 23:31:34+03:00,2024-12-08,23,6,Вс,2024-12,Автор 03,be95ff83,18,1,1,0,1
manifests,0ec64456,2024-12-08 23:32:47+03:00,2024-12-08,23,6,Вс,2024-12,Автор 03,be95ff83,18,1,1,1,2
manifests,2aff96b1,2024-12-09 17:33:49+03:00,2024-12-09,17,0,Пн,2024-12,Автор 03,be95ff83,22,1,2,0,2
manifests,bbc4e6f5,2024-12-09 17:34:13+03:00,2024-12-09,17,0,Пн,2024-12,Автор 03,be95ff83,22,1,2,0,2
manifests,c274efcf,2024-12-09 17:35:00+03:00,2024-12-09,17,0,Пн,2024-12,Автор 03,be95ff83,22,1,2,3,5
manifests,167e5edd,2024-12-09 17:35:53+03:00,2024-12-09,17,0,Пн,2024-12,Автор 03,be95ff83,22,1,2,2,4
manifests,94c88afa,2024-12-09 17:40:21+03:00,2024-12-09,17,0,Пн,2024-12,Автор 03,be95ff83,48,11,20,12,32
manifests,0fc83c15,2024-12-09 17:44:27+03:00,2024-12-09,17,0,Пн,2024-12,Автор 03,be95ff83,22,1,2,2,4
manifests,e0e9c235,2024-12-10 01:23:46+03:00,2024-12-10,1,1,Вт,2024-12,Автор 03,be95ff83,25,3,51,0,51
manifests,26e9de3d,2024-12-10 01:26:09+03:00,2024-12-10,1,1,Вт,2024-12,Автор 03,be95ff83,29,1,1,0,1
manifests,613a6c90,2024-12-10 01:28:45+03:00,2024-12-10,1,1,Вт,2024-12,Автор 03,be95ff83,22,1,1,1,2
manifests,3461b05e,2024-12-10 01:29:37+03:00,2024-12-10,1,1,Вт,2024-12,Автор 03,be95ff83,18,1,1,1,2
manifests,6cac6a62,2024-12-10 01:36:41+03:00,2024-12-10,1,1,Вт,2024-12,Автор 03,be95ff83,22,1,0,3,3
manifests,42241765,2024-12-10 01:37:59+03:00,2024-12-10,1,1,Вт,2024-12,Автор 03,be95ff83,22,1,1,1,2
manifests,39dfcf25,2024-12-10 01:39:03+03:00,2024-12-10,1,1,Вт,2024-12,Автор 03,be95ff83,18,1,1,1,2
manifests,6a3ea9ba,2024-12-10 01:40:08+03:00,2024-12-10,1,1,Вт,2024-12,Автор 03,be95ff83,18,1,1,1,2
manifests,03090891,2024-12-10 01:47:17+03:00,2024-12-10,1,1,Вт,2024-12,Автор 03,be95ff83,18,1,1,1,2
manifests,a234e02a,2024-12-10 01:50:04+03:00,2024-12-10,1,1,Вт,2024-12,Автор 03,be95ff83,22,1,6,0,6
manifests,d94f26a1,2024-12-10 01:50:21+03:00,2024-12-10,1,1,Вт,2024-12,Автор 03,be95ff83,18,1,0,1,1
manifests,6467fafc,2024-12-10 02:09:40+03:00,2024-12-10,2,1,Вт,2024-12,Автор 03,be95ff83,18,1,1,1,2
manifests,d54123c5,2024-12-10 16:13:10+03:00,2024-12-10,16,1,Вт,2024-12,Автор 03,be95ff83,21,1,0,2,2
manifests,c52b81e6,2024-12-10 16:19:18+03:00,2024-12-10,16,1,Вт,2024-12,Автор 03,be95ff83,19,1,1,1,2
manifests,8080ca55,2024-12-10 16:31:03+03:00,2024-12-10,16,1,Вт,2024-12,Автор 03,be95ff83,18,1,1,1,2
manifests,9133d27f,2024-12-10 18:13:48+03:00,2024-12-10,18,1,Вт,2024-12,Автор 01,631db03e,18,1,1,1,2
manifests,4e0f8569,2024-12-10 20:55:11+03:00,2024-12-10,20,1,Вт,2024-12,Автор 05,890bd079,18,1,1,1,2
manifests,cf850c4e,2024-12-11 17:35:47+03:00,2024-12-11,17,2,Ср,2024-12,Автор 03,be95ff83,14,66,211,7,218
manifests,eac60643,2024-12-11 17:51:47+03:00,2024-12-11,17,2,Ср,2024-12,Автор 03,be95ff83,18,1,1,0,1
manifests,b4dfabce,2024-12-11 18:00:12+03:00,2024-12-11,18,2,Ср,2024-12,Автор 03,be95ff83,22,1,0,2,2
manifests,dbd82d34,2024-12-11 18:14:04+03:00,2024-12-11,18,2,Ср,2024-12,Автор 03,be95ff83,13,5,330,0,330
manifests,c98f23ba,2024-12-11 18:20:21+03:00,2024-12-11,18,2,Ср,2024-12,Автор 03,be95ff83,19,1,2,2,4
manifests,fec3237c,2024-12-11 19:00:50+03:00,2024-12-11,19,2,Ср,2024-12,Автор 03,be95ff83,18,1,58,0,58
manifests,63ced903,2024-12-11 19:02:21+03:00,2024-12-11,19,2,Ср,2024-12,Автор 03,be95ff83,19,1,0,0,0
manifests,5132bd04,2024-12-11 19:03:52+03:00,2024-12-11,19,2,Ср,2024-12,Автор 03,be95ff83,6,1,0,0,0
manifests,f474343d,2024-12-11 19:03:52+03:00,2024-12-11,19,2,Ср,2024-12,Автор 03,be95ff83,25,3,51,0,51
manifests,8dfe6d8d,2024-12-11 19:24:31+03:00,2024-12-11,19,2,Ср,2024-12,Автор 03,be95ff83,24,6,17,19,36
manifests,618c8c74,2024-12-11 19:31:18+03:00,2024-12-11,19,2,Ср,2024-12,Автор 03,be95ff83,8,1,1,1,2
manifests,d96456d8,2024-12-12 04:08:50+03:00,2024-12-12,4,3,Чт,2024-12,Автор 03,be95ff83,13,2,76,0,76
manifests,61d74dcb,2024-12-12 13:05:51+03:00,2024-12-12,13,3,Чт,2024-12,Автор 08,a4e888be,33,1,1,0,1
manifests,6d8f1757,2024-12-12 19:39:37+03:00,2024-12-12,19,3,Чт,2024-12,Автор 03,be95ff83,11,3,61,0,61
manifests,bdf210eb,2024-12-12 21:52:51+03:00,2024-12-12,21,3,Чт,2024-12,Автор 01,631db03e,22,1,6,0,6
manifests,5c35988a,2024-12-12 21:53:28+03:00,2024-12-12,21,3,Чт,2024-12,Автор 01,631db03e,32,1,2,2,4
manifests,d0eee726,2024-12-12 21:54:43+03:00,2024-12-12,21,3,Чт,2024-12,Автор 03,be95ff83,33,12,98,1,99
manifests,6edf522d,2024-12-12 21:59:10+03:00,2024-12-12,21,3,Чт,2024-12,Автор 03,be95ff83,30,1,1,1,2
manifests,ebad9794,2024-12-12 22:01:34+03:00,2024-12-12,22,3,Чт,2024-12,Автор 03,be95ff83,22,3,0,0,0
manifests,a2e67a2f,2024-12-12 22:04:45+03:00,2024-12-12,22,3,Чт,2024-12,Автор 03,be95ff83,38,1,1,2,3
manifests,8c4c7e8d,2024-12-12 22:09:38+03:00,2024-12-12,22,3,Чт,2024-12,Автор 03,be95ff83,23,1,18,1,19
manifests,0d55b143,2024-12-12 23:12:10+03:00,2024-12-12,23,3,Чт,2024-12,Автор 03,be95ff83,24,1,1,1,2
manifests,364429c3,2024-12-12 23:13:24+03:00,2024-12-12,23,3,Чт,2024-12,Автор 03,be95ff83,20,1,0,3,3
manifests,c181019b,2024-12-12 23:13:24+03:00,2024-12-12,23,3,Чт,2024-12,Автор 03,be95ff83,26,28,1125,1187,2312
manifests,ca99c560,2024-12-13 00:36:56+03:00,2024-12-13,0,4,Пт,2024-12,Автор 01,631db03e,18,1,0,3,3
manifests,8bb6bf37,2024-12-13 00:38:43+03:00,2024-12-13,0,4,Пт,2024-12,Автор 01,631db03e,18,1,0,2,2
manifests,7f4a7c63,2024-12-13 00:39:17+03:00,2024-12-13,0,4,Пт,2024-12,Автор 01,631db03e,18,1,0,2,2
manifests,c1579f41,2024-12-13 00:47:16+03:00,2024-12-13,0,4,Пт,2024-12,Автор 01,631db03e,18,1,2,2,4
manifests,c6326923,2024-12-13 01:27:20+03:00,2024-12-13,1,4,Пт,2024-12,Автор 01,631db03e,45,18,55,38,93
manifests,07cdc5e7,2024-12-13 01:40:55+03:00,2024-12-13,1,4,Пт,2024-12,Автор 01,631db03e,15,3,3,3,6
manifests,3882e78d,2024-12-13 02:04:07+03:00,2024-12-13,2,4,Пт,2024-12,Автор 01,631db03e,6,2,0,2,2
manifests,948a6d9e,2024-12-13 02:35:27+03:00,2024-12-13,2,4,Пт,2024-12,Автор 03,be95ff83,21,1,21,1,22
manifests,5ed1aa87,2024-12-13 02:43:23+03:00,2024-12-13,2,4,Пт,2024-12,Автор 03,be95ff83,19,1,3,0,3
manifests,2b581eac,2024-12-13 15:31:38+03:00,2024-12-13,15,4,Пт,2024-12,Автор 01,631db03e,19,2,2,2,4
manifests,4d79227b,2024-12-13 18:08:33+03:00,2024-12-13,18,4,Пт,2024-12,Автор 03,be95ff83,34,1,2,0,2
manifests,ddc007a2,2024-12-13 18:09:16+03:00,2024-12-13,18,4,Пт,2024-12,Автор 03,be95ff83,21,3,25,0,25
manifests,96087a23,2024-12-13 20:02:50+03:00,2024-12-13,20,4,Пт,2024-12,Автор 05,890bd079,18,1,2,1,3
manifests,1eb3d8c9,2024-12-13 20:11:17+03:00,2024-12-13,20,4,Пт,2024-12,Автор 05,890bd079,18,1,1,1,2
manifests,908c3c08,2024-12-13 20:23:16+03:00,2024-12-13,20,4,Пт,2024-12,Автор 03,be95ff83,17,1,1,1,2
manifests,85cb96d2,2024-12-13 21:04:29+03:00,2024-12-13,21,4,Пт,2024-12,Автор 03,be95ff83,38,2,11,1,12
manifests,f4bc349e,2024-12-13 21:39:15+03:00,2024-12-13,21,4,Пт,2024-12,Автор 03,be95ff83,26,5,39,41,80
manifests,23effdd9,2024-12-14 15:21:45+03:00,2024-12-14,15,5,Сб,2024-12,Автор 03,be95ff83,18,1,1,1,2
manifests,fd372509,2024-12-20 00:58:58+03:00,2024-12-20,0,4,Пт,2024-12,Автор 03,be95ff83,27,1,4,4,8
manifests,2379605a,2024-12-20 03:13:32+03:00,2024-12-20,3,4,Пт,2024-12,Автор 01,631db03e,30,1,1,0,1
manifests,c4a9e791,2024-12-21 00:12:03+03:00,2024-12-21,0,5,Сб,2024-12,Автор 01,631db03e,16,1,3,3,6
manifests,cdd928d6,2024-12-21 22:35:24+03:00,2024-12-21,22,5,Сб,2024-12,Автор 07,2055dbd4,31,4,8,4,12
manifests,1a1d19b5,2024-12-22 01:00:53+03:00,2024-12-22,1,6,Вс,2024-12,Автор 07,2055dbd4,32,6,398,0,398
manifests,2d4f1474,2024-12-22 01:28:44+03:00,2024-12-22,1,6,Вс,2024-12,Автор 07,2055dbd4,45,56,587,291,878
manifests,2e89e79c,2024-12-22 01:30:42+03:00,2024-12-22,1,6,Вс,2024-12,Автор 07,2055dbd4,18,6,86,0,86
manifests,4f0bc72e,2024-12-22 01:32:44+03:00,2024-12-22,1,6,Вс,2024-12,Автор 07,2055dbd4,45,52,1851,0,1851
manifests,2a45108c,2024-12-22 01:48:01+03:00,2024-12-22,1,6,Вс,2024-12,Автор 03,be95ff83,26,1,8,8,16
manifests,51d0d06b,2024-12-22 06:06:07+03:00,2024-12-22,6,6,Вс,2024-12,Автор 01,631db03e,18,1,3,3,6
manifests,cdf6456f,2024-12-22 23:41:35+03:00,2024-12-22,23,6,Вс,2024-12,Автор 01,631db03e,42,1,1,1,2
manifests,c05695b9,2024-12-23 00:34:54+03:00,2024-12-23,0,0,Пн,2024-12,Автор 07,2055dbd4,45,2,2,0,2
manifests,f8362a21,2024-12-23 02:05:40+03:00,2024-12-23,2,0,Пн,2024-12,Автор 03,be95ff83,30,4,100,0,100
manifests,a1d813c0,2024-12-23 02:33:08+03:00,2024-12-23,2,0,Пн,2024-12,Автор 03,be95ff83,30,1,3,3,6
manifests,d11e81a5,2024-12-23 02:55:33+03:00,2024-12-23,2,0,Пн,2024-12,Автор 01,631db03e,32,1,1,0,1
manifests,d5fce5a9,2024-12-23 03:15:19+03:00,2024-12-23,3,0,Пн,2024-12,Автор 01,631db03e,50,1,11,1,12
manifests,13236476,2024-12-23 03:24:32+03:00,2024-12-23,3,0,Пн,2024-12,Автор 01,631db03e,18,1,1,1,2
manifests,ae8510a4,2024-12-23 03:45:27+03:00,2024-12-23,3,0,Пн,2024-12,Автор 01,631db03e,18,1,1,1,2
manifests,434ed1db,2024-12-23 03:56:35+03:00,2024-12-23,3,0,Пн,2024-12,Автор 01,631db03e,18,1,1,1,2
manifests,14d76495,2024-12-23 16:59:34+03:00,2024-12-23,16,0,Пн,2024-12,Автор 03,be95ff83,16,1,1,1,2
manifests,fe3f80b4,2024-12-23 18:50:19+03:00,2024-12-23,18,0,Пн,2024-12,Автор 07,2055dbd4,33,1,1,1,2
manifests,6752dbe5,2024-12-23 22:11:23+03:00,2024-12-23,22,0,Пн,2024-12,Автор 03,be95ff83,34,5,45,9,54
manifests,9ffceb59,2024-12-23 22:39:22+03:00,2024-12-23,22,0,Пн,2024-12,Автор 03,be95ff83,33,2,17,10,27
manifests,45e6323f,2024-12-23 22:44:01+03:00,2024-12-23,22,0,Пн,2024-12,Автор 03,be95ff83,37,1,1,0,1
manifests,f06f9c2a,2024-12-23 22:46:25+03:00,2024-12-23,22,0,Пн,2024-12,Автор 03,be95ff83,28,1,1,1,2
manifests,6bac7284,2024-12-23 22:49:52+03:00,2024-12-23,22,0,Пн,2024-12,Автор 03,be95ff83,38,1,4,0,4
manifests,37093bd8,2024-12-23 22:52:50+03:00,2024-12-23,22,0,Пн,2024-12,Автор 03,be95ff83,27,2,56,67,123
manifests,710c945c,2024-12-23 23:01:23+03:00,2024-12-23,23,0,Пн,2024-12,Автор 03,be95ff83,38,1,1,1,2
manifests,95fe4f59,2024-12-23 23:03:17+03:00,2024-12-23,23,0,Пн,2024-12,Автор 03,be95ff83,35,1,7,7,14
manifests,1fe7abe6,2024-12-23 23:14:14+03:00,2024-12-23,23,0,Пн,2024-12,Автор 03,be95ff83,37,1,2,2,4
manifests,9ddb7033,2024-12-23 23:16:27+03:00,2024-12-23,23,0,Пн,2024-12,Автор 03,be95ff83,37,1,1,1,2
manifests,d6e17c70,2024-12-23 23:17:39+03:00,2024-12-23,23,0,Пн,2024-12,Автор 03,be95ff83,36,1,2,2,4
manifests,613f7dc0,2024-12-23 23:19:37+03:00,2024-12-23,23,0,Пн,2024-12,Автор 03,be95ff83,38,1,2,2,4
manifests,3d00de9a,2024-12-23 23:21:43+03:00,2024-12-23,23,0,Пн,2024-12,Автор 03,be95ff83,36,1,2,2,4
manifests,556e67a8,2024-12-23 23:25:01+03:00,2024-12-23,23,0,Пн,2024-12,Автор 03,be95ff83,32,1,5,5,10
manifests,41c380d3,2024-12-23 23:27:44+03:00,2024-12-23,23,0,Пн,2024-12,Автор 03,be95ff83,32,1,5,5,10
manifests,2e6002e5,2024-12-23 23:36:29+03:00,2024-12-23,23,0,Пн,2024-12,Автор 03,be95ff83,36,1,1,1,2
manifests,fef89d58,2024-12-23 23:41:26+03:00,2024-12-23,23,0,Пн,2024-12,Автор 04,f843be85,85,1,1,1,2
manifests,8f01c8cb,2024-12-23 23:54:25+03:00,2024-12-23,23,0,Пн,2024-12,Автор 03,be95ff83,41,1,11,11,22
manifests,bd34b512,2024-12-24 00:10:26+03:00,2024-12-24,0,1,Вт,2024-12,Автор 04,f843be85,92,1,1,1,2
manifests,d0b340b4,2024-12-24 00:15:50+03:00,2024-12-24,0,1,Вт,2024-12,Автор 04,f843be85,92,1,1,1,2
manifests,783ac88a,2024-12-24 00:17:45+03:00,2024-12-24,0,1,Вт,2024-12,Автор 04,f843be85,92,1,1,1,2
manifests,2144d91e,2024-12-24 00:23:50+03:00,2024-12-24,0,1,Вт,2024-12,Автор 04,f843be85,92,1,1,1,2
manifests,1727790e,2024-12-24 00:34:49+03:00,2024-12-24,0,1,Вт,2024-12,Автор 04,f843be85,84,1,1,1,2
manifests,5e40cfc6,2024-12-24 00:38:49+03:00,2024-12-24,0,1,Вт,2024-12,Автор 04,f843be85,61,1,1,1,2
manifests,505369f5,2024-12-24 00:52:40+03:00,2024-12-24,0,1,Вт,2024-12,Автор 04,f843be85,69,1,1,1,2
manifests,e3692c20,2024-12-24 02:57:34+03:00,2024-12-24,2,1,Вт,2024-12,Автор 03,be95ff83,30,1,3,3,6
manifests,53cae89a,2024-12-24 03:02:56+03:00,2024-12-24,3,1,Вт,2024-12,Автор 03,be95ff83,34,1,2,0,2
manifests,95c09f6a,2024-12-24 03:08:26+03:00,2024-12-24,3,1,Вт,2024-12,Автор 03,be95ff83,34,1,17,0,17
manifests,b206615a,2024-12-24 03:55:37+03:00,2024-12-24,3,1,Вт,2024-12,Автор 03,be95ff83,50,2,22,2,24
manifests,6327d902,2024-12-24 03:59:00+03:00,2024-12-24,3,1,Вт,2024-12,Автор 03,be95ff83,29,3,0,89,89
manifests,964d4420,2024-12-24 03:59:13+03:00,2024-12-24,3,1,Вт,2024-12,Автор 03,be95ff83,42,1,0,19,19
manifests,89996075,2024-12-24 04:05:04+03:00,2024-12-24,4,1,Вт,2024-12,Автор 03,be95ff83,34,1,0,14,14
manifests,549bf93b,2024-12-24 04:10:54+03:00,2024-12-24,4,1,Вт,2024-12,Автор 08,a4e888be,45,1,1,0,1
manifests,2e0ae2ed,2024-12-25 17:53:49+03:00,2024-12-25,17,2,Ср,2024-12,Автор 01,631db03e,28,1,3,3,6
manifests,141dd0f0,2024-12-25 22:34:37+03:00,2024-12-25,22,2,Ср,2024-12,Автор 07,2055dbd4,29,3,71,0,71
manifests,a291fb8e,2024-12-25 22:49:36+03:00,2024-12-25,22,2,Ср,2024-12,Автор 07,2055dbd4,21,1,2,2,4
manifests,9a0344ab,2024-12-25 22:55:16+03:00,2024-12-25,22,2,Ср,2024-12,Автор 07,2055dbd4,46,1,1,1,2
manifests,54ad6979,2024-12-25 23:09:33+03:00,2024-12-25,23,2,Ср,2024-12,Автор 07,2055dbd4,29,2,19,0,19
manifests,63eef213,2024-12-25 23:12:22+03:00,2024-12-25,23,2,Ср,2024-12,Автор 07,2055dbd4,29,1,1,0,1
manifests,6efb8704,2024-12-25 23:17:20+03:00,2024-12-25,23,2,Ср,2024-12,Автор 08,a4e888be,21,1,2,0,2
manifests,b07c30ba,2024-12-25 23:19:13+03:00,2024-12-25,23,2,Ср,2024-12,Автор 07,2055dbd4,68,1,1,1,2
manifests,d3271441,2024-12-25 23:20:54+03:00,2024-12-25,23,2,Ср,2024-12,Автор 07,2055dbd4,37,1,1,1,2
manifests,0dd340ee,2024-12-25 23:26:25+03:00,2024-12-25,23,2,Ср,2024-12,Автор 07,2055dbd4,35,2,14,0,14
manifests,ca3d24f0,2024-12-26 00:02:13+03:00,2024-12-26,0,3,Чт,2024-12,Автор 07,2055dbd4,36,1,2,2,4
manifests,e563327a,2024-12-26 00:05:00+03:00,2024-12-26,0,3,Чт,2024-12,Автор 07,2055dbd4,42,1,2,2,4
manifests,e75ec50d,2024-12-26 00:14:34+03:00,2024-12-26,0,3,Чт,2024-12,Автор 07,2055dbd4,39,1,2,2,4
manifests,9d02b41d,2024-12-26 00:29:27+03:00,2024-12-26,0,3,Чт,2024-12,Автор 07,2055dbd4,39,1,2,2,4
manifests,66bf493f,2024-12-26 03:46:42+03:00,2024-12-26,3,3,Чт,2024-12,Автор 03,be95ff83,23,6,265,0,265
manifests,71e80733,2024-12-26 03:47:24+03:00,2024-12-26,3,3,Чт,2024-12,Автор 03,be95ff83,33,1,1,0,1
manifests,2839a0a0,2024-12-26 03:47:53+03:00,2024-12-26,3,3,Чт,2024-12,Автор 03,be95ff83,39,1,1,1,2
manifests,08a92965,2024-12-26 03:48:09+03:00,2024-12-26,3,3,Чт,2024-12,Автор 03,be95ff83,20,4,71,0,71
manifests,43dd9417,2024-12-26 03:48:57+03:00,2024-12-26,3,3,Чт,2024-12,Автор 03,be95ff83,18,4,115,0,115
manifests,18085233,2024-12-26 03:49:19+03:00,2024-12-26,3,3,Чт,2024-12,Автор 03,be95ff83,24,2,153,0,153
manifests,f99b2bf1,2024-12-26 03:49:48+03:00,2024-12-26,3,3,Чт,2024-12,Автор 03,be95ff83,36,1,8,0,8
manifests,044961d8,2024-12-26 04:07:27+03:00,2024-12-26,4,3,Чт,2024-12,Автор 03,be95ff83,30,1,1,1,2
manifests,fe169df9,2024-12-26 04:24:40+03:00,2024-12-26,4,3,Чт,2024-12,Автор 03,be95ff83,26,4,99,0,99
manifests,47f03011,2024-12-26 04:26:14+03:00,2024-12-26,4,3,Чт,2024-12,Автор 04,f843be85,87,1,1,1,2
manifests,4caa9772,2024-12-26 04:28:56+03:00,2024-12-26,4,3,Чт,2024-12,Автор 03,be95ff83,36,1,2,2,4
manifests,19d8fe49,2024-12-26 04:35:22+03:00,2024-12-26,4,3,Чт,2024-12,Автор 03,be95ff83,33,1,4,4,8
manifests,f2b84c71,2024-12-26 04:38:21+03:00,2024-12-26,4,3,Чт,2024-12,Автор 03,be95ff83,32,1,1,1,2
manifests,07028908,2024-12-26 04:42:28+03:00,2024-12-26,4,3,Чт,2024-12,Автор 03,be95ff83,32,1,2,2,4
manifests,f3845855,2024-12-26 04:54:17+03:00,2024-12-26,4,3,Чт,2024-12,Автор 04,f843be85,83,1,1,1,2
manifests,691ab95c,2024-12-26 04:56:17+03:00,2024-12-26,4,3,Чт,2024-12,Автор 03,be95ff83,35,1,1,1,2
manifests,42a7c5d5,2024-12-26 05:07:39+03:00,2024-12-26,5,3,Чт,2024-12,Автор 04,f843be85,84,1,1,1,2
manifests,6825624b,2024-12-26 05:17:01+03:00,2024-12-26,5,3,Чт,2024-12,Автор 03,be95ff83,22,1,1,1,2
manifests,6fd83398,2024-12-26 05:17:41+03:00,2024-12-26,5,3,Чт,2024-12,Автор 04,f843be85,82,1,1,1,2
manifests,4d8b65b6,2024-12-26 14:51:35+03:00,2024-12-26,14,3,Чт,2024-12,Автор 03,be95ff83,36,1,2,2,4
manifests,bc55891b,2024-12-26 19:57:00+03:00,2024-12-26,19,3,Чт,2024-12,Автор 04,f843be85,86,1,1,1,2
manifests,ed042523,2024-12-26 20:00:12+03:00,2024-12-26,20,3,Чт,2024-12,Автор 03,be95ff83,38,1,1,1,2
manifests,b17c5f37,2024-12-26 21:14:44+03:00,2024-12-26,21,3,Чт,2024-12,Автор 01,631db03e,18,1,2,0,2
manifests,3381c711,2024-12-26 21:28:19+03:00,2024-12-26,21,3,Чт,2024-12,Автор 03,be95ff83,46,1,2,0,2
manifests,3c33ee7f,2024-12-26 22:21:06+03:00,2024-12-26,22,3,Чт,2024-12,Автор 03,be95ff83,23,2,4,2,6
manifests,0e936c67,2024-12-26 22:22:28+03:00,2024-12-26,22,3,Чт,2024-12,Автор 03,be95ff83,22,1,0,13,13
manifests,69476a52,2024-12-26 23:54:56+03:00,2024-12-26,23,3,Чт,2024-12,Автор 03,be95ff83,17,3,0,86,86
manifests,e811bbf3,2024-12-27 00:26:34+03:00,2024-12-27,0,4,Пт,2024-12,Автор 03,be95ff83,29,1,4,0,4
manifests,a2841b29,2024-12-27 00:29:52+03:00,2024-12-27,0,4,Пт,2024-12,Автор 05,890bd079,22,1,1,1,2
manifests,37d3fe21,2024-12-27 00:32:17+03:00,2024-12-27,0,4,Пт,2024-12,Автор 03,be95ff83,32,1,1,1,2
manifests,7fb1ca85,2024-12-27 01:25:35+03:00,2024-12-27,1,4,Пт,2024-12,Автор 03,be95ff83,24,2,2,2,4
manifests,a7b3e80f,2024-12-27 01:26:32+03:00,2024-12-27,1,4,Пт,2024-12,Автор 03,be95ff83,24,2,2,2,4
manifests,302196b6,2024-12-27 01:28:42+03:00,2024-12-27,1,4,Пт,2024-12,Автор 03,be95ff83,28,1,2,0,2
manifests,1d1de814,2024-12-27 01:32:42+03:00,2024-12-27,1,4,Пт,2024-12,Автор 03,be95ff83,14,4,109,39,148
manifests,add1b239,2024-12-27 01:40:41+03:00,2024-12-27,1,4,Пт,2024-12,Автор 03,be95ff83,7,1,2,2,4
manifests,fddb0e09,2024-12-27 01:43:40+03:00,2024-12-27,1,4,Пт,2024-12,Автор 03,be95ff83,7,1,2,2,4
manifests,9b015e90,2024-12-27 01:54:39+03:00,2024-12-27,1,4,Пт,2024-12,Автор 03,be95ff83,4,1,1,1,2
manifests,1ca7ba16,2024-12-27 02:01:06+03:00,2024-12-27,2,4,Пт,2024-12,Автор 03,be95ff83,33,6,7,7,14
manifests,a698d3e2,2024-12-27 03:22:28+03:00,2024-12-27,3,4,Пт,2024-12,Автор 03,be95ff83,30,8,9,134,143
manifests,1229d34f,2024-12-27 03:25:42+03:00,2024-12-27,3,4,Пт,2024-12,Автор 03,be95ff83,33,1,1,1,2
manifests,1eba7d2a,2024-12-27 03:29:38+03:00,2024-12-27,3,4,Пт,2024-12,Автор 03,be95ff83,30,2,21,22,43
manifests,aea77534,2024-12-27 03:29:48+03:00,2024-12-27,3,4,Пт,2024-12,Автор 03,be95ff83,22,1,25,0,25
manifests,8b89757b,2024-12-27 03:30:59+03:00,2024-12-27,3,4,Пт,2024-12,Автор 03,be95ff83,37,1,1,1,2
manifests,fcf28599,2024-12-27 03:34:56+03:00,2024-12-27,3,4,Пт,2024-12,Автор 03,be95ff83,35,1,38,0,38
manifests,0ff6656a,2024-12-27 13:34:55+03:00,2024-12-27,13,4,Пт,2024-12,Автор 04,f843be85,61,1,1,1,2
manifests,527cd0ad,2024-12-27 15:06:38+03:00,2024-12-27,15,4,Пт,2024-12,Автор 04,f843be85,61,1,1,1,2
manifests,49fe54ec,2024-12-27 16:02:04+03:00,2024-12-27,16,4,Пт,2024-12,Автор 04,f843be85,61,1,1,1,2
manifests,90fc2452,2024-12-27 16:08:17+03:00,2024-12-27,16,4,Пт,2024-12,Автор 04,f843be85,61,1,1,1,2
manifests,95629c9b,2024-12-27 19:06:53+03:00,2024-12-27,19,4,Пт,2024-12,Автор 10,2bf7e9a0,19,3,22,24,46
manifests,707c4c0a,2024-12-27 20:07:21+03:00,2024-12-27,20,4,Пт,2024-12,Автор 10,2bf7e9a0,37,1,1,1,2
manifests,92a9c117,2024-12-27 20:22:21+03:00,2024-12-27,20,4,Пт,2024-12,Автор 10,2bf7e9a0,15,1,3,3,6
manifests,7765eb3d,2024-12-27 20:35:33+03:00,2024-12-27,20,4,Пт,2024-12,Автор 10,2bf7e9a0,14,1,6,6,12
manifests,c427407c,2024-12-27 22:59:36+03:00,2024-12-27,22,4,Пт,2024-12,Автор 10,2bf7e9a0,15,1,1,1,2
manifests,6e19bb9e,2024-12-27 23:00:55+03:00,2024-12-27,23,4,Пт,2024-12,Автор 10,2bf7e9a0,15,1,1,1,2
manifests,4bedf069,2024-12-27 23:15:08+03:00,2024-12-27,23,4,Пт,2024-12,Автор 10,2bf7e9a0,19,1,1,1,2
manifests,82fa2c49,2024-12-27 23:20:44+03:00,2024-12-27,23,4,Пт,2024-12,Автор 10,2bf7e9a0,19,1,1,1,2
manifests,7260cfae,2024-12-27 23:39:27+03:00,2024-12-27,23,4,Пт,2024-12,Автор 10,2bf7e9a0,12,2,7,9,16
manifests,ec0cb841,2024-12-28 00:04:46+03:00,2024-12-28,0,5,Сб,2024-12,Автор 10,2bf7e9a0,17,1,4,4,8
manifests,02f8da92,2024-12-28 01:01:40+03:00,2024-12-28,1,5,Сб,2024-12,Автор 04,f843be85,90,1,1,1,2
manifests,2078e832,2024-12-28 02:01:05+03:00,2024-12-28,2,5,Сб,2024-12,Автор 10,2bf7e9a0,8,1,3,3,6
manifests,8a50cc62,2024-12-28 02:35:30+03:00,2024-12-28,2,5,Сб,2024-12,Автор 10,2bf7e9a0,23,5,107,0,107
manifests,1ab658f8,2024-12-28 02:53:50+03:00,2024-12-28,2,5,Сб,2024-12,Автор 10,2bf7e9a0,14,1,1,1,2
manifests,36a0476b,2024-12-28 03:10:29+03:00,2024-12-28,3,5,Сб,2024-12,Автор 01,631db03e,23,2,2,0,2
manifests,c4726244,2024-12-28 03:11:03+03:00,2024-12-28,3,5,Сб,2024-12,Автор 10,2bf7e9a0,16,1,2,0,2
manifests,b3574633,2024-12-28 03:30:42+03:00,2024-12-28,3,5,Сб,2024-12,Автор 01,631db03e,31,2,2,2,4
manifests,cee27aaf,2024-12-28 03:35:54+03:00,2024-12-28,3,5,Сб,2024-12,Автор 10,2bf7e9a0,11,1,18,1,19
manifests,11dbde4a,2024-12-28 11:32:18+03:00,2024-12-28,11,5,Сб,2024-12,Автор 08,a4e888be,35,1,5,1,6
manifests,7e5e3086,2024-12-28 12:06:22+03:00,2024-12-28,12,5,Сб,2024-12,Автор 08,a4e888be,31,1,6,0,6
manifests,b2bb10fd,2024-12-28 12:27:15+03:00,2024-12-28,12,5,Сб,2024-12,Автор 08,a4e888be,33,1,1,0,1
manifests,f06624ae,2024-12-28 13:35:37+03:00,2024-12-28,13,5,Сб,2024-12,Автор 10,2bf7e9a0,12,4,75,0,75
manifests,9cd112f7,2024-12-28 13:55:53+03:00,2024-12-28,13,5,Сб,2024-12,Автор 10,2bf7e9a0,17,1,3,0,3
manifests,fc828d29,2024-12-28 14:17:48+03:00,2024-12-28,14,5,Сб,2024-12,Автор 04,f843be85,60,1,1,1,2
manifests,0fdc6333,2024-12-28 14:30:50+03:00,2024-12-28,14,5,Сб,2024-12,Автор 04,f843be85,60,1,1,1,2
manifests,7d715d73,2024-12-28 14:41:18+03:00,2024-12-28,14,5,Сб,2024-12,Автор 10,2bf7e9a0,18,1,1,1,2
manifests,6a219c7f,2024-12-28 15:25:00+03:00,2024-12-28,15,5,Сб,2024-12,Автор 04,f843be85,84,1,1,1,2
manifests,ddd9e50d,2024-12-28 15:34:31+03:00,2024-12-28,15,5,Сб,2024-12,Автор 04,f843be85,84,1,1,1,2
manifests,1c6fd37f,2024-12-28 15:38:09+03:00,2024-12-28,15,5,Сб,2024-12,Автор 04,f843be85,84,1,1,1,2
manifests,6d9d9898,2024-12-28 15:45:49+03:00,2024-12-28,15,5,Сб,2024-12,Автор 10,2bf7e9a0,26,1,1,1,2
manifests,a04626d6,2024-12-28 15:47:57+03:00,2024-12-28,15,5,Сб,2024-12,Автор 10,2bf7e9a0,13,1,1,0,1
manifests,cdcb3709,2024-12-28 15:48:05+03:00,2024-12-28,15,5,Сб,2024-12,Автор 10,2bf7e9a0,13,1,1,1,2
manifests,1a4398ca,2024-12-28 15:48:31+03:00,2024-12-28,15,5,Сб,2024-12,Автор 01,631db03e,43,2,2,2,4
manifests,42ab24d7,2024-12-28 16:22:24+03:00,2024-12-28,16,5,Сб,2024-12,Автор 10,2bf7e9a0,2,2,2,2,4
manifests,8271eb00,2024-12-28 21:58:59+03:00,2024-12-28,21,5,Сб,2024-12,Автор 04,f843be85,60,1,1,1,2
manifests,e896a081,2024-12-28 22:13:31+03:00,2024-12-28,22,5,Сб,2024-12,Автор 10,2bf7e9a0,3,1,7,7,14
manifests,17c025aa,2024-12-28 22:54:38+03:00,2024-12-28,22,5,Сб,2024-12,Автор 08,a4e888be,27,1,2,1,3
manifests,b652473b,2024-12-28 22:57:14+03:00,2024-12-28,22,5,Сб,2024-12,Автор 08,a4e888be,33,1,2,1,3
manifests,38b622a3,2024-12-28 23:27:12+03:00,2024-12-28,23,5,Сб,2024-12,Автор 04,f843be85,60,1,1,1,2
manifests,2ceffc1c,2024-12-28 23:51:31+03:00,2024-12-28,23,5,Сб,2024-12,Автор 04,f843be85,60,1,1,1,2
manifests,cf1e8ede,2024-12-29 00:05:07+03:00,2024-12-29,0,6,Вс,2024-12,Автор 10,2bf7e9a0,22,1,1,1,2
manifests,878b119d,2024-12-29 00:17:38+03:00,2024-12-29,0,6,Вс,2024-12,Автор 04,f843be85,60,1,1,1,2
manifests,f5ba1156,2024-12-29 05:48:53+03:00,2024-12-29,5,6,Вс,2024-12,Автор 08,a4e888be,36,1,2,2,4
manifests,c2e4af96,2024-12-29 09:25:40+03:00,2024-12-29,9,6,Вс,2024-12,Автор 01,631db03e,24,2,2,2,4
manifests,42e7a15d,2024-12-29 10:07:19+03:00,2024-12-29,10,6,Вс,2024-12,Автор 01,631db03e,25,2,2,2,4
manifests,44ce7b63,2024-12-29 11:34:06+03:00,2024-12-29,11,6,Вс,2024-12,Автор 10,2bf7e9a0,15,1,10,11,21
manifests,188522b0,2024-12-29 22:10:02+03:00,2024-12-29,22,6,Вс,2024-12,Автор 10,2bf7e9a0,10,1,5,4,9
manifests,fad74fbb,2024-12-29 22:26:28+03:00,2024-12-29,22,6,Вс,2024-12,Автор 10,2bf7e9a0,11,1,1,1,2
manifests,4c9e6472,2024-12-30 13:35:22+03:00,2024-12-30,13,0,Пн,2024-12,Автор 04,f843be85,60,1,1,1,2
manifests,e12dc0e8,2024-12-30 13:42:56+03:00,2024-12-30,13,0,Пн,2024-12,Автор 04,f843be85,60,1,1,1,2
manifests,a09f6d11,2024-12-30 17:08:42+03:00,2024-12-30,17,0,Пн,2024-12,Автор 04,f843be85,87,1,1,1,2
manifests,0f438125,2024-12-31 05:29:13+03:00,2024-12-31,5,1,Вт,2024-12,Автор 01,631db03e,32,1,3,3,6
manifests,0d4028d0,2024-12-31 06:07:09+03:00,2024-12-31,6,1,Вт,2024-12,Автор 08,a4e888be,32,1,1,1,2
manifests,2b6a8a01,2024-12-31 06:11:55+03:00,2024-12-31,6,1,Вт,2024-12,Автор 08,a4e888be,32,1,1,1,2
manifests,2bb143fe,2024-12-31 06:14:56+03:00,2024-12-31,6,1,Вт,2024-12,Автор 08,a4e888be,32,1,1,1,2
manifests,b1a52353,2024-12-31 06:17:17+03:00,2024-12-31,6,1,Вт,2024-12,Автор 08,a4e888be,32,1,1,0,1
manifests,522d7fba,2024-12-31 12:25:56+03:00,2024-12-31,12,1,Вт,2024-12,Автор 08,a4e888be,32,1,1,0,1
manifests,cacf4b4e,2025-01-01 04:35:00+03:00,2025-01-01,4,2,Ср,2025-01,Автор 08,a4e888be,33,1,2,1,3
manifests,dbd10cbd,2025-01-01 05:34:19+03:00,2025-01-01,5,2,Ср,2025-01,Автор 08,a4e888be,49,1,2,1,3
manifests,9379f7e2,2025-01-01 10:04:09+03:00,2025-01-01,10,2,Ср,2025-01,Автор 08,a4e888be,37,1,2,1,3
manifests,b1d535a9,2025-01-01 10:05:58+03:00,2025-01-01,10,2,Ср,2025-01,Автор 08,a4e888be,36,1,1,0,1
manifests,a31209a0,2025-01-01 12:12:13+03:00,2025-01-01,12,2,Ср,2025-01,Автор 08,a4e888be,26,1,1,0,1
manifests,0f709a62,2025-01-01 12:16:16+03:00,2025-01-01,12,2,Ср,2025-01,Автор 08,a4e888be,27,1,1,0,1
manifests,5dce8722,2025-01-01 16:30:38+03:00,2025-01-01,16,2,Ср,2025-01,Автор 03,be95ff83,28,1,1,1,2
manifests,eaa4e64f,2025-01-02 03:25:49+03:00,2025-01-02,3,3,Чт,2025-01,Автор 04,f843be85,92,1,1,1,2
manifests,d0b8d72c,2025-01-02 03:49:56+03:00,2025-01-02,3,3,Чт,2025-01,Автор 10,2bf7e9a0,24,1,13,11,24
manifests,867a8a51,2025-01-03 01:08:30+03:00,2025-01-03,1,4,Пт,2025-01,Автор 04,f843be85,90,1,1,1,2
manifests,f4468ebc,2025-01-03 03:32:48+03:00,2025-01-03,3,4,Пт,2025-01,Автор 04,f843be85,84,1,1,1,2
manifests,7e21f64a,2025-01-03 21:08:56+03:00,2025-01-03,21,4,Пт,2025-01,Автор 03,be95ff83,45,4,22,0,22
manifests,d5d3d4d2,2025-01-04 03:26:59+03:00,2025-01-04,3,5,Сб,2025-01,Автор 10,2bf7e9a0,28,3,65,0,65
manifests,58be3bf3,2025-01-04 03:30:18+03:00,2025-01-04,3,5,Сб,2025-01,Автор 10,2bf7e9a0,24,1,4,4,8
manifests,54c29661,2025-01-04 19:58:36+03:00,2025-01-04,19,5,Сб,2025-01,Автор 03,be95ff83,49,2,4,0,4
manifests,72670fc0,2025-01-04 23:27:38+03:00,2025-01-04,23,5,Сб,2025-01,Автор 04,f843be85,90,1,1,1,2
manifests,cbfedae6,2025-01-04 23:56:33+03:00,2025-01-04,23,5,Сб,2025-01,Автор 10,2bf7e9a0,24,2,15,5,20
manifests,66cd313c,2025-01-05 00:02:14+03:00,2025-01-05,0,6,Вс,2025-01,Автор 10,2bf7e9a0,24,1,0,1,1
manifests,c2907d97,2025-01-05 01:48:56+03:00,2025-01-05,1,6,Вс,2025-01,Автор 10,2bf7e9a0,31,3,65,0,65
manifests,9ab57d9a,2025-01-05 01:55:21+03:00,2025-01-05,1,6,Вс,2025-01,Автор 04,f843be85,92,1,1,1,2
manifests,f9fdc0e8,2025-01-05 02:14:34+03:00,2025-01-05,2,6,Вс,2025-01,Автор 10,2bf7e9a0,24,1,12,9,21
hydrocalc,978390e7,2025-01-05 10:15:00+03:00,2025-01-05,10,6,Вс,2025-01,Автор 11,f3c1da29,38,13,0,188,188
hydrocalc,0abe6065,2025-01-05 11:30:00+03:00,2025-01-05,11,6,Вс,2025-01,Автор 11,f3c1da29,20,1,92,0,92
manifests,0b2f3e8f,2025-01-05 11:53:07+03:00,2025-01-05,11,6,Вс,2025-01,Автор 08,a4e888be,29,1,1,1,2
manifests,4e26ebb8,2025-01-05 12:14:06+03:00,2025-01-05,12,6,Вс,2025-01,Автор 08,a4e888be,24,1,1,1,2
manifests,0cac48e6,2025-01-05 22:48:03+03:00,2025-01-05,22,6,Вс,2025-01,Автор 03,be95ff83,37,1,2,0,2
manifests,3bc6f312,2025-01-06 00:03:15+03:00,2025-01-06,0,0,Пн,2025-01,Автор 08,a4e888be,29,1,1,0,1
manifests,2605a6e2,2025-01-06 00:03:57+03:00,2025-01-06,0,0,Пн,2025-01,Автор 08,a4e888be,30,1,1,2,3
hydrocalc,9fb5e16f,2025-01-06 14:20:00+03:00,2025-01-06,14,0,Пн,2025-01,Автор 11,f3c1da29,45,6,116,0,116
hydrocalc,90a0f20e,2025-01-07 10:45:00+03:00,2025-01-07,10,1,Вт,2025-01,Автор 11,f3c1da29,39,6,443,0,443
manifests,3376a5f1,2025-01-07 18:27:18+03:00,2025-01-07,18,1,Вт,2025-01,Автор 08,a4e888be,32,1,1,0,1
manifests,719fc174,2025-01-07 18:33:25+03:00,2025-01-07,18,1,Вт,2025-01,Автор 08,a4e888be,33,1,1,0,1
hydrocalc,8398963a,2025-01-08 15:30:00+03:00,2025-01-08,15,2,Ср,2025-01,Автор 11,f3c1da29,30,4,237,0,237
hydrocalc,dc20d4f4,2025-01-09 11:00:00+03:00,2025-01-09,11,3,Чт,2025-01,Автор 11,f3c1da29,53,5,219,0,219
manifests,f0524775,2025-01-10 00:14:48+03:00,2025-01-10,0,4,Пт,2025-01,Автор 10,2bf7e9a0,33,1,13,12,25
manifests,b88549c2,2025-01-10 02:28:12+03:00,2025-01-10,2,4,Пт,2025-01,Автор 03,be95ff83,32,1,1,1,2
manifests,9f3a1ad1,2025-01-10 08:24:24+03:00,2025-01-10,8,4,Пт,2025-01,Автор 01,631db03e,40,1,2,2,4
manifests,4310cdad,2025-01-10 08:25:07+03:00,2025-01-10,8,4,Пт,2025-01,Автор 01,631db03e,40,1,2,2,4
hydrocalc,f341c743,2025-01-10 09:15:00+03:00,2025-01-10,9,4,Пт,2025-01,Автор 11,f3c1da29,39,7,466,6,472
hydrocalc,e33ff22d,2025-01-10 16:30:00+03:00,2025-01-10,16,4,Пт,2025-01,Автор 11,f3c1da29,53,2,34,0,34
manifests,7a15612d,2025-01-10 20:45:23+03:00,2025-01-10,20,4,Пт,2025-01,Автор 10,2bf7e9a0,43,1,2,0,2
manifests,d9fc1e2f,2025-01-11 01:20:24+03:00,2025-01-11,1,5,Сб,2025-01,Автор 03,be95ff83,26,2,4,0,4
manifests,e6ac7054,2025-01-11 02:19:25+03:00,2025-01-11,2,5,Сб,2025-01,Автор 10,2bf7e9a0,28,1,1,0,1
manifests,2929fe78,2025-01-11 02:24:03+03:00,2025-01-11,2,5,Сб,2025-01,Автор 03,be95ff83,32,2,6,0,6
manifests,b544aba3,2025-01-11 22:27:16+03:00,2025-01-11,22,5,Сб,2025-01,Автор 03,be95ff83,41,1,1,0,1
manifests,e24a5f4b,2025-01-12 01:44:55+03:00,2025-01-12,1,6,Вс,2025-01,Автор 07,2055dbd4,56,1,1,0,1
manifests,dd85a123,2025-01-12 06:16:25+03:00,2025-01-12,6,6,Вс,2025-01,Автор 07,2055dbd4,44,1,1,0,1
manifests,5a10172b,2025-01-12 06:22:24+03:00,2025-01-12,6,6,Вс,2025-01,Автор 07,2055dbd4,49,1,1,1,2
hydrocalc,66032be7,2025-01-12 11:00:00+03:00,2025-01-12,11,6,Вс,2025-01,Автор 20,9108a7b6,53,7,127,0,127
hydrocalc,d1a7819c,2025-01-12 11:45:00+03:00,2025-01-12,11,6,Вс,2025-01,Автор 21,c5095cdc,54,2,35,0,35
hydrocalc,f564e5f6,2025-01-12 15:45:00+03:00,2025-01-12,15,6,Вс,2025-01,Автор 11,f3c1da29,62,7,123,12,135
manifests,8eb6dcdb,2025-01-13 02:01:24+03:00,2025-01-13,2,0,Пн,2025-01,Автор 03,be95ff83,41,1,15,13,28
manifests,3a2940b2,2025-01-13 02:03:38+03:00,2025-01-13,2,0,Пн,2025-01,Автор 04,f843be85,92,1,1,1,2
manifests,4a2260f9,2025-01-13 02:05:29+03:00,2025-01-13,2,0,Пн,2025-01,Автор 04,f843be85,84,1,1,1,2
manifests,84a951bd,2025-01-13 02:08:59+03:00,2025-01-13,2,0,Пн,2025-01,Автор 04,f843be85,61,1,1,1,2
manifests,8d4ac626,2025-01-13 02:14:09+03:00,2025-01-13,2,0,Пн,2025-01,Автор 03,be95ff83,34,1,2,0,2
manifests,0e280b72,2025-01-13 02:30:36+03:00,2025-01-13,2,0,Пн,2025-01,Автор 03,be95ff83,40,1,1,1,2
manifests,b3b96192,2025-01-13 02:33:05+03:00,2025-01-13,2,0,Пн,2025-01,Автор 04,f843be85,87,1,1,1,2
hydrocalc,eafd3080,2025-01-13 14:30:00+03:00,2025-01-13,14,0,Пн,2025-01,Автор 20,9108a7b6,40,7,657,0,657
hydrocalc,5b340883,2025-01-13 14:30:00+03:00,2025-01-13,14,0,Пн,2025-01,Автор 21,c5095cdc,51,1,39,0,39
hydrocalc,b47b46d6,2025-01-13 16:20:00+03:00,2025-01-13,16,0,Пн,2025-01,Автор 20,9108a7b6,55,9,128,66,194
manifests,02967a2e,2025-01-13 18:12:17+03:00,2025-01-13,18,0,Пн,2025-01,Автор 04,f843be85,65,1,1,1,2
manifests,22215d47,2025-01-14 00:44:13+03:00,2025-01-14,0,1,Вт,2025-01,Автор 24,1d2ae25d,30,1,1,0,1
manifests,c9054bab,2025-01-14 00:45:35+03:00,2025-01-14,0,1,Вт,2025-01,Автор 24,1d2ae25d,31,1,1,0,1
hydrocalc,12525665,2025-01-14 10:15:00+03:00,2025-01-14,10,1,Вт,2025-01,Автор 21,c5095cdc,56,28,2641,0,2641
hydrocalc,d46196bb,2025-01-14 10:20:00+03:00,2025-01-14,10,1,Вт,2025-01,Автор 21,c5095cdc,36,1,9399,0,9399
hydrocalc,0e689e9a,2025-01-14 10:45:00+03:00,2025-01-14,10,1,Вт,2025-01,Автор 20,9108a7b6,37,8,542,0,542
hydrocalc,74df78a9,2025-01-14 11:00:00+03:00,2025-01-14,11,1,Вт,2025-01,Автор 20,9108a7b6,45,3,2983,0,2983
manifests,7d27388c,2025-01-14 13:00:55+03:00,2025-01-14,13,1,Вт,2025-01,Автор 01,631db03e,18,1,0,1,1
manifests,60764033,2025-01-15 01:00:21+03:00,2025-01-15,1,2,Ср,2025-01,Автор 03,be95ff83,37,1,2,0,2
manifests,be623f93,2025-01-15 01:01:57+03:00,2025-01-15,1,2,Ср,2025-01,Автор 04,f843be85,82,1,1,1,2
manifests,b5256eab,2025-01-15 01:09:12+03:00,2025-01-15,1,2,Ср,2025-01,Автор 04,f843be85,90,1,1,1,2
hydrocalc,036bcae6,2025-01-15 11:00:00+03:00,2025-01-15,11,2,Ср,2025-01,Автор 20,9108a7b6,63,8,151,14,165
hydrocalc,e716e5d6,2025-01-15 13:00:00+03:00,2025-01-15,13,2,Ср,2025-01,Автор 20,9108a7b6,49,6,57,0,57
hydrocalc,07e809da,2025-01-16 09:30:00+03:00,2025-01-16,9,3,Чт,2025-01,Автор 20,9108a7b6,53,3,178,0,178
hydrocalc,4a09f74b,2025-01-16 14:00:00+03:00,2025-01-16,14,3,Чт,2025-01,Автор 11,f3c1da29,64,3,190,0,190
manifests,e50ff14a,2025-01-16 14:45:23+03:00,2025-01-16,14,3,Чт,2025-01,Автор 03,be95ff83,31,2,2,2,4
hydrocalc,e73d4bee,2025-01-16 15:30:00+03:00,2025-01-16,15,3,Чт,2025-01,Автор 20,9108a7b6,43,10,571,0,571
manifests,8951bb90,2025-01-16 21:19:13+03:00,2025-01-16,21,3,Чт,2025-01,Автор 12,70102335,43,2,0,2,2
hydrocalc,aa5f3910,2025-01-17 10:00:00+03:00,2025-01-17,10,4,Пт,2025-01,Автор 11,f3c1da29,34,2,0,0,0
hydrocalc,3d46a691,2025-01-17 10:30:00+03:00,2025-01-17,10,4,Пт,2025-01,Автор 11,f3c1da29,46,3,121,0,121
hydrocalc,92ef0d5a,2025-01-17 11:30:00+03:00,2025-01-17,11,4,Пт,2025-01,Автор 21,c5095cdc,29,1,0,0,0
manifests,f4e49052,2025-01-17 12:22:18+03:00,2025-01-17,12,4,Пт,2025-01,Автор 01,631db03e,21,1,2,2,4
hydrocalc,99c60d17,2025-01-17 17:00:00+03:00,2025-01-17,17,4,Пт,2025-01,Автор 11,f3c1da29,40,2,26,24,50
manifests,7940209b,2025-01-17 23:30:50+03:00,2025-01-17,23,4,Пт,2025-01,Автор 04,f843be85,76,1,1,1,2
manifests,ad737df1,2025-01-18 15:55:35+03:00,2025-01-18,15,5,Сб,2025-01,Автор 01,631db03e,22,1,1,1,2
manifests,48e78b8b,2025-01-18 20:14:09+03:00,2025-01-18,20,5,Сб,2025-01,Автор 01,631db03e,24,1,2,2,4
manifests,df3cd8ce,2025-01-18 21:39:20+03:00,2025-01-18,21,5,Сб,2025-01,Автор 12,70102335,24,3,54,0,54
manifests,edd47378,2025-01-18 21:45:08+03:00,2025-01-18,21,5,Сб,2025-01,Автор 12,70102335,27,3,0,0,0
manifests,14441ea8,2025-01-19 02:45:05+03:00,2025-01-19,2,6,Вс,2025-01,Автор 03,be95ff83,50,20,25,0,25
manifests,2d6b231d,2025-01-19 17:23:08+03:00,2025-01-19,17,6,Вс,2025-01,Автор 01,631db03e,22,1,1,1,2
manifests,8758b927,2025-01-19 17:39:39+03:00,2025-01-19,17,6,Вс,2025-01,Автор 04,f843be85,90,1,1,1,2
manifests,c91ffa5f,2025-01-20 21:15:38+03:00,2025-01-20,21,0,Пн,2025-01,Автор 04,f843be85,65,1,1,1,2
manifests,99f282dc,2025-01-20 22:11:29+03:00,2025-01-20,22,0,Пн,2025-01,Автор 04,f843be85,58,1,1,1,2
manifests,c3fb2281,2025-01-20 22:12:37+03:00,2025-01-20,22,0,Пн,2025-01,Автор 04,f843be85,65,1,1,1,2
manifests,29af1707,2025-01-21 19:12:41+03:00,2025-01-21,19,1,Вт,2025-01,Автор 03,be95ff83,15,17,271,6,277
manifests,f2e09e11,2025-01-21 19:12:52+03:00,2025-01-21,19,1,Вт,2025-01,Автор 03,be95ff83,27,2,69,0,69
manifests,e2c421a5,2025-01-21 21:22:57+03:00,2025-01-21,21,1,Вт,2025-01,Автор 04,f843be85,69,1,1,1,2
manifests,fc5aeff3,2025-01-21 22:40:01+03:00,2025-01-21,22,1,Вт,2025-01,Автор 04,f843be85,87,1,1,1,2
manifests,74728886,2025-01-22 17:18:13+03:00,2025-01-22,17,2,Ср,2025-01,Автор 12,70102335,32,1,1,1,2
manifests,e077b20d,2025-01-23 17:26:32+03:00,2025-01-23,17,3,Чт,2025-01,Автор 03,be95ff83,36,1,1,1,2
manifests,c7aaf9c3,2025-01-23 17:29:18+03:00,2025-01-23,17,3,Чт,2025-01,Автор 03,be95ff83,32,1,2,2,4
manifests,446e0b9c,2025-01-23 17:35:12+03:00,2025-01-23,17,3,Чт,2025-01,Автор 03,be95ff83,38,1,2,2,4
manifests,34ded746,2025-01-23 17:53:15+03:00,2025-01-23,17,3,Чт,2025-01,Автор 03,be95ff83,34,1,23,14,37
manifests,34588e47,2025-01-24 22:38:42+03:00,2025-01-24,22,4,Пт,2025-01,Автор 12,70102335,34,3,54,0,54
manifests,766baa9d,2025-01-24 22:42:26+03:00,2025-01-24,22,4,Пт,2025-01,Автор 12,70102335,38,3,85,0,85
manifests,4a1d1502,2025-01-24 23:33:36+03:00,2025-01-24,23,4,Пт,2025-01,Автор 12,70102335,45,2,2,1,3
manifests,8ef97133,2025-01-24 23:40:07+03:00,2025-01-24,23,4,Пт,2025-01,Автор 04,f843be85,61,1,1,1,2
manifests,1d8950ca,2025-01-24 23:58:57+03:00,2025-01-24,23,4,Пт,2025-01,Автор 04,f843be85,92,1,1,1,2
manifests,f7ae3ddf,2025-01-25 00:19:24+03:00,2025-01-25,0,5,Сб,2025-01,Автор 04,f843be85,61,1,1,1,2
manifests,43b1814f,2025-01-25 00:27:24+03:00,2025-01-25,0,5,Сб,2025-01,Автор 12,70102335,38,1,1,0,1
manifests,8a1eeeea,2025-01-25 15:39:44+03:00,2025-01-25,15,5,Сб,2025-01,Автор 04,f843be85,66,1,1,1,2
manifests,de15ca09,2025-01-25 17:08:05+03:00,2025-01-25,17,5,Сб,2025-01,Автор 12,70102335,13,2,2,2,4
manifests,9c0a894e,2025-01-26 15:03:02+03:00,2025-01-26,15,6,Вс,2025-01,Автор 01,631db03e,31,1,1,1,2
manifests,8f4ee1f1,2025-01-26 17:49:39+03:00,2025-01-26,17,6,Вс,2025-01,Автор 01,631db03e,21,3,6,6,12
manifests,8a3d50f8,2025-01-26 20:42:56+03:00,2025-01-26,20,6,Вс,2025-01,Автор 01,631db03e,19,1,3,1,4
manifests,f95ff13a,2025-01-26 21:12:41+03:00,2025-01-26,21,6,Вс,2025-01,Автор 01,631db03e,22,1,1,1,2
manifests,03949774,2025-01-27 13:39:25+03:00,2025-01-27,13,0,Пн,2025-01,Автор 08,a4e888be,38,1,2,1,3
manifests,98c47489,2025-01-27 13:44:26+03:00,2025-01-27,13,0,Пн,2025-01,Автор 08,a4e888be,39,1,0,1,1
manifests,a4119911,2025-01-27 13:47:12+03:00,2025-01-27,13,0,Пн,2025-01,Автор 08,a4e888be,27,1,2,1,3
manifests,0a8b0ef6,2025-01-27 13:51:14+03:00,2025-01-27,13,0,Пн,2025-01,Автор 08,a4e888be,27,1,1,1,2
manifests,2a72ca3d,2025-01-27 14:08:18+03:00,2025-01-27,14,0,Пн,2025-01,Автор 08,a4e888be,35,1,1,1,2
manifests,e6ea5bc9,2025-01-27 14:28:40+03:00,2025-01-27,14,0,Пн,2025-01,Автор 08,a4e888be,40,1,3,2,5
manifests,010620ce,2025-01-28 15:21:38+03:00,2025-01-28,15,1,Вт,2025-01,Автор 03,be95ff83,34,1,1,1,2
manifests,5ac6047d,2025-01-28 21:30:28+03:00,2025-01-28,21,1,Вт,2025-01,Автор 04,f843be85,65,1,1,1,2
manifests,c956f662,2025-01-29 01:34:37+03:00,2025-01-29,1,2,Ср,2025-01,Автор 03,be95ff83,27,1,1,1,2
manifests,5a95e328,2025-01-29 14:36:41+03:00,2025-01-29,14,2,Ср,2025-01,Автор 03,be95ff83,35,1,1,0,1
manifests,2b1a1912,2025-01-29 16:11:35+03:00,2025-01-29,16,2,Ср,2025-01,Автор 03,be95ff83,28,1,3,1,4
manifests,6c687937,2025-01-29 20:15:30+03:00,2025-01-29,20,2,Ср,2025-01,Автор 03,be95ff83,20,2,2,0,2
manifests,4dd35881,2025-01-29 20:16:17+03:00,2025-01-29,20,2,Ср,2025-01,Автор 03,be95ff83,43,2,92,20,112
manifests,7176666b,2025-01-30 23:49:34+03:00,2025-01-30,23,3,Чт,2025-01,Автор 07,2055dbd4,44,1,3,2,5
manifests,88d5edc0,2025-01-30 23:51:57+03:00,2025-01-30,23,3,Чт,2025-01,Автор 07,2055dbd4,46,1,1,1,2
manifests,2651c4ad,2025-01-31 21:06:42+03:00,2025-01-31,21,4,Пт,2025-01,Автор 07,2055dbd4,38,1,4,4,8
manifests,bbc5467b,2025-01-31 21:27:02+03:00,2025-01-31,21,4,Пт,2025-01,Автор 07,2055dbd4,35,1,4,4,8
manifests,387889a6,2025-02-01 01:32:23+03:00,2025-02-01,1,5,Сб,2025-02,Автор 04,f843be85,65,1,1,1,2
manifests,7bb21b0a,2025-02-01 16:07:28+03:00,2025-02-01,16,5,Сб,2025-02,Автор 03,be95ff83,19,2,78,36,114
manifests,c9f5b88c,2025-02-01 16:27:46+03:00,2025-02-01,16,5,Сб,2025-02,Автор 03,be95ff83,19,2,11,11,22
manifests,9ee495ef,2025-02-01 22:38:40+03:00,2025-02-01,22,5,Сб,2025-02,Автор 03,be95ff83,38,1,2,3,5
manifests,35c2fc34,2025-02-01 23:00:22+03:00,2025-02-01,23,5,Сб,2025-02,Автор 08,a4e888be,27,1,1,0,1
manifests,e1467b8d,2025-02-02 00:05:52+03:00,2025-02-02,0,6,Вс,2025-02,Автор 08,a4e888be,63,1,2,1,3
manifests,e656af6f,2025-02-02 00:11:38+03:00,2025-02-02,0,6,Вс,2025-02,Автор 08,a4e888be,35,1,1,1,2
manifests,46f5075d,2025-02-02 00:21:36+03:00,2025-02-02,0,6,Вс,2025-02,Автор 08,a4e888be,25,1,1,2,3
manifests,a35d924e,2025-02-02 00:22:11+03:00,2025-02-02,0,6,Вс,2025-02,Автор 08,a4e888be,25,1,2,1,3
manifests,db217f91,2025-02-02 01:43:11+03:00,2025-02-02,1,6,Вс,2025-02,Автор 04,f843be85,89,1,1,1,2
manifests,8d2bf03d,2025-02-02 01:45:02+03:00,2025-02-02,1,6,Вс,2025-02,Автор 04,f843be85,66,1,1,1,2
manifests,b893e802,2025-02-03 17:59:08+03:00,2025-02-03,17,0,Пн,2025-02,Автор 01,631db03e,50,2,3,1,4
manifests,6070ab8a,2025-02-03 18:53:03+03:00,2025-02-03,18,0,Пн,2025-02,Автор 01,631db03e,19,1,1,1,2
manifests,0bb9c058,2025-02-03 19:57:25+03:00,2025-02-03,19,0,Пн,2025-02,Автор 01,631db03e,21,6,6,6,12
manifests,d9467dc9,2025-02-04 01:14:41+03:00,2025-02-04,1,1,Вт,2025-02,Автор 01,631db03e,31,4,9,9,18
manifests,58d15f34,2025-02-04 02:22:39+03:00,2025-02-04,2,1,Вт,2025-02,Автор 01,631db03e,42,1,1,1,2
manifests,67a26247,2025-02-04 02:44:24+03:00,2025-02-04,2,1,Вт,2025-02,Автор 01,631db03e,29,1,1,1,2
manifests,4167dd21,2025-02-04 02:51:09+03:00,2025-02-04,2,1,Вт,2025-02,Автор 01,631db03e,37,1,1,1,2
manifests,525287f4,2025-02-04 12:16:19+03:00,2025-02-04,12,1,Вт,2025-02,Автор 01,631db03e,13,2,2,2,4
manifests,c505b58a,2025-02-04 12:39:29+03:00,2025-02-04,12,1,Вт,2025-02,Автор 01,631db03e,47,2,2,2,4
manifests,8a9559cb,2025-02-04 14:14:00+03:00,2025-02-04,14,1,Вт,2025-02,Автор 01,631db03e,47,2,2,2,4
manifests,a5f6476a,2025-02-04 16:26:09+03:00,2025-02-04,16,1,Вт,2025-02,Автор 01,631db03e,47,2,2,2,4
manifests,ba7b6c7f,2025-02-04 16:27:30+03:00,2025-02-04,16,1,Вт,2025-02,Автор 01,631db03e,47,2,2,2,4
manifests,a42758b9,2025-02-06 11:15:40+03:00,2025-02-06,11,3,Чт,2025-02,Автор 01,631db03e,47,2,2,2,4
manifests,10269be7,2025-02-06 19:13:42+03:00,2025-02-06,19,3,Чт,2025-02,Автор 04,f843be85,89,1,1,1,2
manifests,950c0b0e,2025-02-06 19:27:53+03:00,2025-02-06,19,3,Чт,2025-02,Автор 04,f843be85,66,1,1,1,2
manifests,b32cce77,2025-02-06 22:23:29+03:00,2025-02-06,22,3,Чт,2025-02,Автор 04,f843be85,65,1,1,1,2
manifests,365cce96,2025-02-07 00:32:00+03:00,2025-02-07,0,4,Пт,2025-02,Автор 08,a4e888be,39,1,1,3,4
manifests,7066a837,2025-02-07 00:33:56+03:00,2025-02-07,0,4,Пт,2025-02,Автор 08,a4e888be,39,1,1,1,2
manifests,d09b00d9,2025-02-07 10:39:43+03:00,2025-02-07,10,4,Пт,2025-02,Автор 12,70102335,33,1,3,2,5
manifests,715f5e60,2025-02-07 15:20:27+03:00,2025-02-07,15,4,Пт,2025-02,Автор 08,a4e888be,44,1,1,1,2
manifests,59d86db9,2025-02-07 18:10:33+03:00,2025-02-07,18,4,Пт,2025-02,Автор 01,631db03e,49,1,1,2,3
manifests,374e4cc5,2025-02-07 19:06:41+03:00,2025-02-07,19,4,Пт,2025-02,Автор 12,70102335,40,1,5,0,5
manifests,15a3ef99,2025-02-08 01:20:38+03:00,2025-02-08,1,5,Сб,2025-02,Автор 07,2055dbd4,24,1,3,3,6
manifests,b4600a51,2025-02-08 01:21:11+03:00,2025-02-08,1,5,Сб,2025-02,Автор 07,2055dbd4,18,1,1,1,2
manifests,1db4c7c3,2025-02-08 01:29:51+03:00,2025-02-08,1,5,Сб,2025-02,Автор 07,2055dbd4,13,1,1,1,2
manifests,963e6988,2025-02-08 18:21:17+03:00,2025-02-08,18,5,Сб,2025-02,Автор 07,2055dbd4,48,2,2,2,4
manifests,6c96c40e,2025-02-08 21:13:54+03:00,2025-02-08,21,5,Сб,2025-02,Автор 04,f843be85,65,1,1,1,2
manifests,4ea005e2,2025-02-08 23:01:33+03:00,2025-02-08,23,5,Сб,2025-02,Автор 12,70102335,35,1,1,1,2
manifests,40f10b75,2025-02-09 21:04:42+03:00,2025-02-09,21,6,Вс,2025-02,Автор 07,2055dbd4,60,2,2,2,4
manifests,5e70922f,2025-02-09 23:17:56+03:00,2025-02-09,23,6,Вс,2025-02,Автор 04,f843be85,65,1,1,1,2
manifests,3bbe1464,2025-02-10 13:21:07+03:00,2025-02-10,13,0,Пн,2025-02,Автор 01,631db03e,59,2,2,2,4
manifests,61fc772a,2025-02-11 16:13:38+03:00,2025-02-11,16,1,Вт,2025-02,Автор 08,a4e888be,37,1,2,2,4
manifests,4f60433e,2025-02-11 16:14:02+03:00,2025-02-11,16,1,Вт,2025-02,Автор 08,a4e888be,37,1,1,1,2
manifests,64d93608,2025-02-12 02:47:24+03:00,2025-02-12,2,2,Ср,2025-02,Автор 07,2055dbd4,56,1,1,1,2
manifests,668f2c9f,2025-02-12 03:33:18+03:00,2025-02-12,3,2,Ср,2025-02,Автор 07,2055dbd4,57,1,1,1,2
manifests,daaf3a26,2025-02-14 18:37:56+03:00,2025-02-14,18,4,Пт,2025-02,Автор 01,631db03e,52,1,1,1,2
manifests,3ed204b1,2025-02-17 19:41:30+03:00,2025-02-17,19,0,Пн,2025-02,Автор 01,631db03e,57,2,2,2,4
manifests,0af03003,2025-02-17 19:48:39+03:00,2025-02-17,19,0,Пн,2025-02,Автор 01,631db03e,64,1,1,1,2
manifests,840295d5,2025-02-18 14:14:47+03:00,2025-02-18,14,1,Вт,2025-02,Автор 01,631db03e,56,2,2,2,4
manifests,b7eca728,2025-02-25 11:17:49+03:00,2025-02-25,11,1,Вт,2025-02,Автор 03,be95ff83,30,3,12,12,24
manifests,d3b2d066,2025-02-27 11:56:42+03:00,2025-02-27,11,3,Чт,2025-02,Автор 08,a4e888be,35,1,1,1,2
manifests,fa786091,2025-02-28 10:37:20+03:00,2025-02-28,10,4,Пт,2025-02,Автор 08,a4e888be,34,1,1,2,3
manifests,0549c6fb,2025-03-02 20:53:34+03:00,2025-03-02,20,6,Вс,2025-03,Автор 24,1d2ae25d,30,1,5,0,5
manifests,b6bc887a,2025-03-04 23:56:04+03:00,2025-03-04,23,1,Вт,2025-03,Автор 04,f843be85,65,1,1,1,2
manifests,72e943c8,2025-03-05 20:53:22+03:00,2025-03-05,20,2,Ср,2025-03,Автор 04,f843be85,65,1,1,1,2
manifests,4ca2b386,2025-03-10 15:26:01+03:00,2025-03-10,15,0,Пн,2025-03,Автор 03,be95ff83,29,1,1,1,2
manifests,21d3874d,2025-03-16 18:21:08+03:00,2025-03-16,18,6,Вс,2025-03,Автор 03,be95ff83,23,2,1,1,2
manifests,696fc5a6,2025-03-27 11:18:44+03:00,2025-03-27,11,3,Чт,2025-03,Автор 01,631db03e,61,1,2,2,4
manifests,81921f23,2025-04-03 10:51:31+03:00,2025-04-03,10,3,Чт,2025-04,Автор 03,be95ff83,25,1,6,6,12
Nexora,e782381d,2025-09-21 14:00:00+03:00,2025-09-21,14,6,Вс,2025-09,Автор 09,ea54eae8,56,1,122,0,122
manifests,79e79174,2025-09-30 10:41:42+03:00,2025-09-30,10,1,Вт,2025-09,Автор 06,892ea6ab,57,81,1086,117,1203
manifests,82c69b5c,2025-09-30 10:51:53+03:00,2025-09-30,10,1,Вт,2025-09,Автор 06,892ea6ab,55,2,76,0,76
manifests,4e15e334,2025-09-30 11:16:27+03:00,2025-09-30,11,1,Вт,2025-09,Автор 06,892ea6ab,76,50,159,209,368
manifests,70136737,2025-09-30 11:26:07+03:00,2025-09-30,11,1,Вт,2025-09,Автор 06,892ea6ab,52,2,56,2,58
manifests,7110b8bf,2025-09-30 11:28:39+03:00,2025-09-30,11,1,Вт,2025-09,Автор 06,892ea6ab,61,10,25,10,35
manifests,5a6bc0e8,2025-09-30 11:29:37+03:00,2025-09-30,11,1,Вт,2025-09,Автор 06,892ea6ab,56,1,1,1,2
manifests,aef4a518,2025-09-30 11:33:42+03:00,2025-09-30,11,1,Вт,2025-09,Автор 06,892ea6ab,62,4,4,4,8
manifests,a29c15a7,2025-09-30 13:57:35+03:00,2025-09-30,13,1,Вт,2025-09,Автор 06,892ea6ab,67,5,15,15,30
manifests,cd5091c8,2025-09-30 17:23:14+03:00,2025-09-30,17,1,Вт,2025-09,Автор 06,892ea6ab,50,2,49,4,53
manifests,80bfa09d,2025-09-30 17:40:44+03:00,2025-09-30,17,1,Вт,2025-09,Автор 06,892ea6ab,52,1,1,3,4
manifests,33f3f1e3,2025-09-30 18:54:14+03:00,2025-09-30,18,1,Вт,2025-09,Автор 06,892ea6ab,63,2,2,5,7
manifests,b581e009,2025-10-01 14:13:09+03:00,2025-10-01,14,2,Ср,2025-10,Автор 06,892ea6ab,67,5,76,12,88
manifests,ecaa791c,2025-10-01 17:02:18+03:00,2025-10-01,17,2,Ср,2025-10,Автор 06,892ea6ab,73,11,80,118,198
manifests,79f8c019,2025-10-01 17:29:54+03:00,2025-10-01,17,2,Ср,2025-10,Автор 06,892ea6ab,55,4,100,48,148
manifests,72c2e98c,2025-10-01 21:45:27+03:00,2025-10-01,21,2,Ср,2025-10,Автор 06,892ea6ab,25,1,25,0,25
manifests,7d0864a0,2025-10-01 21:47:40+03:00,2025-10-01,21,2,Ср,2025-10,Автор 06,892ea6ab,46,4,76,0,76
manifests,5ba79892,2025-10-01 21:51:45+03:00,2025-10-01,21,2,Ср,2025-10,Автор 06,892ea6ab,64,3,20,0,20
manifests,9071e828,2025-10-01 21:55:24+03:00,2025-10-01,21,2,Ср,2025-10,Автор 06,892ea6ab,53,4,51,9,60
manifests,29be71d1,2025-10-02 10:27:48+03:00,2025-10-02,10,3,Чт,2025-10,Автор 06,892ea6ab,50,4,0,40,40
manifests,a546f12b,2025-10-02 10:30:12+03:00,2025-10-02,10,3,Чт,2025-10,Автор 06,892ea6ab,55,3,6,0,6
manifests,78b5c634,2025-10-02 10:45:07+03:00,2025-10-02,10,3,Чт,2025-10,Автор 06,892ea6ab,54,2,21,7,28
manifests,ead5fb05,2025-10-03 11:57:44+03:00,2025-10-03,11,4,Пт,2025-10,Автор 06,892ea6ab,49,1,65,0,65
manifests,b687b7dd,2025-10-03 12:03:07+03:00,2025-10-03,12,4,Пт,2025-10,Автор 06,892ea6ab,57,8,8,8,16
manifests,3db8c413,2025-10-03 16:13:33+03:00,2025-10-03,16,4,Пт,2025-10,Автор 06,892ea6ab,52,1,1,1,2
manifests,c2e943f4,2025-10-06 17:17:45+03:00,2025-10-06,17,0,Пн,2025-10,Автор 01,631db03e,63,76,1529,901,2430
manifests,b59dbadf,2025-10-06 17:19:15+03:00,2025-10-06,17,0,Пн,2025-10,Автор 01,631db03e,73,1,2,2,4
manifests,9a4e5d9e,2025-10-06 17:41:00+03:00,2025-10-06,17,0,Пн,2025-10,Автор 01,631db03e,59,6,593,0,593
manifests,d5481484,2025-10-06 18:02:38+03:00,2025-10-06,18,0,Пн,2025-10,Автор 01,631db03e,70,1,1,0,1
manifests,863da980,2025-10-06 18:10:37+03:00,2025-10-06,18,0,Пн,2025-10,Автор 06,892ea6ab,66,2,21,1,22
manifests,9e3a1454,2025-10-06 18:13:53+03:00,2025-10-06,18,0,Пн,2025-10,Автор 06,892ea6ab,72,1,9,3,12
manifests,9dfa55a7,2025-10-06 18:16:01+03:00,2025-10-06,18,0,Пн,2025-10,Автор 06,892ea6ab,61,1,4,4,8
manifests,49550269,2025-10-06 18:22:25+03:00,2025-10-06,18,0,Пн,2025-10,Автор 06,892ea6ab,60,1,3,1,4
manifests,42d8b88d,2025-10-06 18:29:08+03:00,2025-10-06,18,0,Пн,2025-10,Автор 06,892ea6ab,63,1,1,1,2
manifests,f59419e4,2025-10-06 18:35:37+03:00,2025-10-06,18,0,Пн,2025-10,Автор 06,892ea6ab,54,1,3,52,55
manifests,a3dc5ddd,2025-10-06 18:44:29+03:00,2025-10-06,18,0,Пн,2025-10,Автор 06,892ea6ab,61,1,80,3,83
manifests,9fd98202,2025-10-06 18:47:28+03:00,2025-10-06,18,0,Пн,2025-10,Автор 06,892ea6ab,54,1,1,1,2
manifests,62cba773,2025-10-06 18:54:55+03:00,2025-10-06,18,0,Пн,2025-10,Автор 06,892ea6ab,59,1,1,1,2
manifests,126b3e78,2025-10-06 19:01:28+03:00,2025-10-06,19,0,Пн,2025-10,Автор 06,892ea6ab,72,3,35,1,36
manifests,3c261cff,2025-10-06 19:13:41+03:00,2025-10-06,19,0,Пн,2025-10,Автор 06,892ea6ab,69,3,34,3,37
manifests,54a9cc8e,2025-10-06 19:21:18+03:00,2025-10-06,19,0,Пн,2025-10,Автор 06,892ea6ab,47,1,1,1,2
manifests,e10ede96,2025-10-06 19:32:10+03:00,2025-10-06,19,0,Пн,2025-10,Автор 06,892ea6ab,58,1,1,1,2
manifests,c907c3dd,2025-10-06 20:31:50+03:00,2025-10-06,20,0,Пн,2025-10,Автор 06,892ea6ab,45,1,18,0,18
manifests,533d65a9,2025-10-06 22:32:25+03:00,2025-10-06,22,0,Пн,2025-10,Автор 06,892ea6ab,47,1,1,1,2
manifests,1af1c9bb,2025-10-07 00:14:44+03:00,2025-10-07,0,1,Вт,2025-10,Автор 06,892ea6ab,65,3,2340,0,2340
manifests,95ee497b,2025-10-07 14:19:27+03:00,2025-10-07,14,1,Вт,2025-10,Автор 06,892ea6ab,46,5,110,0,110
manifests,53ace276,2025-10-07 14:21:37+03:00,2025-10-07,14,1,Вт,2025-10,Автор 06,892ea6ab,56,1,2,0,2
manifests,619c59b2,2025-10-07 14:22:38+03:00,2025-10-07,14,1,Вт,2025-10,Автор 06,892ea6ab,39,2,16,0,16
manifests,3dfa02e1,2025-10-07 14:25:51+03:00,2025-10-07,14,1,Вт,2025-10,Автор 06,892ea6ab,76,1,0,14,14
manifests,60daab31,2025-10-07 14:38:39+03:00,2025-10-07,14,1,Вт,2025-10,Автор 06,892ea6ab,31,3,19,0,19
manifests,781fdc9f,2025-10-07 15:06:07+03:00,2025-10-07,15,1,Вт,2025-10,Автор 06,892ea6ab,41,3,0,19,19
manifests,bcf20d5a,2025-10-07 15:31:24+03:00,2025-10-07,15,1,Вт,2025-10,Автор 04,f843be85,76,1,1,1,2
manifests,26dfdf8f,2025-10-07 15:32:03+03:00,2025-10-07,15,1,Вт,2025-10,Автор 04,f843be85,84,1,1,1,2
manifests,9e4f202e,2025-10-07 15:34:54+03:00,2025-10-07,15,1,Вт,2025-10,Автор 04,f843be85,66,1,1,1,2
manifests,345887b7,2025-10-07 15:34:59+03:00,2025-10-07,15,1,Вт,2025-10,Автор 04,f843be85,65,1,1,1,2
manifests,6f40f65d,2025-10-07 15:35:20+03:00,2025-10-07,15,1,Вт,2025-10,Автор 04,f843be85,60,1,1,1,2
manifests,e6c0909e,2025-10-07 15:35:23+03:00,2025-10-07,15,1,Вт,2025-10,Автор 04,f843be85,61,1,1,1,2
manifests,22beff30,2025-10-07 15:35:28+03:00,2025-10-07,15,1,Вт,2025-10,Автор 04,f843be85,69,1,1,1,2
manifests,87f6a506,2025-10-07 15:43:19+03:00,2025-10-07,15,1,Вт,2025-10,Автор 06,892ea6ab,63,6,136,0,136
manifests,51e8edfb,2025-10-07 15:44:22+03:00,2025-10-07,15,1,Вт,2025-10,Автор 06,892ea6ab,61,2,86,0,86
manifests,66ca0a23,2025-10-07 15:44:36+03:00,2025-10-07,15,1,Вт,2025-10,Автор 06,892ea6ab,48,1,1,1,2
manifests,71f6dd46,2025-10-07 15:46:13+03:00,2025-10-07,15,1,Вт,2025-10,Автор 06,892ea6ab,53,1,1,3,4
manifests,6f908d53,2025-10-07 15:46:52+03:00,2025-10-07,15,1,Вт,2025-10,Автор 06,892ea6ab,48,1,0,0,0
manifests,3e821339,2025-10-07 15:52:52+03:00,2025-10-07,15,1,Вт,2025-10,Автор 06,892ea6ab,65,1,8,4,12
manifests,4a4452d0,2025-10-07 19:20:36+03:00,2025-10-07,19,1,Вт,2025-10,Автор 06,892ea6ab,44,6,0,138,138
manifests,bd5afe20,2025-10-07 23:31:27+03:00,2025-10-07,23,1,Вт,2025-10,Автор 06,892ea6ab,60,160,0,4305,4305
manifests,a50824c8,2025-10-07 23:32:01+03:00,2025-10-07,23,1,Вт,2025-10,Автор 06,892ea6ab,69,160,4305,0,4305
manifests,fa6b8909,2025-10-07 23:32:23+03:00,2025-10-07,23,1,Вт,2025-10,Автор 06,892ea6ab,61,160,0,0,0
manifests,2dbc0bc3,2025-10-08 11:52:57+03:00,2025-10-08,11,2,Ср,2025-10,Автор 06,892ea6ab,53,1,3,0,3
manifests,20b4fcdc,2025-10-08 12:00:04+03:00,2025-10-08,12,2,Ср,2025-10,Автор 06,892ea6ab,56,7,179,0,179
manifests,18588d8d,2025-10-08 12:04:08+03:00,2025-10-08,12,2,Ср,2025-10,Автор 06,892ea6ab,47,1,1,0,1
manifests,93970037,2025-10-08 14:13:07+03:00,2025-10-08,14,2,Ср,2025-10,Автор 01,631db03e,63,1,4,0,4
manifests,77b072c0,2025-10-08 14:51:33+03:00,2025-10-08,14,2,Ср,2025-10,Автор 05,890bd079,18,1,1,1,2
manifests,2a23d9ea,2025-10-08 15:11:44+03:00,2025-10-08,15,2,Ср,2025-10,Автор 06,892ea6ab,50,1,22,0,22
manifests,b8f6cb5d,2025-10-08 15:17:28+03:00,2025-10-08,15,2,Ср,2025-10,Автор 06,892ea6ab,58,7,301,0,301
manifests,56715672,2025-10-08 16:09:55+03:00,2025-10-08,16,2,Ср,2025-10,Автор 12,70102335,48,1,2,0,2
manifests,7436b4e7,2025-10-08 16:19:25+03:00,2025-10-08,16,2,Ср,2025-10,Автор 12,70102335,69,6,6,6,12
manifests,3b36f3db,2025-10-08 16:46:25+03:00,2025-10-08,16,2,Ср,2025-10,Автор 05,890bd079,40,1,4,4,8
manifests,0ae95bcf,2025-10-08 17:06:36+03:00,2025-10-08,17,2,Ср,2025-10,Автор 05,890bd079,54,1,0,0,0
manifests,e8aefb0c,2025-10-08 17:17:25+03:00,2025-10-08,17,2,Ср,2025-10,Автор 05,890bd079,40,1,1,1,2
manifests,28ade1d3,2025-10-08 17:19:20+03:00,2025-10-08,17,2,Ср,2025-10,Автор 05,890bd079,29,1,1,1,2
manifests,5aaffcf9,2025-10-08 17:39:30+03:00,2025-10-08,17,2,Ср,2025-10,Автор 05,890bd079,39,1,1,1,2
manifests,17c4bf57,2025-10-08 17:40:35+03:00,2025-10-08,17,2,Ср,2025-10,Автор 05,890bd079,31,1,1,1,2
manifests,645bda0c,2025-10-08 17:45:52+03:00,2025-10-08,17,2,Ср,2025-10,Автор 12,70102335,56,1,2,0,2
manifests,3595a2c6,2025-10-08 17:46:28+03:00,2025-10-08,17,2,Ср,2025-10,Автор 12,70102335,64,1,1,1,2
manifests,26dd8c11,2025-10-08 17:50:23+03:00,2025-10-08,17,2,Ср,2025-10,Автор 12,70102335,50,1,2,0,2
manifests,7fa5f43f,2025-10-08 18:36:41+03:00,2025-10-08,18,2,Ср,2025-10,Автор 06,892ea6ab,52,1,1,1,2
manifests,b7f4e67c,2025-10-08 20:37:41+03:00,2025-10-08,20,2,Ср,2025-10,Автор 05,890bd079,36,1,11,1,12
manifests,74c06de0,2025-10-08 20:39:25+03:00,2025-10-08,20,2,Ср,2025-10,Автор 06,892ea6ab,50,1,22,0,22
manifests,6d52d9a4,2025-10-08 20:46:59+03:00,2025-10-08,20,2,Ср,2025-10,Автор 06,892ea6ab,57,1,0,9,9
manifests,a3586f58,2025-10-08 21:01:03+03:00,2025-10-08,21,2,Ср,2025-10,Автор 06,892ea6ab,55,1,1,1,2
manifests,c8eeb481,2025-10-08 21:03:05+03:00,2025-10-08,21,2,Ср,2025-10,Автор 06,892ea6ab,63,2,11,1,12
manifests,7d0ca3f3,2025-10-08 21:13:18+03:00,2025-10-08,21,2,Ср,2025-10,Автор 06,892ea6ab,43,2,15,4,19
manifests,4077433e,2025-10-08 21:18:09+03:00,2025-10-08,21,2,Ср,2025-10,Автор 06,892ea6ab,44,1,3,0,3
manifests,d12a94b8,2025-10-08 21:24:21+03:00,2025-10-08,21,2,Ср,2025-10,Автор 06,892ea6ab,71,1,0,1,1
manifests,6a819351,2025-10-08 21:26:45+03:00,2025-10-08,21,2,Ср,2025-10,Автор 06,892ea6ab,47,1,0,3,3
manifests,2d5f408e,2025-10-08 21:30:41+03:00,2025-10-08,21,2,Ср,2025-10,Автор 06,892ea6ab,48,1,1,1,2
manifests,9880ab2d,2025-10-08 21:43:48+03:00,2025-10-08,21,2,Ср,2025-10,Автор 06,892ea6ab,61,2,29,13,42
manifests,14ebd534,2025-10-08 21:48:13+03:00,2025-10-08,21,2,Ср,2025-10,Автор 06,892ea6ab,71,2,37,25,62
manifests,2bc6b0bc,2025-10-08 21:55:26+03:00,2025-10-08,21,2,Ср,2025-10,Автор 06,892ea6ab,58,1,2,2,4
manifests,d05867f0,2025-10-09 00:55:58+03:00,2025-10-09,0,3,Чт,2025-10,Автор 05,890bd079,40,1,2,0,2
Nexora,fc8d669d,2025-10-09 16:00:00+03:00,2025-10-09,16,3,Чт,2025-10,Автор 09,ea54eae8,40,1,274,0,274
manifests,eb2b2810,2025-10-10 19:42:09+03:00,2025-10-10,19,4,Пт,2025-10,Автор 08,a4e888be,43,1,1,0,1
manifests,eb96039c,2025-10-11 01:07:02+03:00,2025-10-11,1,5,Сб,2025-10,Автор 12,70102335,50,1,22,0,22
manifests,3d710036,2025-10-11 01:10:35+03:00,2025-10-11,1,5,Сб,2025-10,Автор 12,70102335,35,1,22,0,22
manifests,449c2104,2025-10-12 00:03:27+03:00,2025-10-12,0,6,Вс,2025-10,Автор 06,892ea6ab,47,1,0,44,44
manifests,709308c9,2025-10-12 00:06:01+03:00,2025-10-12,0,6,Вс,2025-10,Автор 06,892ea6ab,77,1,0,1,1
manifests,cbb23dc2,2025-10-12 00:07:26+03:00,2025-10-12,0,6,Вс,2025-10,Автор 06,892ea6ab,68,1,8,3,11
manifests,73b301b7,2025-10-12 00:09:14+03:00,2025-10-12,0,6,Вс,2025-10,Автор 06,892ea6ab,44,1,3,7,10
manifests,73df2bd1,2025-10-12 00:12:56+03:00,2025-10-12,0,6,Вс,2025-10,Автор 06,892ea6ab,47,1,0,22,22
manifests,a3d5c30f,2025-10-12 11:45:43+03:00,2025-10-12,11,6,Вс,2025-10,Автор 06,892ea6ab,50,5,26,4,30
manifests,e78ea421,2025-10-12 12:27:27+03:00,2025-10-12,12,6,Вс,2025-10,Автор 06,892ea6ab,55,1,1,1,2
manifests,5a058f6a,2025-10-13 00:04:58+03:00,2025-10-13,0,0,Пн,2025-10,Автор 06,892ea6ab,52,2,40,1,41
manifests,3ed90b51,2025-10-13 10:41:29+03:00,2025-10-13,10,0,Пн,2025-10,Автор 06,892ea6ab,51,12,1790,0,1790
manifests,c13b07da,2025-10-13 10:41:48+03:00,2025-10-13,10,0,Пн,2025-10,Автор 06,892ea6ab,68,6,15,9,24
manifests,56a4ce74,2025-10-13 10:42:04+03:00,2025-10-13,10,0,Пн,2025-10,Автор 06,892ea6ab,62,2,30,0,30
manifests,6adf090c,2025-10-13 10:42:47+03:00,2025-10-13,10,0,Пн,2025-10,Автор 06,892ea6ab,68,4,36,5,41
manifests,48c5af75,2025-10-13 10:43:04+03:00,2025-10-13,10,0,Пн,2025-10,Автор 06,892ea6ab,70,1,16,1,17
manifests,793357c2,2025-10-13 10:43:19+03:00,2025-10-13,10,0,Пн,2025-10,Автор 06,892ea6ab,69,1,1,0,1
manifests,ee0dff61,2025-10-13 10:43:36+03:00,2025-10-13,10,0,Пн,2025-10,Автор 06,892ea6ab,51,1,3,0,3
manifests,49040be3,2025-10-13 10:52:25+03:00,2025-10-13,10,0,Пн,2025-10,Автор 06,892ea6ab,58,2,42,30,72
manifests,39f15597,2025-10-13 10:54:23+03:00,2025-10-13,10,0,Пн,2025-10,Автор 06,892ea6ab,74,7,134,663,797
manifests,131d3098,2025-10-13 11:08:22+03:00,2025-10-13,11,0,Пн,2025-10,Автор 06,892ea6ab,69,10,8,6,14
manifests,9217c3e7,2025-10-13 11:14:05+03:00,2025-10-13,11,0,Пн,2025-10,Автор 06,892ea6ab,67,1,1,1,2
manifests,2502c343,2025-10-13 11:54:28+03:00,2025-10-13,11,0,Пн,2025-10,Автор 08,a4e888be,62,1,2,0,2
manifests,1a481d37,2025-10-13 13:22:56+03:00,2025-10-13,13,0,Пн,2025-10,Автор 06,892ea6ab,46,1,27,0,27
manifests,b9d3cf18,2025-10-13 14:58:49+03:00,2025-10-13,14,0,Пн,2025-10,Автор 08,a4e888be,38,1,1,1,2
Nexora,c7c9e2de,2025-10-13 15:00:00+03:00,2025-10-13,15,0,Пн,2025-10,Автор 09,ea54eae8,51,1,344,0,344
manifests,02d22305,2025-10-13 15:00:08+03:00,2025-10-13,15,0,Пн,2025-10,Автор 08,a4e888be,47,1,1,1,2
manifests,bf7377f6,2025-10-13 15:03:33+03:00,2025-10-13,15,0,Пн,2025-10,Автор 08,a4e888be,50,2,3,1,4
manifests,5895eb93,2025-10-13 15:43:48+03:00,2025-10-13,15,0,Пн,2025-10,Автор 08,a4e888be,36,2,3,7,10
manifests,5e83a979,2025-10-13 22:04:12+03:00,2025-10-13,22,0,Пн,2025-10,Автор 06,892ea6ab,73,4,8,0,8
manifests,ff1ea0be,2025-10-13 23:59:53+03:00,2025-10-13,23,0,Пн,2025-10,Автор 06,892ea6ab,46,3,530,0,530
manifests,17c78dfe,2025-10-14 00:13:23+03:00,2025-10-14,0,1,Вт,2025-10,Автор 06,892ea6ab,75,1,2,4,6
manifests,d30ede5e,2025-10-14 00:13:54+03:00,2025-10-14,0,1,Вт,2025-10,Автор 06,892ea6ab,48,1,9,4,13
manifests,0dab38ce,2025-10-14 00:24:15+03:00,2025-10-14,0,1,Вт,2025-10,Автор 06,892ea6ab,50,1,7,7,14
manifests,c2efd574,2025-10-14 00:59:27+03:00,2025-10-14,0,1,Вт,2025-10,Автор 06,892ea6ab,46,1,1,1,2
manifests,25739459,2025-10-14 01:01:58+03:00,2025-10-14,1,1,Вт,2025-10,Автор 06,892ea6ab,62,1,2,1,3
manifests,29844ec4,2025-10-14 01:13:00+03:00,2025-10-14,1,1,Вт,2025-10,Автор 06,892ea6ab,56,1,1,0,1
manifests,ba7a82a3,2025-10-14 01:18:18+03:00,2025-10-14,1,1,Вт,2025-10,Автор 06,892ea6ab,50,1,0,1,1
manifests,bd92f547,2025-10-14 14:10:03+03:00,2025-10-14,14,1,Вт,2025-10,Автор 06,892ea6ab,71,1,3,0,3
manifests,1f8f05d1,2025-10-14 14:18:34+03:00,2025-10-14,14,1,Вт,2025-10,Автор 06,892ea6ab,67,1,3,3,6
manifests,56315bc7,2025-10-14 14:31:48+03:00,2025-10-14,14,1,Вт,2025-10,Автор 06,892ea6ab,46,4,1,535,536
manifests,c84053d3,2025-10-18 10:49:25+03:00,2025-10-18,10,5,Сб,2025-10,Автор 01,631db03e,54,18,1495,1,1496
manifests,556f9e4d,2025-10-18 11:29:06+03:00,2025-10-18,11,5,Сб,2025-10,Автор 01,631db03e,77,2,19,80,99
manifests,9572356d,2025-10-18 13:07:54+03:00,2025-10-18,13,5,Сб,2025-10,Автор 01,631db03e,60,1,51,10,61
manifests,4d4ee898,2025-10-20 22:34:12+03:00,2025-10-20,22,0,Пн,2025-10,Автор 05,890bd079,69,1,2,0,2
Nexora,f6b60507,2025-10-21 14:00:00+03:00,2025-10-21,14,1,Вт,2025-10,Автор 19,d394f02d,50,1,79,0,79
Nexora,8a18863f,2025-10-22 11:00:00+03:00,2025-10-22,11,2,Ср,2025-10,Автор 09,ea54eae8,35,3,150,0,150
manifests,6d89396d,2025-10-25 18:56:22+03:00,2025-10-25,18,5,Сб,2025-10,Автор 01,631db03e,53,5,618,0,618
manifests,bf8bc562,2025-10-25 19:03:26+03:00,2025-10-25,19,5,Сб,2025-10,Автор 01,631db03e,75,1,2,2,4
manifests,4f0a4719,2025-10-25 19:14:30+03:00,2025-10-25,19,5,Сб,2025-10,Автор 05,890bd079,39,1,10,0,10
manifests,c7eacdc0,2025-10-25 19:17:46+03:00,2025-10-25,19,5,Сб,2025-10,Автор 01,631db03e,77,2,52,59,111
manifests,22418987,2025-10-25 19:26:39+03:00,2025-10-25,19,5,Сб,2025-10,Автор 01,631db03e,57,4,62,52,114
manifests,89f49aeb,2025-10-25 19:29:08+03:00,2025-10-25,19,5,Сб,2025-10,Автор 05,890bd079,46,1,3,1,4
manifests,e84bf075,2025-10-25 19:32:08+03:00,2025-10-25,19,5,Сб,2025-10,Автор 05,890bd079,48,1,2,0,2
manifests,6c3ce49e,2025-10-25 19:55:33+03:00,2025-10-25,19,5,Сб,2025-10,Автор 05,890bd079,49,1,22,0,22
manifests,7b2e5bff,2025-10-25 19:59:12+03:00,2025-10-25,19,5,Сб,2025-10,Автор 05,890bd079,48,1,2,0,2
manifests,cf12928f,2025-10-25 20:02:44+03:00,2025-10-25,20,5,Сб,2025-10,Автор 05,890bd079,48,1,2,0,2
manifests,645da6a2,2025-10-25 20:03:54+03:00,2025-10-25,20,5,Сб,2025-10,Автор 01,631db03e,69,1,5,1,6
manifests,d3265582,2025-10-25 20:05:56+03:00,2025-10-25,20,5,Сб,2025-10,Автор 01,631db03e,58,1,1,1,2
manifests,2b17d590,2025-10-25 20:17:17+03:00,2025-10-25,20,5,Сб,2025-10,Автор 01,631db03e,69,2,44,0,44
manifests,aadf5f5b,2025-10-25 20:23:54+03:00,2025-10-25,20,5,Сб,2025-10,Автор 01,631db03e,52,4,10,7,17
manifests,2281fa4e,2025-10-25 20:25:44+03:00,2025-10-25,20,5,Сб,2025-10,Автор 01,631db03e,41,2,10,8,18
manifests,3e2a59b2,2025-10-25 20:28:10+03:00,2025-10-25,20,5,Сб,2025-10,Автор 01,631db03e,48,4,0,149,149
manifests,8e7d00f4,2025-10-25 20:37:11+03:00,2025-10-25,20,5,Сб,2025-10,Автор 01,631db03e,63,1,7,0,7
manifests,f530911e,2025-10-25 20:41:50+03:00,2025-10-25,20,5,Сб,2025-10,Автор 01,631db03e,64,1,45,0,45
manifests,74033eff,2025-10-25 20:44:39+03:00,2025-10-25,20,5,Сб,2025-10,Автор 01,631db03e,62,1,0,45,45
manifests,56ad84f6,2025-10-25 20:51:51+03:00,2025-10-25,20,5,Сб,2025-10,Автор 05,890bd079,31,1,1,0,1
manifests,7c333958,2025-10-25 20:57:08+03:00,2025-10-25,20,5,Сб,2025-10,Автор 01,631db03e,67,1,4,3,7
manifests,8bb27122,2025-10-25 22:25:45+03:00,2025-10-25,22,5,Сб,2025-10,Автор 01,631db03e,55,1,4,1,5
manifests,1c176fe4,2025-10-25 22:30:20+03:00,2025-10-25,22,5,Сб,2025-10,Автор 01,631db03e,48,1,10,0,10
manifests,fd48c3e1,2025-10-25 23:11:50+03:00,2025-10-25,23,5,Сб,2025-10,Автор 01,631db03e,75,3,14,69,83
manifests,67b65f75,2025-10-25 23:17:00+03:00,2025-10-25,23,5,Сб,2025-10,Автор 01,631db03e,83,3,37,6,43
manifests,88eac539,2025-10-26 00:53:26+03:00,2025-10-26,0,6,Вс,2025-10,Автор 05,890bd079,51,1,1,0,1
manifests,bc212122,2025-10-26 10:49:57+03:00,2025-10-26,10,6,Вс,2025-10,Автор 01,631db03e,68,4,0,274,274
manifests,9b1f7fa0,2025-10-26 10:57:46+03:00,2025-10-26,10,6,Вс,2025-10,Автор 01,631db03e,49,16,48,9,57
manifests,6d317221,2025-10-26 11:10:36+03:00,2025-10-26,11,6,Вс,2025-10,Автор 01,631db03e,44,1,97,0,97
manifests,dd41b15b,2025-10-26 11:14:31+03:00,2025-10-26,11,6,Вс,2025-10,Автор 01,631db03e,55,1,2,2,4
manifests,ca6373c1,2025-10-26 11:16:39+03:00,2025-10-26,11,6,Вс,2025-10,Автор 01,631db03e,64,1,5,2,7
manifests,864ffcc4,2025-10-26 11:18:19+03:00,2025-10-26,11,6,Вс,2025-10,Автор 01,631db03e,55,1,0,9,9
manifests,36b88c18,2025-10-26 11:22:38+03:00,2025-10-26,11,6,Вс,2025-10,Автор 01,631db03e,71,2,25,14,39
manifests,760ddc2f,2025-10-26 11:24:20+03:00,2025-10-26,11,6,Вс,2025-10,Автор 01,631db03e,49,1,1,1,2
manifests,1aa442b2,2025-10-26 11:24:59+03:00,2025-10-26,11,6,Вс,2025-10,Автор 01,631db03e,53,5,605,0,605
manifests,212231bb,2025-10-26 11:36:09+03:00,2025-10-26,11,6,Вс,2025-10,Автор 01,631db03e,62,4,620,0,620
manifests,f1f8336c,2025-10-26 11:39:25+03:00,2025-10-26,11,6,Вс,2025-10,Автор 01,631db03e,57,2,327,0,327
manifests,03f34b4f,2025-10-26 16:29:18+03:00,2025-10-26,16,6,Вс,2025-10,Автор 01,631db03e,59,1,182,0,182
manifests,0c92ad09,2025-10-26 16:34:11+03:00,2025-10-26,16,6,Вс,2025-10,Автор 01,631db03e,56,1,615,0,615
manifests,152bd98a,2025-10-26 17:34:33+03:00,2025-10-26,17,6,Вс,2025-10,Автор 08,a4e888be,38,2,21,9,30
manifests,ad539596,2025-10-26 17:45:37+03:00,2025-10-26,17,6,Вс,2025-10,Автор 08,a4e888be,44,1,8,8,16
manifests,7a8c42f8,2025-10-26 18:04:57+03:00,2025-10-26,18,6,Вс,2025-10,Автор 08,a4e888be,57,3,76,0,76
manifests,8da5dd02,2025-10-26 18:12:17+03:00,2025-10-26,18,6,Вс,2025-10,Автор 01,631db03e,55,1,2,1,3
manifests,3d0b1ccd,2025-10-26 18:17:45+03:00,2025-10-26,18,6,Вс,2025-10,Автор 01,631db03e,53,1,396,0,396
manifests,f3dd0212,2025-10-26 19:16:47+03:00,2025-10-26,19,6,Вс,2025-10,Автор 01,631db03e,39,9,576,88,664
manifests,71712e1c,2025-10-26 19:24:46+03:00,2025-10-26,19,6,Вс,2025-10,Автор 01,631db03e,66,2,64,1,65
manifests,280d1e6f,2025-10-26 19:26:18+03:00,2025-10-26,19,6,Вс,2025-10,Автор 01,631db03e,42,1,0,47,47
manifests,731ebe08,2025-10-26 19:27:15+03:00,2025-10-26,19,6,Вс,2025-10,Автор 01,631db03e,38,1,0,27,27
manifests,2bce215f,2025-10-26 22:47:58+03:00,2025-10-26,22,6,Вс,2025-10,Автор 01,631db03e,57,1,4,4,8
manifests,5b4f2f4b,2025-10-26 22:50:06+03:00,2025-10-26,22,6,Вс,2025-10,Автор 01,631db03e,61,1,1,1,2
manifests,563d6a5e,2025-10-27 18:56:11+03:00,2025-10-27,18,0,Пн,2025-10,Автор 05,890bd079,10,1,1,1,2
Nexora,1ae6c730,2025-10-28 15:30:00+03:00,2025-10-28,15,1,Вт,2025-10,Автор 19,d394f02d,31,3,121,0,121
Nexora,13671cc9,2025-10-29 10:00:00+03:00,2025-10-29,10,2,Ср,2025-10,Автор 19,d394f02d,35,5,462,0,462
manifests,127a9c30,2025-11-01 21:12:38+03:00,2025-11-01,21,5,Сб,2025-11,Автор 12,70102335,43,3,105,0,105
manifests,ecf2182a,2025-11-01 21:14:44+03:00,2025-11-01,21,5,Сб,2025-11,Автор 12,70102335,56,1,1,0,1
manifests,effc2bfb,2025-11-01 21:37:40+03:00,2025-11-01,21,5,Сб,2025-11,Автор 12,70102335,48,1,2,2,4
manifests,4637eba5,2025-11-01 22:44:39+03:00,2025-11-01,22,5,Сб,2025-11,Автор 01,631db03e,55,2,3,3,6
manifests,a149094e,2025-11-01 22:49:11+03:00,2025-11-01,22,5,Сб,2025-11,Автор 01,631db03e,61,3,66,3,69
manifests,5223b463,2025-11-02 00:08:17+03:00,2025-11-02,0,6,Вс,2025-11,Автор 05,890bd079,68,1,9,0,9
manifests,738996bd,2025-11-02 00:09:38+03:00,2025-11-02,0,6,Вс,2025-11,Автор 05,890bd079,83,1,1,1,2
manifests,8dedc000,2025-11-02 13:46:32+03:00,2025-11-02,13,6,Вс,2025-11,Автор 08,a4e888be,45,8,518,446,964
manifests,f6635bfd,2025-11-02 14:16:51+03:00,2025-11-02,14,6,Вс,2025-11,Автор 05,890bd079,67,1,1,1,2
manifests,209502cc,2025-11-02 16:22:13+03:00,2025-11-02,16,6,Вс,2025-11,Автор 05,890bd079,59,1,2,0,2
manifests,ee99d471,2025-11-02 17:02:15+03:00,2025-11-02,17,6,Вс,2025-11,Автор 05,890bd079,48,1,1,1,2
manifests,16b4d8e8,2025-11-02 18:28:22+03:00,2025-11-02,18,6,Вс,2025-11,Автор 05,890bd079,75,1,3,1,4
manifests,9bcf82d8,2025-11-02 18:30:27+03:00,2025-11-02,18,6,Вс,2025-11,Автор 05,890bd079,41,1,1,1,2
Nexora,7198266c,2025-11-03 16:00:00+03:00,2025-11-03,16,0,Пн,2025-11,Автор 09,ea54eae8,34,4,200,0,200
manifests,1b978259,2025-11-07 23:06:29+03:00,2025-11-07,23,4,Пт,2025-11,Автор 08,a4e888be,63,9,611,0,611
Nexora,8ec06d95,2025-11-08 14:00:00+03:00,2025-11-08,14,5,Сб,2025-11,Автор 19,d394f02d,59,7,441,0,441
Nexora,4e91f49b,2025-11-10 15:00:00+03:00,2025-11-10,15,0,Пн,2025-11,Автор 09,ea54eae8,34,1,120,0,120
manifests,d4148001,2025-11-13 14:51:16+03:00,2025-11-13,14,3,Чт,2025-11,Автор 05,890bd079,42,1,5,1,6
manifests,79b0ab96,2025-11-13 14:52:16+03:00,2025-11-13,14,3,Чт,2025-11,Автор 05,890bd079,66,1,1,0,1
manifests,a5467e3c,2025-11-13 14:53:30+03:00,2025-11-13,14,3,Чт,2025-11,Автор 05,890bd079,70,1,3,0,3
manifests,099b792a,2025-11-13 15:03:15+03:00,2025-11-13,15,3,Чт,2025-11,Автор 05,890bd079,47,1,10,0,10
manifests,f415a0c3,2025-11-13 15:04:56+03:00,2025-11-13,15,3,Чт,2025-11,Автор 05,890bd079,45,1,4,0,4
manifests,b170721b,2025-11-13 15:19:59+03:00,2025-11-13,15,3,Чт,2025-11,Автор 05,890bd079,48,1,4,4,8
manifests,75ac3008,2025-11-13 15:20:21+03:00,2025-11-13,15,3,Чт,2025-11,Автор 05,890bd079,52,1,1,1,2
manifests,af9958be,2025-11-13 15:21:52+03:00,2025-11-13,15,3,Чт,2025-11,Автор 05,890bd079,48,1,5,6,11
manifests,f861a810,2025-11-13 15:22:29+03:00,2025-11-13,15,3,Чт,2025-11,Автор 05,890bd079,44,1,1,1,2
manifests,752fb066,2025-11-13 15:26:31+03:00,2025-11-13,15,3,Чт,2025-11,Автор 05,890bd079,47,1,4,0,4
manifests,fc4dad31,2025-11-13 15:30:07+03:00,2025-11-13,15,3,Чт,2025-11,Автор 05,890bd079,51,1,2,9,11
manifests,e75756f9,2025-11-13 15:31:49+03:00,2025-11-13,15,3,Чт,2025-11,Автор 05,890bd079,51,1,3,0,3
manifests,c8c1016d,2025-11-13 15:34:41+03:00,2025-11-13,15,3,Чт,2025-11,Автор 05,890bd079,37,1,0,6,6
manifests,95af67c7,2025-11-13 15:42:13+03:00,2025-11-13,15,3,Чт,2025-11,Автор 05,890bd079,38,1,2,0,2
manifests,dfbf135e,2025-11-13 15:54:02+03:00,2025-11-13,15,3,Чт,2025-11,Автор 05,890bd079,48,1,6,0,6
manifests,9b6f5092,2025-11-13 15:54:52+03:00,2025-11-13,15,3,Чт,2025-11,Автор 05,890bd079,55,1,2,2,4
manifests,5afb5478,2025-11-13 15:55:54+03:00,2025-11-13,15,3,Чт,2025-11,Автор 05,890bd079,50,1,3,3,6
Nexora,107d9e7d,2025-11-16 14:00:00+03:00,2025-11-16,14,6,Вс,2025-11,Автор 09,ea54eae8,37,1,142,0,142
Nexora,dccd4213,2025-11-22 16:00:00+03:00,2025-11-22,16,5,Сб,2025-11,Автор 09,ea54eae8,42,1,122,0,122
Nexora,73b74db6,2025-11-28 15:00:00+03:00,2025-11-28,15,4,Пт,2025-11,Автор 09,ea54eae8,34,6,586,0,586
Nexora,c3b06681,2025-11-30 14:00:00+03:00,2025-11-30,14,6,Вс,2025-11,Автор 09,ea54eae8,42,6,780,0,780
Nexora,3f85d245,2025-12-04 16:00:00+03:00,2025-12-04,16,3,Чт,2025-12,Автор 09,ea54eae8,54,6,1182,0,1182
Nexora,8d2dcea0,2025-12-05 15:00:00+03:00,2025-12-05,15,4,Пт,2025-12,Автор 23,e37d72d7,39,11,684,0,684
manifests,a6d79756,2025-12-06 18:05:22+03:00,2025-12-06,18,5,Сб,2025-12,Автор 01,631db03e,37,14,690,1,691
manifests,5991968d,2025-12-06 18:07:59+03:00,2025-12-06,18,5,Сб,2025-12,Автор 01,631db03e,41,1,2,2,4
manifests,d515af6d,2025-12-06 18:14:21+03:00,2025-12-06,18,5,Сб,2025-12,Автор 01,631db03e,58,1,2,4,6
manifests,8c740c7f,2025-12-06 18:19:57+03:00,2025-12-06,18,5,Сб,2025-12,Автор 01,631db03e,54,1,2,0,2
manifests,cc9eef73,2025-12-06 19:06:29+03:00,2025-12-06,19,5,Сб,2025-12,Автор 01,631db03e,54,1,0,5,5
manifests,66579af7,2025-12-06 23:23:39+03:00,2025-12-06,23,5,Сб,2025-12,Автор 01,631db03e,52,1,16,0,16
manifests,df7f8996,2025-12-06 23:41:26+03:00,2025-12-06,23,5,Сб,2025-12,Автор 01,631db03e,51,1,1,1,2
manifests,ffd0e527,2025-12-07 13:33:03+03:00,2025-12-07,13,6,Вс,2025-12,Автор 01,631db03e,49,2,2,1,3
Nexora,3f21534b,2025-12-09 15:00:00+03:00,2025-12-09,15,1,Вт,2025-12,Автор 09,ea54eae8,42,2,303,0,303
Nexora,de8a6e3d,2025-12-13 16:00:00+03:00,2025-12-13,16,5,Сб,2025-12,Автор 09,ea54eae8,39,12,1017,0,1017
Nexora,a78a13d3,2025-12-14 14:00:00+03:00,2025-12-14,14,6,Вс,2025-12,Автор 09,ea54eae8,50,4,199,0,199
nexora-frontend,ed8845cc,2025-12-15 01:32:21+03:00,2025-12-15,1,0,Пн,2025-12,Автор 01,631db03e,29,44,1666,0,1666
Nexora,9fcfe7b6,2025-12-17 16:00:00+03:00,2025-12-17,16,2,Ср,2025-12,Автор 23,e37d72d7,38,8,245,0,245
manifests,7e75bddd,2025-12-20 15:38:58+03:00,2025-12-20,15,5,Сб,2025-12,Автор 01,631db03e,64,2,6,37,43
manifests,9bfd8bac,2025-12-20 20:12:57+03:00,2025-12-20,20,5,Сб,2025-12,Автор 01,631db03e,49,3,165,0,165
manifests,61ed3e88,2025-12-20 20:22:22+03:00,2025-12-20,20,5,Сб,2025-12,Автор 01,631db03e,77,1,3,0,3
manifests,0bdbf323,2025-12-20 20:49:00+03:00,2025-12-20,20,5,Сб,2025-12,Автор 01,631db03e,47,3,1,33,34
manifests,df291aa0,2025-12-21 15:57:45+03:00,2025-12-21,15,6,Вс,2025-12,Автор 01,631db03e,46,1,38,0,38
manifests,3de06c6f,2025-12-21 16:03:35+03:00,2025-12-21,16,6,Вс,2025-12,Автор 01,631db03e,57,1,9,8,17
manifests,262d4bc2,2025-12-21 19:26:17+03:00,2025-12-21,19,6,Вс,2025-12,Автор 01,631db03e,68,6,2033,19,2052
manifests,51b34db5,2025-12-21 19:29:43+03:00,2025-12-21,19,6,Вс,2025-12,Автор 01,631db03e,53,2,2,2,4
manifests,8759e72d,2025-12-22 00:25:09+03:00,2025-12-22,0,0,Пн,2025-12,Автор 01,631db03e,42,1,1,0,1
manifests,c7ea8eaa,2025-12-25 01:43:47+03:00,2025-12-25,1,3,Чт,2025-12,Автор 01,631db03e,65,1,3,3,6
manifests,bb187628,2025-12-25 01:45:38+03:00,2025-12-25,1,3,Чт,2025-12,Автор 01,631db03e,57,1,1,4,5
manifests,049bddeb,2025-12-28 02:09:34+03:00,2025-12-28,2,6,Вс,2025-12,Автор 01,631db03e,69,1,6,2,8
manifests,b8579286,2025-12-28 19:39:45+03:00,2025-12-28,19,6,Вс,2025-12,Автор 01,631db03e,57,1,2,2,4
manifests,4432bbf5,2025-12-28 20:28:30+03:00,2025-12-28,20,6,Вс,2025-12,Автор 01,631db03e,49,1,1,0,1
manifests,ff9089dd,2025-12-28 20:34:14+03:00,2025-12-28,20,6,Вс,2025-12,Автор 01,631db03e,61,1,4,0,4
manifests,208c098b,2025-12-28 20:36:14+03:00,2025-12-28,20,6,Вс,2025-12,Автор 01,631db03e,56,1,4,4,8
manifests,6c6a2765,2025-12-28 22:28:28+03:00,2025-12-28,22,6,Вс,2025-12,Автор 01,631db03e,43,2,42,36,78
manifests,9049df5c,2025-12-28 22:33:15+03:00,2025-12-28,22,6,Вс,2025-12,Автор 01,631db03e,45,1,3,0,3
manifests,1832d5ac,2026-01-01 17:44:38+03:00,2026-01-01,17,3,Чт,2026-01,Автор 01,631db03e,49,4,184,1,185
manifests,a3e0bb52,2026-01-01 19:48:59+03:00,2026-01-01,19,3,Чт,2026-01,Автор 01,631db03e,53,2,24,49,73
manifests,58182ac9,2026-01-01 19:52:43+03:00,2026-01-01,19,3,Чт,2026-01,Автор 01,631db03e,44,1,1,1,2
manifests,8cfe7330,2026-01-01 19:57:47+03:00,2026-01-01,19,3,Чт,2026-01,Автор 01,631db03e,46,1,1,1,2
manifests,4c77c4d7,2026-01-02 01:13:53+03:00,2026-01-02,1,4,Пт,2026-01,Автор 01,631db03e,47,5,14,7,21
manifests,d734fe52,2026-01-02 23:16:42+03:00,2026-01-02,23,4,Пт,2026-01,Автор 01,631db03e,40,4,4,4,8
manifests,81232451,2026-01-02 23:28:48+03:00,2026-01-02,23,4,Пт,2026-01,Автор 01,631db03e,45,3,148,0,148
manifests,db8ee0a7,2026-01-04 01:40:53+03:00,2026-01-04,1,6,Вс,2026-01,Автор 01,631db03e,64,1,16,0,16
manifests,d4e6f18c,2026-01-04 12:24:37+03:00,2026-01-04,12,6,Вс,2026-01,Автор 01,631db03e,48,1,3,2,5
manifests,37211e20,2026-01-08 22:05:29+03:00,2026-01-08,22,3,Чт,2026-01,Автор 01,631db03e,55,1,5,0,5
manifests,fdb0dfc8,2026-01-11 00:38:42+03:00,2026-01-11,0,6,Вс,2026-01,Автор 01,631db03e,44,1,1,1,2
manifests,39b7199f,2026-01-11 00:40:17+03:00,2026-01-11,0,6,Вс,2026-01,Автор 01,631db03e,44,1,1,1,2
hydrocalc,59590555,2026-01-13 11:05:31+03:00,2026-01-13,11,1,Вт,2026-01,Автор 26,c2db3fff,23,14,196,0,196
manifests,34b1c038,2026-01-17 18:54:56+03:00,2026-01-17,18,5,Сб,2026-01,Автор 01,631db03e,74,6,6,6,12
manifests,2ed67278,2026-01-17 18:56:46+03:00,2026-01-17,18,5,Сб,2026-01,Автор 01,631db03e,65,4,0,571,571
manifests,c2b6c457,2026-01-17 18:59:49+03:00,2026-01-17,18,5,Сб,2026-01,Автор 01,631db03e,58,2,2,2,4
manifests,da89e468,2026-01-17 19:22:15+03:00,2026-01-17,19,5,Сб,2026-01,Автор 01,631db03e,64,1,7,0,7
manifests,3cebab75,2026-01-21 00:13:09+03:00,2026-01-21,0,2,Ср,2026-01,Автор 09,ea54eae8,62,6,106,0,106
manifests,560d9de7,2026-01-21 00:16:42+03:00,2026-01-21,0,2,Ср,2026-01,Автор 09,ea54eae8,44,1,2,0,2
manifests,3d77655b,2026-01-21 00:20:03+03:00,2026-01-21,0,2,Ср,2026-01,Автор 09,ea54eae8,41,1,7,0,7
manifests,d8395279,2026-01-21 00:21:17+03:00,2026-01-21,0,2,Ср,2026-01,Автор 09,ea54eae8,51,1,0,9,9
manifests,93becc9d,2026-01-21 16:57:05+03:00,2026-01-21,16,2,Ср,2026-01,Автор 09,ea54eae8,62,1,3,0,3
manifests,898ad00e,2026-01-21 18:38:07+03:00,2026-01-21,18,2,Ср,2026-01,Автор 09,ea54eae8,42,1,1,1,2
manifests,a7c82def,2026-01-22 11:30:05+03:00,2026-01-22,11,3,Чт,2026-01,Автор 11,f3c1da29,59,12,332,0,332
manifests,63b950e0,2026-01-22 11:31:22+03:00,2026-01-22,11,3,Чт,2026-01,Автор 11,f3c1da29,71,1,17,0,17
hydrocalc,e5150845,2026-01-22 11:32:35+03:00,2026-01-22,11,3,Чт,2026-01,Автор 11,f3c1da29,48,21,616,2,618
hydrocalc,659a1108,2026-01-22 11:35:27+03:00,2026-01-22,11,3,Чт,2026-01,Автор 11,f3c1da29,45,2,2,1,3
manifests,7e0011f9,2026-01-22 11:50:21+03:00,2026-01-22,11,3,Чт,2026-01,Автор 11,f3c1da29,40,1,1,1,2
manifests,3c30aa7d,2026-01-22 11:53:57+03:00,2026-01-22,11,3,Чт,2026-01,Автор 11,f3c1da29,56,1,10,0,10
hydrocalc,e8551cfc,2026-01-22 12:22:15+03:00,2026-01-22,12,3,Чт,2026-01,Автор 20,9108a7b6,47,3,39,23,62
manifests,36b947ba,2026-01-22 12:23:27+03:00,2026-01-22,12,3,Чт,2026-01,Автор 09,ea54eae8,57,1,1,1,2
manifests,99cac1a3,2026-01-22 12:45:58+03:00,2026-01-22,12,3,Чт,2026-01,Автор 09,ea54eae8,45,2,3,4,7
hydrocalc,86803d13,2026-01-22 12:46:16+03:00,2026-01-22,12,3,Чт,2026-01,Автор 11,f3c1da29,47,3,148,4,152
hydrocalc,c52f70f6,2026-01-22 12:47:26+03:00,2026-01-22,12,3,Чт,2026-01,Автор 11,f3c1da29,47,1,7,8,15
hydrocalc,d73f8502,2026-01-22 12:48:17+03:00,2026-01-22,12,3,Чт,2026-01,Автор 11,f3c1da29,43,1,13,1,14
hydrocalc,fa0ae929,2026-01-22 13:17:25+03:00,2026-01-22,13,3,Чт,2026-01,Автор 11,f3c1da29,40,3,0,268,268
manifests,a0dd772b,2026-01-22 13:45:08+03:00,2026-01-22,13,3,Чт,2026-01,Автор 09,ea54eae8,31,1,1,1,2
hydrocalc,2945e97f,2026-01-22 14:14:55+03:00,2026-01-22,14,3,Чт,2026-01,Автор 20,9108a7b6,40,1,1,0,1
manifests,8c00f3bc,2026-01-22 14:31:11+03:00,2026-01-22,14,3,Чт,2026-01,Автор 09,ea54eae8,63,2,12,0,12
hydrocalc,00bd2341,2026-01-22 14:33:08+03:00,2026-01-22,14,3,Чт,2026-01,Автор 11,f3c1da29,65,2,17,4,21
hydrocalc,6e22a80f,2026-01-22 14:36:58+03:00,2026-01-22,14,3,Чт,2026-01,Автор 21,c5095cdc,59,1,4,4,8
hydrocalc,b6a07b68,2026-01-22 17:14:36+03:00,2026-01-22,17,3,Чт,2026-01,Автор 11,f3c1da29,40,1,7,0,7
hydrocalc,60299219,2026-01-22 17:16:20+03:00,2026-01-22,17,3,Чт,2026-01,Автор 11,f3c1da29,55,1,1,2,3
manifests,10ccc8da,2026-01-28 23:17:39+03:00,2026-01-28,23,2,Ср,2026-01,Автор 01,631db03e,58,1,84,0,84
manifests,aa2ba082,2026-02-06 00:43:30+03:00,2026-02-06,0,4,Пт,2026-02,Автор 01,631db03e,37,2,159,0,159
manifests,bdd7a970,2026-02-06 00:44:15+03:00,2026-02-06,0,4,Пт,2026-02,Автор 01,631db03e,45,1,0,158,158
manifests,0cb1a617,2026-02-06 11:36:02+03:00,2026-02-06,11,4,Пт,2026-02,Автор 01,631db03e,55,1,1,1,2
manifests,9272746b,2026-02-06 11:51:08+03:00,2026-02-06,11,4,Пт,2026-02,Автор 01,631db03e,53,3,305,0,305
manifests,18970e7c,2026-02-06 11:52:52+03:00,2026-02-06,11,4,Пт,2026-02,Автор 01,631db03e,66,1,0,1,1
manifests,45f20174,2026-02-06 12:06:14+03:00,2026-02-06,12,4,Пт,2026-02,Автор 01,631db03e,51,1,1,1,2
manifests,da272677,2026-02-06 13:59:42+03:00,2026-02-06,13,4,Пт,2026-02,Автор 01,631db03e,60,1,29,30,59
manifests,4bd4d63b,2026-02-06 15:28:44+03:00,2026-02-06,15,4,Пт,2026-02,Автор 01,631db03e,64,1,279,84,363
manifests,179c528e,2026-02-06 15:29:09+03:00,2026-02-06,15,4,Пт,2026-02,Автор 01,631db03e,70,1,1,2,3
manifests,6902e85c,2026-02-06 15:37:23+03:00,2026-02-06,15,4,Пт,2026-02,Автор 01,631db03e,66,1,1,2,3
manifests,a4bb60fe,2026-02-06 15:41:09+03:00,2026-02-06,15,4,Пт,2026-02,Автор 01,631db03e,56,3,13,25,38
manifests,37e89201,2026-02-06 15:53:57+03:00,2026-02-06,15,4,Пт,2026-02,Автор 01,631db03e,47,1,1,1,2
manifests,58f152af,2026-02-07 16:09:07+03:00,2026-02-07,16,5,Сб,2026-02,Автор 01,631db03e,47,1,1,1,2
manifests,3e3aea46,2026-02-07 16:16:56+03:00,2026-02-07,16,5,Сб,2026-02,Автор 01,631db03e,54,2,2,2,4
manifests,37ab69d7,2026-02-07 19:03:14+03:00,2026-02-07,19,5,Сб,2026-02,Автор 01,631db03e,45,1,0,12,12
manifests,1c710d7d,2026-02-07 19:05:06+03:00,2026-02-07,19,5,Сб,2026-02,Автор 01,631db03e,54,1,12,0,12
manifests,16c55f8d,2026-02-21 15:21:10+03:00,2026-02-21,15,5,Сб,2026-02,Автор 17,8d77d37e,35,1,1,1,2
manifests,1ed26f1a,2026-02-21 15:28:05+03:00,2026-02-21,15,5,Сб,2026-02,Автор 17,8d77d37e,35,1,1,1,2
manifests,b1ab8038,2026-02-22 23:43:39+03:00,2026-02-22,23,6,Вс,2026-02,Автор 09,ea54eae8,44,1,1,1,2
manifests,bd9170a1,2026-02-23 11:59:06+03:00,2026-02-23,11,0,Пн,2026-02,Автор 01,631db03e,58,1,1,1,2
manifests,5510f9fb,2026-02-23 12:02:01+03:00,2026-02-23,12,0,Пн,2026-02,Автор 01,631db03e,57,1,7,1,8
manifests,b027ceee,2026-02-23 12:02:58+03:00,2026-02-23,12,0,Пн,2026-02,Автор 01,631db03e,66,1,1,7,8
manifests,ec06b8a9,2026-02-23 12:08:26+03:00,2026-02-23,12,0,Пн,2026-02,Автор 01,631db03e,67,1,7,1,8
manifests,1e77bec3,2026-02-23 12:09:26+03:00,2026-02-23,12,0,Пн,2026-02,Автор 01,631db03e,76,1,1,7,8
manifests,97a87626,2026-02-23 12:09:34+03:00,2026-02-23,12,0,Пн,2026-02,Автор 01,631db03e,65,1,1,1,2
manifests,eae03aed,2026-02-23 13:17:00+03:00,2026-02-23,13,0,Пн,2026-02,Автор 09,ea54eae8,59,1,2,0,2
manifests,3ff4f59c,2026-02-23 13:34:47+03:00,2026-02-23,13,0,Пн,2026-02,Автор 09,ea54eae8,68,1,4,6,10
Nexora,47ef776c,2026-02-23 14:14:54+03:00,2026-02-23,14,0,Пн,2026-02,Автор 25,c01dab76,58,1,4,2,6
manifests,12e0dece,2026-02-23 18:37:40+03:00,2026-02-23,18,0,Пн,2026-02,Автор 01,631db03e,75,16,30,84,114
manifests,a18407d3,2026-02-23 18:38:55+03:00,2026-02-23,18,0,Пн,2026-02,Автор 01,631db03e,57,1,29,0,29
manifests,89a40caa,2026-02-23 18:40:49+03:00,2026-02-23,18,0,Пн,2026-02,Автор 01,631db03e,75,1,3,3,6
manifests,aaa32c82,2026-02-23 18:43:10+03:00,2026-02-23,18,0,Пн,2026-02,Автор 01,631db03e,81,5,5,5,10
manifests,d771f3ad,2026-02-23 18:56:51+03:00,2026-02-23,18,0,Пн,2026-02,Автор 01,631db03e,75,1,13,1,14
manifests,89b0ced1,2026-02-23 18:57:26+03:00,2026-02-23,18,0,Пн,2026-02,Автор 01,631db03e,48,3,33,2,35
manifests,755e0db6,2026-02-23 19:07:39+03:00,2026-02-23,19,0,Пн,2026-02,Автор 01,631db03e,57,1,6,18,24
manifests,42b43a0f,2026-02-23 19:23:01+03:00,2026-02-23,19,0,Пн,2026-02,Автор 01,631db03e,56,2,230,4,234
manifests,3f496c10,2026-02-23 19:45:25+03:00,2026-02-23,19,0,Пн,2026-02,Автор 01,631db03e,64,201,221,5756,5977
manifests,aeaf2bfe,2026-02-23 20:25:48+03:00,2026-02-23,20,0,Пн,2026-02,Автор 01,631db03e,49,1,2,2,4
manifests,1663d2c3,2026-02-23 23:38:38+03:00,2026-02-23,23,0,Пн,2026-02,Автор 01,631db03e,56,1,0,10,10
manifests,b1b30f66,2026-02-24 11:29:11+03:00,2026-02-24,11,1,Вт,2026-02,Автор 01,631db03e,67,6,6,6,12
manifests,9f3e3a07,2026-02-24 15:23:56+03:00,2026-02-24,15,1,Вт,2026-02,Автор 01,631db03e,75,7,0,53,53
manifests,ff326562,2026-02-25 15:38:43+03:00,2026-02-25,15,2,Ср,2026-02,Автор 01,631db03e,63,5,70,2,72
manifests,e6fc4245,2026-02-25 16:04:55+03:00,2026-02-25,16,2,Ср,2026-02,Автор 01,631db03e,67,1,4,0,4
manifests,baf794df,2026-02-25 16:06:40+03:00,2026-02-25,16,2,Ср,2026-02,Автор 01,631db03e,55,1,9,4,13
manifests,56919d73,2026-02-25 17:49:27+03:00,2026-02-25,17,2,Ср,2026-02,Автор 01,631db03e,47,4,4,4,8
manifests,9700db24,2026-02-25 18:54:39+03:00,2026-02-25,18,2,Ср,2026-02,Автор 01,631db03e,61,189,5360,93,5453
manifests,dae90743,2026-02-25 19:07:13+03:00,2026-02-25,19,2,Ср,2026-02,Автор 01,631db03e,72,40,1835,28,1863
manifests,5da2167e,2026-02-25 19:20:07+03:00,2026-02-25,19,2,Ср,2026-02,Автор 01,631db03e,66,3,15,6,21
manifests,fb3aba6a,2026-02-25 19:22:49+03:00,2026-02-25,19,2,Ср,2026-02,Автор 01,631db03e,63,1,1,1,2
manifests,5347ab1e,2026-02-25 23:37:11+03:00,2026-02-25,23,2,Ср,2026-02,Автор 01,631db03e,78,9,71,5,76
manifests,dc2fd891,2026-02-26 00:22:10+03:00,2026-02-26,0,3,Чт,2026-02,Автор 01,631db03e,72,1,1,2,3
manifests,000119d0,2026-02-26 00:52:09+03:00,2026-02-26,0,3,Чт,2026-02,Автор 01,631db03e,68,2,3,1,4
manifests,78595874,2026-02-26 00:58:50+03:00,2026-02-26,0,3,Чт,2026-02,Автор 01,631db03e,51,1,1,1,2
manifests,6286aadd,2026-02-26 01:02:41+03:00,2026-02-26,1,3,Чт,2026-02,Автор 01,631db03e,44,1,1,0,1
manifests,8cd8ae56,2026-02-26 01:08:22+03:00,2026-02-26,1,3,Чт,2026-02,Автор 01,631db03e,50,1,1,1,2
manifests,c7077cf2,2026-02-26 01:15:22+03:00,2026-02-26,1,3,Чт,2026-02,Автор 01,631db03e,60,2,2,2,4
manifests,0d53e18d,2026-02-26 02:25:58+03:00,2026-02-26,2,3,Чт,2026-02,Автор 01,631db03e,60,1,1,1,2
manifests,0bf6b06e,2026-02-26 02:51:43+03:00,2026-02-26,2,3,Чт,2026-02,Автор 01,631db03e,60,8,184,0,184
manifests,31fc4392,2026-02-26 10:35:58+03:00,2026-02-26,10,3,Чт,2026-02,Автор 01,631db03e,68,1,1,1,2
manifests,1ac1a069,2026-02-26 11:04:42+03:00,2026-02-26,11,3,Чт,2026-02,Автор 01,631db03e,55,2,5,1,6
manifests,72e2860f,2026-02-26 11:12:50+03:00,2026-02-26,11,3,Чт,2026-02,Автор 01,631db03e,73,3,2,44,46
manifests,51117cc6,2026-02-26 11:18:58+03:00,2026-02-26,11,3,Чт,2026-02,Автор 01,631db03e,66,3,3,3,6
manifests,27d84197,2026-02-26 11:39:49+03:00,2026-02-26,11,3,Чт,2026-02,Автор 01,631db03e,55,1,1,1,2
manifests,65f7533f,2026-02-26 12:30:22+03:00,2026-02-26,12,3,Чт,2026-02,Автор 01,631db03e,63,1,11,3,14
manifests,eee7b492,2026-02-26 12:58:42+03:00,2026-02-26,12,3,Чт,2026-02,Автор 01,631db03e,65,1,1,1,2
manifests,9cab5975,2026-02-26 20:25:26+03:00,2026-02-26,20,3,Чт,2026-02,Автор 01,631db03e,51,2,7,12,19
manifests,e227ccaa,2026-02-26 20:43:57+03:00,2026-02-26,20,3,Чт,2026-02,Автор 01,631db03e,91,10,92,7,99
manifests,d86041d5,2026-02-26 21:46:23+03:00,2026-02-26,21,3,Чт,2026-02,Автор 01,631db03e,70,2,9,1,10
manifests,bf32bd92,2026-02-26 21:47:40+03:00,2026-02-26,21,3,Чт,2026-02,Автор 01,631db03e,84,2,8,65,73
manifests,62a77729,2026-02-26 21:57:22+03:00,2026-02-26,21,3,Чт,2026-02,Автор 01,631db03e,65,2,6,3,9
manifests,76f595ad,2026-02-27 19:18:59+03:00,2026-02-27,19,4,Пт,2026-02,Автор 01,631db03e,74,1,2,2,4
manifests,c414a292,2026-02-27 20:08:53+03:00,2026-02-27,20,4,Пт,2026-02,Автор 01,631db03e,69,16,91,15,106
manifests,154a17c5,2026-02-27 20:20:43+03:00,2026-02-27,20,4,Пт,2026-02,Автор 01,631db03e,69,1,2,2,4
manifests,293a031a,2026-02-27 21:42:16+03:00,2026-02-27,21,4,Пт,2026-02,Автор 01,631db03e,54,1,2,2,4
manifests,ebae7123,2026-02-27 22:57:41+03:00,2026-02-27,22,4,Пт,2026-02,Автор 01,631db03e,69,17,127,21,148
manifests,2d27ec56,2026-02-28 01:03:54+03:00,2026-02-28,1,5,Сб,2026-02,Автор 01,631db03e,43,1,3,3,6
manifests,84453eab,2026-02-28 01:10:37+03:00,2026-02-28,1,5,Сб,2026-02,Автор 01,631db03e,41,1,2,2,4
manifests,4f8122ed,2026-02-28 01:19:02+03:00,2026-02-28,1,5,Сб,2026-02,Автор 01,631db03e,53,1,18,0,18
manifests,e362cee2,2026-02-28 01:23:08+03:00,2026-02-28,1,5,Сб,2026-02,Автор 01,631db03e,60,1,3,3,6
manifests,1acef98f,2026-02-28 12:34:31+03:00,2026-02-28,12,5,Сб,2026-02,Автор 01,631db03e,58,2,87,3,90
manifests,059548d1,2026-02-28 12:37:54+03:00,2026-02-28,12,5,Сб,2026-02,Автор 01,631db03e,60,2,57,84,141
manifests,6a1275b9,2026-02-28 12:40:16+03:00,2026-02-28,12,5,Сб,2026-02,Автор 01,631db03e,52,1,18,0,18
manifests,3d76acb6,2026-02-28 12:45:22+03:00,2026-02-28,12,5,Сб,2026-02,Автор 01,631db03e,57,1,1,1,2
manifests,b0e84286,2026-02-28 13:06:33+03:00,2026-02-28,13,5,Сб,2026-02,Автор 01,631db03e,86,7,14,0,14
manifests,4cf89fc3,2026-02-28 15:26:33+03:00,2026-02-28,15,5,Сб,2026-02,Автор 01,631db03e,46,1,1,1,2
manifests,6229f8fa,2026-03-01 12:33:45+03:00,2026-03-01,12,6,Вс,2026-03,Автор 01,631db03e,105,3,29,24,53
manifests,78791a4c,2026-03-01 12:35:59+03:00,2026-03-01,12,6,Вс,2026-03,Автор 01,631db03e,64,1,0,6,6
manifests,3a469299,2026-03-02 01:42:24+03:00,2026-03-02,1,0,Пн,2026-03,Автор 01,631db03e,84,20,38,100,138
manifests,5e8a2131,2026-03-02 12:58:04+03:00,2026-03-02,12,0,Пн,2026-03,Автор 01,631db03e,72,2,5,0,5
nexora-frontend,c94cba17,2026-03-02 14:28:23+03:00,2026-03-02,14,0,Пн,2026-03,Автор 09,ea54eae8,61,50,8209,243,8452
manifests,204be401,2026-03-02 17:42:25+03:00,2026-03-02,17,0,Пн,2026-03,Автор 08,a4e888be,55,3,3,0,3
manifests,6ff6ccd5,2026-03-02 18:01:18+03:00,2026-03-02,18,0,Пн,2026-03,Автор 08,a4e888be,74,1,1,1,2
manifests,b9d575a4,2026-03-02 18:11:12+03:00,2026-03-02,18,0,Пн,2026-03,Автор 08,a4e888be,61,1,4,0,4
manifests,42179a1a,2026-03-02 18:28:35+03:00,2026-03-02,18,0,Пн,2026-03,Автор 08,a4e888be,75,4,1,8,9
manifests,3444a094,2026-03-02 18:35:18+03:00,2026-03-02,18,0,Пн,2026-03,Автор 01,631db03e,74,4,7,7,14
manifests,69cf9456,2026-03-02 18:38:33+03:00,2026-03-02,18,0,Пн,2026-03,Автор 01,631db03e,53,11,14,6,20
manifests,63a405f9,2026-03-02 18:50:22+03:00,2026-03-02,18,0,Пн,2026-03,Автор 01,631db03e,57,8,8,8,16
manifests,29e0ad80,2026-03-02 19:02:26+03:00,2026-03-02,19,0,Пн,2026-03,Автор 01,631db03e,66,8,8,8,16
manifests,3ddb714d,2026-03-04 19:28:05+03:00,2026-03-04,19,2,Ср,2026-03,Автор 01,631db03e,52,8,192,0,192
manifests,433957d4,2026-03-04 19:31:54+03:00,2026-03-04,19,2,Ср,2026-03,Автор 01,631db03e,69,1,1,1,2
manifests,3a551096,2026-03-04 20:17:44+03:00,2026-03-04,20,2,Ср,2026-03,Автор 01,631db03e,65,1,2,2,4
manifests,2452d55b,2026-03-05 00:00:58+03:00,2026-03-05,0,3,Чт,2026-03,Автор 08,a4e888be,53,1,2,0,2
manifests,3ac88fb3,2026-03-09 15:23:50+03:00,2026-03-09,15,0,Пн,2026-03,Автор 04,f843be85,84,1,1,1,2
manifests,faeab4c5,2026-03-09 15:27:10+03:00,2026-03-09,15,0,Пн,2026-03,Автор 04,f843be85,84,1,1,1,2
manifests,4c1e5b05,2026-03-09 15:30:56+03:00,2026-03-09,15,0,Пн,2026-03,Автор 04,f843be85,84,1,1,1,2
manifests,a2b13b11,2026-03-09 15:53:09+03:00,2026-03-09,15,0,Пн,2026-03,Автор 17,8d77d37e,30,1,1,1,2
manifests,a5103856,2026-03-09 15:53:55+03:00,2026-03-09,15,0,Пн,2026-03,Автор 17,8d77d37e,28,1,1,1,2
manifests,cef4fc0d,2026-03-09 15:56:58+03:00,2026-03-09,15,0,Пн,2026-03,Автор 17,8d77d37e,29,1,1,1,2
manifests,fb1c60c6,2026-03-09 15:57:05+03:00,2026-03-09,15,0,Пн,2026-03,Автор 17,8d77d37e,29,1,1,1,2
manifests,a0bba826,2026-03-09 15:57:12+03:00,2026-03-09,15,0,Пн,2026-03,Автор 17,8d77d37e,38,1,1,1,2
manifests,33170114,2026-03-09 15:57:20+03:00,2026-03-09,15,0,Пн,2026-03,Автор 17,8d77d37e,36,1,1,1,2
manifests,a7198c0a,2026-03-09 15:57:29+03:00,2026-03-09,15,0,Пн,2026-03,Автор 17,8d77d37e,30,1,1,1,2
manifests,f878f505,2026-03-09 15:57:30+03:00,2026-03-09,15,0,Пн,2026-03,Автор 17,8d77d37e,30,1,1,1,2
manifests,f6aaf787,2026-03-09 15:57:48+03:00,2026-03-09,15,0,Пн,2026-03,Автор 17,8d77d37e,37,1,1,1,2
manifests,42562f8f,2026-03-09 15:57:54+03:00,2026-03-09,15,0,Пн,2026-03,Автор 17,8d77d37e,30,1,1,1,2
manifests,9df62c88,2026-03-09 15:58:11+03:00,2026-03-09,15,0,Пн,2026-03,Автор 17,8d77d37e,35,1,1,1,2
manifests,be63afa8,2026-03-09 15:58:51+03:00,2026-03-09,15,0,Пн,2026-03,Автор 04,f843be85,90,1,1,1,2
manifests,646c0e23,2026-03-09 15:58:57+03:00,2026-03-09,15,0,Пн,2026-03,Автор 04,f843be85,84,1,1,1,2
manifests,8410d73d,2026-03-09 15:59:09+03:00,2026-03-09,15,0,Пн,2026-03,Автор 04,f843be85,85,1,1,1,2
manifests,acc077f5,2026-03-09 15:59:19+03:00,2026-03-09,15,0,Пн,2026-03,Автор 04,f843be85,92,1,1,1,2
manifests,0a805e92,2026-03-09 15:59:23+03:00,2026-03-09,15,0,Пн,2026-03,Автор 04,f843be85,86,1,1,1,2
manifests,6536b4e9,2026-03-09 16:08:52+03:00,2026-03-09,16,0,Пн,2026-03,Автор 01,631db03e,56,1,1,1,2
manifests,f027c238,2026-03-09 16:09:34+03:00,2026-03-09,16,0,Пн,2026-03,Автор 01,631db03e,55,12,12,12,24
manifests,99aea13a,2026-03-09 22:20:37+03:00,2026-03-09,22,0,Пн,2026-03,Автор 08,a4e888be,43,2,2,2,4
manifests,6f1b9014,2026-03-10 06:18:26+03:00,2026-03-10,6,1,Вт,2026-03,Автор 08,a4e888be,61,2,4,0,4
manifests,c24d2b04,2026-03-10 06:56:36+03:00,2026-03-10,6,1,Вт,2026-03,Автор 08,a4e888be,55,2,2,0,2
manifests,f081fe1a,2026-03-10 10:23:46+03:00,2026-03-10,10,1,Вт,2026-03,Автор 17,8d77d37e,30,1,1,1,2
manifests,bb058c2e,2026-03-10 12:22:41+03:00,2026-03-10,12,1,Вт,2026-03,Автор 01,631db03e,68,2,6,0,6
manifests,a38af5ad,2026-03-10 12:24:13+03:00,2026-03-10,12,1,Вт,2026-03,Автор 17,8d77d37e,30,1,1,1,2
manifests,5f9b4591,2026-03-10 14:43:03+03:00,2026-03-10,14,1,Вт,2026-03,Автор 04,f843be85,90,1,1,1,2
manifests,0706cac0,2026-03-10 15:09:24+03:00,2026-03-10,15,1,Вт,2026-03,Автор 17,8d77d37e,30,1,1,1,2
manifests,6923f315,2026-03-10 15:11:25+03:00,2026-03-10,15,1,Вт,2026-03,Автор 01,631db03e,71,1,1,1,2
manifests,d8861134,2026-03-10 15:49:14+03:00,2026-03-10,15,1,Вт,2026-03,Автор 04,f843be85,90,1,1,1,2
manifests,db2c909d,2026-03-10 15:55:18+03:00,2026-03-10,15,1,Вт,2026-03,Автор 04,f843be85,90,1,1,1,2
manifests,f8928683,2026-03-10 16:00:44+03:00,2026-03-10,16,1,Вт,2026-03,Автор 01,631db03e,47,1,1,1,2
manifests,6a64843d,2026-03-10 16:23:08+03:00,2026-03-10,16,1,Вт,2026-03,Автор 04,f843be85,90,1,1,1,2
manifests,bd2ecfb1,2026-03-10 16:26:32+03:00,2026-03-10,16,1,Вт,2026-03,Автор 04,f843be85,90,1,1,1,2
nexora-frontend,7ffa8016,2026-03-12 15:35:48+03:00,2026-03-12,15,3,Чт,2026-03,Автор 09,ea54eae8,54,19,542,167,709
manifests,3809ed05,2026-03-15 23:39:26+03:00,2026-03-15,23,6,Вс,2026-03,Автор 01,631db03e,43,2,95,0,95
manifests,56019009,2026-03-15 23:42:05+03:00,2026-03-15,23,6,Вс,2026-03,Автор 01,631db03e,51,2,23,9,32
manifests,6a6427d2,2026-03-15 23:42:58+03:00,2026-03-15,23,6,Вс,2026-03,Автор 01,631db03e,52,1,9,0,9
manifests,505e13db,2026-03-15 23:43:59+03:00,2026-03-15,23,6,Вс,2026-03,Автор 01,631db03e,62,1,0,6,6
manifests,84698a90,2026-03-20 14:36:10+03:00,2026-03-20,14,4,Пт,2026-03,Автор 08,a4e888be,37,1,2,2,4
manifests,b79689a1,2026-03-23 21:20:12+03:00,2026-03-23,21,0,Пн,2026-03,Автор 08,a4e888be,74,2,6,0,6
manifests,39a583f6,2026-03-26 15:52:12+03:00,2026-03-26,15,3,Чт,2026-03,Автор 01,631db03e,78,1,12,1,13
manifests,e1f5981c,2026-03-26 18:51:39+03:00,2026-03-26,18,3,Чт,2026-03,Автор 01,631db03e,61,2,232,0,232
manifests,bf9310ed,2026-03-29 00:01:29+03:00,2026-03-29,0,6,Вс,2026-03,Автор 01,631db03e,44,4,97,0,97
manifests,9f2e6ff8,2026-03-29 11:54:29+03:00,2026-03-29,11,6,Вс,2026-03,Автор 01,631db03e,79,8,114,1,115
manifests,3abd16a4,2026-03-29 11:54:43+03:00,2026-03-29,11,6,Вс,2026-03,Автор 01,631db03e,43,1,1,1,2
manifests,8eeda097,2026-03-29 12:10:55+03:00,2026-03-29,12,6,Вс,2026-03,Автор 01,631db03e,52,1,10,0,10
manifests,ed98038b,2026-03-29 12:12:07+03:00,2026-03-29,12,6,Вс,2026-03,Автор 01,631db03e,70,1,8,8,16
manifests,0b1613a5,2026-03-29 13:42:42+03:00,2026-03-29,13,6,Вс,2026-03,Автор 01,631db03e,33,1,1,1,2
manifests,96011335,2026-03-29 15:57:03+03:00,2026-03-29,15,6,Вс,2026-03,Автор 01,631db03e,33,1,1,1,2
manifests,3db3de60,2026-03-29 16:12:09+03:00,2026-03-29,16,6,Вс,2026-03,Автор 01,631db03e,33,1,1,1,2
manifests,acaf70dd,2026-03-29 21:44:43+03:00,2026-03-29,21,6,Вс,2026-03,Автор 01,631db03e,33,1,1,1,2
manifests,11102796,2026-03-29 23:15:21+03:00,2026-03-29,23,6,Вс,2026-03,Автор 01,631db03e,33,1,1,1,2
manifests,2e8b8290,2026-03-30 16:59:37+03:00,2026-03-30,16,0,Пн,2026-03,Автор 01,631db03e,33,1,1,1,2
manifests,f9ae75f1,2026-04-03 15:09:39+03:00,2026-04-03,15,4,Пт,2026-04,Автор 01,631db03e,33,1,1,1,2
manifests,be05bdd2,2026-04-03 16:48:10+03:00,2026-04-03,16,4,Пт,2026-04,Автор 01,631db03e,33,1,1,1,2
manifests,fb9eb0cf,2026-04-04 00:04:05+03:00,2026-04-04,0,5,Сб,2026-04,Автор 08,a4e888be,57,2,2,2,4
manifests,c6336c89,2026-04-04 01:20:28+03:00,2026-04-04,1,5,Сб,2026-04,Автор 08,a4e888be,66,2,2,2,4
manifests,9736a095,2026-04-05 18:16:26+03:00,2026-04-05,18,6,Вс,2026-04,Автор 01,631db03e,33,1,1,1,2
manifests,fd3b6761,2026-04-05 21:45:54+03:00,2026-04-05,21,6,Вс,2026-04,Автор 08,a4e888be,54,3,5,5,10
manifests,31cc853c,2026-04-06 22:13:38+03:00,2026-04-06,22,0,Пн,2026-04,Автор 08,a4e888be,59,1,2,0,2
manifests,ae5bc42f,2026-04-07 11:08:22+03:00,2026-04-07,11,1,Вт,2026-04,Автор 01,631db03e,51,9,9,9,18
manifests,a855bf5e,2026-04-08 23:04:41+03:00,2026-04-08,23,2,Ср,2026-04,Автор 01,631db03e,62,3,19,1,20
manifests,964a93a9,2026-04-08 23:06:40+03:00,2026-04-08,23,2,Ср,2026-04,Автор 01,631db03e,54,1,1,1,2
manifests,6da71406,2026-04-09 00:18:01+03:00,2026-04-09,0,3,Чт,2026-04,Автор 04,f843be85,61,1,1,1,2
manifests,35e779a6,2026-04-09 00:58:27+03:00,2026-04-09,0,3,Чт,2026-04,Автор 01,631db03e,55,1,3,1,4
manifests,2b41d482,2026-04-09 00:58:40+03:00,2026-04-09,0,3,Чт,2026-04,Автор 04,f843be85,84,1,1,1,2
manifests,01a13d83,2026-04-09 01:10:59+03:00,2026-04-09,1,3,Чт,2026-04,Автор 01,631db03e,73,1,1,1,2
manifests,9d561ba7,2026-04-09 01:40:50+03:00,2026-04-09,1,3,Чт,2026-04,Автор 02,b8b80a1e,31,1,1,1,2
manifests,bcb98fe3,2026-04-09 01:41:01+03:00,2026-04-09,1,3,Чт,2026-04,Автор 02,b8b80a1e,31,1,1,1,2
manifests,3f093b4a,2026-04-09 01:41:44+03:00,2026-04-09,1,3,Чт,2026-04,Автор 01,631db03e,68,2,19,1,20
manifests,695b021c,2026-04-09 01:45:22+03:00,2026-04-09,1,3,Чт,2026-04,Автор 02,b8b80a1e,31,1,1,1,2
manifests,23b11daf,2026-04-09 01:49:04+03:00,2026-04-09,1,3,Чт,2026-04,Автор 02,b8b80a1e,31,1,1,1,2
manifests,a99ee755,2026-04-09 01:56:58+03:00,2026-04-09,1,3,Чт,2026-04,Автор 02,b8b80a1e,31,1,1,1,2
manifests,1484f048,2026-04-09 10:23:15+03:00,2026-04-09,10,3,Чт,2026-04,Автор 02,b8b80a1e,30,1,1,1,2
manifests,ecd8dd74,2026-04-09 10:38:42+03:00,2026-04-09,10,3,Чт,2026-04,Автор 02,b8b80a1e,31,1,1,1,2
manifests,5ccee347,2026-04-09 10:38:55+03:00,2026-04-09,10,3,Чт,2026-04,Автор 02,b8b80a1e,30,1,1,1,2
manifests,def4ed60,2026-04-09 10:39:03+03:00,2026-04-09,10,3,Чт,2026-04,Автор 02,b8b80a1e,30,1,1,1,2
manifests,cf7cb900,2026-04-09 11:16:38+03:00,2026-04-09,11,3,Чт,2026-04,Автор 01,631db03e,51,1,1,1,2
manifests,c93887aa,2026-04-09 11:26:47+03:00,2026-04-09,11,3,Чт,2026-04,Автор 01,631db03e,38,1,1,1,2
manifests,acca1115,2026-04-09 11:37:22+03:00,2026-04-09,11,3,Чт,2026-04,Автор 02,b8b80a1e,29,1,1,1,2
manifests,06dfaeab,2026-04-09 11:48:12+03:00,2026-04-09,11,3,Чт,2026-04,Автор 02,b8b80a1e,36,1,1,1,2
manifests,b19a59f2,2026-04-09 11:59:00+03:00,2026-04-09,11,3,Чт,2026-04,Автор 02,b8b80a1e,29,1,1,1,2
manifests,9d9ff1c9,2026-04-09 11:59:07+03:00,2026-04-09,11,3,Чт,2026-04,Автор 02,b8b80a1e,29,1,1,1,2
manifests,4802d54c,2026-04-09 12:16:51+03:00,2026-04-09,12,3,Чт,2026-04,Автор 02,b8b80a1e,29,1,1,1,2
manifests,d45e98f4,2026-04-09 12:57:39+03:00,2026-04-09,12,3,Чт,2026-04,Автор 02,b8b80a1e,36,1,1,1,2
manifests,3748357b,2026-04-09 13:08:25+03:00,2026-04-09,13,3,Чт,2026-04,Автор 01,631db03e,63,2,42,0,42
manifests,2a3eb753,2026-04-09 13:15:08+03:00,2026-04-09,13,3,Чт,2026-04,Автор 01,631db03e,63,2,0,42,42
manifests,fb3504bf,2026-04-09 13:23:51+03:00,2026-04-09,13,3,Чт,2026-04,Автор 01,631db03e,65,2,10,0,10
manifests,f2ccb43d,2026-04-09 13:34:31+03:00,2026-04-09,13,3,Чт,2026-04,Автор 02,b8b80a1e,36,1,1,1,2
manifests,3be1e1b0,2026-04-09 13:34:43+03:00,2026-04-09,13,3,Чт,2026-04,Автор 02,b8b80a1e,36,1,1,1,2
manifests,867f43f3,2026-04-09 13:59:55+03:00,2026-04-09,13,3,Чт,2026-04,Автор 27,e1db2260,63,1,44,0,44
manifests,4ac52e2f,2026-04-09 14:51:31+03:00,2026-04-09,14,3,Чт,2026-04,Автор 01,631db03e,55,2,4,0,4
manifests,4f893ab4,2026-04-09 15:49:18+03:00,2026-04-09,15,3,Чт,2026-04,Автор 02,b8b80a1e,31,1,1,1,2
manifests,58e23886,2026-04-09 23:07:04+03:00,2026-04-09,23,3,Чт,2026-04,Автор 08,a4e888be,55,2,4,2,6
manifests,7f95bc4b,2026-04-09 23:16:11+03:00,2026-04-09,23,3,Чт,2026-04,Автор 08,a4e888be,43,1,1,1,2
manifests,d6e9c418,2026-04-09 23:24:47+03:00,2026-04-09,23,3,Чт,2026-04,Автор 08,a4e888be,54,1,1,1,2
manifests,70c44ea1,2026-04-09 23:31:30+03:00,2026-04-09,23,3,Чт,2026-04,Автор 02,b8b80a1e,31,1,1,1,2
manifests,d25acb33,2026-04-09 23:32:22+03:00,2026-04-09,23,3,Чт,2026-04,Автор 02,b8b80a1e,39,1,1,1,2
manifests,0403804f,2026-04-09 23:34:03+03:00,2026-04-09,23,3,Чт,2026-04,Автор 02,b8b80a1e,34,1,1,1,2
manifests,becacd34,2026-04-09 23:36:19+03:00,2026-04-09,23,3,Чт,2026-04,Автор 02,b8b80a1e,30,1,1,1,2
manifests,42142cf3,2026-04-09 23:38:39+03:00,2026-04-09,23,3,Чт,2026-04,Автор 02,b8b80a1e,32,1,1,1,2
manifests,12399fac,2026-04-09 23:39:16+03:00,2026-04-09,23,3,Чт,2026-04,Автор 02,b8b80a1e,37,1,1,1,2
manifests,f7bc72cc,2026-04-09 23:40:04+03:00,2026-04-09,23,3,Чт,2026-04,Автор 02,b8b80a1e,38,1,1,1,2
manifests,2e97c1a1,2026-04-09 23:42:07+03:00,2026-04-09,23,3,Чт,2026-04,Автор 02,b8b80a1e,36,1,1,1,2
manifests,cd770d5f,2026-04-09 23:42:12+03:00,2026-04-09,23,3,Чт,2026-04,Автор 02,b8b80a1e,33,1,1,1,2
manifests,aea5731d,2026-04-09 23:42:28+03:00,2026-04-09,23,3,Чт,2026-04,Автор 02,b8b80a1e,31,1,1,1,2
manifests,31978a58,2026-04-09 23:42:35+03:00,2026-04-09,23,3,Чт,2026-04,Автор 02,b8b80a1e,31,1,1,1,2
manifests,ee45b32b,2026-04-09 23:55:27+03:00,2026-04-09,23,3,Чт,2026-04,Автор 04,f843be85,84,1,1,1,2
manifests,51f06e60,2026-04-10 00:01:26+03:00,2026-04-10,0,4,Пт,2026-04,Автор 02,b8b80a1e,31,1,1,1,2
manifests,6dcedb4f,2026-04-10 00:01:32+03:00,2026-04-10,0,4,Пт,2026-04,Автор 02,b8b80a1e,31,1,1,1,2
manifests,e9e88580,2026-04-10 00:01:55+03:00,2026-04-10,0,4,Пт,2026-04,Автор 02,b8b80a1e,33,1,1,1,2
manifests,2ddc6513,2026-04-10 00:02:07+03:00,2026-04-10,0,4,Пт,2026-04,Автор 02,b8b80a1e,30,1,1,1,2
manifests,53cabe86,2026-04-10 00:27:27+03:00,2026-04-10,0,4,Пт,2026-04,Автор 02,b8b80a1e,34,1,1,1,2
manifests,d3ab1e4f,2026-04-10 00:39:38+03:00,2026-04-10,0,4,Пт,2026-04,Автор 04,f843be85,84,1,1,1,2
manifests,8928a22d,2026-04-10 00:44:27+03:00,2026-04-10,0,4,Пт,2026-04,Автор 02,b8b80a1e,31,1,1,1,2
manifests,97cc6511,2026-04-10 00:48:08+03:00,2026-04-10,0,4,Пт,2026-04,Автор 02,b8b80a1e,36,1,1,1,2
manifests,e176a966,2026-04-10 00:58:52+03:00,2026-04-10,0,4,Пт,2026-04,Автор 04,f843be85,85,1,1,1,2
manifests,d6850aab,2026-04-10 01:01:15+03:00,2026-04-10,1,4,Пт,2026-04,Автор 04,f843be85,85,1,1,1,2
manifests,325f426f,2026-04-10 01:05:12+03:00,2026-04-10,1,4,Пт,2026-04,Автор 02,b8b80a1e,31,1,1,1,2
manifests,754c6875,2026-04-10 01:06:28+03:00,2026-04-10,1,4,Пт,2026-04,Автор 02,b8b80a1e,31,1,1,1,2
manifests,757b474a,2026-04-10 01:07:06+03:00,2026-04-10,1,4,Пт,2026-04,Автор 02,b8b80a1e,30,1,1,1,2
manifests,3188c184,2026-04-10 01:07:25+03:00,2026-04-10,1,4,Пт,2026-04,Автор 02,b8b80a1e,34,1,1,1,2
manifests,f4f33316,2026-04-10 01:07:51+03:00,2026-04-10,1,4,Пт,2026-04,Автор 02,b8b80a1e,37,1,1,1,2
manifests,2c30f3f7,2026-04-10 01:07:57+03:00,2026-04-10,1,4,Пт,2026-04,Автор 02,b8b80a1e,31,1,1,1,2
manifests,fa2de9af,2026-04-10 01:08:16+03:00,2026-04-10,1,4,Пт,2026-04,Автор 02,b8b80a1e,31,1,1,1,2
manifests,2c542f0d,2026-04-10 01:08:28+03:00,2026-04-10,1,4,Пт,2026-04,Автор 02,b8b80a1e,33,1,1,1,2
manifests,2a7ad694,2026-04-10 01:09:02+03:00,2026-04-10,1,4,Пт,2026-04,Автор 02,b8b80a1e,36,1,1,1,2
manifests,29fe367e,2026-04-10 01:09:59+03:00,2026-04-10,1,4,Пт,2026-04,Автор 02,b8b80a1e,39,1,1,1,2
manifests,77784429,2026-04-10 01:39:15+03:00,2026-04-10,1,4,Пт,2026-04,Автор 04,f843be85,85,1,1,1,2
manifests,1c5a73c6,2026-04-10 02:45:19+03:00,2026-04-10,2,4,Пт,2026-04,Автор 02,b8b80a1e,31,1,1,1,2
manifests,6e635ccd,2026-04-10 03:19:46+03:00,2026-04-10,3,4,Пт,2026-04,Автор 02,b8b80a1e,30,1,1,1,2
manifests,97f6e0c5,2026-04-10 03:20:27+03:00,2026-04-10,3,4,Пт,2026-04,Автор 02,b8b80a1e,29,1,1,1,2
manifests,667b8474,2026-04-10 03:21:31+03:00,2026-04-10,3,4,Пт,2026-04,Автор 02,b8b80a1e,30,1,1,1,2
manifests,9c4e1a27,2026-04-10 03:46:59+03:00,2026-04-10,3,4,Пт,2026-04,Автор 02,b8b80a1e,34,1,1,1,2
manifests,8635d46e,2026-04-10 03:47:10+03:00,2026-04-10,3,4,Пт,2026-04,Автор 02,b8b80a1e,31,1,1,1,2
manifests,0a706c48,2026-04-10 03:49:09+03:00,2026-04-10,3,4,Пт,2026-04,Автор 02,b8b80a1e,31,1,1,1,2
manifests,90c37e79,2026-04-10 03:50:50+03:00,2026-04-10,3,4,Пт,2026-04,Автор 02,b8b80a1e,33,1,1,1,2
manifests,7ed0e4cd,2026-04-10 03:51:42+03:00,2026-04-10,3,4,Пт,2026-04,Автор 02,b8b80a1e,32,1,1,1,2
manifests,b7e2dc33,2026-04-10 03:53:21+03:00,2026-04-10,3,4,Пт,2026-04,Автор 02,b8b80a1e,37,1,1,1,2
manifests,3a66d4e0,2026-04-10 03:54:14+03:00,2026-04-10,3,4,Пт,2026-04,Автор 02,b8b80a1e,38,1,1,1,2
manifests,0081cbbd,2026-04-10 04:04:11+03:00,2026-04-10,4,4,Пт,2026-04,Автор 02,b8b80a1e,31,1,1,1,2
manifests,43e4e9fc,2026-04-10 04:04:52+03:00,2026-04-10,4,4,Пт,2026-04,Автор 02,b8b80a1e,39,1,1,1,2
manifests,eddfe2b9,2026-04-10 09:46:47+03:00,2026-04-10,9,4,Пт,2026-04,Автор 01,631db03e,39,4,94,0,94
manifests,0a086009,2026-04-10 10:00:50+03:00,2026-04-10,10,4,Пт,2026-04,Автор 01,631db03e,65,2,2,2,4
manifests,cff401b5,2026-04-10 10:10:47+03:00,2026-04-10,10,4,Пт,2026-04,Автор 04,f843be85,85,1,1,1,2
manifests,bfdf54eb,2026-04-10 12:37:09+03:00,2026-04-10,12,4,Пт,2026-04,Автор 01,631db03e,47,3,58,0,58
manifests,4d83ac73,2026-04-10 13:22:51+03:00,2026-04-10,13,4,Пт,2026-04,Автор 02,b8b80a1e,29,1,1,1,2
manifests,f4b70ebb,2026-04-10 16:03:42+03:00,2026-04-10,16,4,Пт,2026-04,Автор 01,631db03e,71,2,41,41,82
manifests,e36413f9,2026-04-10 16:08:04+03:00,2026-04-10,16,4,Пт,2026-04,Автор 01,631db03e,67,1,3,4,7
manifests,4018038c,2026-04-10 16:09:01+03:00,2026-04-10,16,4,Пт,2026-04,Автор 01,631db03e,52,1,1,0,1
manifests,85f947f6,2026-04-10 16:18:59+03:00,2026-04-10,16,4,Пт,2026-04,Автор 01,631db03e,76,3,4,4,8
manifests,b3a2f4b5,2026-04-10 16:22:03+03:00,2026-04-10,16,4,Пт,2026-04,Автор 01,631db03e,52,2,2,2,4
manifests,4d685882,2026-04-10 16:29:11+03:00,2026-04-10,16,4,Пт,2026-04,Автор 01,631db03e,66,1,3,3,6
manifests,260201cc,2026-04-10 16:38:10+03:00,2026-04-10,16,4,Пт,2026-04,Автор 01,631db03e,80,1,1,1,2
manifests,9a23af6e,2026-04-10 17:35:52+03:00,2026-04-10,17,4,Пт,2026-04,Автор 01,631db03e,65,1,1,1,2
manifests,2facf130,2026-04-11 15:51:03+03:00,2026-04-11,15,5,Сб,2026-04,Автор 01,631db03e,74,2,2,2,4
manifests,2023debf,2026-04-11 15:55:07+03:00,2026-04-11,15,5,Сб,2026-04,Автор 01,631db03e,67,2,0,0,0
manifests,de3afa4f,2026-04-11 16:01:34+03:00,2026-04-11,16,5,Сб,2026-04,Автор 02,b8b80a1e,28,1,1,1,2
manifests,48cd9ae1,2026-04-11 16:06:05+03:00,2026-04-11,16,5,Сб,2026-04,Автор 01,631db03e,61,2,2,2,4
manifests,eb6f2e3b,2026-04-11 16:09:35+03:00,2026-04-11,16,5,Сб,2026-04,Автор 02,b8b80a1e,28,1,1,1,2
manifests,cecd46ab,2026-04-11 16:54:55+03:00,2026-04-11,16,5,Сб,2026-04,Автор 01,631db03e,66,1,8,0,8
manifests,e58e26e4,2026-04-11 17:03:05+03:00,2026-04-11,17,5,Сб,2026-04,Автор 01,631db03e,40,1,3,3,6
manifests,6f876d16,2026-04-11 17:29:34+03:00,2026-04-11,17,5,Сб,2026-04,Автор 01,631db03e,54,1,1,0,1
manifests,d181212e,2026-04-11 17:29:48+03:00,2026-04-11,17,5,Сб,2026-04,Автор 01,631db03e,49,1,1,1,2
manifests,b5cd682d,2026-04-11 22:41:30+03:00,2026-04-11,22,5,Сб,2026-04,Автор 01,631db03e,42,1,1,1,2
manifests,5dcadfad,2026-04-12 12:08:35+03:00,2026-04-12,12,6,Вс,2026-04,Автор 01,631db03e,55,1,1,2,3
manifests,42612d80,2026-04-12 12:34:07+03:00,2026-04-12,12,6,Вс,2026-04,Автор 01,631db03e,63,7,156,0,156
manifests,0449cb7e,2026-04-12 12:37:50+03:00,2026-04-12,12,6,Вс,2026-04,Автор 01,631db03e,75,1,1,0,1
manifests,085f8403,2026-04-12 18:13:02+03:00,2026-04-12,18,6,Вс,2026-04,Автор 01,631db03e,73,2,5,7,12
manifests,1284c398,2026-04-12 18:33:35+03:00,2026-04-12,18,6,Вс,2026-04,Автор 01,631db03e,71,1,1,1,2
manifests,be58f39e,2026-04-12 18:54:48+03:00,2026-04-12,18,6,Вс,2026-04,Автор 01,631db03e,58,1,1,0,1
nexora-frontend,fe8f7201,2026-04-13 00:28:57+03:00,2026-04-13,0,0,Пн,2026-04,Автор 23,e37d72d7,59,13,1012,12,1024
nexora-frontend,a4c96721,2026-04-13 00:29:19+03:00,2026-04-13,0,0,Пн,2026-04,Автор 09,ea54eae8,66,10,183,7,190
nexora-frontend,a5523008,2026-04-13 00:32:46+03:00,2026-04-13,0,0,Пн,2026-04,Автор 19,d394f02d,68,6,531,908,1439
Nexora,c354a486,2026-04-13 00:35:00+03:00,2026-04-13,0,0,Пн,2026-04,Автор 19,d394f02d,38,1,27,0,27
Nexora,b327373d,2026-04-13 00:35:01+03:00,2026-04-13,0,0,Пн,2026-04,Автор 19,d394f02d,56,5,146,0,146
nexora-frontend,4eee5973,2026-04-13 00:35:01+03:00,2026-04-13,0,0,Пн,2026-04,Автор 19,d394f02d,61,1,33,0,33
nexora-frontend,967ef97d,2026-04-13 00:35:01+03:00,2026-04-13,0,0,Пн,2026-04,Автор 19,d394f02d,74,29,2325,7,2332
Nexora,cfb39c92,2026-04-13 00:35:24+03:00,2026-04-13,0,0,Пн,2026-04,Автор 19,d394f02d,63,32,1640,7,1647
nexora-frontend,a9836d12,2026-04-13 00:53:50+03:00,2026-04-13,0,0,Пн,2026-04,Автор 19,d394f02d,79,2,3,3,6
nexora-frontend,8ef9af92,2026-04-13 01:38:51+03:00,2026-04-13,1,0,Пн,2026-04,Автор 09,ea54eae8,43,1,1,1,2
Nexora,a87b838f,2026-04-13 12:00:00+03:00,2026-04-13,12,0,Пн,2026-04,Автор 09,ea54eae8,63,4,30,5,35
manifests,826cf35d,2026-04-13 13:45:58+03:00,2026-04-13,13,0,Пн,2026-04,Автор 16,0c831a25,33,1,23,0,23
manifests,a3cd2482,2026-04-13 13:45:59+03:00,2026-04-13,13,0,Пн,2026-04,Автор 16,0c831a25,33,1,4,0,4
manifests,929210f3,2026-04-13 13:46:06+03:00,2026-04-13,13,0,Пн,2026-04,Автор 16,0c831a25,33,1,7,0,7
manifests,4d1011b2,2026-04-13 13:46:12+03:00,2026-04-13,13,0,Пн,2026-04,Автор 16,0c831a25,33,1,12,0,12
manifests,fc58ef7a,2026-04-13 13:46:23+03:00,2026-04-13,13,0,Пн,2026-04,Автор 16,0c831a25,33,1,15,0,15
manifests,107fefe6,2026-04-13 13:46:27+03:00,2026-04-13,13,0,Пн,2026-04,Автор 16,0c831a25,33,1,14,0,14
manifests,b0e03352,2026-04-13 13:46:39+03:00,2026-04-13,13,0,Пн,2026-04,Автор 16,0c831a25,33,1,16,0,16
manifests,05b732fc,2026-04-13 13:47:06+03:00,2026-04-13,13,0,Пн,2026-04,Автор 16,0c831a25,33,1,65,0,65
manifests,03bf2875,2026-04-13 13:47:15+03:00,2026-04-13,13,0,Пн,2026-04,Автор 16,0c831a25,33,1,12,0,12
manifests,c6d64e50,2026-04-13 13:47:29+03:00,2026-04-13,13,0,Пн,2026-04,Автор 16,0c831a25,33,1,29,0,29
manifests,8166a4bb,2026-04-13 13:47:31+03:00,2026-04-13,13,0,Пн,2026-04,Автор 16,0c831a25,33,1,12,0,12
manifests,a1971a48,2026-04-13 13:47:42+03:00,2026-04-13,13,0,Пн,2026-04,Автор 16,0c831a25,33,1,24,0,24
Nexora,b8ef524a,2026-04-13 13:51:20+03:00,2026-04-13,13,0,Пн,2026-04,Автор 14,99f0614a,78,3,183,108,291
manifests,078a8179,2026-04-13 13:52:49+03:00,2026-04-13,13,0,Пн,2026-04,Автор 16,0c831a25,44,1,52,0,52
manifests,3c7601ae,2026-04-13 13:52:55+03:00,2026-04-13,13,0,Пн,2026-04,Автор 16,0c831a25,33,1,12,0,12
nexora-frontend,0a0a1f18,2026-04-13 14:36:26+03:00,2026-04-13,14,0,Пн,2026-04,Автор 01,631db03e,68,1,2,1,3
Nexora,7fdff72a,2026-04-13 14:54:47+03:00,2026-04-13,14,0,Пн,2026-04,Автор 15,163b4d1c,60,5,152,4,156
nexora-frontend,8a8b09b9,2026-04-13 14:54:58+03:00,2026-04-13,14,0,Пн,2026-04,Автор 13,91516769,60,5,147,46,193
nexora-frontend,a6c73fa5,2026-04-13 15:13:09+03:00,2026-04-13,15,0,Пн,2026-04,Автор 14,99f0614a,123,2,19,155,174
Nexora,46a64ecd,2026-04-13 15:14:24+03:00,2026-04-13,15,0,Пн,2026-04,Автор 15,163b4d1c,44,1,2,1,3
nexora-frontend,5628ee40,2026-04-13 15:14:30+03:00,2026-04-13,15,0,Пн,2026-04,Автор 14,99f0614a,65,1,6,3,9
Nexora,abf56b76,2026-04-13 15:19:40+03:00,2026-04-13,15,0,Пн,2026-04,Автор 15,163b4d1c,51,1,1,1,2
manifests,54eb535e,2026-04-18 12:16:20+03:00,2026-04-18,12,5,Сб,2026-04,Автор 01,631db03e,50,4,4,4,8
manifests,a00c6bcf,2026-04-19 21:48:16+03:00,2026-04-19,21,6,Вс,2026-04,Автор 08,a4e888be,48,1,1,1,2
nexora-frontend,47146e75,2026-04-20 14:54:29+03:00,2026-04-20,14,0,Пн,2026-04,Автор 15,163b4d1c,66,2,5,2,7
nexora-frontend,83bc5cec,2026-04-20 14:54:35+03:00,2026-04-20,14,0,Пн,2026-04,Автор 14,99f0614a,42,1,156,86,242
nexora-frontend,f638a834,2026-04-20 18:20:33+03:00,2026-04-20,18,0,Пн,2026-04,Автор 13,91516769,80,2,46,30,76
nexora-frontend,2b00a89a,2026-04-20 18:22:31+03:00,2026-04-20,18,0,Пн,2026-04,Автор 15,163b4d1c,86,1,47,23,70
nexora-frontend,37b0d840,2026-04-20 18:44:31+03:00,2026-04-20,18,0,Пн,2026-04,Автор 14,99f0614a,114,6,104,23,127
Nexora,03ef5e1d,2026-04-20 18:55:25+03:00,2026-04-20,18,0,Пн,2026-04,Автор 15,163b4d1c,107,1,47,4,51
nexora-frontend,b3a5379b,2026-04-20 18:55:29+03:00,2026-04-20,18,0,Пн,2026-04,Автор 13,91516769,78,1,9,3,12
nexora-frontend,c2c6f11d,2026-04-20 18:58:23+03:00,2026-04-20,18,0,Пн,2026-04,Автор 14,99f0614a,53,1,0,1,1
nexora-frontend,cac0733a,2026-04-20 19:04:25+03:00,2026-04-20,19,0,Пн,2026-04,Автор 13,91516769,59,1,1,1,2
nexora-frontend,a7dbb468,2026-04-20 19:22:32+03:00,2026-04-20,19,0,Пн,2026-04,Автор 15,163b4d1c,138,3,33,223,256
manifests,b0ee0338,2026-04-24 15:42:43+03:00,2026-04-24,15,4,Пт,2026-04,Автор 01,631db03e,76,4,5,6,11
manifests,884531a9,2026-04-24 16:02:08+03:00,2026-04-24,16,4,Пт,2026-04,Автор 01,631db03e,90,1,4,3,7
manifests,508623bd,2026-04-24 16:30:11+03:00,2026-04-24,16,4,Пт,2026-04,Автор 01,631db03e,61,1,4,4,8
manifests,fba49a2e,2026-04-28 15:13:52+03:00,2026-04-28,15,1,Вт,2026-04,Автор 02,b8b80a1e,34,1,1,1,2
manifests,a26134e5,2026-04-28 16:23:48+03:00,2026-04-28,16,1,Вт,2026-04,Автор 01,631db03e,59,1,2,1,3
manifests,3f040dfa,2026-04-28 18:36:26+03:00,2026-04-28,18,1,Вт,2026-04,Автор 01,631db03e,51,1,1,1,2
manifests,253a38e2,2026-04-28 18:37:30+03:00,2026-04-28,18,1,Вт,2026-04,Автор 02,b8b80a1e,34,1,1,1,2
manifests,87fa9dfe,2026-04-28 18:38:38+03:00,2026-04-28,18,1,Вт,2026-04,Автор 02,b8b80a1e,34,1,1,1,2
manifests,f784e32f,2026-04-28 18:44:40+03:00,2026-04-28,18,1,Вт,2026-04,Автор 01,631db03e,53,1,1,1,2
manifests,67a134ff,2026-04-29 11:06:27+03:00,2026-04-29,11,2,Ср,2026-04,Автор 02,b8b80a1e,34,1,1,1,2
manifests,d710da0f,2026-04-29 11:53:03+03:00,2026-04-29,11,2,Ср,2026-04,Автор 01,631db03e,59,1,1,1,2
manifests,9717b7c8,2026-04-29 13:00:18+03:00,2026-04-29,13,2,Ср,2026-04,Автор 01,631db03e,55,1,1,0,1
manifests,c5e08292,2026-04-29 13:25:03+03:00,2026-04-29,13,2,Ср,2026-04,Автор 02,b8b80a1e,34,1,1,1,2
manifests,eae015a1,2026-04-29 13:47:21+03:00,2026-04-29,13,2,Ср,2026-04,Автор 02,b8b80a1e,34,1,1,1,2
manifests,b366fa5d,2026-04-29 14:21:09+03:00,2026-04-29,14,2,Ср,2026-04,Автор 02,b8b80a1e,34,1,1,1,2
manifests,61c84b3d,2026-04-29 14:23:16+03:00,2026-04-29,14,2,Ср,2026-04,Автор 02,b8b80a1e,34,1,1,1,2
manifests,d97f9448,2026-04-29 18:54:45+03:00,2026-04-29,18,2,Ср,2026-04,Автор 01,631db03e,66,1,1,1,2
manifests,137f1ef1,2026-04-29 19:46:38+03:00,2026-04-29,19,2,Ср,2026-04,Автор 01,631db03e,79,1,1,1,2
manifests,8c69f028,2026-04-29 21:07:10+03:00,2026-04-29,21,2,Ср,2026-04,Автор 01,631db03e,65,1,1,1,2
manifests,fb4dce3b,2026-05-01 00:25:12+03:00,2026-05-01,0,4,Пт,2026-05,Автор 16,0c831a25,39,4,176,0,176
manifests,1745c5a5,2026-05-01 11:48:45+03:00,2026-05-01,11,4,Пт,2026-05,Автор 01,631db03e,73,1,1,1,2
manifests,03505c86,2026-05-01 11:51:37+03:00,2026-05-01,11,4,Пт,2026-05,Автор 01,631db03e,84,2,2,1,3
manifests,600a501f,2026-05-01 12:01:26+03:00,2026-05-01,12,4,Пт,2026-05,Автор 01,631db03e,53,1,1,1,2
manifests,eddb88e6,2026-05-01 13:33:19+03:00,2026-05-01,13,4,Пт,2026-05,Автор 01,631db03e,78,1,0,32,32
manifests,ec39b066,2026-05-01 17:51:23+03:00,2026-05-01,17,4,Пт,2026-05,Автор 01,631db03e,80,1,33,0,33
manifests,65ad4d4c,2026-05-01 22:01:38+03:00,2026-05-01,22,4,Пт,2026-05,Автор 01,631db03e,69,1,1,1,2
manifests,c030cd51,2026-05-02 00:08:17+03:00,2026-05-02,0,5,Сб,2026-05,Автор 01,631db03e,73,19,27,27,54
manifests,22b48717,2026-05-02 00:25:54+03:00,2026-05-02,0,5,Сб,2026-05,Автор 02,b8b80a1e,34,1,1,1,2
manifests,69afec86,2026-05-02 01:09:28+03:00,2026-05-02,1,5,Сб,2026-05,Автор 01,631db03e,57,5,11,12,23
manifests,c9b00d1d,2026-05-02 01:22:50+03:00,2026-05-02,1,5,Сб,2026-05,Автор 01,631db03e,59,2,2,2,4
manifests,eefb80e5,2026-05-02 14:46:26+03:00,2026-05-02,14,5,Сб,2026-05,Автор 01,631db03e,61,2,4,4,8
manifests,08f40deb,2026-05-02 17:15:02+03:00,2026-05-02,17,5,Сб,2026-05,Автор 01,631db03e,63,1,1,1,2
manifests,e1bffd8f,2026-05-03 00:50:18+03:00,2026-05-03,0,6,Вс,2026-05,Автор 01,631db03e,70,5,139,41,180
manifests,73b8409e,2026-05-04 01:06:07+03:00,2026-05-04,1,0,Пн,2026-05,Автор 02,b8b80a1e,28,1,1,1,2
manifests,192d52bb,2026-05-04 01:14:02+03:00,2026-05-04,1,0,Пн,2026-05,Автор 02,b8b80a1e,28,1,1,1,2
manifests,d1840f37,2026-05-04 01:21:21+03:00,2026-05-04,1,0,Пн,2026-05,Автор 02,b8b80a1e,28,1,1,1,2
manifests,3958505a,2026-05-04 09:36:42+03:00,2026-05-04,9,0,Пн,2026-05,Автор 02,b8b80a1e,28,1,1,1,2
manifests,df86c0b6,2026-05-04 11:34:12+03:00,2026-05-04,11,0,Пн,2026-05,Автор 01,631db03e,68,2,2,2,4
manifests,4e7f42bd,2026-05-04 14:19:41+03:00,2026-05-04,14,0,Пн,2026-05,Автор 08,a4e888be,52,5,5,5,10
manifests,e2bef8b4,2026-05-04 14:59:37+03:00,2026-05-04,14,0,Пн,2026-05,Автор 01,631db03e,78,2,12,42,54
manifests,d961d8d1,2026-05-04 15:48:36+03:00,2026-05-04,15,0,Пн,2026-05,Автор 04,f843be85,85,1,1,1,2
manifests,2e945d28,2026-05-04 15:50:29+03:00,2026-05-04,15,0,Пн,2026-05,Автор 04,f843be85,85,1,1,1,2
manifests,38ed6452,2026-05-04 15:53:01+03:00,2026-05-04,15,0,Пн,2026-05,Автор 02,b8b80a1e,31,1,1,1,2
manifests,9cc5cc8d,2026-05-04 15:53:21+03:00,2026-05-04,15,0,Пн,2026-05,Автор 04,f843be85,85,1,1,1,2
manifests,eb419dbd,2026-05-04 15:55:13+03:00,2026-05-04,15,0,Пн,2026-05,Автор 02,b8b80a1e,31,1,1,1,2
manifests,28d760c4,2026-05-04 15:57:38+03:00,2026-05-04,15,0,Пн,2026-05,Автор 02,b8b80a1e,31,1,1,1,2
manifests,c53b3954,2026-05-05 10:44:19+03:00,2026-05-05,10,1,Вт,2026-05,Автор 01,631db03e,64,8,0,716,716
manifests,94a53f89,2026-05-05 10:47:29+03:00,2026-05-05,10,1,Вт,2026-05,Автор 01,631db03e,90,1,0,6,6
manifests,fff0d270,2026-05-05 10:59:20+03:00,2026-05-05,10,1,Вт,2026-05,Автор 02,b8b80a1e,28,1,1,1,2
manifests,9f72fe5c,2026-05-05 13:39:33+03:00,2026-05-05,13,1,Вт,2026-05,Автор 01,631db03e,69,5,5,0,5
manifests,58acd2ce,2026-05-05 14:48:14+03:00,2026-05-05,14,1,Вт,2026-05,Автор 01,631db03e,76,1,10,3,13
manifests,a950dc97,2026-05-05 16:15:02+03:00,2026-05-05,16,1,Вт,2026-05,Автор 01,631db03e,32,3,104,0,104
manifests,301b42ec,2026-05-05 23:34:28+03:00,2026-05-05,23,1,Вт,2026-05,Автор 01,631db03e,67,3,6,6,12
manifests,386491c6,2026-05-05 23:39:13+03:00,2026-05-05,23,1,Вт,2026-05,Автор 01,631db03e,45,1,1,1,2
manifests,ef71535b,2026-05-05 23:42:44+03:00,2026-05-05,23,1,Вт,2026-05,Автор 01,631db03e,38,1,2,2,4
manifests,1dbddb83,2026-05-05 23:44:03+03:00,2026-05-05,23,1,Вт,2026-05,Автор 01,631db03e,68,2,4,3,7
manifests,8c2dbf6a,2026-05-05 23:48:01+03:00,2026-05-05,23,1,Вт,2026-05,Автор 01,631db03e,51,1,0,19,19
manifests,4cdbbf33,2026-05-05 23:55:41+03:00,2026-05-05,23,1,Вт,2026-05,Автор 01,631db03e,36,1,1,1,2
manifests,d904ea1d,2026-05-06 01:35:37+03:00,2026-05-06,1,2,Ср,2026-05,Автор 02,b8b80a1e,29,1,1,1,2
manifests,98c45f40,2026-05-06 01:35:45+03:00,2026-05-06,1,2,Ср,2026-05,Автор 02,b8b80a1e,29,1,1,1,2
manifests,603079a4,2026-05-06 09:43:13+03:00,2026-05-06,9,2,Ср,2026-05,Автор 01,631db03e,42,3,34,34,68
manifests,d247abbd,2026-05-06 09:45:18+03:00,2026-05-06,9,2,Ср,2026-05,Автор 01,631db03e,75,1,7,0,7
manifests,ae6d614d,2026-05-06 10:33:46+03:00,2026-05-06,10,2,Ср,2026-05,Автор 01,631db03e,45,1,2,2,4
manifests,8781246a,2026-05-06 11:02:08+03:00,2026-05-06,11,2,Ср,2026-05,Автор 01,631db03e,53,2,2,2,4
manifests,bfcdd3bf,2026-05-06 20:39:32+03:00,2026-05-06,20,2,Ср,2026-05,Автор 01,631db03e,22,1,1,1,2
manifests,5cd869db,2026-05-06 21:35:40+03:00,2026-05-06,21,2,Ср,2026-05,Автор 01,631db03e,79,1,3,0,3
manifests,7211b726,2026-05-06 21:51:13+03:00,2026-05-06,21,2,Ср,2026-05,Автор 01,631db03e,46,1,1,1,2
manifests,b0616821,2026-05-06 23:19:11+03:00,2026-05-06,23,2,Ср,2026-05,Автор 01,631db03e,77,1,1,1,2
manifests,fada5769,2026-05-06 23:22:41+03:00,2026-05-06,23,2,Ср,2026-05,Автор 02,b8b80a1e,29,1,1,1,2
manifests,b65eebe5,2026-05-07 10:59:18+03:00,2026-05-07,10,3,Чт,2026-05,Автор 02,b8b80a1e,36,1,1,1,2
manifests,11bb5fd8,2026-05-07 11:19:22+03:00,2026-05-07,11,3,Чт,2026-05,Автор 01,631db03e,52,1,1,1,2
manifests,1046f9fe,2026-05-07 11:26:32+03:00,2026-05-07,11,3,Чт,2026-05,Автор 02,b8b80a1e,39,1,1,1,2
manifests,171189a4,2026-05-07 11:27:09+03:00,2026-05-07,11,3,Чт,2026-05,Автор 02,b8b80a1e,30,1,1,1,2
manifests,ec07dbf6,2026-05-07 11:27:13+03:00,2026-05-07,11,3,Чт,2026-05,Автор 02,b8b80a1e,37,1,1,1,2
manifests,3f050075,2026-05-07 11:27:37+03:00,2026-05-07,11,3,Чт,2026-05,Автор 02,b8b80a1e,31,1,1,1,2
manifests,44e0b37c,2026-05-07 11:27:49+03:00,2026-05-07,11,3,Чт,2026-05,Автор 02,b8b80a1e,31,1,1,1,2
manifests,ef99c659,2026-05-07 11:30:07+03:00,2026-05-07,11,3,Чт,2026-05,Автор 02,b8b80a1e,38,1,1,1,2
manifests,37531dc9,2026-05-07 11:30:52+03:00,2026-05-07,11,3,Чт,2026-05,Автор 02,b8b80a1e,36,1,1,1,2
manifests,8e904645,2026-05-07 11:31:24+03:00,2026-05-07,11,3,Чт,2026-05,Автор 02,b8b80a1e,31,1,1,1,2
manifests,46492a55,2026-05-07 11:35:49+03:00,2026-05-07,11,3,Чт,2026-05,Автор 01,631db03e,80,2,10,1,11
manifests,1fd90ff1,2026-05-07 12:34:25+03:00,2026-05-07,12,3,Чт,2026-05,Автор 02,b8b80a1e,30,1,1,1,2
manifests,78489290,2026-05-07 12:41:21+03:00,2026-05-07,12,3,Чт,2026-05,Автор 02,b8b80a1e,33,1,1,1,2
manifests,ace7e287,2026-05-07 12:48:30+03:00,2026-05-07,12,3,Чт,2026-05,Автор 04,f843be85,85,1,1,1,2
manifests,bafeefa5,2026-05-07 12:52:57+03:00,2026-05-07,12,3,Чт,2026-05,Автор 01,631db03e,32,4,95,0,95
manifests,30a0e90e,2026-05-07 12:58:14+03:00,2026-05-07,12,3,Чт,2026-05,Автор 01,631db03e,39,1,1,1,2
manifests,91a4fa23,2026-05-07 13:01:21+03:00,2026-05-07,13,3,Чт,2026-05,Автор 01,631db03e,87,1,6,1,7
manifests,72d2d628,2026-05-07 13:07:06+03:00,2026-05-07,13,3,Чт,2026-05,Автор 01,631db03e,62,1,2,0,2
manifests,ace92000,2026-05-07 13:14:37+03:00,2026-05-07,13,3,Чт,2026-05,Автор 02,b8b80a1e,36,1,1,1,2
manifests,cc77bac4,2026-05-07 20:17:05+03:00,2026-05-07,20,3,Чт,2026-05,Автор 01,631db03e,46,5,5,5,10
manifests,f839eef8,2026-05-07 21:54:33+03:00,2026-05-07,21,3,Чт,2026-05,Автор 05,890bd079,50,1,3,1,4
manifests,53431746,2026-05-07 21:58:29+03:00,2026-05-07,21,3,Чт,2026-05,Автор 05,890bd079,73,1,4,2,6
manifests,e19fbc46,2026-05-07 22:59:53+03:00,2026-05-07,22,3,Чт,2026-05,Автор 02,b8b80a1e,28,1,1,1,2
manifests,b6cabc0c,2026-05-07 23:02:58+03:00,2026-05-07,23,3,Чт,2026-05,Автор 16,0c831a25,55,1,6,1,7
manifests,78e8cfe2,2026-05-07 23:04:15+03:00,2026-05-07,23,3,Чт,2026-05,Автор 05,890bd079,70,1,2,2,4
manifests,41a6b716,2026-05-08 00:50:11+03:00,2026-05-08,0,4,Пт,2026-05,Автор 02,b8b80a1e,28,1,1,1,2
manifests,2a6bdeaa,2026-05-08 00:50:27+03:00,2026-05-08,0,4,Пт,2026-05,Автор 02,b8b80a1e,32,1,1,1,2
manifests,7ef846d9,2026-05-08 00:58:12+03:00,2026-05-08,0,4,Пт,2026-05,Автор 05,890bd079,43,1,1,0,1
manifests,29f7d605,2026-05-08 00:58:35+03:00,2026-05-08,0,4,Пт,2026-05,Автор 05,890bd079,38,1,2,1,3
manifests,fc05ec26,2026-05-08 08:48:04+03:00,2026-05-08,8,4,Пт,2026-05,Автор 08,a4e888be,65,6,246,0,246
manifests,a7f00070,2026-05-08 10:40:16+03:00,2026-05-08,10,4,Пт,2026-05,Автор 01,631db03e,69,1,2,2,4
manifests,78ccc968,2026-05-08 10:52:49+03:00,2026-05-08,10,4,Пт,2026-05,Автор 01,631db03e,30,3,3,3,6
manifests,0edd2107,2026-05-08 12:44:42+03:00,2026-05-08,12,4,Пт,2026-05,Автор 05,890bd079,46,1,1,1,2
manifests,9fbe027d,2026-05-08 12:44:55+03:00,2026-05-08,12,4,Пт,2026-05,Автор 05,890bd079,39,1,1,1,2
manifests,090f56da,2026-05-08 15:51:30+03:00,2026-05-08,15,4,Пт,2026-05,Автор 02,b8b80a1e,32,1,1,1,2
manifests,a281e52c,2026-05-08 15:51:48+03:00,2026-05-08,15,4,Пт,2026-05,Автор 02,b8b80a1e,28,1,1,1,2
manifests,de801716,2026-05-08 16:30:49+03:00,2026-05-08,16,4,Пт,2026-05,Автор 02,b8b80a1e,32,1,1,1,2
manifests,e4f15e01,2026-05-08 17:25:51+03:00,2026-05-08,17,4,Пт,2026-05,Автор 01,631db03e,67,10,13,13,26
manifests,d8149f31,2026-05-08 17:38:18+03:00,2026-05-08,17,4,Пт,2026-05,Автор 01,631db03e,50,1,1,1,2
manifests,5c3380db,2026-05-08 18:21:11+03:00,2026-05-08,18,4,Пт,2026-05,Автор 01,631db03e,30,1,1,1,2
manifests,90684dab,2026-05-08 18:23:52+03:00,2026-05-08,18,4,Пт,2026-05,Автор 01,631db03e,52,1,1,1,2
manifests,f1d949ff,2026-05-08 18:40:16+03:00,2026-05-08,18,4,Пт,2026-05,Автор 01,631db03e,64,1,2,2,4
manifests,44380b54,2026-05-08 19:20:16+03:00,2026-05-08,19,4,Пт,2026-05,Автор 01,631db03e,56,1,1,1,2
manifests,b5d29c7d,2026-05-08 20:32:06+03:00,2026-05-08,20,4,Пт,2026-05,Автор 02,b8b80a1e,32,1,1,1,2
manifests,e0b373a4,2026-05-08 23:00:29+03:00,2026-05-08,23,4,Пт,2026-05,Автор 01,631db03e,58,2,2,2,4
manifests,4f10d96d,2026-05-08 23:03:13+03:00,2026-05-08,23,4,Пт,2026-05,Автор 01,631db03e,79,2,2,2,4
manifests,0de26f57,2026-05-08 23:07:31+03:00,2026-05-08,23,4,Пт,2026-05,Автор 01,631db03e,75,2,8,2,10
manifests,c5ed7c6a,2026-05-09 00:49:50+03:00,2026-05-09,0,5,Сб,2026-05,Автор 01,631db03e,21,4,134,6,140
manifests,4d5be7ed,2026-05-09 05:53:45+03:00,2026-05-09,5,5,Сб,2026-05,Автор 08,a4e888be,79,1,2,2,4
manifests,a4578203,2026-05-09 20:07:37+03:00,2026-05-09,20,5,Сб,2026-05,Автор 02,b8b80a1e,30,1,1,1,2
manifests,eb6135d4,2026-05-09 20:09:36+03:00,2026-05-09,20,5,Сб,2026-05,Автор 05,890bd079,20,1,2,2,4
manifests,df216df6,2026-05-09 20:09:59+03:00,2026-05-09,20,5,Сб,2026-05,Автор 05,890bd079,46,1,1,1,2
manifests,ff650884,2026-05-09 20:58:57+03:00,2026-05-09,20,5,Сб,2026-05,Автор 01,631db03e,82,2,2,2,4
manifests,fa2401f1,2026-05-09 23:15:05+03:00,2026-05-09,23,5,Сб,2026-05,Автор 02,b8b80a1e,39,1,1,1,2
manifests,f9fab630,2026-05-10 15:13:38+03:00,2026-05-10,15,6,Вс,2026-05,Автор 02,b8b80a1e,30,1,1,1,2
manifests,24730102,2026-05-10 16:24:27+03:00,2026-05-10,16,6,Вс,2026-05,Автор 08,a4e888be,43,2,3,3,6
manifests,d2b6eff0,2026-05-10 16:38:00+03:00,2026-05-10,16,6,Вс,2026-05,Автор 08,a4e888be,58,3,6,0,6
manifests,d015c260,2026-05-10 17:35:05+03:00,2026-05-10,17,6,Вс,2026-05,Автор 05,890bd079,54,1,2,1,3
manifests,790b0708,2026-05-10 17:35:54+03:00,2026-05-10,17,6,Вс,2026-05,Автор 05,890bd079,37,1,1,0,1
manifests,491b389b,2026-05-10 17:36:53+03:00,2026-05-10,17,6,Вс,2026-05,Автор 05,890bd079,40,1,1,1,2
manifests,981da2e5,2026-05-10 17:37:18+03:00,2026-05-10,17,6,Вс,2026-05,Автор 05,890bd079,45,1,1,1,2
manifests,e7036587,2026-05-10 17:46:23+03:00,2026-05-10,17,6,Вс,2026-05,Автор 02,b8b80a1e,32,1,1,1,2
manifests,821d6ad4,2026-05-10 17:49:18+03:00,2026-05-10,17,6,Вс,2026-05,Автор 02,b8b80a1e,28,1,1,1,2
manifests,34bf2c6f,2026-05-10 17:50:13+03:00,2026-05-10,17,6,Вс,2026-05,Автор 01,631db03e,72,1,1,1,2
manifests,df403efc,2026-05-10 18:13:59+03:00,2026-05-10,18,6,Вс,2026-05,Автор 01,631db03e,85,1,1,1,2
manifests,d22c49b1,2026-05-10 18:19:58+03:00,2026-05-10,18,6,Вс,2026-05,Автор 02,b8b80a1e,30,1,1,1,2
manifests,c063d634,2026-05-10 19:06:21+03:00,2026-05-10,19,6,Вс,2026-05,Автор 01,631db03e,66,2,3,3,6
manifests,664f6c2c,2026-05-10 19:24:28+03:00,2026-05-10,19,6,Вс,2026-05,Автор 01,631db03e,79,1,1,1,2
manifests,386cb586,2026-05-10 19:40:55+03:00,2026-05-10,19,6,Вс,2026-05,Автор 01,631db03e,53,3,3,3,6
manifests,c827dbf5,2026-05-10 20:30:39+03:00,2026-05-10,20,6,Вс,2026-05,Автор 01,631db03e,54,1,1,1,2
manifests,99b79a53,2026-05-11 02:48:02+03:00,2026-05-11,2,0,Пн,2026-05,Автор 01,631db03e,60,4,4,4,8
manifests,c0d10c46,2026-05-11 12:38:29+03:00,2026-05-11,12,0,Пн,2026-05,Автор 01,631db03e,58,1,1,1,2
manifests,272f55ed,2026-05-11 19:03:11+03:00,2026-05-11,19,0,Пн,2026-05,Автор 01,631db03e,70,1,2,2,4
manifests,3194df67,2026-05-11 19:19:27+03:00,2026-05-11,19,0,Пн,2026-05,Автор 01,631db03e,67,2,28,3,31
manifests,598a602b,2026-05-11 19:26:27+03:00,2026-05-11,19,0,Пн,2026-05,Автор 01,631db03e,54,1,1,0,1
manifests,386d5314,2026-05-11 19:30:06+03:00,2026-05-11,19,0,Пн,2026-05,Автор 01,631db03e,43,1,0,1,1
manifests,0b957a73,2026-05-11 20:06:44+03:00,2026-05-11,20,0,Пн,2026-05,Автор 01,631db03e,37,1,1,1,2
manifests,16608216,2026-05-11 23:39:27+03:00,2026-05-11,23,0,Пн,2026-05,Автор 01,631db03e,64,2,142,0,142
manifests,11e87d81,2026-05-12 02:00:25+03:00,2026-05-12,2,1,Вт,2026-05,Автор 01,631db03e,59,1,7,2,9
manifests,fe0994ae,2026-05-12 02:22:09+03:00,2026-05-12,2,1,Вт,2026-05,Автор 01,631db03e,59,1,6,0,6
manifests,f108fd5d,2026-05-12 02:34:15+03:00,2026-05-12,2,1,Вт,2026-05,Автор 01,631db03e,62,1,2,0,2
manifests,3c80c029,2026-05-12 02:55:25+03:00,2026-05-12,2,1,Вт,2026-05,Автор 01,631db03e,52,1,1,1,2
manifests,e92c594a,2026-05-12 05:01:54+03:00,2026-05-12,5,1,Вт,2026-05,Автор 01,631db03e,64,2,2,2,4
manifests,bd6fcf29,2026-05-12 05:08:57+03:00,2026-05-12,5,1,Вт,2026-05,Автор 01,631db03e,72,1,1,1,2
manifests,f15a60f2,2026-05-12 09:00:20+03:00,2026-05-12,9,1,Вт,2026-05,Автор 22,5d6bdf36,43,1,4,2,6
manifests,1685a3a5,2026-05-12 09:30:06+03:00,2026-05-12,9,1,Вт,2026-05,Автор 22,5d6bdf36,38,1,2,4,6
manifests,2ab3c807,2026-05-12 10:38:12+03:00,2026-05-12,10,1,Вт,2026-05,Автор 01,631db03e,55,1,1,0,1
manifests,355d7730,2026-05-12 13:32:27+03:00,2026-05-12,13,1,Вт,2026-05,Автор 01,631db03e,61,1,1,0,1
manifests,3ce570f2,2026-05-12 16:03:58+03:00,2026-05-12,16,1,Вт,2026-05,Автор 02,b8b80a1e,33,1,1,1,2
manifests,d6d9103d,2026-05-12 18:31:03+03:00,2026-05-12,18,1,Вт,2026-05,Автор 02,b8b80a1e,33,1,1,1,2
manifests,e1e1e1be,2026-05-12 19:58:13+03:00,2026-05-12,19,1,Вт,2026-05,Автор 01,631db03e,52,1,5,1,6
manifests,bb3324b3,2026-05-12 22:32:15+03:00,2026-05-12,22,1,Вт,2026-05,Автор 05,890bd079,35,1,1,0,1
manifests,fa887a7c,2026-05-12 23:05:52+03:00,2026-05-12,23,1,Вт,2026-05,Автор 05,890bd079,18,1,1,1,2
manifests,86cdb32b,2026-05-13 11:34:29+03:00,2026-05-13,11,2,Ср,2026-05,Автор 05,890bd079,22,1,1,1,2
manifests,dea5f564,2026-05-13 12:46:14+03:00,2026-05-13,12,2,Ср,2026-05,Автор 02,b8b80a1e,28,1,1,1,2
manifests,66c550a5,2026-05-13 22:19:35+03:00,2026-05-13,22,2,Ср,2026-05,Автор 05,890bd079,21,1,2,0,2
manifests,a4bd1bd4,2026-05-13 22:40:10+03:00,2026-05-13,22,2,Ср,2026-05,Автор 05,890bd079,18,1,2,0,2
manifests,b08579e3,2026-05-13 22:51:58+03:00,2026-05-13,22,2,Ср,2026-05,Автор 05,890bd079,48,1,4,1,5
manifests,0c285fa2,2026-05-13 22:58:53+03:00,2026-05-13,22,2,Ср,2026-05,Автор 05,890bd079,45,1,1,1,2
manifests,59e13f1a,2026-05-14 11:47:55+03:00,2026-05-14,11,3,Чт,2026-05,Автор 22,5d6bdf36,47,1,1,1,2
manifests,b625b46c,2026-05-14 23:18:22+03:00,2026-05-14,23,3,Чт,2026-05,Автор 01,631db03e,65,1,2,0,2
manifests,435680fa,2026-05-15 01:39:12+03:00,2026-05-15,1,4,Пт,2026-05,Автор 02,b8b80a1e,33,1,1,1,2
manifests,b80aea3d,2026-05-16 14:38:18+03:00,2026-05-16,14,5,Сб,2026-05,Автор 08,a4e888be,59,1,1,0,1
manifests,724fc63c,2026-05-16 15:02:52+03:00,2026-05-16,15,5,Сб,2026-05,Автор 02,b8b80a1e,33,1,1,1,2
manifests,2b895d58,2026-05-16 15:58:41+03:00,2026-05-16,15,5,Сб,2026-05,Автор 02,b8b80a1e,36,1,1,1,2
manifests,fcc52f29,2026-05-16 16:09:41+03:00,2026-05-16,16,5,Сб,2026-05,Автор 05,890bd079,49,1,1,1,2
manifests,5aa44a50,2026-05-16 16:18:58+03:00,2026-05-16,16,5,Сб,2026-05,Автор 05,890bd079,53,1,1,1,2
manifests,38cc6fc9,2026-05-16 19:18:50+03:00,2026-05-16,19,5,Сб,2026-05,Автор 01,631db03e,62,2,13,1,14
Nexora,110b0239,2026-05-16 21:00:42+03:00,2026-05-16,21,5,Сб,2026-05,Автор 15,163b4d1c,79,2,51,1,52
Nexora,bd0a56f0,2026-05-16 21:01:52+03:00,2026-05-16,21,5,Сб,2026-05,Автор 13,91516769,71,1,229,0,229
Nexora,44b68038,2026-05-16 21:02:11+03:00,2026-05-16,21,5,Сб,2026-05,Автор 14,99f0614a,72,3,454,2,456
Nexora,11dc4f53,2026-05-16 21:43:58+03:00,2026-05-16,21,5,Сб,2026-05,Автор 15,163b4d1c,52,1,32,0,32
nexora-frontend,29a6a550,2026-05-16 21:44:03+03:00,2026-05-16,21,5,Сб,2026-05,Автор 14,99f0614a,58,5,10,56,66
nexora-frontend,be7cf14e,2026-05-16 21:46:39+03:00,2026-05-16,21,5,Сб,2026-05,Автор 13,91516769,65,1,1,1,2
nexora-frontend,a8edaaf3,2026-05-16 21:56:05+03:00,2026-05-16,21,5,Сб,2026-05,Автор 14,99f0614a,76,2,224,62,286
Nexora,1482705c,2026-05-16 21:57:28+03:00,2026-05-16,21,5,Сб,2026-05,Автор 13,91516769,74,6,215,4,219
Nexora,def4ccc5,2026-05-16 22:04:44+03:00,2026-05-16,22,5,Сб,2026-05,Автор 14,99f0614a,83,7,1761,0,1761
Nexora,b20b5b8d,2026-05-16 22:04:59+03:00,2026-05-16,22,5,Сб,2026-05,Автор 15,163b4d1c,61,7,120,10,130
nexora-frontend,792438ac,2026-05-16 22:05:03+03:00,2026-05-16,22,5,Сб,2026-05,Автор 13,91516769,46,5,192,3,195
Nexora,942b65fa,2026-05-16 22:07:40+03:00,2026-05-16,22,5,Сб,2026-05,Автор 13,91516769,70,1,2,1,3
Nexora,c29155cc,2026-05-16 22:09:42+03:00,2026-05-16,22,5,Сб,2026-05,Автор 14,99f0614a,46,29,203,136,339
nexora-frontend,e14935bb,2026-05-16 22:11:39+03:00,2026-05-16,22,5,Сб,2026-05,Автор 15,163b4d1c,75,3,241,35,276
nexora-frontend,f02a103d,2026-05-16 22:13:42+03:00,2026-05-16,22,5,Сб,2026-05,Автор 13,91516769,49,1,23,0,23
Nexora,2c9b800d,2026-05-16 22:13:42+03:00,2026-05-16,22,5,Сб,2026-05,Автор 15,163b4d1c,60,2,54,0,54
Nexora,ed7e6093,2026-05-16 22:19:27+03:00,2026-05-16,22,5,Сб,2026-05,Автор 14,99f0614a,63,9,25,23,48
Nexora,f212ef8a,2026-05-16 22:22:12+03:00,2026-05-16,22,5,Сб,2026-05,Автор 14,99f0614a,60,2,31,67,98
nexora-frontend,09be0919,2026-05-16 22:22:16+03:00,2026-05-16,22,5,Сб,2026-05,Автор 15,163b4d1c,61,3,56,6,62
Nexora,323f27d4,2026-05-16 22:26:25+03:00,2026-05-16,22,5,Сб,2026-05,Автор 13,91516769,68,4,18,4,22
Nexora,6e0dc742,2026-05-16 22:55:24+03:00,2026-05-16,22,5,Сб,2026-05,Автор 14,99f0614a,73,4,12,10,22
nexora-frontend,633c2f9b,2026-05-16 22:55:31+03:00,2026-05-16,22,5,Сб,2026-05,Автор 13,91516769,42,1,1,1,2
Nexora,74e87501,2026-05-16 22:58:53+03:00,2026-05-16,22,5,Сб,2026-05,Автор 13,91516769,79,4,7,7,14
Nexora,cb627231,2026-05-16 23:00:49+03:00,2026-05-16,23,5,Сб,2026-05,Автор 15,163b4d1c,68,1,1,1,2
Nexora,c8b2790f,2026-05-16 23:02:14+03:00,2026-05-16,23,5,Сб,2026-05,Автор 14,99f0614a,61,1,1,1,2
Nexora,32fb950b,2026-05-16 23:04:11+03:00,2026-05-16,23,5,Сб,2026-05,Автор 13,91516769,68,2,5,1,6
manifests,0d9f12f6,2026-05-17 10:01:40+03:00,2026-05-17,10,6,Вс,2026-05,Автор 22,5d6bdf36,47,1,1,1,2
manifests,5613959d,2026-05-17 14:12:31+03:00,2026-05-17,14,6,Вс,2026-05,Автор 02,b8b80a1e,39,1,1,1,2
manifests,f965d22a,2026-05-17 14:19:51+03:00,2026-05-17,14,6,Вс,2026-05,Автор 02,b8b80a1e,36,1,1,1,2
manifests,1eeea164,2026-05-17 14:20:31+03:00,2026-05-17,14,6,Вс,2026-05,Автор 02,b8b80a1e,32,1,1,1,2
manifests,d3258b4e,2026-05-17 14:22:22+03:00,2026-05-17,14,6,Вс,2026-05,Автор 05,890bd079,41,1,1,0,1
manifests,65f19174,2026-05-17 14:36:40+03:00,2026-05-17,14,6,Вс,2026-05,Автор 02,b8b80a1e,36,1,1,1,2
manifests,68ee87f9,2026-05-17 14:45:35+03:00,2026-05-17,14,6,Вс,2026-05,Автор 02,b8b80a1e,36,1,1,1,2
manifests,a298903d,2026-05-17 14:56:21+03:00,2026-05-17,14,6,Вс,2026-05,Автор 02,b8b80a1e,36,1,1,1,2
manifests,dec5c6f8,2026-05-17 15:19:29+03:00,2026-05-17,15,6,Вс,2026-05,Автор 02,b8b80a1e,36,1,1,1,2
manifests,e818ec08,2026-05-17 15:29:38+03:00,2026-05-17,15,6,Вс,2026-05,Автор 02,b8b80a1e,36,1,1,1,2
manifests,833f4c71,2026-05-17 16:17:09+03:00,2026-05-17,16,6,Вс,2026-05,Автор 05,890bd079,39,1,1,1,2
manifests,9c601845,2026-05-17 16:19:26+03:00,2026-05-17,16,6,Вс,2026-05,Автор 05,890bd079,41,1,1,0,1
manifests,78593432,2026-05-17 16:54:39+03:00,2026-05-17,16,6,Вс,2026-05,Автор 05,890bd079,34,1,1,1,2
manifests,6325c271,2026-05-17 16:57:23+03:00,2026-05-17,16,6,Вс,2026-05,Автор 05,890bd079,37,1,1,0,1
manifests,10551a6e,2026-05-17 18:28:11+03:00,2026-05-17,18,6,Вс,2026-05,Автор 22,5d6bdf36,49,1,2,0,2
manifests,1ae18835,2026-05-17 18:30:57+03:00,2026-05-17,18,6,Вс,2026-05,Автор 08,a4e888be,49,2,3,1,4
manifests,d258699c,2026-05-17 18:58:09+03:00,2026-05-17,18,6,Вс,2026-05,Автор 05,890bd079,18,1,1,1,2
manifests,0d382b30,2026-05-17 18:58:30+03:00,2026-05-17,18,6,Вс,2026-05,Автор 05,890bd079,18,1,1,1,2
nexora-frontend,28bca8e1,2026-05-17 22:45:32+03:00,2026-05-17,22,6,Вс,2026-05,Автор 15,163b4d1c,81,1,4,2,6
nexora-frontend,366e23c7,2026-05-17 22:48:41+03:00,2026-05-17,22,6,Вс,2026-05,Автор 14,99f0614a,74,1,28,107,135
nexora-frontend,736f9224,2026-05-17 22:53:24+03:00,2026-05-17,22,6,Вс,2026-05,Автор 14,99f0614a,69,1,4,4,8
nexora-frontend,90355dcc,2026-05-17 23:55:18+03:00,2026-05-17,23,6,Вс,2026-05,Автор 13,91516769,94,10,325,189,514
Nexora,25743423,2026-05-18 00:15:50+03:00,2026-05-18,0,0,Пн,2026-05,Автор 15,163b4d1c,95,7,129,6,135
nexora-frontend,3602c08a,2026-05-18 00:15:55+03:00,2026-05-18,0,0,Пн,2026-05,Автор 14,99f0614a,88,8,807,298,1105
Nexora,156c03c3,2026-05-18 00:22:46+03:00,2026-05-18,0,0,Пн,2026-05,Автор 13,91516769,75,4,147,4,151
nexora-frontend,372d9029,2026-05-18 00:22:50+03:00,2026-05-18,0,0,Пн,2026-05,Автор 15,163b4d1c,67,13,1118,226,1344
Nexora,b95dd887,2026-05-18 00:35:05+03:00,2026-05-18,0,0,Пн,2026-05,Автор 13,91516769,93,1,35,7,42
Nexora,356af58b,2026-05-18 00:41:10+03:00,2026-05-18,0,0,Пн,2026-05,Автор 14,99f0614a,99,1,8,1,9
nexora-frontend,95f651ef,2026-05-18 00:59:35+03:00,2026-05-18,0,0,Пн,2026-05,Автор 15,163b4d1c,79,1,22,13,35
nexora-frontend,40e39652,2026-05-18 01:05:04+03:00,2026-05-18,1,0,Пн,2026-05,Автор 13,91516769,95,1,9,12,21
manifests,1b6794ed,2026-05-18 09:16:10+03:00,2026-05-18,9,0,Пн,2026-05,Автор 02,b8b80a1e,27,1,1,1,2
manifests,c16f6e08,2026-05-18 22:04:11+03:00,2026-05-18,22,0,Пн,2026-05,Автор 01,631db03e,50,8,174,0,174
manifests,744d2ed2,2026-05-18 22:18:35+03:00,2026-05-18,22,0,Пн,2026-05,Автор 02,b8b80a1e,31,1,1,1,2
manifests,07672005,2026-05-18 23:42:13+03:00,2026-05-18,23,0,Пн,2026-05,Автор 02,b8b80a1e,31,1,1,1,2
manifests,569f75e7,2026-05-18 23:49:12+03:00,2026-05-18,23,0,Пн,2026-05,Автор 02,b8b80a1e,29,1,1,1,2
manifests,8f2b0484,2026-05-18 23:58:20+03:00,2026-05-18,23,0,Пн,2026-05,Автор 01,631db03e,54,2,6,0,6
manifests,e217ddf7,2026-05-19 00:07:56+03:00,2026-05-19,0,1,Вт,2026-05,Автор 02,b8b80a1e,29,1,1,1,2
manifests,63d165c9,2026-05-19 00:34:56+03:00,2026-05-19,0,1,Вт,2026-05,Автор 02,b8b80a1e,31,1,1,1,2
manifests,cda84756,2026-05-19 01:36:04+03:00,2026-05-19,1,1,Вт,2026-05,Автор 01,631db03e,58,1,1,1,2
manifests,d0c2d2d6,2026-05-19 01:39:10+03:00,2026-05-19,1,1,Вт,2026-05,Автор 01,631db03e,52,2,5,4,9
manifests,d23a6756,2026-05-19 01:41:46+03:00,2026-05-19,1,1,Вт,2026-05,Автор 02,b8b80a1e,29,1,1,1,2
Nexora,e410e8d3,2026-05-19 11:37:28+03:00,2026-05-19,11,1,Вт,2026-05,Автор 13,91516769,20,1,1,1,2
manifests,286a617d,2026-05-19 12:37:59+03:00,2026-05-19,12,1,Вт,2026-05,Автор 01,631db03e,60,1,99,0,99
manifests,0f8bd836,2026-05-19 17:07:03+03:00,2026-05-19,17,1,Вт,2026-05,Автор 01,631db03e,71,2,3,3,6
manifests,02b07326,2026-05-19 18:35:53+03:00,2026-05-19,18,1,Вт,2026-05,Автор 01,631db03e,46,3,137,0,137
manifests,1babfd67,2026-05-19 19:53:20+03:00,2026-05-19,19,1,Вт,2026-05,Автор 01,631db03e,49,3,15,15,30
manifests,4600229b,2026-05-19 23:15:03+03:00,2026-05-19,23,1,Вт,2026-05,Автор 01,631db03e,44,1,2,2,4
manifests,2d6488e6,2026-05-20 01:04:36+03:00,2026-05-20,1,2,Ср,2026-05,Автор 05,890bd079,51,1,3,0,3
manifests,dcf96cd7,2026-05-20 10:08:24+03:00,2026-05-20,10,2,Ср,2026-05,Автор 05,890bd079,42,1,2,0,2
manifests,4d50d4b5,2026-05-20 10:15:53+03:00,2026-05-20,10,2,Ср,2026-05,Автор 02,b8b80a1e,31,1,1,1,2
manifests,1f103ace,2026-05-20 10:16:42+03:00,2026-05-20,10,2,Ср,2026-05,Автор 02,b8b80a1e,29,1,1,1,2
manifests,c7e47298,2026-05-20 12:57:51+03:00,2026-05-20,12,2,Ср,2026-05,Автор 01,631db03e,69,8,383,0,383
manifests,6fc79629,2026-05-20 13:17:54+03:00,2026-05-20,13,2,Ср,2026-05,Автор 01,631db03e,45,2,55,0,55
manifests,260d549d,2026-05-20 13:28:11+03:00,2026-05-20,13,2,Ср,2026-05,Автор 01,631db03e,63,1,2,2,4
manifests,ba2edebf,2026-05-20 13:29:32+03:00,2026-05-20,13,2,Ср,2026-05,Автор 01,631db03e,44,1,2,2,4
manifests,7115e22e,2026-05-20 13:38:17+03:00,2026-05-20,13,2,Ср,2026-05,Автор 01,631db03e,58,1,1,1,2
manifests,56f96ad1,2026-05-20 17:29:02+03:00,2026-05-20,17,2,Ср,2026-05,Автор 01,631db03e,55,1,2,0,2
manifests,8e38dabc,2026-05-20 19:33:03+03:00,2026-05-20,19,2,Ср,2026-05,Автор 01,631db03e,37,1,1,1,2
manifests,3f16f268,2026-05-23 16:54:41+03:00,2026-05-23,16,5,Сб,2026-05,Автор 02,b8b80a1e,27,1,1,1,2
manifests,43762b6d,2026-05-23 17:23:04+03:00,2026-05-23,17,5,Сб,2026-05,Автор 02,b8b80a1e,27,1,1,1,2
manifests,0705c28d,2026-05-24 01:17:52+03:00,2026-05-24,1,6,Вс,2026-05,Автор 01,631db03e,39,3,60,0,60
manifests,afee9c25,2026-05-24 10:51:49+03:00,2026-05-24,10,6,Вс,2026-05,Автор 01,631db03e,45,2,10,2,12
manifests,90c6f572,2026-05-24 11:43:18+03:00,2026-05-24,11,6,Вс,2026-05,Автор 02,b8b80a1e,27,1,1,1,2
manifests,3d68f56e,2026-05-24 13:03:43+03:00,2026-05-24,13,6,Вс,2026-05,Автор 01,631db03e,37,3,64,0,64
manifests,eb3027a3,2026-05-24 18:53:19+03:00,2026-05-24,18,6,Вс,2026-05,Автор 01,631db03e,53,1,1,1,2
manifests,323c5aa5,2026-05-24 19:52:12+03:00,2026-05-24,19,6,Вс,2026-05,Автор 01,631db03e,51,1,7,0,7
manifests,86476ca0,2026-05-24 20:07:57+03:00,2026-05-24,20,6,Вс,2026-05,Автор 01,631db03e,76,2,8,1,9
manifests,fddc3dee,2026-05-24 20:10:52+03:00,2026-05-24,20,6,Вс,2026-05,Автор 02,b8b80a1e,32,1,1,1,2
manifests,864cdfbf,2026-05-24 20:20:28+03:00,2026-05-24,20,6,Вс,2026-05,Автор 02,b8b80a1e,32,1,1,1,2
manifests,bc4dff36,2026-05-24 20:31:33+03:00,2026-05-24,20,6,Вс,2026-05,Автор 02,b8b80a1e,32,1,1,1,2
manifests,0060a26b,2026-05-24 20:36:33+03:00,2026-05-24,20,6,Вс,2026-05,Автор 02,b8b80a1e,32,1,1,1,2
manifests,b25b759a,2026-05-24 20:44:13+03:00,2026-05-24,20,6,Вс,2026-05,Автор 02,b8b80a1e,32,1,1,1,2
manifests,b2d3ab1b,2026-05-25 15:07:35+03:00,2026-05-25,15,0,Пн,2026-05,Автор 02,b8b80a1e,25,1,1,1,2
manifests,53534d14,2026-05-29 01:54:48+03:00,2026-05-29,1,4,Пт,2026-05,Автор 01,631db03e,54,1,1,1,2
manifests,dc0403c9,2026-05-29 02:51:32+03:00,2026-05-29,2,4,Пт,2026-05,Автор 01,631db03e,59,1,1,1,2
manifests,a2610bdf,2026-05-29 18:14:27+03:00,2026-05-29,18,4,Пт,2026-05,Автор 01,631db03e,51,2,4,5,9
manifests,3143b27c,2026-05-29 19:00:19+03:00,2026-05-29,19,4,Пт,2026-05,Автор 01,631db03e,47,1,1,1,2
manifests,8184932f,2026-05-30 17:02:09+03:00,2026-05-30,17,5,Сб,2026-05,Автор 02,b8b80a1e,31,1,1,1,2
manifests,9e80f4d5,2026-05-30 20:29:35+03:00,2026-05-30,20,5,Сб,2026-05,Автор 02,b8b80a1e,31,1,1,1,2
manifests,70c8c11d,2026-05-31 01:27:31+03:00,2026-05-31,1,6,Вс,2026-05,Автор 02,b8b80a1e,29,1,1,1,2
manifests,27785c34,2026-05-31 01:59:46+03:00,2026-05-31,1,6,Вс,2026-05,Автор 01,631db03e,63,2,93,0,93
manifests,05dc245b,2026-05-31 02:41:06+03:00,2026-05-31,2,6,Вс,2026-05,Автор 01,631db03e,48,1,1,1,2
manifests,95874a1b,2026-05-31 02:42:45+03:00,2026-05-31,2,6,Вс,2026-05,Автор 01,631db03e,57,1,0,1,1
manifests,7cbab092,2026-05-31 02:44:38+03:00,2026-05-31,2,6,Вс,2026-05,Автор 01,631db03e,68,1,1,0,1
manifests,19ca50c7,2026-05-31 03:33:37+03:00,2026-05-31,3,6,Вс,2026-05,Автор 01,631db03e,50,1,1,1,2
manifests,5e625ceb,2026-06-01 18:08:07+03:00,2026-06-01,18,0,Пн,2026-06,Автор 01,631db03e,63,1,51,15,66
manifests,3a827e9e,2026-06-02 00:03:09+03:00,2026-06-02,0,1,Вт,2026-06,Автор 01,631db03e,51,1,1,1,2
manifests,6f1ef8d4,2026-06-02 00:50:02+03:00,2026-06-02,0,1,Вт,2026-06,Автор 01,631db03e,61,1,1,1,2
manifests,9ecb8709,2026-06-02 17:25:43+03:00,2026-06-02,17,1,Вт,2026-06,Автор 02,b8b80a1e,30,1,1,1,2
manifests,c6011af4,2026-06-02 17:27:10+03:00,2026-06-02,17,1,Вт,2026-06,Автор 01,631db03e,54,1,2,2,4
manifests,f3b9bf2b,2026-06-02 17:34:27+03:00,2026-06-02,17,1,Вт,2026-06,Автор 02,b8b80a1e,30,1,1,1,2
manifests,24a48749,2026-06-02 17:41:34+03:00,2026-06-02,17,1,Вт,2026-06,Автор 01,631db03e,66,1,13,1,14
manifests,6847fd6f,2026-06-02 18:02:12+03:00,2026-06-02,18,1,Вт,2026-06,Автор 02,b8b80a1e,25,1,1,1,2
manifests,dbf75249,2026-06-02 18:03:47+03:00,2026-06-02,18,1,Вт,2026-06,Автор 01,631db03e,61,1,1,1,2
manifests,605769fb,2026-06-02 22:10:00+03:00,2026-06-02,22,1,Вт,2026-06,Автор 01,631db03e,64,2,3,3,6
manifests,57d365cd,2026-06-03 14:46:42+03:00,2026-06-03,14,2,Ср,2026-06,Автор 02,b8b80a1e,30,1,1,1,2
manifests,6da381b7,2026-06-03 16:45:50+03:00,2026-06-03,16,2,Ср,2026-06,Автор 01,631db03e,45,4,90,0,90
manifests,e1d9f2c5,2026-06-03 16:58:03+03:00,2026-06-03,16,2,Ср,2026-06,Автор 01,631db03e,75,2,28,30,58
manifests,264168cb,2026-06-03 17:00:59+03:00,2026-06-03,17,2,Ср,2026-06,Автор 01,631db03e,79,2,20,28,48
manifests,893b07d3,2026-06-03 18:10:15+03:00,2026-06-03,18,2,Ср,2026-06,Автор 01,631db03e,79,1,4,1,5
manifests,83caefe1,2026-06-03 18:49:45+03:00,2026-06-03,18,2,Ср,2026-06,Автор 02,b8b80a1e,30,1,1,1,2
manifests,efb97b8d,2026-06-04 12:07:04+03:00,2026-06-04,12,3,Чт,2026-06,Автор 02,b8b80a1e,30,1,1,1,2
manifests,c1e51e62,2026-06-04 12:58:21+03:00,2026-06-04,12,3,Чт,2026-06,Автор 02,b8b80a1e,29,1,1,1,2
manifests,f7f78fb9,2026-06-04 12:59:41+03:00,2026-06-04,12,3,Чт,2026-06,Автор 02,b8b80a1e,29,1,1,1,2
manifests,9b6b38c2,2026-06-04 13:29:14+03:00,2026-06-04,13,3,Чт,2026-06,Автор 01,631db03e,67,4,110,0,110
manifests,c3267c2a,2026-06-04 13:41:23+03:00,2026-06-04,13,3,Чт,2026-06,Автор 01,631db03e,65,2,22,14,36
manifests,168cb554,2026-06-04 23:29:27+03:00,2026-06-04,23,3,Чт,2026-06,Автор 01,631db03e,57,2,2,2,4
manifests,6a139fbb,2026-06-05 10:47:58+03:00,2026-06-05,10,4,Пт,2026-06,Автор 08,a4e888be,64,2,4,0,4
manifests,5a68cfc4,2026-06-05 17:26:21+03:00,2026-06-05,17,4,Пт,2026-06,Автор 04,f843be85,85,1,1,1,2
manifests,b8872c76,2026-06-05 17:29:47+03:00,2026-06-05,17,4,Пт,2026-06,Автор 02,b8b80a1e,31,1,1,1,2
manifests,d3c5d4ea,2026-06-06 19:41:18+03:00,2026-06-06,19,5,Сб,2026-06,Автор 02,b8b80a1e,30,1,1,1,2
manifests,4a459279,2026-06-06 19:47:39+03:00,2026-06-06,19,5,Сб,2026-06,Автор 01,631db03e,79,1,3,1,4
manifests,4624c593,2026-06-06 19:49:21+03:00,2026-06-06,19,5,Сб,2026-06,Автор 01,631db03e,88,1,1,3,4
manifests,66e8b7bb,2026-06-06 20:39:35+03:00,2026-06-06,20,5,Сб,2026-06,Автор 04,f843be85,85,1,1,1,2
manifests,a9ed672a,2026-06-06 20:42:47+03:00,2026-06-06,20,5,Сб,2026-06,Автор 02,b8b80a1e,31,1,1,1,2
manifests,df7ee70f,2026-06-07 00:45:41+03:00,2026-06-07,0,6,Вс,2026-06,Автор 01,631db03e,50,2,2,2,4
manifests,5a80c716,2026-06-07 01:17:44+03:00,2026-06-07,1,6,Вс,2026-06,Автор 04,f843be85,85,1,1,1,2
manifests,57931044,2026-06-07 01:20:38+03:00,2026-06-07,1,6,Вс,2026-06,Автор 02,b8b80a1e,31,1,1,1,2
manifests,f1748be7,2026-06-07 12:44:05+03:00,2026-06-07,12,6,Вс,2026-06,Автор 01,631db03e,50,1,1,1,2
manifests,cbac01db,2026-06-08 11:55:14+03:00,2026-06-08,11,0,Пн,2026-06,Автор 01,631db03e,59,2,22,0,22
manifests,92b78a0e,2026-06-08 12:27:24+03:00,2026-06-08,12,0,Пн,2026-06,Автор 01,631db03e,73,3,16,3,19
manifests,9589d9da,2026-06-08 12:36:11+03:00,2026-06-08,12,0,Пн,2026-06,Автор 01,631db03e,90,2,29,1,30
manifests,cf5bdcb2,2026-06-08 12:41:02+03:00,2026-06-08,12,0,Пн,2026-06,Автор 01,631db03e,66,1,6,0,6
manifests,d2dbbee2,2026-06-08 12:42:21+03:00,2026-06-08,12,0,Пн,2026-06,Автор 01,631db03e,67,1,63,0,63
manifests,2f3fa28d,2026-06-08 13:51:17+03:00,2026-06-08,13,0,Пн,2026-06,Автор 01,631db03e,83,34,68,0,68
manifests,222fd054,2026-06-08 14:37:21+03:00,2026-06-08,14,0,Пн,2026-06,Автор 02,b8b80a1e,27,1,1,1,2
manifests,90f909f4,2026-06-08 18:26:19+03:00,2026-06-08,18,0,Пн,2026-06,Автор 02,b8b80a1e,29,1,1,1,2
manifests,81e3b1a4,2026-06-08 19:54:21+03:00,2026-06-08,19,0,Пн,2026-06,Автор 01,631db03e,47,6,125,0,125
manifests,4c798faf,2026-06-08 21:11:29+03:00,2026-06-08,21,0,Пн,2026-06,Автор 01,631db03e,74,1,2,3,5
manifests,90dac168,2026-06-08 21:28:55+03:00,2026-06-08,21,0,Пн,2026-06,Автор 02,b8b80a1e,30,1,1,1,2
manifests,ebe1932b,2026-06-08 21:33:21+03:00,2026-06-08,21,0,Пн,2026-06,Автор 02,b8b80a1e,30,1,1,1,2
manifests,e5ef9e82,2026-06-09 12:17:24+03:00,2026-06-09,12,1,Вт,2026-06,Автор 08,a4e888be,44,2,2,2,4
manifests,1a0b0c76,2026-06-10 10:26:52+03:00,2026-06-10,10,2,Ср,2026-06,Автор 01,631db03e,42,1,3,0,3
manifests,5ec89b34,2026-06-10 10:50:37+03:00,2026-06-10,10,2,Ср,2026-06,Автор 02,b8b80a1e,30,1,1,1,2
manifests,3b85b149,2026-06-10 10:56:28+03:00,2026-06-10,10,2,Ср,2026-06,Автор 02,b8b80a1e,29,1,1,1,2
manifests,216d13ab,2026-06-10 11:48:11+03:00,2026-06-10,11,2,Ср,2026-06,Автор 02,b8b80a1e,27,1,1,1,2
manifests,f3499c40,2026-06-10 12:27:32+03:00,2026-06-10,12,2,Ср,2026-06,Автор 01,631db03e,54,1,1,1,2
manifests,f9917f52,2026-06-10 13:26:06+03:00,2026-06-10,13,2,Ср,2026-06,Автор 01,631db03e,49,1,1,0,1
manifests,05795e9b,2026-06-10 13:31:49+03:00,2026-06-10,13,2,Ср,2026-06,Автор 02,b8b80a1e,30,1,1,1,2
manifests,a9d65365,2026-06-10 13:35:52+03:00,2026-06-10,13,2,Ср,2026-06,Автор 02,b8b80a1e,30,1,1,1,2
manifests,871899c4,2026-06-10 15:16:32+03:00,2026-06-10,15,2,Ср,2026-06,Автор 01,631db03e,59,2,2,1,3
manifests,f9157a81,2026-06-10 17:20:04+03:00,2026-06-10,17,2,Ср,2026-06,Автор 01,631db03e,41,4,121,0,121
manifests,79469a25,2026-06-11 04:23:14+03:00,2026-06-11,4,3,Чт,2026-06,Автор 02,b8b80a1e,30,1,1,1,2
manifests,0dd8e5e1,2026-06-11 15:57:03+03:00,2026-06-11,15,3,Чт,2026-06,Автор 01,631db03e,55,6,452,0,452
manifests,08094236,2026-06-11 16:01:54+03:00,2026-06-11,16,3,Чт,2026-06,Автор 01,631db03e,66,1,17,1,18
manifests,a95263b8,2026-06-11 16:06:00+03:00,2026-06-11,16,3,Чт,2026-06,Автор 01,631db03e,70,1,3,3,6
manifests,a96a951c,2026-06-12 11:16:47+03:00,2026-06-12,11,4,Пт,2026-06,Автор 02,b8b80a1e,30,1,1,1,2
manifests,cee865d3,2026-06-12 11:26:40+03:00,2026-06-12,11,4,Пт,2026-06,Автор 01,631db03e,60,6,462,0,462
manifests,287f7d8d,2026-06-12 21:47:00+03:00,2026-06-12,21,4,Пт,2026-06,Автор 01,631db03e,66,2,64,0,64
manifests,e2dc3161,2026-06-12 21:57:33+03:00,2026-06-12,21,4,Пт,2026-06,Автор 01,631db03e,94,2,6,0,6
manifests,f1b4d96b,2026-06-12 22:22:30+03:00,2026-06-12,22,4,Пт,2026-06,Автор 02,b8b80a1e,29,1,1,1,2
manifests,fa24428e,2026-06-13 10:17:35+03:00,2026-06-13,10,5,Сб,2026-06,Автор 01,631db03e,55,5,270,0,270
manifests,13d6fa6c,2026-06-13 10:19:10+03:00,2026-06-13,10,5,Сб,2026-06,Автор 01,631db03e,57,1,5,0,5
manifests,703b7623,2026-06-13 10:44:15+03:00,2026-06-13,10,5,Сб,2026-06,Автор 02,b8b80a1e,30,1,1,1,2
manifests,b87c8572,2026-06-13 11:27:19+03:00,2026-06-13,11,5,Сб,2026-06,Автор 01,631db03e,61,2,3,1,4
manifests,62a50780,2026-06-13 11:31:28+03:00,2026-06-13,11,5,Сб,2026-06,Автор 02,b8b80a1e,31,1,1,1,2
manifests,67946bd1,2026-06-13 11:44:00+03:00,2026-06-13,11,5,Сб,2026-06,Автор 02,b8b80a1e,31,1,1,1,2
manifests,065ce414,2026-06-13 12:05:55+03:00,2026-06-13,12,5,Сб,2026-06,Автор 02,b8b80a1e,29,1,1,1,2
manifests,f118eefe,2026-06-13 12:55:25+03:00,2026-06-13,12,5,Сб,2026-06,Автор 01,631db03e,81,1,1,1,2
manifests,dfb4b882,2026-06-13 17:15:09+03:00,2026-06-13,17,5,Сб,2026-06,Автор 01,631db03e,69,2,4,0,4
manifests,917e7718,2026-06-13 17:25:12+03:00,2026-06-13,17,5,Сб,2026-06,Автор 01,631db03e,69,1,3,0,3
manifests,684509ae,2026-06-13 18:04:25+03:00,2026-06-13,18,5,Сб,2026-06,Автор 02,b8b80a1e,29,1,1,1,2
manifests,53c97492,2026-06-13 19:26:52+03:00,2026-06-13,19,5,Сб,2026-06,Автор 01,631db03e,73,2,4,0,4
manifests,f88473a1,2026-06-13 19:30:14+03:00,2026-06-13,19,5,Сб,2026-06,Автор 01,631db03e,83,3,65,0,65
manifests,28695b30,2026-06-13 19:30:26+03:00,2026-06-13,19,5,Сб,2026-06,Автор 02,b8b80a1e,29,1,1,1,2
manifests,067f44d0,2026-06-13 19:58:01+03:00,2026-06-13,19,5,Сб,2026-06,Автор 04,f843be85,85,1,1,1,2
manifests,6a1ffbff,2026-06-13 19:59:03+03:00,2026-06-13,19,5,Сб,2026-06,Автор 02,b8b80a1e,30,1,1,1,2
manifests,5f6787a6,2026-06-13 20:00:32+03:00,2026-06-13,20,5,Сб,2026-06,Автор 02,b8b80a1e,30,1,1,1,2
manifests,23c75b22,2026-06-13 20:01:37+03:00,2026-06-13,20,5,Сб,2026-06,Автор 02,b8b80a1e,31,1,1,1,2
manifests,6a085034,2026-06-13 20:01:53+03:00,2026-06-13,20,5,Сб,2026-06,Автор 02,b8b80a1e,29,1,1,1,2
manifests,39a7a42a,2026-06-13 20:02:25+03:00,2026-06-13,20,5,Сб,2026-06,Автор 02,b8b80a1e,30,1,1,1,2
manifests,fe966380,2026-06-13 20:02:29+03:00,2026-06-13,20,5,Сб,2026-06,Автор 02,b8b80a1e,31,1,1,1,2
manifests,58ebb29e,2026-06-13 20:02:45+03:00,2026-06-13,20,5,Сб,2026-06,Автор 02,b8b80a1e,30,1,1,1,2
manifests,029a36e3,2026-06-13 20:24:44+03:00,2026-06-13,20,5,Сб,2026-06,Автор 01,631db03e,67,1,5,1,6
manifests,b7ef4114,2026-06-13 21:06:00+03:00,2026-06-13,21,5,Сб,2026-06,Автор 02,b8b80a1e,33,1,1,1,2
manifests,f3c35026,2026-06-13 21:07:50+03:00,2026-06-13,21,5,Сб,2026-06,Автор 01,631db03e,93,2,2,2,4
manifests,2fe2d69b,2026-06-13 21:39:11+03:00,2026-06-13,21,5,Сб,2026-06,Автор 02,b8b80a1e,34,1,1,1,2
manifests,4ebd25e1,2026-06-13 21:54:26+03:00,2026-06-13,21,5,Сб,2026-06,Автор 01,631db03e,70,1,6,1,7
manifests,52d47593,2026-06-13 22:24:57+03:00,2026-06-13,22,5,Сб,2026-06,Автор 01,631db03e,70,2,18,0,18
manifests,c229ccb0,2026-06-13 22:37:42+03:00,2026-06-13,22,5,Сб,2026-06,Автор 01,631db03e,58,1,3,0,3
manifests,55e6efa9,2026-06-13 22:48:44+03:00,2026-06-13,22,5,Сб,2026-06,Автор 01,631db03e,68,1,15,1,16
manifests,1b76e74e,2026-06-13 23:07:25+03:00,2026-06-13,23,5,Сб,2026-06,Автор 01,631db03e,70,1,6,0,6
manifests,ed038c2e,2026-06-13 23:09:26+03:00,2026-06-13,23,5,Сб,2026-06,Автор 02,b8b80a1e,29,1,1,1,2
manifests,1f56a0b4,2026-06-13 23:11:03+03:00,2026-06-13,23,5,Сб,2026-06,Автор 02,b8b80a1e,30,1,1,1,2
manifests,b4cb9b39,2026-06-13 23:14:04+03:00,2026-06-13,23,5,Сб,2026-06,Автор 02,b8b80a1e,29,1,1,1,2
manifests,47d65b4f,2026-06-13 23:19:20+03:00,2026-06-13,23,5,Сб,2026-06,Автор 01,631db03e,85,2,2,0,2
manifests,889fba6b,2026-06-13 23:24:49+03:00,2026-06-13,23,5,Сб,2026-06,Автор 02,b8b80a1e,31,1,1,1,2
manifests,ef73b209,2026-06-13 23:37:50+03:00,2026-06-13,23,5,Сб,2026-06,Автор 01,631db03e,79,1,1,1,2
manifests,304969fe,2026-06-13 23:38:06+03:00,2026-06-13,23,5,Сб,2026-06,Автор 01,631db03e,66,1,1,1,2
manifests,ca719cfb,2026-06-14 00:03:05+03:00,2026-06-14,0,6,Вс,2026-06,Автор 01,631db03e,53,1,1,1,2
manifests,b24f63e7,2026-06-14 07:09:03+03:00,2026-06-14,7,6,Вс,2026-06,Автор 08,a4e888be,53,2,6,0,6
manifests,a7caceeb,2026-06-14 10:04:37+03:00,2026-06-14,10,6,Вс,2026-06,Автор 01,631db03e,65,1,2,2,4
manifests,bb4fbadf,2026-06-14 10:19:55+03:00,2026-06-14,10,6,Вс,2026-06,Автор 01,631db03e,51,1,14,0,14
manifests,ce725c7d,2026-06-15 09:28:56+03:00,2026-06-15,9,0,Пн,2026-06,Автор 01,631db03e,76,1,1,1,2
manifests,8bd06718,2026-06-21 00:20:44+03:00,2026-06-21,0,6,Вс,2026-06,Автор 01,631db03e,71,2,6,2,8
manifests,e308dda3,2026-06-21 00:30:19+03:00,2026-06-21,0,6,Вс,2026-06,Автор 01,631db03e,53,1,48,0,48
manifests,2bdb9914,2026-06-21 00:33:36+03:00,2026-06-21,0,6,Вс,2026-06,Автор 01,631db03e,57,7,130,0,130
manifests,f0c4a796,2026-06-21 00:42:11+03:00,2026-06-21,0,6,Вс,2026-06,Автор 02,b8b80a1e,33,1,1,1,2
manifests,43bc3f9d,2026-06-21 00:49:56+03:00,2026-06-21,0,6,Вс,2026-06,Автор 01,631db03e,107,1,1,1,2
manifests,207feb85,2026-06-21 01:08:16+03:00,2026-06-21,1,6,Вс,2026-06,Автор 02,b8b80a1e,30,1,1,1,2
manifests,6bda1856,2026-06-21 01:13:42+03:00,2026-06-21,1,6,Вс,2026-06,Автор 01,631db03e,94,4,2,68,70
manifests,253fa0f2,2026-06-21 01:15:06+03:00,2026-06-21,1,6,Вс,2026-06,Автор 01,631db03e,66,1,1,1,2
manifests,ca555718,2026-06-21 01:19:20+03:00,2026-06-21,1,6,Вс,2026-06,Автор 01,631db03e,84,1,9,0,9
manifests,49cb6a94,2026-06-21 01:29:41+03:00,2026-06-21,1,6,Вс,2026-06,Автор 02,b8b80a1e,39,1,1,1,2
manifests,a41bc948,2026-06-21 01:32:27+03:00,2026-06-21,1,6,Вс,2026-06,Автор 02,b8b80a1e,37,1,1,1,2
manifests,0f0cf0f6,2026-06-21 01:38:20+03:00,2026-06-21,1,6,Вс,2026-06,Автор 02,b8b80a1e,33,1,1,1,2
manifests,4af8238e,2026-06-21 01:47:03+03:00,2026-06-21,1,6,Вс,2026-06,Автор 01,631db03e,84,1,2,0,2
manifests,845d18d5,2026-06-21 01:48:53+03:00,2026-06-21,1,6,Вс,2026-06,Автор 02,b8b80a1e,37,1,1,1,2
manifests,2cd8416c,2026-06-21 09:36:32+03:00,2026-06-21,9,6,Вс,2026-06,Автор 02,b8b80a1e,27,1,1,1,2
manifests,a8bbd1ba,2026-06-21 11:55:36+03:00,2026-06-21,11,6,Вс,2026-06,Автор 01,631db03e,79,1,16,0,16
manifests,24a294d8,2026-06-21 16:03:46+03:00,2026-06-21,16,6,Вс,2026-06,Автор 02,b8b80a1e,37,1,1,1,2
manifests,8014fac9,2026-06-21 16:10:30+03:00,2026-06-21,16,6,Вс,2026-06,Автор 02,b8b80a1e,37,1,1,1,2
manifests,95ded52e,2026-06-21 16:16:16+03:00,2026-06-21,16,6,Вс,2026-06,Автор 02,b8b80a1e,37,1,1,1,2
manifests,2b0788e0,2026-06-22 14:27:25+03:00,2026-06-22,14,0,Пн,2026-06,Автор 01,631db03e,110,1,11,0,11
manifests,36044acd,2026-06-23 12:14:42+03:00,2026-06-23,12,1,Вт,2026-06,Автор 02,b8b80a1e,30,1,1,1,2
manifests,4b9ebd12,2026-06-23 12:28:22+03:00,2026-06-23,12,1,Вт,2026-06,Автор 01,631db03e,45,1,1,1,2
manifests,884da1d1,2026-06-23 12:58:29+03:00,2026-06-23,12,1,Вт,2026-06,Автор 02,b8b80a1e,39,1,1,1,2
manifests,a970b265,2026-06-23 13:19:19+03:00,2026-06-23,13,1,Вт,2026-06,Автор 01,631db03e,61,2,14,1,15
manifests,09aff592,2026-06-23 13:25:12+03:00,2026-06-23,13,1,Вт,2026-06,Автор 02,b8b80a1e,36,1,1,1,2
manifests,e3884b98,2026-06-23 13:25:54+03:00,2026-06-23,13,1,Вт,2026-06,Автор 02,b8b80a1e,34,1,1,1,2
manifests,8fcb3369,2026-06-23 13:27:54+03:00,2026-06-23,13,1,Вт,2026-06,Автор 02,b8b80a1e,36,1,1,1,2
manifests,f2194a21,2026-06-23 13:30:34+03:00,2026-06-23,13,1,Вт,2026-06,Автор 02,b8b80a1e,36,1,1,1,2
manifests,d7df78ad,2026-06-23 13:34:49+03:00,2026-06-23,13,1,Вт,2026-06,Автор 04,f843be85,76,1,1,1,2
manifests,6e45c178,2026-06-23 14:24:06+03:00,2026-06-23,14,1,Вт,2026-06,Автор 02,b8b80a1e,32,1,1,1,2
manifests,87ecb16b,2026-06-23 14:24:23+03:00,2026-06-23,14,1,Вт,2026-06,Автор 01,631db03e,101,1,1,1,2
manifests,b1e8ad33,2026-06-23 14:27:37+03:00,2026-06-23,14,1,Вт,2026-06,Автор 01,631db03e,76,1,1,1,2
manifests,c5bdaa83,2026-06-27 14:11:46+03:00,2026-06-27,14,5,Сб,2026-06,Автор 01,631db03e,89,2,6,0,6
manifests,9688e826,2026-06-27 15:54:19+03:00,2026-06-27,15,5,Сб,2026-06,Автор 01,631db03e,69,3,31,0,31
manifests,0c942846,2026-06-27 16:38:40+03:00,2026-06-27,16,5,Сб,2026-06,Автор 01,631db03e,69,1,4,0,4
manifests,73469f0b,2026-06-27 17:31:10+03:00,2026-06-27,17,5,Сб,2026-06,Автор 01,631db03e,76,1,3,0,3
manifests,85990a08,2026-06-27 18:48:31+03:00,2026-06-27,18,5,Сб,2026-06,Автор 01,631db03e,82,1,27,0,27
manifests,a1199402,2026-06-27 18:51:19+03:00,2026-06-27,18,5,Сб,2026-06,Автор 02,b8b80a1e,29,1,1,1,2
manifests,e68c5d9f,2026-06-27 19:06:10+03:00,2026-06-27,19,5,Сб,2026-06,Автор 02,b8b80a1e,27,1,1,1,2
manifests,2070a3ba,2026-06-27 19:17:29+03:00,2026-06-27,19,5,Сб,2026-06,Автор 01,631db03e,73,1,4,0,4
manifests,16258915,2026-06-27 19:21:36+03:00,2026-06-27,19,5,Сб,2026-06,Автор 01,631db03e,79,1,4,0,4
manifests,bb560f77,2026-06-28 10:57:39+03:00,2026-06-28,10,6,Вс,2026-06,Автор 02,b8b80a1e,29,1,1,1,2
manifests,f8c22adc,2026-06-28 13:20:08+03:00,2026-06-28,13,6,Вс,2026-06,Автор 01,631db03e,67,1,5,0,5
manifests,fdbcdb0b,2026-06-28 14:46:21+03:00,2026-06-28,14,6,Вс,2026-06,Автор 02,b8b80a1e,27,1,1,1,2
manifests,e9e068bd,2026-06-28 15:31:20+03:00,2026-06-28,15,6,Вс,2026-06,Автор 02,b8b80a1e,28,1,1,1,2
manifests,ebf6bad9,2026-06-29 10:22:34+03:00,2026-06-29,10,0,Пн,2026-06,Автор 01,631db03e,55,1,1,1,2
manifests,7b1cce2f,2026-06-29 10:23:40+03:00,2026-06-29,10,0,Пн,2026-06,Автор 01,631db03e,68,1,5,0,5
manifests,face2a23,2026-06-29 11:48:34+03:00,2026-06-29,11,0,Пн,2026-06,Автор 01,631db03e,55,2,0,10,10
manifests,2b616601,2026-06-29 17:18:06+03:00,2026-06-29,17,0,Пн,2026-06,Автор 02,b8b80a1e,29,1,1,1,2
manifests,d2dd4ac7,2026-07-01 10:15:06+03:00,2026-07-01,10,2,Ср,2026-07,Автор 02,b8b80a1e,33,1,1,1,2
manifests,771e5f29,2026-07-01 10:16:48+03:00,2026-07-01,10,2,Ср,2026-07,Автор 02,b8b80a1e,37,1,1,1,2
manifests,8002595c,2026-07-05 21:25:09+03:00,2026-07-05,21,6,Вс,2026-07,Автор 02,b8b80a1e,31,1,1,1,2
manifests,44c23790,2026-07-05 21:40:46+03:00,2026-07-05,21,6,Вс,2026-07,Автор 02,b8b80a1e,29,1,1,1,2
manifests,8c4bdd77,2026-07-06 21:48:13+03:00,2026-07-06,21,0,Пн,2026-07,Автор 02,b8b80a1e,31,1,1,1,2
manifests,0aaacd22,2026-07-06 21:49:17+03:00,2026-07-06,21,0,Пн,2026-07,Автор 02,b8b80a1e,29,1,1,1,2
manifests,a0687674,2026-07-12 10:45:36+03:00,2026-07-12,10,6,Вс,2026-07,Автор 01,631db03e,59,1,1,1,2
manifests,d4564993,2026-07-14 12:46:43+03:00,2026-07-14,12,1,Вт,2026-07,Автор 01,631db03e,70,1,122,0,122
manifests,68366505,2026-07-14 12:53:35+03:00,2026-07-14,12,1,Вт,2026-07,Автор 01,631db03e,68,1,30,10,40
manifests,af96b698,2026-07-14 12:56:07+03:00,2026-07-14,12,1,Вт,2026-07,Автор 01,631db03e,65,1,4,2,6
manifests,177209fb,2026-07-14 13:07:52+03:00,2026-07-14,13,1,Вт,2026-07,Автор 01,631db03e,67,1,18,0,18
manifests,c72a85d1,2026-07-14 13:22:07+03:00,2026-07-14,13,1,Вт,2026-07,Автор 01,631db03e,66,1,0,162,162
manifests,6ab18ee4,2026-07-14 13:22:30+03:00,2026-07-14,13,1,Вт,2026-07,Автор 01,631db03e,66,2,166,2,168
manifests,c7361804,2026-07-14 13:26:47+03:00,2026-07-14,13,1,Вт,2026-07,Автор 01,631db03e,81,1,7,0,7
manifests,83772f2c,2026-07-14 13:29:09+03:00,2026-07-14,13,1,Вт,2026-07,Автор 01,631db03e,61,1,3,7,10
manifests,ae359a6a,2026-07-14 13:32:51+03:00,2026-07-14,13,1,Вт,2026-07,Автор 01,631db03e,68,3,9,6,15
manifests,23fee82b,2026-07-14 14:18:39+03:00,2026-07-14,14,1,Вт,2026-07,Автор 01,631db03e,81,1,6,0,6
manifests,c81f37c4,2026-07-14 14:35:09+03:00,2026-07-14,14,1,Вт,2026-07,Автор 01,631db03e,77,1,1,1,2
manifests,3042a847,2026-07-14 14:54:31+03:00,2026-07-14,14,1,Вт,2026-07,Автор 01,631db03e,75,1,3,0,3
fitness,a7b52cf8,2026-07-24 14:39:52+03:00,2026-07-24,14,4,Пт,2026-07,Автор 01,631db03e,60,360,83764,0,83764
manifests,5276c021,2026-07-24 14:41:45+03:00,2026-07-24,14,4,Пт,2026-07,Автор 01,631db03e,26,4,85,0,85
fitness,9a8c87ab,2026-07-24 16:21:21+03:00,2026-07-24,16,4,Пт,2026-07,Автор 01,631db03e,82,10,236,5,241
fitness,86bc8ecd,2026-07-24 21:11:49+03:00,2026-07-24,21,4,Пт,2026-07,Автор 01,631db03e,92,9,374,37,411
fitness,815133ac,2026-07-24 21:35:30+03:00,2026-07-24,21,4,Пт,2026-07,Автор 01,631db03e,83,93,10288,18,10306
fitness,4f9cc214,2026-07-24 21:37:58+03:00,2026-07-24,21,4,Пт,2026-07,Автор 01,631db03e,70,3,66,17,83
fitness,c4930c96,2026-07-24 21:45:08+03:00,2026-07-24,21,4,Пт,2026-07,Автор 01,631db03e,77,7,195,16,211
fitness,e2b9b072,2026-07-24 21:50:26+03:00,2026-07-24,21,4,Пт,2026-07,Автор 01,631db03e,69,9,171,25,196
fitness,9bcc7e6f,2026-07-24 22:23:30+03:00,2026-07-24,22,4,Пт,2026-07,Автор 01,631db03e,79,42,670,65,735
fitness,3c13f470,2026-07-24 22:38:59+03:00,2026-07-24,22,4,Пт,2026-07,Автор 01,631db03e,94,41,6871,52,6923
fitness,9640639d,2026-07-24 22:39:30+03:00,2026-07-24,22,4,Пт,2026-07,Автор 01,631db03e,29,1,18,6,24
fitness,434c1d61,2026-07-24 22:48:06+03:00,2026-07-24,22,4,Пт,2026-07,Автор 01,631db03e,54,5,60,1,61
fitness,fce096c7,2026-07-24 23:31:52+03:00,2026-07-24,23,4,Пт,2026-07,Автор 01,631db03e,112,23,1290,58,1348
fitness,ebc18717,2026-07-24 23:53:33+03:00,2026-07-24,23,4,Пт,2026-07,Автор 01,631db03e,87,37,740,196,936
fitness,253e05c8,2026-07-24 23:55:41+03:00,2026-07-24,23,4,Пт,2026-07,Автор 01,631db03e,77,6,97,5,102
fitness,de362c0b,2026-07-24 23:59:05+03:00,2026-07-24,23,4,Пт,2026-07,Автор 01,631db03e,54,5,182,79,261
fitness,42d05c19,2026-07-25 00:03:31+03:00,2026-07-25,0,5,Сб,2026-07,Автор 01,631db03e,36,1,8,11,19
fitness,4e18d38e,2026-07-25 00:10:08+03:00,2026-07-25,0,5,Сб,2026-07,Автор 01,631db03e,59,7,186,34,220
fitness,a338bf5c,2026-07-25 00:16:36+03:00,2026-07-25,0,5,Сб,2026-07,Автор 01,631db03e,88,11,622,3,625
fitness,45294f06,2026-07-25 00:24:42+03:00,2026-07-25,0,5,Сб,2026-07,Автор 01,631db03e,64,1,88,0,88
fitness,54cd71a3,2026-07-25 00:58:31+03:00,2026-07-25,0,5,Сб,2026-07,Автор 01,631db03e,51,2,128,47,175
fitness,c11b2b6e,2026-07-25 01:00:30+03:00,2026-07-25,1,5,Сб,2026-07,Автор 01,631db03e,47,5,198,1,199
fitness,0e6e2b99,2026-07-25 01:02:36+03:00,2026-07-25,1,5,Сб,2026-07,Автор 01,631db03e,81,3,120,21,141
fitness,076aa02f,2026-07-25 01:02:58+03:00,2026-07-25,1,5,Сб,2026-07,Автор 01,631db03e,81,1,1,1,2
fitness,ae3cdb1f,2026-07-25 01:03:49+03:00,2026-07-25,1,5,Сб,2026-07,Автор 01,631db03e,52,1,11,5,16
fitness,948cc4fb,2026-07-25 01:05:06+03:00,2026-07-25,1,5,Сб,2026-07,Автор 01,631db03e,72,3,20,12,32
fitness,f90256f3,2026-07-25 01:06:58+03:00,2026-07-25,1,5,Сб,2026-07,Автор 01,631db03e,77,5,84,16,100
fitness,2061c89c,2026-07-25 01:10:40+03:00,2026-07-25,1,5,Сб,2026-07,Автор 01,631db03e,82,5,140,29,169
fitness,59fc38f6,2026-07-25 01:12:34+03:00,2026-07-25,1,5,Сб,2026-07,Автор 01,631db03e,76,4,129,13,142
fitness,40553a25,2026-07-25 11:29:11+03:00,2026-07-25,11,5,Сб,2026-07,Автор 01,631db03e,89,6,175,7,182
fitness,7166962b,2026-07-25 11:55:40+03:00,2026-07-25,11,5,Сб,2026-07,Автор 01,631db03e,53,3,86,0,86
fitness,448c9809,2026-07-25 12:00:16+03:00,2026-07-25,12,5,Сб,2026-07,Автор 01,631db03e,42,1,1,0,1
fitness,ef781923,2026-07-25 12:03:07+03:00,2026-07-25,12,5,Сб,2026-07,Автор 01,631db03e,37,1,2,1,3
fitness,2e480db0,2026-07-25 12:09:10+03:00,2026-07-25,12,5,Сб,2026-07,Автор 01,631db03e,71,4,5,87,92
manifests,4e25fa65,2026-07-25 12:14:11+03:00,2026-07-25,12,5,Сб,2026-07,Автор 01,631db03e,92,4,29,16,45
manifests,f8b621fe,2026-07-25 12:19:42+03:00,2026-07-25,12,5,Сб,2026-07,Автор 01,631db03e,53,2,47,9,56
fitness,1e9e2b4b,2026-07-25 12:21:52+03:00,2026-07-25,12,5,Сб,2026-07,Автор 01,631db03e,43,2,7,1,8
fitness,5770fb18,2026-07-25 12:27:50+03:00,2026-07-25,12,5,Сб,2026-07,Автор 01,631db03e,38,1,67,21,88
fitness,f41d358a,2026-07-25 12:29:09+03:00,2026-07-25,12,5,Сб,2026-07,Автор 01,631db03e,65,2,52,2,54
fitness,9640c7ff,2026-07-25 12:45:14+03:00,2026-07-25,12,5,Сб,2026-07,Автор 01,631db03e,59,3,53,28,81
fitness,d5699730,2026-07-25 12:52:21+03:00,2026-07-25,12,5,Сб,2026-07,Автор 01,631db03e,112,7,199,38,237
fitness,e09dbef2,2026-07-25 12:52:57+03:00,2026-07-25,12,5,Сб,2026-07,Автор 01,631db03e,45,1,12,3,15
fitness,7f97e469,2026-07-25 12:57:28+03:00,2026-07-25,12,5,Сб,2026-07,Автор 01,631db03e,68,2,171,7,178
fitness,d5cf0774,2026-07-25 12:59:22+03:00,2026-07-25,12,5,Сб,2026-07,Автор 01,631db03e,48,3,132,5,137
fitness,70b3f05c,2026-07-25 13:20:12+03:00,2026-07-25,13,5,Сб,2026-07,Автор 01,631db03e,56,8,226,4,230
manifests,312053aa,2026-07-25 13:20:38+03:00,2026-07-25,13,5,Сб,2026-07,Автор 01,631db03e,55,3,98,0,98
fitness,9fc687ab,2026-07-25 13:22:27+03:00,2026-07-25,13,5,Сб,2026-07,Автор 01,631db03e,29,1,59,0,59
fitness,26e02a9f,2026-07-25 13:34:41+03:00,2026-07-25,13,5,Сб,2026-07,Автор 01,631db03e,64,3,102,81,183
fitness,56776bf0,2026-07-25 13:47:09+03:00,2026-07-25,13,5,Сб,2026-07,Автор 01,631db03e,76,4,41,6,47
fitness,573f60f4,2026-07-25 14:06:27+03:00,2026-07-25,14,5,Сб,2026-07,Автор 01,631db03e,102,8,170,31,201
fitness,0f3f0a7f,2026-07-25 15:18:03+03:00,2026-07-25,15,5,Сб,2026-07,Автор 01,631db03e,64,4,311,204,515
fitness,f5ce0749,2026-07-25 15:27:11+03:00,2026-07-25,15,5,Сб,2026-07,Автор 01,631db03e,21,1,3,0,3
fitness,4a9d855f,2026-07-25 18:55:53+03:00,2026-07-25,18,5,Сб,2026-07,Автор 01,631db03e,40,1,8,4,12
fitness,fa65a245,2026-07-25 19:00:53+03:00,2026-07-25,19,5,Сб,2026-07,Автор 01,631db03e,65,2,6,1,7
fitness,49ea6f24,2026-07-25 19:12:53+03:00,2026-07-25,19,5,Сб,2026-07,Автор 01,631db03e,16,1,12,0,12
fitness,4c0b32b1,2026-07-25 19:15:08+03:00,2026-07-25,19,5,Сб,2026-07,Автор 01,631db03e,76,3,53,63,116
fitness,0ca0467e,2026-07-25 19:23:22+03:00,2026-07-25,19,5,Сб,2026-07,Автор 01,631db03e,63,3,76,10,86
fitness,655a66c5,2026-07-25 22:41:03+03:00,2026-07-25,22,5,Сб,2026-07,Автор 01,631db03e,70,3,52,5,57
fitness,f582585b,2026-07-26 23:04:35+03:00,2026-07-26,23,6,Вс,2026-07,Автор 01,631db03e,99,5,133,12,145
fitness,7a698f94,2026-07-28 14:57:59+03:00,2026-07-28,14,1,Вт,2026-07,Автор 01,631db03e,75,3,93,8,101
fitness,c8f8e021,2026-07-29 11:01:10+03:00,2026-07-29,11,2,Ср,2026-07,Автор 01,631db03e,46,2,63,8,71
fitness,3a82bea4,2026-07-29 11:01:17+03:00,2026-07-29,11,2,Ср,2026-07,Автор 01,631db03e,37,3,193,25,218
fitness,a9c87abf,2026-07-29 11:01:17+03:00,2026-07-29,11,2,Ср,2026-07,Автор 01,631db03e,60,5,117,7,124
fitness,5388b227,2026-07-29 11:17:28+03:00,2026-07-29,11,2,Ср,2026-07,Автор 01,631db03e,57,6,439,1,440
fitness,11eb9cf5,2026-07-29 11:27:59+03:00,2026-07-29,11,2,Ср,2026-07,Автор 01,631db03e,53,3,225,1,226
fitness,0446a664,2026-07-29 11:37:14+03:00,2026-07-29,11,2,Ср,2026-07,Автор 01,631db03e,41,6,146,21,167
fitness,c08f51ce,2026-07-29 11:40:30+03:00,2026-07-29,11,2,Ср,2026-07,Автор 01,631db03e,62,4,321,17,338
fitness,f9c62bca,2026-07-29 11:49:07+03:00,2026-07-29,11,2,Ср,2026-07,Автор 01,631db03e,43,2,13,3,16
fitness,dc1d5325,2026-07-29 11:53:48+03:00,2026-07-29,11,2,Ср,2026-07,Автор 01,631db03e,45,5,84,4,88
fitness,12a3c891,2026-07-29 11:53:48+03:00,2026-07-29,11,2,Ср,2026-07,Автор 01,631db03e,33,2,61,6,67
fitness,e7c3e52f,2026-07-29 12:04:52+03:00,2026-07-29,12,2,Ср,2026-07,Автор 01,631db03e,49,5,123,9,132
fitness,02675da9,2026-07-29 13:23:19+03:00,2026-07-29,13,2,Ср,2026-07,Автор 01,631db03e,39,10,371,19,390
fitness,ccce9a09,2026-07-29 13:24:48+03:00,2026-07-29,13,2,Ср,2026-07,Автор 01,631db03e,45,1,2,1,3
fitness,a317060c,2026-07-29 13:29:20+03:00,2026-07-29,13,2,Ср,2026-07,Автор 01,631db03e,63,6,289,10,299
fitness,11c9cc31,2026-07-29 13:42:15+03:00,2026-07-29,13,2,Ср,2026-07,Автор 01,631db03e,51,5,69,7,76
fitness,44ef129f,2026-07-29 13:46:57+03:00,2026-07-29,13,2,Ср,2026-07,Автор 01,631db03e,76,7,221,5,226
fitness,3afb9870,2026-07-29 14:00:49+03:00,2026-07-29,14,2,Ср,2026-07,Автор 01,631db03e,45,6,215,1,216
fitness,4a893e47,2026-07-29 14:02:56+03:00,2026-07-29,14,2,Ср,2026-07,Автор 01,631db03e,47,2,24,0,24
fitness,dbcbf62b,2026-07-29 14:07:34+03:00,2026-07-29,14,2,Ср,2026-07,Автор 01,631db03e,50,5,79,15,94
fitness,1291bb89,2026-07-29 14:15:07+03:00,2026-07-29,14,2,Ср,2026-07,Автор 01,631db03e,57,5,352,14,366
fitness,89f91670,2026-07-29 14:53:36+03:00,2026-07-29,14,2,Ср,2026-07,Автор 01,631db03e,44,7,190,15,205
fitness,53926139,2026-07-29 15:06:12+03:00,2026-07-29,15,2,Ср,2026-07,Автор 01,631db03e,45,4,49,1,50
fitness,0f7ac4a4,2026-07-29 15:18:28+03:00,2026-07-29,15,2,Ср,2026-07,Автор 01,631db03e,53,4,103,1,104
fitness,78d11040,2026-07-29 15:31:07+03:00,2026-07-29,15,2,Ср,2026-07,Автор 01,631db03e,51,2,40,8,48
fitness,9438667f,2026-07-29 15:43:29+03:00,2026-07-29,15,2,Ср,2026-07,Автор 01,631db03e,47,4,28,7,35
fitness,bc810c69,2026-07-29 15:55:32+03:00,2026-07-29,15,2,Ср,2026-07,Автор 01,631db03e,52,4,256,1,257
fitness,b8009baa,2026-07-29 16:28:53+03:00,2026-07-29,16,2,Ср,2026-07,Автор 01,631db03e,41,3,100,29,129
fitness,861dc226,2026-07-30 11:42:04+03:00,2026-07-30,11,3,Чт,2026-07,Автор 01,631db03e,52,2,225,1,226
fitness,b4022b66,2026-07-30 11:47:32+03:00,2026-07-30,11,3,Чт,2026-07,Автор 01,631db03e,59,3,115,0,115
fitness,9d5865f8,2026-07-30 11:56:55+03:00,2026-07-30,11,3,Чт,2026-07,Автор 01,631db03e,58,7,325,5,330
fitness,6e66e96c,2026-07-30 12:02:07+03:00,2026-07-30,12,3,Чт,2026-07,Автор 01,631db03e,53,2,34,3,37
fitness,e60e70c9,2026-07-30 12:08:55+03:00,2026-07-30,12,3,Чт,2026-07,Автор 01,631db03e,64,6,411,14,425
fitness,b6c7e781,2026-07-30 14:51:09+03:00,2026-07-30,14,3,Чт,2026-07,Автор 01,631db03e,68,5,265,14,279
fitness,8c599b49,2026-07-30 15:20:59+03:00,2026-07-30,15,3,Чт,2026-07,Автор 01,631db03e,52,6,346,12,358
manifests,3987aac3,2026-08-12 11:48:24+03:00,2026-08-12,11,2,Ср,2026-08,Автор 01,631db03e,49,9,9,9,18
manifests,36eca066,2026-08-22 16:05:23+03:00,2026-08-22,16,5,Сб,2026-08,Автор 01,631db03e,61,5,258,0,258
manifests,b3078e17,2026-08-22 16:08:12+03:00,2026-08-22,16,5,Сб,2026-08,Автор 01,631db03e,55,1,4,0,4
mmo,c3316e51,2026-08-30 21:02:58+03:00,2026-08-30,21,6,Вс,2026-08,Автор 09,ea54eae8,58,21,133920,0,133920
fitness,813b3356,2026-08-31 18:28:28+03:00,2026-08-31,18,0,Пн,2026-08,Автор 01,631db03e,56,8,303,7,310
fitness,0e5ee634,2026-09-09 10:57:47+03:00,2026-09-09,10,2,Ср,2026-09,Автор 01,631db03e,43,1,4,2,6
fitness,fb56035f,2026-09-09 10:59:51+03:00,2026-09-09,10,2,Ср,2026-09,Автор 01,631db03e,48,4,1641,0,1641
fitness,9fca54a9,2026-09-09 11:11:13+03:00,2026-09-09,11,2,Ср,2026-09,Автор 01,631db03e,45,3,70,2,72
fitness,fa777d18,2026-09-09 11:14:03+03:00,2026-09-09,11,2,Ср,2026-09,Автор 01,631db03e,55,5,70,9,79
fitness,26a64e5c,2026-09-09 13:45:56+03:00,2026-09-09,13,2,Ср,2026-09,Автор 01,631db03e,39,2,321,0,321
fitness,d5199213,2026-09-09 14:21:56+03:00,2026-09-09,14,2,Ср,2026-09,Автор 01,631db03e,62,1,139,3,142
fitness,36892ab0,2026-09-09 14:32:18+03:00,2026-09-09,14,2,Ср,2026-09,Автор 01,631db03e,47,2,438,0,438
fitness,f8c305c2,2026-09-09 15:08:49+03:00,2026-09-09,15,2,Ср,2026-09,Автор 01,631db03e,89,17,1196,120,1316
fitness,7d1a3d2a,2026-09-09 16:50:55+03:00,2026-09-09,16,2,Ср,2026-09,Автор 01,631db03e,64,1,4,1,5
fitness,f9fd3770,2026-09-09 17:33:08+03:00,2026-09-09,17,2,Ср,2026-09,Автор 01,631db03e,64,3,99,14,113
fitness,3e81f090,2026-09-09 17:57:47+03:00,2026-09-09,17,2,Ср,2026-09,Автор 01,631db03e,52,9,333,6,339
manifests,081f6574,2026-09-09 18:02:29+03:00,2026-09-09,18,2,Ср,2026-09,Автор 01,631db03e,41,1,22,0,22
manifests,334e3ae1,2026-09-09 18:12:08+03:00,2026-09-09,18,2,Ср,2026-09,Автор 01,631db03e,61,1,6,1,7
fitness,3d051567,2026-09-09 18:13:13+03:00,2026-09-09,18,2,Ср,2026-09,Автор 01,631db03e,54,1,7,2,9
fitness,2d1be4c8,2026-09-09 18:30:58+03:00,2026-09-09,18,2,Ср,2026-09,Автор 01,631db03e,69,35,3274,0,3274
fitness,f642e262,2026-09-09 18:40:41+03:00,2026-09-09,18,2,Ср,2026-09,Автор 01,631db03e,71,6,117,46,163
fitness,ea9a0f36,2026-09-10 20:47:17+03:00,2026-09-10,20,3,Чт,2026-09,Автор 01,631db03e,53,4,75,5,80
fitness,ec63e8c9,2026-09-10 21:26:03+03:00,2026-09-10,21,3,Чт,2026-09,Автор 01,631db03e,87,4,128,163,291
fitness,a71b13db,2026-09-10 22:38:16+03:00,2026-09-10,22,3,Чт,2026-09,Автор 01,631db03e,77,5,607,40,647
fitness,d535dab1,2026-09-10 22:44:49+03:00,2026-09-10,22,3,Чт,2026-09,Автор 01,631db03e,50,6,126,10,136
fitness,63dc47e5,2026-09-10 22:51:12+03:00,2026-09-10,22,3,Чт,2026-09,Автор 01,631db03e,68,8,277,7,284
fitness,8f51e7e0,2026-09-10 22:55:40+03:00,2026-09-10,22,3,Чт,2026-09,Автор 01,631db03e,49,3,83,1,84
fitness,3f2fa335,2026-09-10 22:57:42+03:00,2026-09-10,22,3,Чт,2026-09,Автор 01,631db03e,45,3,79,5,84
fitness,c31c6ef8,2026-09-10 22:59:42+03:00,2026-09-10,22,3,Чт,2026-09,Автор 01,631db03e,51,3,75,0,75
fitness,4a897d65,2026-09-10 23:12:02+03:00,2026-09-10,23,3,Чт,2026-09,Автор 01,631db03e,35,3,40,3,43
fitness,2616e984,2026-09-10 23:21:17+03:00,2026-09-10,23,3,Чт,2026-09,Автор 01,631db03e,60,11,488,3,491
fitness,fcc88c72,2026-09-10 23:24:37+03:00,2026-09-10,23,3,Чт,2026-09,Автор 01,631db03e,54,4,44,7,51
fitness,c6bbafc9,2026-09-10 23:28:47+03:00,2026-09-10,23,3,Чт,2026-09,Автор 01,631db03e,37,4,183,4,187
manifests,26a3f8d7,2026-09-10 23:29:15+03:00,2026-09-10,23,3,Чт,2026-09,Автор 09,ea54eae8,40,1,5,2,7
fitness,73d30450,2026-09-10 23:35:53+03:00,2026-09-10,23,3,Чт,2026-09,Автор 01,631db03e,52,4,100,12,112
fitness,bebf8304,2026-09-10 23:39:03+03:00,2026-09-10,23,3,Чт,2026-09,Автор 01,631db03e,40,3,63,1,64
fitness,e6dce603,2026-09-10 23:43:39+03:00,2026-09-10,23,3,Чт,2026-09,Автор 01,631db03e,53,5,121,0,121
fitness,0abcfef4,2026-09-10 23:48:14+03:00,2026-09-10,23,3,Чт,2026-09,Автор 01,631db03e,45,5,208,8,216
fitness,fa38741c,2026-09-10 23:53:33+03:00,2026-09-10,23,3,Чт,2026-09,Автор 01,631db03e,54,5,174,7,181
fitness,d8e13f15,2026-09-11 00:06:52+03:00,2026-09-11,0,4,Пт,2026-09,Автор 01,631db03e,38,3,92,3,95
manifests,3ec21e19,2026-09-11 00:15:22+03:00,2026-09-11,0,4,Пт,2026-09,Автор 09,ea54eae8,49,1,11,0,11
fitness,33277d1e,2026-09-11 00:15:22+03:00,2026-09-11,0,4,Пт,2026-09,Автор 01,631db03e,54,3,22,0,22
fitness,7e90cbf8,2026-09-11 00:17:57+03:00,2026-09-11,0,4,Пт,2026-09,Автор 01,631db03e,52,1,103,0,103
fitness,e6f6a66e,2026-09-11 00:32:20+03:00,2026-09-11,0,4,Пт,2026-09,Автор 01,631db03e,75,1,13,2,15
fitness,88d156ab,2026-09-11 10:21:04+03:00,2026-09-11,10,4,Пт,2026-09,Автор 01,631db03e,61,5,196,22,218
fitness,61ab6c97,2026-09-11 12:06:22+03:00,2026-09-11,12,4,Пт,2026-09,Автор 01,631db03e,49,5,201,13,214
fitness,c60a76f9,2026-09-11 12:26:48+03:00,2026-09-11,12,4,Пт,2026-09,Автор 01,631db03e,56,6,262,13,275
fitness,4a627daf,2026-09-11 12:38:27+03:00,2026-09-11,12,4,Пт,2026-09,Автор 01,631db03e,38,9,477,6,483
manifests,33bf6052,2026-09-11 12:38:35+03:00,2026-09-11,12,4,Пт,2026-09,Автор 09,ea54eae8,38,1,2,0,2
fitness,91011759,2026-09-11 12:38:41+03:00,2026-09-11,12,4,Пт,2026-09,Автор 01,631db03e,33,1,2,0,2
fitness,ec2aea4c,2026-09-11 13:03:55+03:00,2026-09-11,13,4,Пт,2026-09,Автор 01,631db03e,54,1,160,0,160
fitness,23748cb5,2026-09-11 13:07:16+03:00,2026-09-11,13,4,Пт,2026-09,Автор 01,631db03e,61,5,138,5,143
fitness,d0439a3c,2026-09-11 13:26:31+03:00,2026-09-11,13,4,Пт,2026-09,Автор 01,631db03e,63,8,356,2,358
fitness,c860ae7e,2026-09-11 13:52:03+03:00,2026-09-11,13,4,Пт,2026-09,Автор 01,631db03e,29,5,178,12,190
fitness,e3b4b87d,2026-09-11 14:03:38+03:00,2026-09-11,14,4,Пт,2026-09,Автор 01,631db03e,73,1,42,0,42
fitness,5e32b132,2026-09-11 14:30:04+03:00,2026-09-11,14,4,Пт,2026-09,Автор 01,631db03e,26,4,276,10,286
fitness,19a1707b,2026-09-11 14:50:31+03:00,2026-09-11,14,4,Пт,2026-09,Автор 01,631db03e,53,4,82,0,82
fitness,416f6c44,2026-09-11 16:20:08+03:00,2026-09-11,16,4,Пт,2026-09,Автор 01,631db03e,52,1,25,3,28
fitness,9b6b08e0,2026-09-11 16:22:01+03:00,2026-09-11,16,4,Пт,2026-09,Автор 01,631db03e,67,1,5,2,7
fitness,85096f48,2026-09-12 05:19:02+03:00,2026-09-12,5,5,Сб,2026-09,Автор 01,631db03e,42,1,31,8,39
fitness,676ec068,2026-09-12 14:57:36+03:00,2026-09-12,14,5,Сб,2026-09,Автор 01,631db03e,69,6,239,1,240
fitness,1de123dd,2026-09-12 15:07:37+03:00,2026-09-12,15,5,Сб,2026-09,Автор 01,631db03e,40,2,83,8,91
fitness,266df29b,2026-09-12 20:52:07+03:00,2026-09-12,20,5,Сб,2026-09,Автор 01,631db03e,43,3,123,5,128
fitness,b7ec914d,2026-09-13 07:28:46+03:00,2026-09-13,7,6,Вс,2026-09,Автор 01,631db03e,51,1,31,31,62
fitness,6e50c3d7,2026-09-13 09:04:56+03:00,2026-09-13,9,6,Вс,2026-09,Автор 01,631db03e,57,1,14,0,14
fitness,ecff63b3,2026-09-13 09:33:48+03:00,2026-09-13,9,6,Вс,2026-09,Автор 01,631db03e,61,1,31,0,31
fitness,e826a31b,2026-09-13 12:06:25+03:00,2026-09-13,12,6,Вс,2026-09,Автор 01,631db03e,44,4,112,0,112
fitness,7aeb8994,2026-09-13 12:18:39+03:00,2026-09-13,12,6,Вс,2026-09,Автор 01,631db03e,41,1,13,2,15
fitness,9cfec477,2026-09-13 18:38:25+03:00,2026-09-13,18,6,Вс,2026-09,Автор 01,631db03e,37,5,113,16,129
fitness,836754a6,2026-09-14 10:02:08+03:00,2026-09-14,10,0,Пн,2026-09,Автор 01,631db03e,45,1,18,6,24
fitness,b8f6199d,2026-09-15 10:49:09+03:00,2026-09-15,10,1,Вт,2026-09,Автор 01,631db03e,62,12,519,15,534
mmo,db7eca35,2026-09-25 18:36:20+03:00,2026-09-25,18,4,Пт,2026-09,Автор 09,ea54eae8,49,45,4557,4033,8590
mmo,1cc7566b,2026-09-25 19:32:20+03:00,2026-09-25,19,4,Пт,2026-09,Автор 09,ea54eae8,49,45,27233,0,27233
mmo,6d559507,2026-09-28 14:10:58+03:00,2026-09-28,14,0,Пн,2026-09,Автор 09,ea54eae8,51,44,11573,0,11573
mmo,887061ed,2026-09-28 14:19:58+03:00,2026-09-28,14,0,Пн,2026-09,Автор 09,ea54eae8,48,27,14287,0,14287
