id,group,created_at,pushed_at,language,size_kb,stars,forks,open_issues,has_license,desc_len,topics,owner_org,has_pages,active_days
1030007020,ordinary,2025-08-01 00:08:15+00:00,2025-08-17 11:46:31+00:00,Haskell,15,3,1,0,True,0,0,False,False,16
1030015025,popular,2025-08-01 00:36:20+00:00,2025-08-01 08:39:27+00:00,Java,74,82,8,0,True,100,0,False,False,0
1030015889,popular,2025-08-01 00:39:22+00:00,2025-08-18 04:44:59+00:00,Zig,146,122,6,0,True,45,0,False,False,17
1030016189,ordinary,2025-08-01 00:40:23+00:00,2025-08-01 00:44:56+00:00,Python,27,3,3,0,False,0,0,False,False,0
1030017631,popular,2025-08-01 00:45:35+00:00,2025-10-01 10:54:21+00:00,C++,55,121,15,5,False,29,14,False,False,61
1030021129,popular,2025-08-01 00:58:17+00:00,2025-08-06 19:48:35+00:00,TypeScript,79683,84,36,0,False,0,0,False,False,5
1030023069,ordinary,2025-08-01 01:05:11+00:00,2025-10-12 14:32:35+00:00,HTML,1033,3,0,0,False,340,10,False,False,72
1030024989,ordinary,2025-08-01 01:11:14+00:00,2025-09-18 19:34:28+00:00,Java,66,3,153,0,False,0,0,True,False,48
1030027975,ordinary,2025-08-01 01:21:51+00:00,2026-01-27 21:12:56+00:00,не указан,55,3,1,1,True,0,0,False,False,179
1030032200,popular,2025-08-01 01:36:39+00:00,2026-09-28 01:38:54+00:00,Kotlin,9143,279,62,4,True,72,20,False,True,423
1030035039,ordinary,2025-08-01 01:45:40+00:00,2025-08-01 02:01:36+00:00,HTML,12,3,0,0,True,43,0,False,True,0
1030035246,ordinary,2025-08-01 01:46:14+00:00,2025-08-01 17:27:47+00:00,не указан,25,3,0,0,False,103,0,False,False,0
1030036185,popular,2025-08-01 01:49:18+00:00,2026-04-29 07:47:14+00:00,Python,2804,532,56,3,True,100,2,True,False,271
1030037255,ordinary,2025-08-01 01:52:54+00:00,2025-08-20 14:28:25+00:00,Python,715,3,0,0,True,81,0,False,False,19
1030039430,popular,2025-08-01 02:00:02+00:00,2026-09-26 19:16:23+00:00,TypeScript,51359,343,54,1,True,152,20,True,False,421
1030041406,ordinary,2025-08-01 02:06:45+00:00,2025-09-13 16:18:01+00:00,C#,15,3,1,0,True,0,0,False,False,43
1030044885,popular,2025-08-01 02:17:21+00:00,2026-08-01 04:15:51+00:00,Python,11581,1035,26,3,False,105,0,False,False,365
1030045984,popular,2025-08-01 02:20:55+00:00,2025-08-31 12:41:50+00:00,Python,23718,431,55,0,False,48,0,False,False,30
1030050446,ordinary,2025-08-01 02:34:39+00:00,2025-08-01 02:46:17+00:00,Python,3187,3,1,0,False,0,0,False,False,0
1030052061,popular,2025-08-01 02:39:46+00:00,2026-09-28 00:31:51+00:00,TypeScript,5680,74,9,6,True,85,0,False,False,422
1030058729,popular,2025-08-01 02:59:35+00:00,2026-09-12 00:59:36+00:00,Java,33784,142,9,15,True,29,7,False,True,406
1030059843,popular,2025-08-01 03:03:01+00:00,2026-07-11 04:13:06+00:00,TypeScript,419,185,16,0,False,324,15,False,True,344
1030063286,ordinary,2025-08-01 03:13:36+00:00,2025-08-01 03:13:53+00:00,Lean,37,3,0,0,False,0,0,False,False,0
1030063721,ordinary,2025-08-01 03:14:57+00:00,2025-08-07 15:13:45+00:00,Python,2901,3,0,0,True,116,0,False,False,6
1030064047,ordinary,2025-08-01 03:16:01+00:00,2026-07-06 12:32:32+00:00,Python,262,3,0,2,True,64,0,True,False,339
1030065887,popular,2025-08-01 03:21:55+00:00,2026-03-01 03:23:58+00:00,Python,1686,110,22,6,False,99,0,False,False,212
1030067386,popular,2025-08-01 03:26:35+00:00,2026-09-16 05:51:58+00:00,Python,1851273,200,29,2,True,76,0,True,True,411
1030071847,ordinary,2025-08-01 03:40:17+00:00,2025-08-01 08:25:27+00:00,Python,38227,3,0,1,True,160,0,False,False,0
1030074062,popular,2025-08-01 03:46:51+00:00,2025-11-07 13:57:24+00:00,Batchfile,1393,173,31,1,True,93,0,False,False,98
1030078491,ordinary,2025-08-01 04:00:50+00:00,2026-09-28 04:03:37+00:00,не указан,17,3,0,0,False,0,0,False,False,423
1030081398,ordinary,2025-08-01 04:09:30+00:00,2025-08-15 15:19:15+00:00,HTML,2350,3,0,0,True,99,0,True,False,14
1030086680,ordinary,2025-08-01 04:25:03+00:00,2026-06-04 14:40:59+00:00,Python,52897,3,0,0,True,0,0,False,False,307
1030087007,ordinary,2025-08-01 04:26:00+00:00,2025-08-04 07:41:36+00:00,TypeScript,633,3,0,0,False,38,0,False,False,3
1030087570,ordinary,2025-08-01 04:27:39+00:00,2025-09-24 04:32:35+00:00,TypeScript,2649,3,0,0,False,0,0,False,False,54
1030089634,ordinary,2025-08-01 04:33:38+00:00,2026-04-08 06:11:34+00:00,TypeScript,3142,3,1,0,False,50,0,False,False,250
1030094139,ordinary,2025-08-01 04:46:15+00:00,2026-02-20 12:36:43+00:00,HTML,5618,3,0,0,False,195,0,False,False,203
1030098874,ordinary,2025-08-01 04:59:23+00:00,2025-08-03 23:13:29+00:00,Python,56,3,1,0,True,88,0,False,False,2
1030099759,ordinary,2025-08-01 05:01:46+00:00,2026-05-14 12:10:02+00:00,TypeScript,1799,3,2,0,False,0,0,True,False,286
1030100176,ordinary,2025-08-01 05:02:54+00:00,2025-08-01 05:11:10+00:00,Python,18,3,1,0,False,228,0,False,False,0
1030103948,ordinary,2025-08-01 05:13:18+00:00,2025-08-04 13:43:15+00:00,не указан,89,3,0,0,False,0,0,False,False,3
1030104107,ordinary,2025-08-01 05:13:42+00:00,2026-07-14 14:03:19+00:00,Python,1391,3,0,0,True,78,6,False,True,347
1030107005,popular,2025-08-01 05:21:51+00:00,2026-05-09 05:11:22+00:00,TypeScript,44219,74,30,2,True,75,0,False,False,280
1030108676,popular,2025-08-01 05:26:18+00:00,2026-09-14 19:09:40+00:00,не указан,629,156,18,3,False,18,0,False,False,409
1030116509,popular,2025-08-01 05:45:40+00:00,2026-07-10 00:39:22+00:00,не указан,176,84,20,0,True,133,15,False,False,342
1030116744,ordinary,2025-08-01 05:46:13+00:00,2025-08-01 06:09:02+00:00,не указан,1,3,0,0,False,0,0,False,False,0
1030116785,popular,2025-08-01 05:46:18+00:00,2026-07-21 01:12:00+00:00,Python,33897,109,22,42,True,41,0,True,False,353
1030119066,ordinary,2025-08-01 05:51:38+00:00,2025-08-01 05:53:22+00:00,Haskell,175,3,0,0,True,61,0,False,False,0
1030122009,ordinary,2025-08-01 05:58:10+00:00,2025-08-01 05:58:38+00:00,PHP,57,3,1,0,False,133,0,False,False,0
1030139536,ordinary,2025-08-01 06:37:03+00:00,2025-09-12 16:34:05+00:00,HTML,14515,3,0,2,False,0,0,False,False,42
1030142001,popular,2025-08-01 06:42:20+00:00,2025-08-01 09:08:22+00:00,не указан,122,162,38,1,True,163,5,False,False,0
1030159628,popular,2025-08-01 07:20:21+00:00,2026-09-21 09:34:53+00:00,Python,3974,86,35,0,True,245,4,False,False,416
1030163385,ordinary,2025-08-01 07:28:23+00:00,2026-02-23 05:57:04+00:00,TypeScript,6867,3,1,16,False,38,0,True,True,205
1030164221,popular,2025-08-01 07:30:13+00:00,2025-08-19 01:03:03+00:00,JavaScript,135,196,56,1,False,79,0,False,False,17
1030165982,popular,2025-08-01 07:33:50+00:00,2026-06-04 12:00:39+00:00,Python,117,184,47,5,True,141,0,True,False,307
1030175563,popular,2025-08-01 07:53:37+00:00,2025-11-22 13:44:45+00:00,Python,26,130,107,2,False,46,0,False,False,113
1030187131,popular,2025-08-01 08:18:12+00:00,2026-09-25 04:06:20+00:00,HTML,507,75,31,3,True,108,12,False,False,419
1030187581,popular,2025-08-01 08:19:12+00:00,2026-09-12 08:53:33+00:00,не указан,1205,73,6,1,False,121,0,True,False,407
1030188488,ordinary,2025-08-01 08:21:06+00:00,2026-09-01 01:10:33+00:00,C,132,3,0,0,True,0,0,False,False,395
1030196213,popular,2025-08-01 08:38:00+00:00,2026-08-07 03:17:45+00:00,не указан,60,84,19,3,True,26,0,False,False,370
1030196451,ordinary,2025-08-01 08:38:29+00:00,2025-11-11 13:10:37+00:00,JavaScript,3151,3,0,0,False,57,0,False,False,102
1030199852,ordinary,2025-08-01 08:45:11+00:00,2026-09-08 05:55:26+00:00,Python,32706,3,0,0,False,72,14,False,False,402
1030203869,popular,2025-08-01 08:53:12+00:00,2025-12-05 02:52:18+00:00,не указан,76,82,6,1,False,172,20,True,False,125
1030204269,ordinary,2025-08-01 08:54:03+00:00,2025-10-13 07:58:51+00:00,JavaScript,10423,3,4,0,False,229,1,False,False,72
1030204365,popular,2025-08-01 08:54:16+00:00,2026-09-28 08:01:59+00:00,TypeScript,49448,67,9,4,True,42,18,False,True,422
1030205092,popular,2025-08-01 08:55:45+00:00,2025-08-01 09:00:04+00:00,Java,44,80,8,0,True,96,0,False,False,0
1030206189,popular,2025-08-01 08:58:02+00:00,2025-08-06 03:09:46+00:00,TypeScript,1878,92,13,9,True,118,0,False,False,4
1030218189,ordinary,2025-08-01 09:21:47+00:00,2025-08-03 21:45:12+00:00,C,761,3,0,0,True,79,8,False,False,2
1030220386,ordinary,2025-08-01 09:26:06+00:00,2026-03-26 10:59:11+00:00,PowerShell,19,3,1,0,False,55,0,False,False,237
1030222449,popular,2025-08-01 09:30:06+00:00,2025-08-25 14:11:49+00:00,Python,11478,64,3,0,True,36,0,True,False,24
1030223945,ordinary,2025-08-01 09:33:08+00:00,2026-06-19 12:58:02+00:00,Dart,26315,3,1,0,True,72,3,True,False,322
1030234097,ordinary,2025-08-01 09:52:53+00:00,2025-08-01 10:02:59+00:00,Python,10,3,0,0,False,26,0,False,False,0
1030236258,popular,2025-08-01 09:57:20+00:00,2026-09-27 20:06:00+00:00,Go,1619,122,11,2,True,46,0,True,False,422
1030237214,popular,2025-08-01 09:59:09+00:00,2026-07-25 15:46:37+00:00,не указан,323,443,46,2,False,59,0,False,True,358
1030238616,popular,2025-08-01 10:01:54+00:00,2025-08-03 09:56:14+00:00,Python,236,86,20,41,True,168,0,False,False,1
1030246194,popular,2025-08-01 10:16:41+00:00,2026-08-22 13:39:47+00:00,PowerShell,105,111,14,0,True,116,0,False,False,386
1030246358,popular,2025-08-01 10:17:02+00:00,2025-08-07 19:47:28+00:00,1C Enterprise,1695,61,5,0,True,228,0,False,False,6
1030248315,ordinary,2025-08-01 10:20:54+00:00,2025-12-17 07:11:29+00:00,TypeScript,868,3,0,0,True,35,0,False,True,137
1030248628,ordinary,2025-08-01 10:21:34+00:00,2026-05-29 22:15:56+00:00,Python,44,3,0,0,True,151,20,False,False,301
1030251938,popular,2025-08-01 10:28:14+00:00,2026-09-27 22:25:42+00:00,JavaScript,26508,2138,225,1,True,298,4,False,False,422
1030252937,popular,2025-08-01 10:30:07+00:00,2025-09-03 10:50:55+00:00,Python,1781,65,14,3,True,12,0,False,False,33
1030256233,ordinary,2025-08-01 10:36:56+00:00,2026-08-22 11:31:26+00:00,CSS,93,3,0,0,False,166,0,False,True,386
1030257374,ordinary,2025-08-01 10:39:12+00:00,2025-10-12 21:23:40+00:00,Dockerfile,1046,3,0,0,False,70,0,False,False,72
1030260733,popular,2025-08-01 10:45:59+00:00,2025-08-01 10:54:39+00:00,Python,3234,78,9,0,True,290,0,False,False,0
1030266526,ordinary,2025-08-01 10:57:50+00:00,2025-12-12 12:41:33+00:00,CSS,1745,3,1,0,True,15,0,False,False,133
1030273419,popular,2025-08-01 11:12:17+00:00,2025-08-02 21:11:36+00:00,TypeScript,366,187,10,0,True,28,0,False,False,1
1030277305,popular,2025-08-01 11:20:30+00:00,2025-08-02 08:08:12+00:00,Jupyter Notebook,152450,77,5,2,False,128,0,False,False,0
1030279691,popular,2025-08-01 11:25:21+00:00,2026-01-02 03:22:54+00:00,Python,2591,203,32,0,True,60,0,False,False,153
1030281840,popular,2025-08-01 11:30:01+00:00,2026-01-28 03:37:36+00:00,Python,19454,299,22,2,False,61,0,False,False,179
1030285782,ordinary,2025-08-01 11:38:19+00:00,2026-03-22 22:23:11+00:00,Go,2799,3,1,1,False,88,0,True,False,233
1030289984,ordinary,2025-08-01 11:46:54+00:00,2025-09-28 22:41:41+00:00,Rust,37,3,2,0,False,216,6,False,False,58
1030291870,popular,2025-08-01 11:50:40+00:00,2026-07-02 03:07:42+00:00,Python,52639,233,21,19,True,160,12,True,False,334
1030302333,popular,2025-08-01 12:12:11+00:00,2026-09-28 10:30:26+00:00,TypeScript,7643,403,83,32,False,48,0,True,True,422
1030304420,ordinary,2025-08-01 12:16:27+00:00,2026-04-10 17:09:52+00:00,Vue,183992,3,0,0,True,37,0,True,True,252
1030305512,popular,2025-08-01 12:18:45+00:00,2026-09-08 08:24:39+00:00,Jupyter Notebook,28197,152,46,27,True,58,9,True,True,402
1030308087,popular,2025-08-01 12:24:00+00:00,2026-03-01 11:53:34+00:00,Python,28295,191,18,0,True,22,0,False,False,211
1030308480,ordinary,2025-08-01 12:24:44+00:00,2025-08-05 10:08:17+00:00,PHP,13035,3,0,0,True,0,0,False,False,3
1030312971,ordinary,2025-08-01 12:33:35+00:00,2025-08-01 12:42:46+00:00,Jupyter Notebook,2504,3,0,0,False,0,0,False,False,0
1030313460,popular,2025-08-01 12:34:37+00:00,2026-01-24 08:42:50+00:00,Go,168,61,11,0,True,350,0,False,False,175
1030313786,popular,2025-08-01 12:35:15+00:00,2025-08-25 17:06:08+00:00,Jupyter Notebook,58,507,51,10,True,70,0,True,False,24
1030314880,ordinary,2025-08-01 12:37:17+00:00,2026-05-28 22:13:24+00:00,Python,82,3,2,0,True,84,0,True,False,300
1030315490,ordinary,2025-08-01 12:38:25+00:00,2025-08-01 17:20:35+00:00,Shell,4,3,0,1,True,0,0,False,False,0
1030316747,popular,2025-08-01 12:40:38+00:00,2025-09-21 13:55:54+00:00,Jupyter Notebook,2229,87,15,4,False,124,0,True,False,51
1030320041,popular,2025-08-01 12:46:45+00:00,2026-08-25 13:34:08+00:00,Python,521,112,14,2,True,108,4,False,False,389
1030322578,popular,2025-08-01 12:51:42+00:00,2026-08-06 11:35:43+00:00,Python,3633,126,21,2,True,113,14,False,False,369
1030328929,ordinary,2025-08-01 13:04:10+00:00,2025-08-01 13:12:58+00:00,Lua,36,3,0,1,True,0,0,False,False,0
1030335823,ordinary,2025-08-01 13:16:58+00:00,2026-02-23 14:06:40+00:00,не указан,9188,3,0,0,False,0,9,False,False,206
1030338458,ordinary,2025-08-01 13:21:39+00:00,2025-08-05 19:35:50+00:00,Python,4504,3,2,0,False,62,0,False,False,4
1030340121,popular,2025-08-01 13:24:47+00:00,2026-09-21 05:21:27+00:00,Python,5628,119,7,15,True,67,5,False,False,415
1030344330,popular,2025-08-01 13:32:43+00:00,2026-09-05 14:14:24+00:00,TypeScript,18071,738,68,4,True,72,0,False,True,400
1030344651,popular,2025-08-01 13:33:18+00:00,2026-08-17 16:47:29+00:00,JavaScript,8068,76,14,1,False,21,0,False,False,381
1030346752,ordinary,2025-08-01 13:37:08+00:00,2025-11-12 23:40:48+00:00,Dart,26894,3,1,0,False,0,0,True,False,103
1030347158,ordinary,2025-08-01 13:37:53+00:00,2025-08-01 13:38:40+00:00,Jupyter Notebook,13427,3,0,0,False,259,0,False,False,0
1030347673,popular,2025-08-01 13:38:48+00:00,2026-08-29 11:41:55+00:00,TypeScript,3149,496,48,11,False,47,5,False,False,392
1030350905,popular,2025-08-01 13:44:35+00:00,2026-05-22 18:56:49+00:00,TypeScript,3590,165,6,3,True,61,1,False,True,294
1030358874,ordinary,2025-08-01 13:59:16+00:00,2026-02-13 08:00:14+00:00,HTML,3024,3,0,0,False,36,0,False,True,195
1030362107,popular,2025-08-01 14:05:03+00:00,2026-09-20 09:41:17+00:00,Java,830,115,25,34,True,37,0,True,False,414
1030364117,ordinary,2025-08-01 14:08:31+00:00,2026-05-04 07:31:35+00:00,C++,2490,3,0,0,False,64,0,False,False,275
1030364321,popular,2025-08-01 14:08:49+00:00,2026-09-23 08:48:33+00:00,TypeScript,9759,70,15,15,True,43,3,True,False,417
1030366513,ordinary,2025-08-01 14:12:53+00:00,2026-03-27 14:18:23+00:00,не указан,101,3,0,5,False,143,0,True,False,238
1030371750,ordinary,2025-08-01 14:22:30+00:00,2025-08-28 11:39:04+00:00,Go,15856,3,0,0,True,103,0,False,False,26
1030372211,popular,2025-08-01 14:23:19+00:00,2026-09-26 19:08:59+00:00,Python,865,75,23,0,True,131,0,False,False,421
1030372504,popular,2025-08-01 14:23:51+00:00,2025-08-04 19:46:58+00:00,Python,30,485,71,3,True,53,0,True,False,3
1030373881,ordinary,2025-08-01 14:26:22+00:00,2026-04-29 11:41:56+00:00,Go,91,3,2,4,True,49,0,True,False,270
1030375026,ordinary,2025-08-01 14:28:30+00:00,2026-04-29 17:00:57+00:00,Shell,4,3,0,0,True,95,0,False,False,271
1030375864,ordinary,2025-08-01 14:30:06+00:00,2025-08-03 07:05:55+00:00,TypeScript,1321,3,0,0,False,0,0,False,False,1
1030376498,popular,2025-08-01 14:31:18+00:00,2026-09-06 15:45:49+00:00,Rust,320,193,24,3,True,102,0,False,True,401
1030379572,popular,2025-08-01 14:37:00+00:00,2025-12-17 20:27:37+00:00,JavaScript,7841,604,80,3,True,55,4,True,False,138
1030384804,ordinary,2025-08-01 14:46:58+00:00,2026-09-20 15:00:16+00:00,Python,541,3,0,4,False,125,10,False,False,415
1030390998,popular,2025-08-01 14:58:49+00:00,2025-08-02 04:15:50+00:00,Emacs Lisp,148,72,6,4,False,46,0,True,False,0
1030391414,popular,2025-08-01 14:59:38+00:00,2026-09-24 15:08:56+00:00,Go,1394,111,44,16,True,104,2,True,False,419
1030394338,ordinary,2025-08-01 15:05:15+00:00,2025-11-19 11:59:44+00:00,Kotlin,789,3,0,0,False,127,0,False,False,109
1030397021,ordinary,2025-08-01 15:10:23+00:00,2025-10-03 12:18:47+00:00,Python,116,3,0,0,True,36,0,False,False,62
1030401526,popular,2025-08-01 15:18:40+00:00,2026-03-28 03:22:39+00:00,Shell,25694,272,57,6,True,141,18,False,False,238
1030402650,ordinary,2025-08-01 15:20:44+00:00,2025-08-01 21:38:49+00:00,JavaScript,2679,3,0,0,False,0,0,False,False,0
1030403608,ordinary,2025-08-01 15:22:32+00:00,2025-08-15 15:11:50+00:00,Python,7,3,0,0,False,0,0,False,False,13
1030404544,ordinary,2025-08-01 15:24:15+00:00,2026-09-09 10:04:15+00:00,Python,1927,3,1,1,True,136,0,True,True,403
1030407577,popular,2025-08-01 15:29:58+00:00,2025-08-04 07:15:50+00:00,Go,642,80,1,1,True,44,5,True,False,2
1030409469,ordinary,2025-08-01 15:33:30+00:00,2025-08-23 15:58:02+00:00,Kotlin,3647,3,1,0,True,0,0,False,False,22
1030411123,ordinary,2025-08-01 15:36:39+00:00,2025-12-05 12:18:10+00:00,Python,72,3,2,1,False,110,0,False,False,125
1030411980,ordinary,2025-08-01 15:38:19+00:00,2025-08-01 16:18:27+00:00,JavaScript,3,3,1,0,False,18,0,False,False,0
1030414934,ordinary,2025-08-01 15:44:08+00:00,2025-09-25 17:23:40+00:00,JavaScript,1092,3,0,0,False,22,0,False,False,55
1030418705,ordinary,2025-08-01 15:51:52+00:00,2025-08-01 15:54:44+00:00,Python,2,3,0,0,False,0,0,False,False,0
1030418815,popular,2025-08-01 15:52:06+00:00,2026-03-19 10:19:19+00:00,Python,7354,73,23,0,True,100,16,False,True,229
1030419905,ordinary,2025-08-01 15:54:17+00:00,2026-04-07 18:40:45+00:00,Python,24,3,0,0,False,244,0,False,False,249
1030425601,ordinary,2025-08-01 16:06:16+00:00,2025-08-01 18:14:47+00:00,JavaScript,4314,3,0,0,False,63,0,False,False,0
1030432156,popular,2025-08-01 16:19:33+00:00,2026-09-28 12:04:40+00:00,JavaScript,130227,877,37,11,True,40,10,False,False,422
1030442505,popular,2025-08-01 16:40:36+00:00,2026-09-28 04:12:58+00:00,Clojure,530,91,1,0,True,107,11,False,False,422
1030442745,ordinary,2025-08-01 16:41:06+00:00,2025-08-02 17:35:43+00:00,TypeScript,164,3,2,5,False,242,0,False,False,1
1030445897,popular,2025-08-01 16:47:51+00:00,2026-07-02 11:39:52+00:00,TypeScript,2857,65,6,2,True,43,9,False,False,334
1030446082,popular,2025-08-01 16:48:14+00:00,2026-09-27 14:03:56+00:00,C++,11830,255,109,0,False,28,0,False,False,421
1030452575,popular,2025-08-01 17:01:42+00:00,2026-09-27 21:25:54+00:00,Go,98431,209,28,28,True,53,15,True,True,422
1030455649,popular,2025-08-01 17:07:54+00:00,2026-06-04 02:51:41+00:00,Swift,12083,2087,192,0,True,48,4,False,False,306
1030456787,ordinary,2025-08-01 17:10:11+00:00,2025-08-15 19:15:13+00:00,CSS,14,3,0,0,False,75,0,False,True,14
1030458723,ordinary,2025-08-01 17:14:07+00:00,2025-08-07 23:18:24+00:00,JavaScript,19,3,0,0,False,0,0,False,False,6
1030460193,popular,2025-08-01 17:17:12+00:00,2026-04-30 16:11:44+00:00,Swift,440,82,2,4,True,86,0,False,False,271
1030461189,popular,2025-08-01 17:19:19+00:00,2026-07-06 14:12:26+00:00,Rust,434,134,7,10,True,30,6,False,False,338
1030464061,ordinary,2025-08-01 17:25:23+00:00,2026-04-11 18:22:59+00:00,не указан,15305,3,0,0,True,216,5,False,False,253
1030467133,ordinary,2025-08-01 17:32:01+00:00,2025-08-01 17:36:18+00:00,HTML,2217,3,0,0,False,0,0,False,False,0
1030468197,ordinary,2025-08-01 17:34:15+00:00,2026-03-13 21:35:53+00:00,Go,355,3,0,0,True,64,0,False,False,224
1030470465,popular,2025-08-01 17:38:41+00:00,2026-02-10 23:29:36+00:00,Python,45009,60,13,0,True,91,0,False,False,193
1030472313,ordinary,2025-08-01 17:42:26+00:00,2025-09-14 10:51:41+00:00,Python,6,3,0,0,False,0,0,False,False,43
1030472970,ordinary,2025-08-01 17:43:46+00:00,2025-08-03 20:21:30+00:00,Lua,4413,3,0,0,False,0,0,False,False,2
1030476285,ordinary,2025-08-01 17:50:49+00:00,2026-09-20 07:41:08+00:00,Svelte,4278,3,9,0,True,0,0,True,False,414
1030478436,ordinary,2025-08-01 17:55:43+00:00,2026-04-17 16:09:30+00:00,Python,9012,3,0,0,False,0,0,False,False,258
1030479425,ordinary,2025-08-01 17:57:47+00:00,2025-08-01 18:33:38+00:00,MQL5,2467,3,0,0,False,290,0,False,True,0
1030481392,ordinary,2025-08-01 18:02:11+00:00,2026-05-28 14:52:48+00:00,TypeScript,284,3,1,1,True,48,0,True,False,299
1030486231,popular,2025-08-01 18:12:20+00:00,2025-12-17 18:03:07+00:00,Python,98,95,7,0,True,118,1,True,False,137
1030490246,popular,2025-08-01 18:21:07+00:00,2026-03-21 16:22:43+00:00,TypeScript,489,103,3,1,True,172,13,False,True,231
1030493335,ordinary,2025-08-01 18:27:17+00:00,2025-11-21 02:25:07+00:00,C#,12994,3,2,4,False,23,0,False,False,111
1030496505,popular,2025-08-01 18:34:19+00:00,2025-10-09 06:39:50+00:00,TypeScript,1498,78,8,2,False,0,0,False,False,68
1030500728,popular,2025-08-01 18:43:36+00:00,2025-08-05 14:03:36+00:00,Jupyter Notebook,1514,135,142,0,False,0,0,False,False,3
1030505915,popular,2025-08-01 18:56:09+00:00,2026-09-17 19:02:43+00:00,Python,8914,495,30,7,True,105,4,True,True,412
1030507621,popular,2025-08-01 19:00:16+00:00,2026-08-04 17:19:34+00:00,Jinja,420,377,32,3,True,77,5,False,False,367
1030518406,popular,2025-08-01 19:26:04+00:00,2025-12-12 18:02:24+00:00,Python,4146,316,44,6,False,0,0,False,False,132
1030522570,popular,2025-08-01 19:36:33+00:00,2025-08-10 21:33:50+00:00,TypeScript,1452,73,42,0,False,0,0,True,False,9
1030525138,popular,2025-08-01 19:42:55+00:00,2025-08-07 15:41:07+00:00,не указан,32040,73,6,3,True,0,0,False,False,5
1030528479,ordinary,2025-08-01 19:51:23+00:00,2025-08-12 00:04:38+00:00,TypeScript,227,3,0,0,True,53,0,True,False,10
1030532943,popular,2025-08-01 20:02:44+00:00,2026-03-10 13:40:44+00:00,Jupyter Notebook,118745,94,28,4,True,150,0,True,False,220
1030534270,popular,2025-08-01 20:06:18+00:00,2026-09-16 13:53:18+00:00,JavaScript,509,62,7,0,True,47,0,False,False,410
1030534955,ordinary,2025-08-01 20:08:08+00:00,2025-11-02 21:24:22+00:00,Haskell,833,3,0,0,True,0,0,False,False,93
1030537355,popular,2025-08-01 20:14:18+00:00,2026-04-02 23:10:14+00:00,JavaScript,45899,72,21,2,False,60,6,False,False,244
1030538410,popular,2025-08-01 20:17:12+00:00,2026-09-28 06:32:01+00:00,Python,18943,63,12,9,True,25,7,True,True,422
1030543732,popular,2025-08-01 20:32:12+00:00,2026-09-24 07:59:17+00:00,не указан,4469,146,242,84,True,48,9,False,False,418
1030555895,popular,2025-08-01 21:07:37+00:00,2026-05-11 18:26:49+00:00,Python,218706,390,43,3,True,32,0,True,False,282
1030558707,popular,2025-08-01 21:16:00+00:00,2026-01-29 16:47:49+00:00,TypeScript,32334,387,68,32,True,108,19,False,False,180
1030560188,ordinary,2025-08-01 21:20:37+00:00,2026-09-17 13:16:21+00:00,JavaScript,3425,3,1,0,False,82,0,False,True,411
1030561848,popular,2025-08-01 21:25:42+00:00,2026-09-28 10:43:56+00:00,C++,459522,183,15,20,True,73,7,True,False,422
1030561901,popular,2025-08-01 21:25:52+00:00,2026-09-27 15:55:28+00:00,Swift,29259,1950,75,15,True,38,0,True,True,421
1030564050,ordinary,2025-08-01 21:32:56+00:00,2026-08-08 17:52:22+00:00,Python,72,3,4,0,True,234,0,False,False,371
1030564850,ordinary,2025-08-01 21:35:20+00:00,2025-08-01 21:36:57+00:00,JavaScript,343,3,0,0,False,0,0,False,False,0
1030566780,ordinary,2025-08-01 21:41:35+00:00,2025-08-02 17:10:17+00:00,C++,101,3,0,0,True,82,5,False,False,0
1030578206,popular,2025-08-01 22:21:20+00:00,2026-09-28 08:56:35+00:00,Python,292750,345,99,52,True,93,3,True,True,422
1030580622,popular,2025-08-01 22:30:11+00:00,2025-08-18 06:56:11+00:00,Python,57,155,7,3,True,0,0,True,False,16
1030580992,popular,2025-08-01 22:31:35+00:00,2026-09-15 19:26:27+00:00,JavaScript,219,1071,134,88,True,211,20,True,True,409
1030594859,ordinary,2025-08-01 23:26:29+00:00,2026-01-19 03:33:22+00:00,HTML,7032,3,0,0,True,31,0,True,True,170
1030596714,popular,2025-08-01 23:34:45+00:00,2026-08-11 11:26:26+00:00,Python,1244,127,7,2,True,174,15,False,False,374
1030600832,ordinary,2025-08-01 23:52:56+00:00,2025-08-01 23:58:24+00:00,JavaScript,1200,3,0,0,False,0,0,False,False,0
1030601905,ordinary,2025-08-01 23:58:13+00:00,2025-08-02 04:59:47+00:00,JavaScript,1701,3,0,0,False,27,0,False,False,0
1030601972,ordinary,2025-08-01 23:58:32+00:00,2026-04-01 20:32:45+00:00,Julia,59438,3,0,0,True,85,0,False,True,242
1030605856,popular,2025-08-02 00:15:36+00:00,2026-04-18 01:12:04+00:00,Rust,40540,85,9,7,False,46,0,False,False,259
1030612963,ordinary,2025-08-02 00:44:42+00:00,2025-09-13 02:04:37+00:00,PowerShell,381,3,1,1,False,0,0,False,False,42
1030617416,ordinary,2025-08-02 01:05:03+00:00,2025-08-05 02:37:58+00:00,не указан,190913,3,0,1,False,140,0,False,False,3
1030618889,ordinary,2025-08-02 01:11:34+00:00,2025-08-22 23:46:21+00:00,TypeScript,397,3,0,0,False,0,0,False,False,20
1030621312,popular,2025-08-02 01:22:17+00:00,2026-04-18 06:10:39+00:00,не указан,125,75,1,0,False,70,0,False,False,259
1030622944,popular,2025-08-02 01:29:17+00:00,2026-09-09 03:35:48+00:00,Rust,84820,136,18,3,True,143,18,False,False,403
1030624499,popular,2025-08-02 01:35:47+00:00,2026-09-07 23:37:05+00:00,TypeScript,1722,63,6,12,True,53,0,False,True,401
1030625487,ordinary,2025-08-02 01:40:01+00:00,2025-08-02 01:58:08+00:00,Python,108,3,0,0,False,324,0,False,False,0
1030626104,popular,2025-08-02 01:42:31+00:00,2026-07-05 09:57:40+00:00,Lua,6518,184,14,0,True,43,0,False,True,337
1030634420,popular,2025-08-02 02:18:45+00:00,2026-01-21 04:02:59+00:00,TypeScript,212,64,5,7,True,44,0,False,False,172
1030638760,popular,2025-08-02 02:37:05+00:00,2026-05-17 07:16:01+00:00,JavaScript,2909,257,86,11,True,33,0,False,False,288
1030646445,popular,2025-08-02 03:08:25+00:00,2026-09-14 22:22:01+00:00,C++,1478,58,10,1,False,0,0,False,False,408
1030649559,ordinary,2025-08-02 03:20:30+00:00,2025-08-02 03:29:33+00:00,HTML,76553,3,3,0,False,0,0,False,False,0
1030650570,ordinary,2025-08-02 03:24:22+00:00,2025-08-02 06:55:42+00:00,не указан,11,3,0,1,False,261,0,False,False,0
1030651208,popular,2025-08-02 03:26:41+00:00,2026-02-04 22:49:41+00:00,JavaScript,2020,122,16,0,True,73,0,False,False,186
1030651309,popular,2025-08-02 03:27:03+00:00,2026-09-27 19:33:21+00:00,Kotlin,79174,278,21,30,True,85,6,False,False,421
1030651426,popular,2025-08-02 03:27:32+00:00,2026-09-26 02:13:56+00:00,не указан,70,90,8,1,True,47,0,False,False,419
1030653271,popular,2025-08-02 03:34:33+00:00,2026-09-27 05:57:07+00:00,C,2602,246,5,0,True,27,20,False,False,421
1030654502,popular,2025-08-02 03:39:18+00:00,2026-01-18 04:29:19+00:00,Rust,68,55,15,0,True,38,3,False,False,169
1030654904,popular,2025-08-02 03:40:41+00:00,2026-04-24 08:01:55+00:00,Python,3055,129,6,1,True,0,0,False,False,265
1030656302,popular,2025-08-02 03:45:58+00:00,2025-08-02 04:44:13+00:00,QML,33281,69,3,1,False,0,0,False,False,0
1030656744,popular,2025-08-02 03:47:34+00:00,2026-08-20 09:56:49+00:00,не указан,112,538,39,4,False,40,0,False,False,383
1030658862,popular,2025-08-02 03:55:04+00:00,2026-09-26 13:40:57+00:00,Ruby,14578,539,17,5,True,132,0,True,False,420
1030659325,popular,2025-08-02 03:56:50+00:00,2025-08-02 09:04:50+00:00,Python,30,288,29,2,False,0,0,False,False,0
1030673366,popular,2025-08-02 04:46:17+00:00,2026-09-28 11:18:43+00:00,Python,47714,83,9,12,True,282,5,True,False,422
1030674081,ordinary,2025-08-02 04:48:49+00:00,2025-08-05 18:41:27+00:00,Python,12,3,0,0,False,78,0,False,False,3
1030677261,popular,2025-08-02 04:59:37+00:00,2025-11-25 15:38:12+00:00,Cuda,228,94,7,3,True,38,0,False,False,115
1030678578,popular,2025-08-02 05:03:53+00:00,2026-01-15 01:19:12+00:00,Ruby,8212,115,4,1,True,37,2,False,False,165
1030679570,ordinary,2025-08-02 05:07:17+00:00,2025-10-02 13:12:08+00:00,C,46353,3,0,0,False,189,0,False,False,61
1030682312,ordinary,2025-08-02 05:16:11+00:00,2026-04-28 18:44:49+00:00,Python,698,3,0,0,False,0,0,False,True,269
1030683500,popular,2025-08-02 05:19:55+00:00,2025-08-02 21:45:58+00:00,Python,1155,433,3,0,True,87,0,False,False,0
1030685164,ordinary,2025-08-02 05:25:11+00:00,2025-08-02 06:47:22+00:00,Lua,13,3,0,0,False,35,0,False,False,0
1030686340,popular,2025-08-02 05:29:00+00:00,2026-08-23 05:43:44+00:00,Java,180,246,921,0,False,33,0,False,False,386
1030686718,popular,2025-08-02 05:30:20+00:00,2026-06-06 05:32:48+00:00,Python,2399,79,2,2,False,105,0,True,False,308
1030687491,popular,2025-08-02 05:32:53+00:00,2026-04-28 13:46:42+00:00,Python,355,103,28,7,True,0,0,False,False,269
1030687975,popular,2025-08-02 05:34:36+00:00,2026-09-22 18:13:09+00:00,C++,13838,148,22,92,True,252,20,True,False,416
1030689777,popular,2025-08-02 05:40:06+00:00,2025-09-16 18:35:24+00:00,Python,143,197,57,4,True,85,0,False,False,45
1030690416,ordinary,2025-08-02 05:42:09+00:00,2025-10-31 07:50:36+00:00,Java,193,3,2,0,True,349,5,False,False,90
1030693275,popular,2025-08-02 05:50:50+00:00,2025-10-17 13:14:00+00:00,Python,14760,63,5,1,True,79,0,False,False,76
1030693462,popular,2025-08-02 05:51:23+00:00,2025-08-03 14:28:34+00:00,Shell,183,81,18,1,False,97,15,False,False,1
1030693845,ordinary,2025-08-02 05:52:36+00:00,2025-10-27 14:11:12+00:00,Python,525,3,3,6,True,32,0,True,False,86
1030696962,ordinary,2025-08-02 06:02:36+00:00,2026-01-06 13:30:54+00:00,Kotlin,410,3,0,0,True,40,0,True,False,157
1030697864,ordinary,2025-08-02 06:05:25+00:00,2025-09-08 17:43:10+00:00,JavaScript,846,3,1,0,True,91,0,False,False,37
1030698493,ordinary,2025-08-02 06:07:12+00:00,2026-03-31 22:15:48+00:00,JavaScript,139,3,2,0,True,79,0,False,False,241
1030698947,popular,2025-08-02 06:08:41+00:00,2025-11-08 07:51:34+00:00,Go,36,116,1,1,True,26,5,False,False,98
1030699487,ordinary,2025-08-02 06:10:22+00:00,2025-08-05 06:02:56+00:00,C++,113,3,0,0,True,87,0,False,False,2
1030699905,ordinary,2025-08-02 06:11:39+00:00,2025-08-02 07:51:23+00:00,JavaScript,12,3,0,0,False,69,0,False,False,0
1030704117,popular,2025-08-02 06:24:42+00:00,2026-09-28 09:42:42+00:00,Java,113107,291,24,5,True,98,12,True,False,422
1030704477,ordinary,2025-08-02 06:25:43+00:00,2026-08-27 09:49:24+00:00,Typst,4234,3,0,0,True,28,0,False,False,390
1030707515,popular,2025-08-02 06:35:06+00:00,2025-11-09 07:37:01+00:00,не указан,39,149,8,1,False,40,0,False,False,99
1030709283,popular,2025-08-02 06:40:02+00:00,2026-05-13 20:36:30+00:00,TypeScript,4448,464,18,2,True,108,6,True,False,284
1030711690,ordinary,2025-08-02 06:46:59+00:00,2025-08-02 10:22:02+00:00,JavaScript,130,3,3,0,False,0,0,False,False,0
1030715997,popular,2025-08-02 06:59:39+00:00,2026-03-01 13:16:29+00:00,Python,139,134,21,12,True,48,19,False,False,211
1030716792,popular,2025-08-02 07:02:06+00:00,2026-09-25 07:41:02+00:00,Dart,130758,540,34,42,True,183,11,False,True,419
1030719022,popular,2025-08-02 07:08:45+00:00,2026-09-26 16:23:43+00:00,Vue,62551,368,28,0,True,71,0,False,False,420
1030722180,ordinary,2025-08-02 07:17:58+00:00,2025-08-02 07:41:04+00:00,C#,444,3,0,0,False,57,0,False,False,0
1030722596,popular,2025-08-02 07:19:13+00:00,2026-09-24 17:13:08+00:00,Python,330063,109,24,1,True,9,0,False,False,418
1030723831,popular,2025-08-02 07:22:53+00:00,2025-12-13 01:52:45+00:00,Python,6364,240,26,0,False,0,0,False,False,132
1030725331,popular,2025-08-02 07:27:02+00:00,2026-08-04 15:33:58+00:00,Python,182199,231,4,2,True,188,3,True,True,367
1030727392,ordinary,2025-08-02 07:32:53+00:00,2025-08-22 06:04:19+00:00,C,679,3,0,0,False,0,0,False,False,19
1030734609,popular,2025-08-02 07:53:54+00:00,2026-01-24 07:33:15+00:00,JavaScript,13185,456,73,6,True,15,0,False,False,174
1030737166,ordinary,2025-08-02 08:01:15+00:00,2025-08-05 12:23:36+00:00,JavaScript,389,3,0,0,True,0,0,False,False,3
1030737572,popular,2025-08-02 08:02:27+00:00,2026-09-20 02:48:53+00:00,Python,955355,55,15,0,True,129,6,False,True,413
1030745576,popular,2025-08-02 08:25:41+00:00,2025-08-10 14:29:39+00:00,Python,535,141,25,3,True,34,0,False,False,8
1030746417,ordinary,2025-08-02 08:28:00+00:00,2025-12-27 07:15:19+00:00,Shell,31,3,0,0,False,20,6,False,False,146
1030747084,popular,2025-08-02 08:29:48+00:00,2026-09-18 06:07:42+00:00,ASP.NET,578183,74,4,0,False,0,0,True,False,411
1030750408,ordinary,2025-08-02 08:39:55+00:00,2025-08-02 09:00:10+00:00,HTML,1456,3,0,0,False,0,0,False,True,0
1030750514,popular,2025-08-02 08:40:12+00:00,2025-12-26 05:59:46+00:00,HTML,114247,71,2,1,False,141,2,False,True,145
1030750965,ordinary,2025-08-02 08:41:31+00:00,2025-08-02 14:08:42+00:00,Dart,2258,3,0,0,False,0,0,False,False,0
1030754082,ordinary,2025-08-02 08:50:36+00:00,2025-09-08 17:01:47+00:00,Java,441,3,0,0,False,0,0,False,False,37
1030760358,ordinary,2025-08-02 09:08:14+00:00,2026-05-17 06:12:27+00:00,Go,7632,3,0,0,False,51,6,True,False,287
1030768023,ordinary,2025-08-02 09:29:29+00:00,2025-08-02 12:24:40+00:00,TypeScript,471,3,0,0,False,0,0,False,False,0
1030768024,popular,2025-08-02 09:29:29+00:00,2026-06-18 09:13:26+00:00,TypeScript,9871,98,29,0,True,121,1,True,False,319
1030770241,popular,2025-08-02 09:35:38+00:00,2026-08-06 17:03:33+00:00,Shell,247,81,4,0,True,50,8,False,False,369
1030770569,ordinary,2025-08-02 09:36:29+00:00,2025-08-02 09:36:32+00:00,Python,25,3,0,0,True,59,0,False,False,0
1030772724,popular,2025-08-02 09:42:09+00:00,2025-10-18 00:27:03+00:00,JavaScript,478,190,35,5,True,248,10,True,True,76
1030774558,ordinary,2025-08-02 09:46:56+00:00,2026-09-26 15:12:45+00:00,не указан,13253,3,0,0,False,64,10,False,False,420
1030776908,ordinary,2025-08-02 09:53:03+00:00,2025-10-25 06:52:08+00:00,HTML,15200,3,0,0,False,55,0,False,False,83
1030779647,popular,2025-08-02 10:00:32+00:00,2025-08-03 06:47:32+00:00,не указан,65,84,15,0,False,15,0,False,False,0
1030784896,ordinary,2025-08-02 10:14:41+00:00,2025-08-02 10:24:35+00:00,Kotlin,83,3,0,0,True,89,0,False,False,0
1030785600,ordinary,2025-08-02 10:16:37+00:00,2026-07-10 17:23:53+00:00,Python,1301,3,1,0,False,82,0,False,False,342
1030785602,ordinary,2025-08-02 10:16:38+00:00,2026-07-09 12:41:24+00:00,TypeScript,582,3,0,0,True,173,6,False,False,341
1030786551,popular,2025-08-02 10:19:05+00:00,2026-02-07 20:45:01+00:00,Swift,1050,716,40,8,True,60,6,True,False,189
1030787020,ordinary,2025-08-02 10:20:18+00:00,2025-09-08 01:53:25+00:00,Python,17864,3,0,0,True,0,0,True,False,36
1030793804,ordinary,2025-08-02 10:38:37+00:00,2025-08-02 18:58:31+00:00,Python,369,3,1,2,False,93,0,False,False,0
1030800951,ordinary,2025-08-02 10:57:40+00:00,2026-03-14 22:25:49+00:00,не указан,150,3,0,0,False,0,0,False,False,224
1030801903,ordinary,2025-08-02 11:00:19+00:00,2025-08-03 05:47:21+00:00,Python,7,3,0,0,False,313,0,False,False,0
1030802399,popular,2025-08-02 11:01:43+00:00,2025-11-06 04:15:00+00:00,TypeScript,356,237,14,0,False,94,0,False,False,95
1030805955,ordinary,2025-08-02 11:11:18+00:00,2025-11-17 10:09:56+00:00,Rust,34224,3,0,0,False,0,0,False,False,106
1030806759,ordinary,2025-08-02 11:13:36+00:00,2025-08-02 11:43:28+00:00,TypeScript,12165,3,0,0,False,58,0,False,False,0
1030807598,ordinary,2025-08-02 11:16:01+00:00,2025-08-03 10:39:20+00:00,Rust,27,3,0,0,False,118,0,False,False,0
1030808056,ordinary,2025-08-02 11:17:17+00:00,2025-08-19 13:38:01+00:00,TypeScript,193,3,3,0,False,0,0,False,False,17
1030808254,popular,2025-08-02 11:17:48+00:00,2026-06-09 11:37:15+00:00,Kotlin,6149,250,34,24,True,79,6,True,False,311
1030808917,ordinary,2025-08-02 11:19:46+00:00,2025-08-02 11:20:27+00:00,Python,40,3,0,0,False,0,0,False,False,0
1030816723,popular,2025-08-02 11:40:55+00:00,2026-07-01 15:04:00+00:00,CSS,4875,274,25,4,True,0,0,False,False,333
1030819312,popular,2025-08-02 11:48:11+00:00,2026-08-16 02:28:33+00:00,C,473064,141,45,5,True,73,6,False,False,378
1030821100,ordinary,2025-08-02 11:53:15+00:00,2026-02-22 15:18:23+00:00,C#,259,3,0,2,True,0,0,False,False,204
1030822099,popular,2025-08-02 11:56:17+00:00,2026-01-14 15:35:58+00:00,C++,121,83,15,0,False,72,0,False,False,165
1030824017,popular,2025-08-02 12:01:55+00:00,2026-09-28 11:55:26+00:00,Swift,41730,285,27,5,True,126,6,False,False,421
1030825468,popular,2025-08-02 12:05:51+00:00,2025-08-17 22:53:54+00:00,JavaScript,6224,85,4,5,True,31,4,True,False,15
1030826589,popular,2025-08-02 12:09:01+00:00,2026-04-24 20:16:02+00:00,TypeScript,23503,135,25,1,False,0,0,False,False,265
1030828171,popular,2025-08-02 12:13:15+00:00,2026-09-25 03:57:31+00:00,Python,7293,112,5,0,True,38,0,False,False,418
1030833876,popular,2025-08-02 12:28:05+00:00,2026-05-22 09:08:26+00:00,C++,1667059,104,15,1,False,73,0,False,False,292
1030836196,popular,2025-08-02 12:34:04+00:00,2025-09-10 18:08:18+00:00,TypeScript,1761,57,0,0,False,109,12,False,False,39
1030838184,popular,2025-08-02 12:39:18+00:00,2025-08-19 22:00:22+00:00,Python,5400,209,7,4,True,126,8,False,False,17
1030841363,ordinary,2025-08-02 12:47:30+00:00,2026-05-13 16:51:53+00:00,TypeScript,173,3,0,0,False,64,5,False,False,284
1030841736,ordinary,2025-08-02 12:48:29+00:00,2025-11-01 08:38:41+00:00,Python,2992,3,0,0,False,110,0,False,False,90
1030845551,popular,2025-08-02 12:58:31+00:00,2026-09-26 18:14:11+00:00,C#,22868,200,13,16,True,29,5,True,False,420
1030853542,ordinary,2025-08-02 13:19:32+00:00,2025-12-06 02:35:29+00:00,HTML,224789,3,0,0,False,0,0,False,False,125
1030855469,popular,2025-08-02 13:24:29+00:00,2026-09-28 08:17:57+00:00,Rust,2234,211,41,3,True,130,14,False,False,421
1030856422,ordinary,2025-08-02 13:26:54+00:00,2025-09-30 13:15:13+00:00,JavaScript,3560,3,0,0,False,31,0,False,False,58
1030856479,ordinary,2025-08-02 13:27:02+00:00,2025-08-02 13:32:07+00:00,Jupyter Notebook,20451,3,0,0,True,315,0,False,False,0
1030858219,ordinary,2025-08-02 13:31:10+00:00,2026-01-18 07:25:04+00:00,JavaScript,25,3,0,0,False,81,0,False,False,168
1030862208,ordinary,2025-08-02 13:41:05+00:00,2025-08-04 03:32:47+00:00,Python,1962,3,1,0,False,0,0,False,False,1
1030863008,ordinary,2025-08-02 13:43:10+00:00,2025-09-02 08:57:10+00:00,JavaScript,32639,3,1,0,False,277,0,False,False,30
1030863138,ordinary,2025-08-02 13:43:31+00:00,2025-09-09 06:01:16+00:00,Java,65,3,0,0,False,0,0,False,False,37
1030869706,ordinary,2025-08-02 14:00:05+00:00,2025-09-10 11:56:51+00:00,Python,1167,3,0,0,True,30,0,False,False,38
1030877016,popular,2025-08-02 14:18:02+00:00,2026-06-12 13:49:44+00:00,Python,55313,101,2,4,True,127,5,True,False,313
1030881184,ordinary,2025-08-02 14:28:06+00:00,2025-08-05 05:45:46+00:00,Python,38813,3,0,0,False,0,0,False,False,2
1030885055,ordinary,2025-08-02 14:37:52+00:00,2025-09-12 09:15:20+00:00,HTML,1447,3,0,0,False,8,0,False,True,40
1030885322,popular,2025-08-02 14:38:30+00:00,2026-09-28 11:52:12+00:00,Swift,124524,120,12,5,True,184,6,False,True,421
1030886491,ordinary,2025-08-02 14:41:27+00:00,2025-09-06 11:45:07+00:00,C++,17136,3,1,6,True,69,0,False,False,34
1030891649,ordinary,2025-08-02 14:53:58+00:00,2025-08-02 14:54:52+00:00,TypeScript,8,3,0,0,True,153,0,False,False,0
1030893259,ordinary,2025-08-02 14:58:09+00:00,2025-08-02 15:36:29+00:00,Jupyter Notebook,142,3,1,0,False,29,0,False,False,0
1030894513,ordinary,2025-08-02 15:01:11+00:00,2025-08-02 15:02:11+00:00,TypeScript,8,3,0,0,True,116,0,False,False,0
1030896657,ordinary,2025-08-02 15:06:10+00:00,2025-11-25 09:42:43+00:00,не указан,7,3,1,0,False,29,0,False,False,114
1030897524,popular,2025-08-02 15:08:20+00:00,2026-09-05 05:30:14+00:00,C#,809,146,17,7,True,187,7,False,False,398
1030897854,popular,2025-08-02 15:09:07+00:00,2026-09-28 12:01:34+00:00,C#,1838101,2034,89,24,True,66,7,False,False,421
1030898562,ordinary,2025-08-02 15:10:54+00:00,2025-08-02 17:54:17+00:00,C,59,3,0,0,True,31,0,False,False,0
1030898612,popular,2025-08-02 15:11:02+00:00,2026-07-27 16:46:23+00:00,не указан,81186,144,1,0,False,50,4,False,False,359
1030898963,popular,2025-08-02 15:11:54+00:00,2025-08-02 16:47:38+00:00,не указан,156808,67,21,0,True,117,6,False,False,0
1030899595,ordinary,2025-08-02 15:13:32+00:00,2026-03-08 18:19:50+00:00,TypeScript,2578,3,0,0,True,52,0,False,False,218
1030900043,popular,2025-08-02 15:14:40+00:00,2025-10-05 02:40:33+00:00,C,219,65,0,0,True,48,0,False,False,63
1030903020,popular,2025-08-02 15:21:59+00:00,2025-08-31 19:38:16+00:00,Go,622,251,17,5,True,124,10,False,False,29
1030909082,ordinary,2025-08-02 15:36:48+00:00,2026-09-22 09:52:26+00:00,Astro,677,3,1,1,True,138,1,False,False,415
1030911496,ordinary,2025-08-02 15:42:57+00:00,2025-08-02 15:43:00+00:00,Python,1541,3,0,0,True,145,0,False,False,0
1030912029,ordinary,2025-08-02 15:44:21+00:00,2025-08-02 15:46:48+00:00,не указан,1052,3,0,0,False,30,0,False,False,0
1030912561,popular,2025-08-02 15:45:41+00:00,2025-09-11 17:28:39+00:00,Python,3762,117,9,5,True,197,0,False,False,40
1030912873,ordinary,2025-08-02 15:46:27+00:00,2026-02-05 08:19:12+00:00,C,149,3,0,0,False,38,5,False,False,186
1030920768,popular,2025-08-02 16:06:41+00:00,2025-08-03 18:20:55+00:00,не указан,928,211,9,0,False,101,0,False,False,1
1030922026,ordinary,2025-08-02 16:09:52+00:00,2025-08-02 16:35:34+00:00,Java,3,3,0,0,False,0,0,False,False,0
1030924027,ordinary,2025-08-02 16:14:42+00:00,2025-08-12 11:58:57+00:00,JavaScript,74760,3,0,0,False,299,0,False,False,9
1030924264,popular,2025-08-02 16:15:17+00:00,2026-04-20 11:21:10+00:00,Python,2359,57,19,0,False,252,4,False,False,260
1030927542,ordinary,2025-08-02 16:23:34+00:00,2025-09-15 14:28:33+00:00,JavaScript,331144,3,0,0,False,0,0,False,False,43
1030929849,popular,2025-08-02 16:29:22+00:00,2025-10-20 12:32:13+00:00,Python,75,85,0,1,True,127,0,False,False,78
1030930290,ordinary,2025-08-02 16:30:28+00:00,2025-08-02 16:50:02+00:00,Python,262,3,0,0,True,76,0,False,False,0
1030933252,ordinary,2025-08-02 16:37:56+00:00,2025-08-02 16:43:06+00:00,HTML,17,3,0,0,False,0,0,False,True,0
1030940155,popular,2025-08-02 16:55:06+00:00,2026-09-22 12:19:54+00:00,TypeScript,14534,67,7,4,True,80,7,False,True,415
1030943957,ordinary,2025-08-02 17:04:40+00:00,2026-01-26 19:30:34+00:00,JavaScript,1093,3,3,1,True,51,0,False,False,177
1030946420,popular,2025-08-02 17:10:47+00:00,2025-12-21 06:19:11+00:00,Jupyter Notebook,31405,61,5,0,True,73,0,True,True,140
1030947457,popular,2025-08-02 17:13:23+00:00,2025-08-11 15:11:22+00:00,TypeScript,331,127,19,5,True,47,0,False,False,8
1030947955,popular,2025-08-02 17:14:37+00:00,2026-03-16 09:29:44+00:00,Python,13931,57,9,7,True,52,4,True,False,225
1030950986,ordinary,2025-08-02 17:22:17+00:00,2025-08-05 17:50:17+00:00,Jupyter Notebook,38,3,2,0,False,63,1,True,False,3
1030951223,ordinary,2025-08-02 17:22:56+00:00,2025-08-02 17:23:50+00:00,TypeScript,8,3,0,0,True,127,0,False,False,0
1030951617,ordinary,2025-08-02 17:24:05+00:00,2025-08-02 17:24:54+00:00,Rust,7,3,0,0,True,171,0,False,False,0
1030952489,popular,2025-08-02 17:26:23+00:00,2025-10-14 03:15:06+00:00,Go,1427,194,62,42,True,92,4,False,False,72
1030957644,ordinary,2025-08-02 17:39:51+00:00,2025-08-02 17:41:19+00:00,TypeScript,8,3,0,0,True,114,0,False,False,0
1030964791,ordinary,2025-08-02 17:58:42+00:00,2025-08-02 18:00:10+00:00,Python,15521,3,0,0,False,0,0,False,False,0
1030965595,ordinary,2025-08-02 18:00:59+00:00,2025-08-30 17:12:32+00:00,Shell,98,3,0,0,True,67,0,False,False,27
1030967402,popular,2025-08-02 18:05:50+00:00,2026-05-04 16:23:36+00:00,не указан,18,150,4,6,False,14,0,True,False,274
1030970740,popular,2025-08-02 18:14:34+00:00,2026-09-26 20:34:33+00:00,Swift,3213,296,52,0,True,74,3,True,False,420
1030976764,popular,2025-08-02 18:29:53+00:00,2025-10-30 21:22:01+00:00,TypeScript,91,494,38,4,False,80,0,False,False,89
1030980937,ordinary,2025-08-02 18:41:38+00:00,2025-08-09 15:13:46+00:00,Shell,10170,3,0,0,False,0,0,False,False,6
1030981993,popular,2025-08-02 18:44:41+00:00,2025-12-16 03:01:54+00:00,Jupyter Notebook,140039,130,3,10,False,0,0,True,False,135
1030983995,ordinary,2025-08-02 18:50:30+00:00,2025-08-09 14:16:45+00:00,Python,35943,3,0,0,False,0,0,False,False,6
1030984062,ordinary,2025-08-02 18:50:41+00:00,2025-08-04 20:00:26+00:00,Python,56,3,0,0,False,253,0,False,False,2
1030984383,popular,2025-08-02 18:51:38+00:00,2025-08-13 20:55:23+00:00,Python,3516,60,5,7,False,21,0,False,False,11
1030990993,popular,2025-08-02 19:10:44+00:00,2026-09-05 17:59:25+00:00,Rust,2293,173,8,1,True,40,5,False,False,398
1030993833,ordinary,2025-08-02 19:19:11+00:00,2026-02-10 09:26:29+00:00,Python,242710,3,0,0,False,88,9,False,False,191
1030999616,ordinary,2025-08-02 19:37:30+00:00,2025-09-06 19:46:03+00:00,TypeScript,1349,3,0,0,False,111,0,False,False,35
1031004133,popular,2025-08-02 19:51:22+00:00,2026-01-28 11:18:55+00:00,не указан,228888,149,38,0,False,161,16,False,False,178
1031005060,ordinary,2025-08-02 19:54:18+00:00,2025-12-29 16:34:10+00:00,Java,96,3,0,1,True,0,0,False,False,148
1031007276,popular,2025-08-02 20:01:26+00:00,2026-09-25 23:22:42+00:00,Rust,5008,67,2,2,True,74,0,True,False,419
1031007282,ordinary,2025-08-02 20:01:27+00:00,2025-08-02 20:03:07+00:00,HTML,2978,3,0,0,False,11,0,False,True,0
1031009187,popular,2025-08-02 20:07:23+00:00,2026-06-13 03:39:06+00:00,TypeScript,4800,63,9,20,True,44,0,True,False,314
1031017981,popular,2025-08-02 20:34:10+00:00,2026-07-25 00:24:45+00:00,Rust,100,74,11,0,True,186,20,False,False,356
1031021891,ordinary,2025-08-02 20:47:48+00:00,2025-08-02 20:48:49+00:00,TypeScript,8,3,0,0,True,141,0,False,False,0
1031023802,ordinary,2025-08-02 20:54:27+00:00,2025-08-02 21:19:26+00:00,TypeScript,65,3,0,0,False,0,0,False,False,0
1031024345,popular,2025-08-02 20:56:15+00:00,2026-02-09 16:31:20+00:00,Rust,12319,280,8,5,True,77,0,False,False,190
1031024901,ordinary,2025-08-02 20:58:07+00:00,2025-08-02 21:02:44+00:00,не указан,7441,3,0,0,True,97,6,False,False,0
1031027101,ordinary,2025-08-02 21:06:06+00:00,2025-10-16 17:36:42+00:00,Python,612,3,1,0,False,46,0,False,False,74
1031029649,popular,2025-08-02 21:14:49+00:00,2026-09-25 17:22:59+00:00,TypeScript,23333,90,10,47,False,54,6,True,False,418
1031033191,popular,2025-08-02 21:27:47+00:00,2025-10-24 17:08:09+00:00,Shell,96,132,34,0,False,0,0,False,False,82
1031033384,ordinary,2025-08-02 21:28:24+00:00,2026-06-17 21:43:30+00:00,TypeScript,277863,3,0,1,True,16,6,False,False,319
1031042549,popular,2025-08-02 22:04:46+00:00,2026-07-20 15:13:20+00:00,Go,189,109,2,5,True,29,0,True,False,351
1031043447,ordinary,2025-08-02 22:08:16+00:00,2025-10-05 02:36:19+00:00,C,1022,3,1,0,True,72,0,False,False,63
1031043480,popular,2025-08-02 22:08:24+00:00,2026-08-18 07:13:46+00:00,Python,18332,72,16,1,True,326,0,False,False,380
1031043867,ordinary,2025-08-02 22:09:56+00:00,2025-08-07 20:26:02+00:00,TypeScript,148,3,0,1,False,92,0,False,False,4
1031044132,popular,2025-08-02 22:10:56+00:00,2026-09-24 20:48:24+00:00,Svelte,9059,344,31,45,True,75,0,True,True,417
1031044149,ordinary,2025-08-02 22:10:59+00:00,2026-02-14 17:43:36+00:00,TypeScript,614,3,0,0,True,82,4,False,False,195
1031044805,ordinary,2025-08-02 22:13:39+00:00,2025-08-02 22:13:43+00:00,Python,326,3,1,0,False,102,0,False,False,0
1031050628,ordinary,2025-08-02 22:39:17+00:00,2025-08-03 18:43:08+00:00,Java,2,3,0,0,False,37,0,False,False,0
1031056015,ordinary,2025-08-02 23:03:00+00:00,2025-08-04 06:26:36+00:00,Python,134,3,0,0,True,70,8,False,False,1
1031059799,ordinary,2025-08-02 23:20:03+00:00,2025-09-13 00:44:38+00:00,FreeMarker,1642,3,0,0,False,0,0,False,False,41
1031059905,popular,2025-08-02 23:20:31+00:00,2026-09-28 09:41:33+00:00,TypeScript,86619,47629,5181,275,True,51,0,False,False,421
1031063188,popular,2025-08-02 23:35:25+00:00,2025-10-19 12:24:29+00:00,TypeScript,3379,64,0,5,True,85,0,False,False,77
1031065352,popular,2025-08-02 23:45:19+00:00,2026-09-28 08:06:13+00:00,Jupyter Notebook,43655,139,44,14,True,98,5,True,False,421
1031066646,popular,2025-08-02 23:51:17+00:00,2026-09-20 21:59:37+00:00,Python,1431,236,30,0,True,62,9,False,False,413
1031070072,ordinary,2025-08-03 00:08:12+00:00,2025-10-19 03:07:55+00:00,Java,93227,3,0,0,True,59,0,True,False,77
1031072311,popular,2025-08-03 00:19:05+00:00,2025-10-09 20:49:57+00:00,Python,2522,59,3,1,True,50,0,False,False,67
1031075913,popular,2025-08-03 00:35:25+00:00,2026-09-28 01:20:17+00:00,Python,9587,131,22,11,True,255,20,False,False,421
1031079662,ordinary,2025-08-03 00:52:22+00:00,2025-08-03 02:04:28+00:00,Dart,19297,3,1,0,False,0,0,False,False,0
1031087173,ordinary,2025-08-03 01:28:51+00:00,2025-08-03 02:42:36+00:00,PHP,1067,3,1,0,False,34,0,False,False,0
1031087624,ordinary,2025-08-03 01:30:55+00:00,2026-08-16 00:35:44+00:00,Svelte,732,3,1,1,True,53,5,False,False,377
1031093165,ordinary,2025-08-03 01:56:35+00:00,2025-08-03 01:57:50+00:00,Python,6,3,0,0,True,131,0,False,False,0
1031094664,ordinary,2025-08-03 02:03:17+00:00,2025-08-03 02:04:37+00:00,TypeScript,8,3,0,0,True,145,0,False,False,0
1031097076,ordinary,2025-08-03 02:13:27+00:00,2025-08-03 02:14:51+00:00,Go,9,3,0,0,True,138,0,False,False,0
1031098492,ordinary,2025-08-03 02:20:19+00:00,2025-08-03 02:21:38+00:00,Rust,7,3,0,0,True,123,0,False,False,0
1031098605,ordinary,2025-08-03 02:20:48+00:00,2026-06-23 04:45:41+00:00,PHP,4425,3,1,34,False,0,0,True,False,324
1031101349,popular,2025-08-03 02:32:56+00:00,2025-08-12 09:13:16+00:00,JavaScript,515,160,40,7,True,0,0,False,False,9
1031102671,popular,2025-08-03 02:38:45+00:00,2026-09-27 12:52:56+00:00,C#,24982,1003,48,0,True,27,5,True,True,420
1031103661,popular,2025-08-03 02:42:42+00:00,2025-09-10 09:17:45+00:00,не указан,8,76,1,2,False,0,0,False,False,38
1031105256,ordinary,2025-08-03 02:49:23+00:00,2026-06-15 13:35:31+00:00,Swift,18052,3,0,4,True,82,10,False,False,316
1031106695,popular,2025-08-03 02:55:31+00:00,2025-11-30 12:12:52+00:00,Python,46974,71,11,0,True,0,0,True,False,119
1031107750,ordinary,2025-08-03 02:59:49+00:00,2025-11-20 02:30:54+00:00,Nix,37,3,0,0,True,69,0,False,False,108
1031108502,popular,2025-08-03 03:02:54+00:00,2025-12-16 10:25:18+00:00,не указан,137260,70,2,4,False,34,0,True,False,135
1031114177,popular,2025-08-03 03:26:19+00:00,2026-09-19 16:56:54+00:00,Python,66137,234,25,4,False,0,0,False,False,412
1031114185,popular,2025-08-03 03:26:21+00:00,2026-08-14 15:29:07+00:00,Go,1556,114,3,0,True,304,5,False,False,376
1031115885,popular,2025-08-03 03:34:02+00:00,2026-06-29 05:29:27+00:00,Makefile,59182,366,6,6,True,66,2,False,False,330
1031117321,popular,2025-08-03 03:40:03+00:00,2026-09-23 01:22:55+00:00,Python,67,65,2,1,False,80,0,False,False,415
1031118404,ordinary,2025-08-03 03:44:45+00:00,2025-08-03 12:35:38+00:00,Python,23,3,3,0,False,0,0,False,False,0
1031123967,popular,2025-08-03 04:08:25+00:00,2026-09-16 13:26:13+00:00,Python,2745,61,6,39,True,46,4,False,True,409
1031124251,ordinary,2025-08-03 04:09:40+00:00,2025-09-15 02:12:51+00:00,TypeScript,2437,3,1,0,True,133,0,True,False,42
1031127932,popular,2025-08-03 04:25:10+00:00,2026-08-21 09:38:51+00:00,TypeScript,912,80,6,1,True,115,4,False,True,383
1031128979,popular,2025-08-03 04:29:28+00:00,2025-09-01 21:25:16+00:00,GDScript,6329,217,12,10,False,39,0,False,False,29
1031129784,popular,2025-08-03 04:32:52+00:00,2025-08-03 08:19:17+00:00,не указан,4,90,20,0,False,0,0,False,False,0
1031138416,popular,2025-08-03 05:07:07+00:00,2025-08-06 05:38:26+00:00,HTML,14,53,1,0,False,285,0,False,False,3
1031139378,ordinary,2025-08-03 05:10:43+00:00,2025-08-05 12:25:17+00:00,Python,1983,3,0,0,False,350,0,False,False,2
1031140434,ordinary,2025-08-03 05:14:40+00:00,2025-08-03 05:54:20+00:00,JavaScript,33,3,3,0,False,33,0,False,False,0
1031143525,ordinary,2025-08-03 05:24:49+00:00,2025-08-03 05:28:10+00:00,Jupyter Notebook,1119,3,0,0,False,0,0,False,False,0
1031144434,popular,2025-08-03 05:28:00+00:00,2026-06-29 14:40:41+00:00,TypeScript,181,72,15,2,True,27,0,False,False,330
1031146656,ordinary,2025-08-03 05:35:54+00:00,2026-09-15 01:16:02+00:00,C#,597,3,3,0,True,137,0,False,False,407
1031146750,ordinary,2025-08-03 05:36:14+00:00,2025-08-03 20:38:06+00:00,не указан,5,3,0,0,True,81,0,False,False,0
1031148629,popular,2025-08-03 05:42:38+00:00,2026-09-28 06:29:08+00:00,Python,6221,75,3,1,True,166,8,False,False,421
1031149169,ordinary,2025-08-03 05:44:28+00:00,2025-08-03 05:50:12+00:00,Python,10425,3,0,0,False,64,0,False,False,0
1031149686,popular,2025-08-03 05:46:08+00:00,2025-08-03 06:14:05+00:00,TypeScript,31,133,1,1,False,0,0,False,False,0
1031150607,ordinary,2025-08-03 05:49:11+00:00,2025-08-03 07:33:09+00:00,TypeScript,302,3,0,1,False,310,0,False,False,0
1031152203,popular,2025-08-03 05:54:31+00:00,2025-08-18 09:01:30+00:00,Python,7501,61,12,0,False,252,0,False,False,15
1031155061,ordinary,2025-08-03 06:04:19+00:00,2025-11-11 12:54:37+00:00,Ren'Py,441903,3,1,1,False,0,0,False,False,100
1031156343,ordinary,2025-08-03 06:08:24+00:00,2025-08-03 06:20:00+00:00,не указан,72,3,0,0,False,22,0,False,False,0
1031158976,popular,2025-08-03 06:16:15+00:00,2026-04-06 14:22:46+00:00,JavaScript,21682,154,6,2,True,158,4,False,True,246
1031162698,ordinary,2025-08-03 06:27:56+00:00,2026-07-18 17:31:43+00:00,TypeScript,25768,3,4,0,True,54,0,False,False,349
1031165610,popular,2025-08-03 06:37:31+00:00,2026-06-08 04:20:15+00:00,Python,148,214,17,0,True,34,2,False,False,308
1031169289,popular,2025-08-03 06:49:36+00:00,2025-08-05 09:19:37+00:00,Python,21571,79,19,6,False,108,5,False,False,2
1031180012,popular,2025-08-03 07:23:01+00:00,2026-04-02 09:34:42+00:00,Python,276017,2728,477,104,True,139,0,False,False,242
1031180669,ordinary,2025-08-03 07:25:08+00:00,2025-08-03 07:36:18+00:00,Python,11,3,0,0,True,57,0,False,False,0
1031182342,popular,2025-08-03 07:30:21+00:00,2026-09-26 12:18:18+00:00,Kotlin,45888,86,20,4,True,134,15,False,False,419
1031184625,ordinary,2025-08-03 07:37:23+00:00,2026-01-05 19:04:15+00:00,Jupyter Notebook,2249,3,0,0,False,0,0,False,False,155
1031185162,ordinary,2025-08-03 07:39:01+00:00,2026-02-24 13:52:32+00:00,Python,958,3,0,1,True,12,1,False,True,205
1031186024,popular,2025-08-03 07:41:59+00:00,2025-08-10 03:56:45+00:00,Python,66226,74,2,1,True,84,0,False,False,6
1031186080,popular,2025-08-03 07:42:10+00:00,2026-07-30 05:51:59+00:00,HTML,46350,147,10,1,True,144,13,False,False,360
1031186869,popular,2025-08-03 07:44:34+00:00,2025-12-18 19:10:08+00:00,не указан,46,66,0,0,False,0,0,False,False,137
1031190918,popular,2025-08-03 07:56:45+00:00,2025-10-08 05:54:18+00:00,Python,56418,86,11,1,False,32,0,False,False,65
1031191374,popular,2025-08-03 07:58:10+00:00,2026-02-16 01:32:35+00:00,Python,11291,175,8,4,True,126,10,False,False,196
1031192119,popular,2025-08-03 08:00:32+00:00,2026-04-16 03:49:17+00:00,Go,6764,140,5,14,True,52,11,False,False,255
1031194935,ordinary,2025-08-03 08:08:55+00:00,2026-09-10 17:33:30+00:00,Swift,217313,3,0,4,True,136,12,False,True,403
1031196555,popular,2025-08-03 08:13:44+00:00,2025-08-03 08:18:32+00:00,JavaScript,176,66,0,0,False,0,0,False,False,0
1031196578,popular,2025-08-03 08:13:49+00:00,2025-08-20 05:16:05+00:00,Python,28649,120,1,0,True,95,0,False,False,16
1031196988,popular,2025-08-03 08:15:01+00:00,2026-01-01 19:51:59+00:00,TypeScript,16005,667,35,5,True,35,6,False,False,151
1031198438,ordinary,2025-08-03 08:19:06+00:00,2025-08-14 08:57:23+00:00,CSS,34,3,0,0,False,187,0,False,True,11
1031200184,ordinary,2025-08-03 08:24:16+00:00,2025-08-03 08:24:24+00:00,JavaScript,62,3,0,0,False,0,0,False,False,0
1031203462,ordinary,2025-08-03 08:34:22+00:00,2025-08-07 16:18:45+00:00,HTML,327,3,0,0,False,0,0,False,False,4
1031205486,ordinary,2025-08-03 08:40:31+00:00,2025-09-07 09:49:35+00:00,C++,7,3,0,0,False,101,0,False,False,35
1031207742,popular,2025-08-03 08:47:18+00:00,2026-05-07 15:10:33+00:00,Python,10,70,1,0,False,0,0,False,False,277
1031208259,popular,2025-08-03 08:48:49+00:00,2025-12-24 13:04:27+00:00,CMake,18204,144,19,1,True,79,5,False,False,143
1031209131,popular,2025-08-03 08:51:15+00:00,2026-09-28 03:03:00+00:00,не указан,88891,102,13,0,False,24,0,False,False,420
1031209261,ordinary,2025-08-03 08:51:39+00:00,2026-07-17 10:16:28+00:00,TypeScript,33381,3,0,21,False,20,0,False,False,348
1031209740,ordinary,2025-08-03 08:53:03+00:00,2025-08-03 12:07:02+00:00,Python,301,3,0,0,False,69,0,False,False,0
1031211111,ordinary,2025-08-03 08:57:10+00:00,2025-08-03 09:25:42+00:00,Jupyter Notebook,10592,3,0,0,True,19,0,False,False,0
1031213685,popular,2025-08-03 09:04:29+00:00,2025-08-05 01:45:36+00:00,C++,885,78,37,2,True,109,0,True,False,1
1031215137,popular,2025-08-03 09:08:45+00:00,2026-09-28 04:47:18+00:00,Go,82998,16024,2356,102,True,23,3,False,False,420
1031220197,popular,2025-08-03 09:23:41+00:00,2025-12-18 12:22:37+00:00,Python,20473,105,18,10,True,231,0,True,True,137
1031220408,ordinary,2025-08-03 09:24:20+00:00,2025-08-06 18:06:20+00:00,C#,77,3,0,0,False,114,0,False,False,3
1031221952,popular,2025-08-03 09:28:44+00:00,2026-09-14 01:13:29+00:00,TypeScript,1528,97,8,25,False,183,16,False,False,406
1031222748,popular,2025-08-03 09:31:08+00:00,2026-09-28 09:26:19+00:00,TypeScript,135723,83,2,151,False,67,3,True,False,420
1031225761,ordinary,2025-08-03 09:39:29+00:00,2025-08-03 09:42:19+00:00,Python,8,3,5,0,False,0,0,False,False,0
1031228149,popular,2025-08-03 09:46:23+00:00,2026-03-09 07:35:18+00:00,не указан,693,76,15,0,False,110,0,False,False,217
1031230042,ordinary,2025-08-03 09:51:34+00:00,2025-08-04 22:09:58+00:00,HTML,2065,3,0,0,False,43,0,False,False,1
1031232297,ordinary,2025-08-03 09:57:50+00:00,2025-08-03 15:06:36+00:00,Python,27,3,0,0,False,0,0,False,False,0
1031233842,ordinary,2025-08-03 10:02:18+00:00,2025-08-30 12:33:22+00:00,HTML,18233,3,1,0,False,0,0,False,True,27
1031233875,ordinary,2025-08-03 10:02:23+00:00,2026-01-01 17:43:39+00:00,не указан,40,3,0,0,True,139,0,False,False,151
1031235069,ordinary,2025-08-03 10:05:51+00:00,2025-12-03 09:37:23+00:00,Jupyter Notebook,30479,3,5,0,False,0,0,False,False,121
1031241029,ordinary,2025-08-03 10:22:40+00:00,2025-08-29 09:41:13+00:00,Python,1079,3,0,0,True,53,0,False,False,25
1031241237,popular,2025-08-03 10:23:13+00:00,2025-08-21 05:40:08+00:00,Python,63,101,2,0,True,123,4,False,False,17
1031242432,ordinary,2025-08-03 10:26:22+00:00,2025-08-03 15:59:24+00:00,JavaScript,4084,3,2,0,True,0,0,False,True,0
1031250002,ordinary,2025-08-03 10:46:59+00:00,2025-08-07 22:15:12+00:00,JavaScript,20,3,0,0,False,0,0,False,False,4
1031251128,popular,2025-08-03 10:50:00+00:00,2025-08-03 10:50:06+00:00,C++,272,50,1,0,False,0,0,False,False,0
1031251174,ordinary,2025-08-03 10:50:08+00:00,2025-08-03 16:12:10+00:00,CSS,163,3,0,0,False,0,0,False,True,0
1031254043,ordinary,2025-08-03 10:58:09+00:00,2025-08-03 13:39:43+00:00,Python,61,3,2,0,True,75,0,False,False,0
1031256025,popular,2025-08-03 11:03:25+00:00,2026-02-10 07:37:37+00:00,Python,17913,8380,554,239,True,119,0,True,False,190
1031257280,ordinary,2025-08-03 11:06:56+00:00,2025-08-03 12:37:05+00:00,CSS,7,3,0,0,False,0,0,False,True,0
1031260975,ordinary,2025-08-03 11:17:03+00:00,2026-01-09 02:21:14+00:00,Rust,312,3,0,0,False,0,0,True,False,158
1031263040,ordinary,2025-08-03 11:22:49+00:00,2026-09-08 10:07:26+00:00,Rust,213,3,0,3,True,18,0,True,False,400
1031263328,ordinary,2025-08-03 11:23:35+00:00,2025-09-23 19:18:03+00:00,Python,26,3,0,0,False,263,0,False,False,51
1031263515,popular,2025-08-03 11:24:09+00:00,2025-08-11 11:07:08+00:00,Python,459,71,12,9,True,101,0,True,False,7
1031264144,popular,2025-08-03 11:25:43+00:00,2026-06-04 07:48:14+00:00,Cuda,814,85,8,1,False,10,3,False,False,304
1031264864,popular,2025-08-03 11:27:49+00:00,2026-02-28 02:33:53+00:00,TypeScript,5107,357,14,1,True,23,0,True,False,208
1031264991,popular,2025-08-03 11:28:07+00:00,2026-05-15 16:49:49+00:00,JavaScript,2061,641,22,10,True,29,0,False,False,285
1031265922,popular,2025-08-03 11:30:36+00:00,2026-07-16 02:17:04+00:00,JavaScript,3259,210,49,7,False,63,5,False,False,346
1031276137,popular,2025-08-03 11:58:38+00:00,2026-04-24 21:08:31+00:00,PowerShell,1606,88,0,0,True,227,1,False,False,264
1031278490,popular,2025-08-03 12:05:11+00:00,2026-02-05 09:48:33+00:00,не указан,17198,97,35,0,False,0,0,False,False,185
1031282097,ordinary,2025-08-03 12:14:34+00:00,2025-08-03 12:16:36+00:00,Python,15,3,0,0,True,185,0,False,False,0
1031283350,ordinary,2025-08-03 12:18:00+00:00,2026-05-08 16:12:49+00:00,Python,442052,3,1,0,True,91,0,False,False,278
1031289962,popular,2025-08-03 12:34:46+00:00,2026-01-07 02:44:13+00:00,Go,27366,57,1,1,True,21,3,False,False,156
1031292765,ordinary,2025-08-03 12:41:38+00:00,2025-09-25 13:33:10+00:00,Rust,2250,3,0,0,False,33,0,False,False,53
1031293723,ordinary,2025-08-03 12:44:07+00:00,2026-08-24 06:56:25+00:00,JavaScript,85,3,1,1,True,50,3,True,False,385
1031298313,ordinary,2025-08-03 12:55:31+00:00,2025-10-16 15:06:27+00:00,Python,12,3,0,0,True,65,0,False,False,74
1031299573,ordinary,2025-08-03 12:58:53+00:00,2025-08-03 13:10:04+00:00,JavaScript,33,3,0,0,False,0,0,False,False,0
1031304489,ordinary,2025-08-03 13:11:20+00:00,2025-08-03 13:12:22+00:00,Python,15,3,0,0,False,0,0,False,False,0
1031308282,popular,2025-08-03 13:20:50+00:00,2025-12-22 05:29:19+00:00,Go,2423,610,33,24,True,141,3,True,False,140
1031308824,popular,2025-08-03 13:22:09+00:00,2026-04-18 09:26:57+00:00,Python,264,119,13,1,True,17,0,False,False,257
1031310689,popular,2025-08-03 13:26:57+00:00,2026-09-25 08:32:15+00:00,JavaScript,220099,153,41,10,True,32,11,False,True,417
1031312357,popular,2025-08-03 13:31:17+00:00,2025-09-23 16:52:44+00:00,CSS,8303,114,5,1,True,13,0,False,False,51
1031315212,popular,2025-08-03 13:38:25+00:00,2026-05-01 15:47:22+00:00,не указан,14735,159,1,274,False,15,10,False,False,271
1031317891,ordinary,2025-08-03 13:44:51+00:00,2026-02-19 05:23:58+00:00,TypeScript,26911,3,0,0,False,66,0,False,False,199
1031320629,popular,2025-08-03 13:51:23+00:00,2026-09-21 20:41:03+00:00,Go,1586,168,18,0,True,112,6,False,False,414
1031323669,popular,2025-08-03 13:58:13+00:00,2026-09-27 14:31:02+00:00,TypeScript,15372,253,4,4,True,149,11,True,False,420
1031324022,popular,2025-08-03 13:58:57+00:00,2025-08-04 05:54:12+00:00,не указан,8776,68,0,3,False,83,0,False,False,0
1031324287,ordinary,2025-08-03 13:59:32+00:00,2026-07-23 10:53:18+00:00,TypeScript,544,3,0,0,False,103,9,False,False,353
1031329929,ordinary,2025-08-03 14:12:42+00:00,2026-03-07 15:34:57+00:00,C++,63,3,0,0,True,116,0,False,False,216
1031331811,popular,2025-08-03 14:17:14+00:00,2026-09-20 22:13:44+00:00,не указан,61,51,2,0,False,34,0,False,False,413
1031333712,popular,2025-08-03 14:21:29+00:00,2026-03-04 05:50:54+00:00,R,5169,54,10,1,False,37,5,False,False,212
1031340028,popular,2025-08-03 14:36:25+00:00,2025-09-11 11:35:34+00:00,не указан,62945,69,2,0,False,51,0,False,False,38
1031340774,popular,2025-08-03 14:38:00+00:00,2025-10-19 11:04:10+00:00,Python,91065,79,25,0,True,0,0,False,False,76
1031342680,popular,2025-08-03 14:42:38+00:00,2025-08-03 14:43:15+00:00,не указан,26,73,9,1,False,0,0,False,False,0
1031343071,ordinary,2025-08-03 14:43:29+00:00,2025-08-03 14:49:37+00:00,CSS,1966,3,0,0,False,0,0,False,True,0
1031346100,popular,2025-08-03 14:50:12+00:00,2026-06-04 23:23:43+00:00,C++,2160,55,9,0,True,101,0,True,False,305
1031347813,ordinary,2025-08-03 14:53:54+00:00,2025-09-28 05:01:58+00:00,HTML,8,3,0,0,False,0,0,False,True,55
1031352043,popular,2025-08-03 15:03:17+00:00,2026-09-24 13:34:04+00:00,Shell,224728,350,529,0,True,189,7,False,False,416
1031352494,popular,2025-08-03 15:04:18+00:00,2026-02-07 16:29:12+00:00,TypeScript,289,104,6,0,True,85,10,False,False,188
1031354455,ordinary,2025-08-03 15:08:30+00:00,2025-08-08 11:04:09+00:00,не указан,57,3,2,1,False,0,0,False,False,4
1031356054,ordinary,2025-08-03 15:12:11+00:00,2026-03-28 16:41:51+00:00,TypeScript,35625,3,2,0,True,0,0,False,True,237
1031361477,ordinary,2025-08-03 15:24:12+00:00,2026-05-25 21:24:12+00:00,JavaScript,7814,3,0,4,False,0,0,False,False,295
1031364470,popular,2025-08-03 15:30:48+00:00,2026-08-27 14:40:00+00:00,TypeScript,129993,67,14,638,True,34,4,False,False,388
1031367244,popular,2025-08-03 15:37:10+00:00,2025-11-07 05:07:54+00:00,ASP.NET,16032,93,3,0,True,229,5,False,False,95
1031368237,ordinary,2025-08-03 15:39:29+00:00,2025-11-13 15:45:06+00:00,CSS,15,3,1,2,True,184,1,False,False,102
1031371771,popular,2025-08-03 15:47:38+00:00,2025-08-03 16:11:50+00:00,Shell,311,753,72,1,True,0,0,False,False,0
1031372210,ordinary,2025-08-03 15:48:30+00:00,2025-08-04 05:20:42+00:00,не указан,18,3,0,0,False,0,0,False,False,0
1031372272,popular,2025-08-03 15:48:41+00:00,2026-08-09 07:56:43+00:00,не указан,14,57,1,0,True,164,10,False,False,370
1031374768,ordinary,2025-08-03 15:54:29+00:00,2025-08-04 04:56:19+00:00,CSS,51,3,1,0,False,0,0,False,False,0
1031374982,popular,2025-08-03 15:55:02+00:00,2025-09-16 00:07:40+00:00,Python,1808,73,47,74,False,23,0,False,False,43
1031374993,popular,2025-08-03 15:55:03+00:00,2026-08-06 16:54:11+00:00,Python,540506,80,17,10,True,100,7,False,True,368
1031379363,ordinary,2025-08-03 16:05:21+00:00,2026-08-23 17:14:36+00:00,Python,27644,3,0,5,False,68,0,False,False,385
1031380583,popular,2025-08-03 16:08:13+00:00,2026-09-09 12:27:52+00:00,Python,3105,150,6,10,True,74,0,True,False,401
1031381215,popular,2025-08-03 16:09:47+00:00,2026-06-11 13:04:13+00:00,Java,2446,523,11,3,True,61,0,False,False,311
1031389102,ordinary,2025-08-03 16:28:29+00:00,2026-09-14 23:52:34+00:00,Python,19740,3,0,0,True,287,14,False,False,407
1031394238,popular,2025-08-03 16:41:19+00:00,2025-10-06 20:09:46+00:00,Python,4355,55,5,0,True,205,12,False,False,64
1031394725,ordinary,2025-08-03 16:42:33+00:00,2026-06-03 17:27:55+00:00,JavaScript,85,3,0,0,False,99,0,True,False,304
1031400188,popular,2025-08-03 16:55:40+00:00,2025-08-08 21:15:11+00:00,Shell,2012,102,17,1,True,124,7,False,False,5
1031402247,popular,2025-08-03 17:00:40+00:00,2026-06-06 06:24:20+00:00,Java,7087,138,11,8,True,79,6,True,False,306
1031403045,popular,2025-08-03 17:02:35+00:00,2025-08-03 17:14:24+00:00,TypeScript,295,51,0,0,False,0,0,False,False,0
1031405055,popular,2025-08-03 17:07:14+00:00,2026-03-11 15:10:22+00:00,C++,99431,53,7,2,True,83,0,False,False,219
1031407340,ordinary,2025-08-03 17:12:50+00:00,2025-08-10 06:48:30+00:00,JavaScript,10943,3,0,0,False,0,0,False,False,6
1031409556,ordinary,2025-08-03 17:18:16+00:00,2025-08-19 09:14:54+00:00,Python,17447,3,1,0,False,109,4,False,False,15
1031418334,popular,2025-08-03 17:39:57+00:00,2026-04-28 23:20:28+00:00,C,432,113,13,1,True,86,0,True,False,268
1031423644,ordinary,2025-08-03 17:53:31+00:00,2025-08-03 17:53:35+00:00,PHP,77,3,0,0,True,0,0,False,False,0
1031423801,ordinary,2025-08-03 17:53:53+00:00,2025-08-10 11:07:17+00:00,HTML,16,3,0,0,False,99,0,False,False,6
1031423809,ordinary,2025-08-03 17:53:54+00:00,2025-08-03 17:54:14+00:00,Jupyter Notebook,9121,3,0,0,False,0,0,False,False,0
1031425796,ordinary,2025-08-03 17:59:01+00:00,2025-09-10 18:12:45+00:00,Lua,7,3,0,0,False,48,2,False,False,38
1031427073,popular,2025-08-03 18:02:25+00:00,2025-11-13 20:32:35+00:00,C#,420,54,17,2,True,194,9,False,False,102
1031427737,ordinary,2025-08-03 18:04:13+00:00,2025-08-10 23:14:26+00:00,JavaScript,17677,3,0,0,False,264,0,False,True,7
1031431308,ordinary,2025-08-03 18:13:38+00:00,2026-07-29 22:14:12+00:00,Python,130,3,0,2,True,53,0,False,False,360
1031434483,ordinary,2025-08-03 18:21:54+00:00,2025-08-03 18:29:07+00:00,Python,3546,3,1,0,False,295,0,False,False,0
1031443539,ordinary,2025-08-03 18:46:03+00:00,2025-08-05 19:10:11+00:00,Python,316,3,0,0,False,171,4,False,False,2
1031449866,popular,2025-08-03 19:04:22+00:00,2026-01-27 22:52:47+00:00,TypeScript,1519,178,7,0,False,94,0,False,False,177
1031452587,ordinary,2025-08-03 19:12:06+00:00,2026-09-28 08:46:55+00:00,Python,187,3,0,5,True,101,6,False,False,420
1031453122,popular,2025-08-03 19:13:46+00:00,2026-09-23 09:13:17+00:00,CSS,55547,183,9,2,True,53,7,False,False,415
1031453287,ordinary,2025-08-03 19:14:17+00:00,2025-08-06 14:27:17+00:00,Python,14,3,0,0,False,0,0,False,False,2
1031453830,ordinary,2025-08-03 19:15:56+00:00,2025-08-05 16:23:57+00:00,JavaScript,1254,3,0,0,False,0,0,False,False,1
1031462001,popular,2025-08-03 19:40:02+00:00,2026-01-30 18:10:24+00:00,Python,412,57,5,2,True,125,0,True,False,179
1031463554,popular,2025-08-03 19:44:31+00:00,2026-04-06 16:59:20+00:00,TypeScript,2868,350,7,2,True,118,6,False,False,245
1031470450,ordinary,2025-08-03 20:05:51+00:00,2025-08-03 20:16:28+00:00,C,9,3,1,1,True,59,5,False,False,0
1031472365,popular,2025-08-03 20:11:40+00:00,2025-08-16 00:11:10+00:00,Go,445,65,8,0,True,0,0,False,False,12
1031472838,ordinary,2025-08-03 20:13:10+00:00,2026-08-18 14:50:39+00:00,PHP,60,3,0,0,False,91,0,False,False,379
1031476563,ordinary,2025-08-03 20:24:52+00:00,2025-08-05 16:47:11+00:00,Python,329,3,1,0,True,0,0,False,False,1
1031479169,ordinary,2025-08-03 20:33:28+00:00,2026-09-18 06:50:27+00:00,Go,47,3,1,2,True,38,0,False,False,410
1031481540,ordinary,2025-08-03 20:40:52+00:00,2025-08-03 20:59:58+00:00,Jupyter Notebook,659,3,0,0,False,309,0,False,False,0
1031484901,ordinary,2025-08-03 20:51:43+00:00,2025-09-07 17:40:38+00:00,не указан,5215,3,0,0,True,113,0,False,False,34
1031487155,popular,2025-08-03 20:59:41+00:00,2025-08-10 22:35:01+00:00,C++,133,154,2,5,True,49,4,True,False,7
1031489460,ordinary,2025-08-03 21:07:24+00:00,2025-08-04 17:18:34+00:00,Python,100061,3,0,0,False,0,0,True,False,0
1031490841,popular,2025-08-03 21:12:17+00:00,2026-03-29 22:20:36+00:00,TypeScript,35,153,5,2,True,76,0,False,False,238
1031490986,ordinary,2025-08-03 21:12:49+00:00,2025-08-03 22:48:14+00:00,Python,49,3,1,0,True,160,0,True,False,0
1031491412,popular,2025-08-03 21:14:24+00:00,2025-08-27 13:32:58+00:00,Python,742208,233,11,3,True,0,0,False,False,23
1031499454,popular,2025-08-03 21:44:07+00:00,2026-08-21 20:06:52+00:00,Python,5163,185,23,0,True,78,0,True,False,382
1031507176,ordinary,2025-08-03 22:13:32+00:00,2025-10-25 07:04:38+00:00,C,124,3,2,1,True,102,0,False,False,82
1031512067,ordinary,2025-08-03 22:33:31+00:00,2025-08-04 03:59:19+00:00,TypeScript,117,3,0,0,False,0,0,False,False,0
1031512782,ordinary,2025-08-03 22:36:03+00:00,2026-02-20 04:13:45+00:00,Jupyter Notebook,722,3,2,0,True,0,0,False,False,200
1031514265,popular,2025-08-03 22:42:01+00:00,2026-02-23 01:03:59+00:00,C#,860,80,96,1,False,19,0,False,False,203
1031517164,popular,2025-08-03 22:54:49+00:00,2026-01-18 15:32:53+00:00,C,10328,57,4,2,False,29,7,False,False,167
1031520688,popular,2025-08-03 23:09:07+00:00,2026-02-03 12:47:07+00:00,Shell,886,195,10,9,True,264,5,False,False,183
1031524869,ordinary,2025-08-03 23:27:42+00:00,2025-12-27 22:05:24+00:00,HTML,5168,3,0,0,True,32,4,False,True,145
1031526007,popular,2025-08-03 23:32:28+00:00,2026-04-25 14:04:56+00:00,не указан,105,61,0,2,True,80,5,False,False,264
1031526703,ordinary,2025-08-03 23:35:33+00:00,2025-08-11 01:52:27+00:00,Jupyter Notebook,16892,3,1,0,False,0,0,False,False,7
1031527229,ordinary,2025-08-03 23:37:49+00:00,2025-08-03 23:49:00+00:00,Jupyter Notebook,2669,3,0,0,True,335,0,False,False,0
1031531646,popular,2025-08-03 23:57:52+00:00,2026-09-10 00:56:49+00:00,Go,7231,84,4,1,True,56,6,True,True,402
1031531685,ordinary,2025-08-03 23:58:03+00:00,2026-09-15 05:23:31+00:00,TypeScript,193583,3,0,0,True,19,0,False,False,407
1031531790,popular,2025-08-03 23:58:36+00:00,2025-08-05 09:23:13+00:00,Python,25,152,92,2,True,0,0,False,False,1
1031538078,ordinary,2025-08-04 00:25:37+00:00,2025-08-04 00:41:51+00:00,Python,44,3,0,0,True,0,0,False,False,0
1031541165,popular,2025-08-04 00:38:03+00:00,2026-04-07 16:59:20+00:00,TypeScript,45980,125,14,4,True,167,4,True,False,246
1031541363,popular,2025-08-04 00:38:54+00:00,2026-03-01 16:52:18+00:00,C,22,114,9,1,True,34,0,False,False,209
1031542543,ordinary,2025-08-04 00:43:39+00:00,2026-06-22 17:51:48+00:00,JavaScript,88963,3,1,0,False,0,0,False,False,322
1031544383,ordinary,2025-08-04 00:50:51+00:00,2026-05-10 13:22:43+00:00,Python,48862,3,0,0,False,95,0,False,False,279
1031546023,popular,2025-08-04 00:57:34+00:00,2026-08-11 09:50:31+00:00,Python,236039,95,34,2,False,0,0,True,False,372
1031562962,popular,2025-08-04 01:57:08+00:00,2026-06-16 14:15:01+00:00,JavaScript,870,210,19,0,False,178,6,False,False,316
1031570386,popular,2025-08-04 02:21:28+00:00,2026-09-24 06:58:37+00:00,Python,1879952,730,227,4,True,256,0,False,False,416
1031572511,popular,2025-08-04 02:27:42+00:00,2026-07-20 07:45:39+00:00,TypeScript,2098,338,77,3,True,36,8,True,False,350
1031576491,ordinary,2025-08-04 02:40:59+00:00,2025-08-04 02:41:07+00:00,Vue,50,3,0,0,False,0,0,False,False,0
1031579503,popular,2025-08-04 02:50:59+00:00,2026-09-26 20:16:42+00:00,Python,21637,619,28,1,True,160,0,False,False,418
1031579681,ordinary,2025-08-04 02:51:31+00:00,2025-09-14 02:36:07+00:00,Python,77068,3,0,0,True,231,0,False,False,40
1031581548,popular,2025-08-04 02:57:17+00:00,2026-08-07 14:32:07+00:00,Shell,19111,615,54,8,True,26,0,False,False,368
1031582345,ordinary,2025-08-04 02:59:31+00:00,2026-02-08 15:55:10+00:00,TypeScript,512,3,2,0,True,30,3,False,False,188
1031587453,popular,2025-08-04 03:15:47+00:00,2026-09-26 21:43:48+00:00,PowerShell,91,607,46,8,True,53,0,False,False,418
1031588182,ordinary,2025-08-04 03:18:15+00:00,2025-08-04 05:44:04+00:00,Python,10,3,0,1,False,26,0,False,False,0
1031588815,popular,2025-08-04 03:20:28+00:00,2026-09-25 14:12:34+00:00,Python,4217,681,96,10,False,222,5,False,False,417
1031589336,popular,2025-08-04 03:22:17+00:00,2026-09-28 11:24:22+00:00,JavaScript,73736,3058,776,48,True,55,17,False,False,420
1031591111,popular,2025-08-04 03:28:06+00:00,2025-10-26 07:20:06+00:00,не указан,286,102,1,0,True,76,0,True,False,83
1031597715,popular,2025-08-04 03:48:39+00:00,2025-08-05 08:47:58+00:00,Python,74,159,18,0,False,69,0,False,False,1
1031598928,popular,2025-08-04 03:52:46+00:00,2026-04-06 15:39:44+00:00,Python,47898,118,6,14,True,159,0,True,False,245
1031600160,ordinary,2025-08-04 03:56:42+00:00,2025-08-21 06:53:30+00:00,Python,19953,3,1,0,False,25,0,False,False,17
1031600229,ordinary,2025-08-04 03:56:55+00:00,2025-08-04 04:02:23+00:00,C,46268,3,0,0,True,28,0,False,False,0
1031605703,ordinary,2025-08-04 04:12:27+00:00,2025-08-14 17:23:48+00:00,TypeScript,205,3,2,0,False,0,0,False,False,10
1031614403,popular,2025-08-04 04:36:04+00:00,2026-07-10 14:28:56+00:00,TypeScript,44,275,131,6,True,98,4,False,False,340
1031615199,ordinary,2025-08-04 04:37:55+00:00,2025-08-04 04:46:29+00:00,JavaScript,13190,3,0,0,False,137,0,False,False,0
1031616141,ordinary,2025-08-04 04:40:26+00:00,2025-08-04 05:47:17+00:00,Swift,21653,3,2,0,False,0,0,False,False,0
1031623067,popular,2025-08-04 04:59:43+00:00,2025-11-17 03:50:05+00:00,Rust,166,184,22,7,False,58,0,False,False,104
1031624042,popular,2025-08-04 05:02:21+00:00,2026-09-28 07:37:57+00:00,Go,88541,1156,147,479,True,40,8,True,False,420
1031624109,ordinary,2025-08-04 05:02:31+00:00,2026-03-13 06:31:54+00:00,JavaScript,70898,3,0,0,False,36,0,False,False,221
1031625626,ordinary,2025-08-04 05:06:21+00:00,2025-08-04 09:55:00+00:00,TypeScript,218,3,0,0,False,0,0,False,False,0
1031631569,popular,2025-08-04 05:22:15+00:00,2026-01-27 04:22:34+00:00,Python,1920,140,16,3,True,45,3,True,False,175
1031634916,ordinary,2025-08-04 05:30:53+00:00,2025-08-08 05:36:37+00:00,Jupyter Notebook,15077,3,0,0,True,0,0,False,False,4
1031635137,ordinary,2025-08-04 05:31:31+00:00,2026-06-14 08:47:54+00:00,Python,367,3,1,0,False,102,0,False,False,314
1031637417,ordinary,2025-08-04 05:37:17+00:00,2025-09-28 06:02:36+00:00,HTML,6634,3,0,0,False,0,0,False,False,55
1031641244,ordinary,2025-08-04 05:46:56+00:00,2025-08-04 06:04:33+00:00,Jupyter Notebook,2842,3,0,0,False,0,0,False,False,0
1031648727,popular,2025-08-04 06:03:24+00:00,2025-08-14 08:27:53+00:00,Python,8139,204,10,1,False,130,0,False,False,10
1031649515,ordinary,2025-08-04 06:05:06+00:00,2025-08-04 06:23:47+00:00,C,266,3,0,0,False,0,0,False,False,0
1031651212,ordinary,2025-08-04 06:08:47+00:00,2025-10-05 06:37:45+00:00,Python,13742,3,1,0,True,62,0,False,False,62
1031654038,popular,2025-08-04 06:14:50+00:00,2026-05-26 18:12:14+00:00,TypeScript,15901,154,38,3,False,0,0,True,False,295
1031658637,ordinary,2025-08-04 06:24:32+00:00,2025-09-09 14:23:38+00:00,Go,8,3,0,0,False,0,0,False,False,36
1031661826,ordinary,2025-08-04 06:31:19+00:00,2026-08-06 04:38:28+00:00,не указан,20,3,1,0,False,146,5,False,False,366
1031663869,ordinary,2025-08-04 06:35:37+00:00,2026-03-07 14:43:28+00:00,Java,1153,3,0,0,False,164,0,False,False,215
1031666266,popular,2025-08-04 06:40:22+00:00,2026-08-17 19:08:51+00:00,Python,699,167,11,14,True,56,11,True,False,378
1031671353,ordinary,2025-08-04 06:50:17+00:00,2026-08-20 10:18:38+00:00,JavaScript,14089,3,0,0,True,52,5,False,True,381
1031674752,popular,2025-08-04 06:56:47+00:00,2025-10-09 06:37:22+00:00,Python,491,154,18,9,True,51,3,True,False,65
1031676874,ordinary,2025-08-04 07:01:04+00:00,2026-06-03 18:13:07+00:00,Python,301335,3,0,0,True,34,0,False,False,303
1031676940,popular,2025-08-04 07:01:14+00:00,2026-09-22 00:25:21+00:00,Go,33051,125,27,0,False,38,7,False,False,413
1031679545,ordinary,2025-08-04 07:06:28+00:00,2025-08-18 16:48:42+00:00,SystemVerilog,287,3,1,0,False,0,0,False,False,14
1031682247,popular,2025-08-04 07:12:02+00:00,2026-09-28 10:04:03+00:00,C,7907,216,16,3,True,176,0,False,True,420
1031683935,popular,2025-08-04 07:15:11+00:00,2026-03-23 14:10:57+00:00,C#,1275,109,24,26,True,316,20,False,False,231
1031687381,ordinary,2025-08-04 07:21:54+00:00,2025-08-06 10:57:11+00:00,C#,122,3,2,0,False,0,0,False,False,2
1031688169,popular,2025-08-04 07:23:29+00:00,2025-08-27 02:14:59+00:00,JavaScript,4151,334,17,1,True,186,4,False,False,22
1031691431,ordinary,2025-08-04 07:30:06+00:00,2025-08-09 14:54:09+00:00,HTML,31976,3,0,0,False,12,0,False,False,5
1031697905,popular,2025-08-04 07:43:20+00:00,2026-09-25 08:54:24+00:00,TypeScript,27325,131,11,0,True,160,4,False,False,417
1031700199,popular,2025-08-04 07:47:46+00:00,2026-08-09 04:40:58+00:00,Jupyter Notebook,1183,351,212,4,True,82,0,False,False,369
1031700955,ordinary,2025-08-04 07:49:14+00:00,2025-10-03 23:41:13+00:00,не указан,77,3,0,22,True,95,0,False,False,60
1031701830,ordinary,2025-08-04 07:50:54+00:00,2025-08-04 08:47:29+00:00,R,5,3,1,0,False,48,0,False,False,0
1031702103,popular,2025-08-04 07:51:28+00:00,2026-09-24 15:52:00+00:00,Python,480,689,136,7,True,197,9,False,False,416
1031705250,ordinary,2025-08-04 07:57:39+00:00,2025-08-04 15:57:20+00:00,Go,145,3,2,0,True,39,0,True,False,0
1031712267,popular,2025-08-04 08:11:19+00:00,2025-09-24 06:07:57+00:00,Python,2870,105,8,5,True,87,0,False,False,50
1031713700,ordinary,2025-08-04 08:13:59+00:00,2026-08-28 11:14:49+00:00,HTML,228,3,0,0,False,41,0,False,True,389
1031715140,ordinary,2025-08-04 08:16:33+00:00,2026-08-18 14:42:09+00:00,Jupyter Notebook,3131,3,1,0,False,168,0,False,False,379
1031722413,popular,2025-08-04 08:29:36+00:00,2026-08-26 08:55:31+00:00,HTML,43168,103,0,0,True,136,0,False,False,387
1031723661,ordinary,2025-08-04 08:32:06+00:00,2025-08-08 06:48:08+00:00,JavaScript,1699,3,0,0,True,235,0,False,False,3
1031723694,ordinary,2025-08-04 08:32:10+00:00,2025-12-12 20:56:30+00:00,TypeScript,207,3,2,1,True,125,1,True,False,130
1031726091,ordinary,2025-08-04 08:36:35+00:00,2025-11-09 08:28:00+00:00,JavaScript,10963,3,0,0,False,121,7,False,False,96
1031726568,popular,2025-08-04 08:37:30+00:00,2026-09-20 01:40:33+00:00,Vue,7706,555,52,21,True,181,10,False,False,411
1031732105,popular,2025-08-04 08:47:45+00:00,2026-09-21 02:39:38+00:00,Python,54514,118,20,3,True,20,0,False,False,412
1031738741,popular,2025-08-04 08:59:43+00:00,2026-09-14 06:52:24+00:00,Python,146874,3166,328,2,True,57,11,True,False,405
1031738870,ordinary,2025-08-04 08:59:56+00:00,2025-11-29 02:12:03+00:00,не указан,29,3,0,0,False,0,0,False,False,116
1031742828,popular,2025-08-04 09:07:07+00:00,2026-04-17 02:03:29+00:00,Python,650,276,12,7,True,107,0,True,False,255
1031743438,popular,2025-08-04 09:08:16+00:00,2025-10-22 12:34:30+00:00,Go,65913,105,12,1,True,25,3,False,False,79
1031743615,popular,2025-08-04 09:08:40+00:00,2025-10-09 11:16:00+00:00,Java,183,119,12,0,True,69,4,False,False,66
1031744281,ordinary,2025-08-04 09:09:55+00:00,2025-08-09 02:08:02+00:00,Python,47,3,0,0,True,66,0,False,False,4
1031745381,popular,2025-08-04 09:11:58+00:00,2026-09-15 05:31:56+00:00,не указан,869,143,12,0,False,0,0,False,False,406
1031755204,ordinary,2025-08-04 09:30:05+00:00,2025-12-28 08:13:28+00:00,Java,3505,3,2,0,True,39,0,False,False,145
1031759407,popular,2025-08-04 09:37:44+00:00,2025-12-11 15:35:03+00:00,HTML,85563,119,5,0,True,95,0,True,False,129
1031760832,popular,2025-08-04 09:40:13+00:00,2026-09-27 13:26:40+00:00,Vue,400,350,180,7,False,14,0,False,False,419
1031762119,popular,2025-08-04 09:42:36+00:00,2026-09-01 23:42:16+00:00,TypeScript,1043,81,23,0,True,41,2,True,False,393
1031763327,popular,2025-08-04 09:44:43+00:00,2025-08-05 14:21:58+00:00,не указан,46,81,19,0,False,234,0,False,False,1
1031763495,ordinary,2025-08-04 09:44:57+00:00,2026-09-26 07:29:55+00:00,Python,24958,3,0,0,True,154,16,False,False,417
1031765993,ordinary,2025-08-04 09:49:26+00:00,2026-05-13 08:13:28+00:00,TypeScript,1149,3,0,0,True,29,1,False,True,281
1031778282,popular,2025-08-04 10:11:42+00:00,2026-04-01 01:55:40+00:00,Python,7474,137,18,1,True,102,0,False,False,239
1031783324,ordinary,2025-08-04 10:21:20+00:00,2025-08-15 09:35:13+00:00,Java,468,3,0,0,True,58,5,False,False,10
1031784421,ordinary,2025-08-04 10:23:24+00:00,2026-09-20 06:23:05+00:00,Python,57,3,1,1,True,166,4,False,False,411
1031784914,ordinary,2025-08-04 10:24:19+00:00,2025-08-04 10:39:44+00:00,Python,7,3,0,0,False,274,0,False,False,0
1031794610,popular,2025-08-04 10:43:50+00:00,2025-10-09 12:52:39+00:00,Python,12601,89,11,0,False,21,0,True,False,66
1031796362,popular,2025-08-04 10:47:22+00:00,2026-09-13 13:38:44+00:00,SystemVerilog,13702,479,44,7,True,18,0,False,True,405
1031799493,popular,2025-08-04 10:53:41+00:00,2025-12-12 09:06:48+00:00,Python,1757,108,16,2,False,75,0,False,False,129
1031805661,popular,2025-08-04 11:05:28+00:00,2025-11-13 09:07:07+00:00,Python,379,337,90,18,False,17,14,False,False,100
1031808723,popular,2025-08-04 11:11:27+00:00,2025-12-16 11:11:14+00:00,TypeScript,452,1280,23,5,False,37,7,True,False,133
1031812646,ordinary,2025-08-04 11:18:59+00:00,2025-08-05 12:28:07+00:00,JavaScript,3056,3,0,0,False,0,0,False,False,1
1031812651,ordinary,2025-08-04 11:19:00+00:00,2026-03-02 14:05:10+00:00,TypeScript,514,3,1,0,False,143,8,False,False,210
1031813623,ordinary,2025-08-04 11:20:50+00:00,2025-08-16 16:07:59+00:00,C#,16907,3,0,0,False,0,0,False,False,12
1031814442,ordinary,2025-08-04 11:22:26+00:00,2025-08-04 11:24:34+00:00,HTML,378,3,0,0,False,40,0,False,False,0
1031823764,popular,2025-08-04 11:40:14+00:00,2025-11-18 14:50:30+00:00,Python,10311,90,18,1,True,23,0,False,False,106
1031825573,popular,2025-08-04 11:43:33+00:00,2026-07-06 11:10:13+00:00,Dart,3944,159,3,2,True,97,0,False,False,335
1031827830,popular,2025-08-04 11:47:39+00:00,2025-08-04 11:53:09+00:00,Blade,6614,122,59,0,False,0,0,False,False,0
1031829886,popular,2025-08-04 11:51:41+00:00,2026-06-17 10:31:58+00:00,JavaScript,2531,235,19,2,True,28,0,False,False,316
1031832178,popular,2025-08-04 11:56:13+00:00,2026-06-23 10:14:04+00:00,HTML,2383,923,226,21,True,8,0,False,True,322
1031836725,ordinary,2025-08-04 12:04:31+00:00,2026-02-08 15:40:33+00:00,Python,34225,3,0,0,True,120,2,False,False,188
1031849744,popular,2025-08-04 12:28:27+00:00,2026-09-28 11:13:23+00:00,Go,26394,4594,156,99,True,128,16,True,False,419
1031850838,ordinary,2025-08-04 12:30:27+00:00,2026-04-29 14:24:18+00:00,TypeScript,1486,3,0,0,True,112,0,False,False,268
1031850904,popular,2025-08-04 12:30:34+00:00,2025-08-04 13:03:09+00:00,HTML,64,79,3,1,True,73,7,False,False,0
1031853659,popular,2025-08-04 12:35:22+00:00,2026-08-17 15:43:48+00:00,не указан,58805,586,100,2,True,34,0,True,False,378
1031854805,popular,2025-08-04 12:37:22+00:00,2025-08-19 07:36:00+00:00,Vue,128875,1090,103,1,True,9,0,False,False,14
1031871232,popular,2025-08-04 13:05:23+00:00,2025-10-01 14:55:22+00:00,Shell,548,165,54,2,False,0,0,False,False,58
1031873146,ordinary,2025-08-04 13:08:43+00:00,2025-08-04 13:14:31+00:00,HTML,22273,3,0,0,False,0,0,False,False,0
1031873748,popular,2025-08-04 13:09:43+00:00,2026-09-25 18:24:52+00:00,Python,32619,155,255,769,True,151,0,True,False,417
1031875129,popular,2025-08-04 13:12:05+00:00,2026-09-18 13:04:37+00:00,Go,1821,94,31,0,True,252,3,False,False,409
1031879042,popular,2025-08-04 13:18:44+00:00,2026-09-26 11:45:06+00:00,Python,660617,139,18,1,True,256,20,True,False,417
1031882789,ordinary,2025-08-04 13:25:21+00:00,2025-08-04 13:30:21+00:00,не указан,7643,3,3,0,False,14,0,False,False,0
1031883606,popular,2025-08-04 13:26:49+00:00,2026-09-25 22:14:47+00:00,TypeScript,289944,192,9,9,False,286,0,False,True,417
1031891757,popular,2025-08-04 13:41:10+00:00,2026-09-24 17:01:58+00:00,Python,55608,1151,289,156,True,107,6,True,False,416
1031892634,ordinary,2025-08-04 13:42:38+00:00,2025-12-03 11:05:20+00:00,Jupyter Notebook,24,3,1,1,True,55,0,True,False,120
1031904779,popular,2025-08-04 14:03:22+00:00,2026-09-23 05:33:22+00:00,не указан,45296825,92,7,13,True,0,0,False,False,414
1031912724,popular,2025-08-04 14:16:16+00:00,2026-09-28 08:22:09+00:00,Rust,77906,138009,9351,2923,True,151,20,False,False,419
1031915439,popular,2025-08-04 14:20:58+00:00,2026-09-28 11:35:26+00:00,TypeScript,274468,108,41,164,True,0,0,True,False,419
1031917942,ordinary,2025-08-04 14:24:58+00:00,2025-08-04 14:27:31+00:00,не указан,19,3,0,0,True,98,0,False,False,0
1031925084,ordinary,2025-08-04 14:36:33+00:00,2025-08-16 13:58:28+00:00,JavaScript,790,3,6,0,False,169,0,True,False,11
1031925333,popular,2025-08-04 14:36:58+00:00,2026-07-30 09:59:19+00:00,Python,183653,185,15,2,True,95,0,False,False,359
1031929244,ordinary,2025-08-04 14:43:18+00:00,2026-09-28 08:10:29+00:00,Jupyter Notebook,138708,3,0,0,False,0,0,False,True,419
1031929566,popular,2025-08-04 14:43:49+00:00,2026-09-27 19:42:41+00:00,TypeScript,3318,120,4,0,True,36,8,True,False,419
1031929734,ordinary,2025-08-04 14:44:05+00:00,2025-08-15 15:58:34+00:00,C,5706,3,0,0,False,0,0,False,False,11
1031931613,ordinary,2025-08-04 14:47:05+00:00,2025-08-04 14:48:38+00:00,JavaScript,1,3,0,0,False,0,0,False,False,0
1031932441,ordinary,2025-08-04 14:48:29+00:00,2025-08-10 19:08:53+00:00,JavaScript,84,3,0,0,True,153,8,False,False,6
1031934429,popular,2025-08-04 14:51:49+00:00,2026-09-01 20:24:43+00:00,не указан,1183,201,5,12,False,71,0,True,False,393
1031939517,ordinary,2025-08-04 15:00:12+00:00,2025-08-05 13:26:18+00:00,C,60867,3,0,0,False,101,0,False,False,0
1031942972,popular,2025-08-04 15:05:50+00:00,2026-01-28 02:51:12+00:00,не указан,6230,75,4,2,False,156,0,False,False,176
1031944982,ordinary,2025-08-04 15:09:12+00:00,2026-01-06 14:55:25+00:00,TypeScript,1093,3,0,0,False,16,0,False,False,154
1031945919,popular,2025-08-04 15:10:45+00:00,2026-09-26 13:15:25+00:00,Python,18836,1705,78,12,True,76,11,False,True,417
1031952242,popular,2025-08-04 15:20:55+00:00,2025-08-05 14:47:28+00:00,Python,3640,209,44,7,False,73,0,False,False,0
1031953656,popular,2025-08-04 15:23:17+00:00,2026-09-25 21:23:59+00:00,TypeScript,9025,1583,274,76,True,37,4,True,False,417
1031963397,ordinary,2025-08-04 15:40:17+00:00,2025-08-05 16:39:30+00:00,CSS,496,3,1,0,True,0,0,False,False,1
1031966698,popular,2025-08-04 15:45:49+00:00,2025-09-26 10:31:38+00:00,Dockerfile,12272,292,8,5,True,83,0,True,False,52
1031977807,ordinary,2025-08-04 16:04:47+00:00,2025-08-06 20:55:18+00:00,C#,18346,3,0,0,False,53,0,False,False,2
1031977954,popular,2025-08-04 16:05:00+00:00,2026-08-20 19:17:52+00:00,Scala,22180,83,12,1,True,29,0,True,False,381
1031979138,ordinary,2025-08-04 16:06:57+00:00,2025-08-16 11:33:16+00:00,JavaScript,5455,3,0,0,False,153,0,False,False,11
1031979438,popular,2025-08-04 16:07:27+00:00,2026-02-11 18:01:23+00:00,Python,61,6276,695,100,True,110,0,True,False,191
1031982634,ordinary,2025-08-04 16:12:55+00:00,2025-08-04 16:27:04+00:00,Python,764,3,0,0,True,129,0,False,False,0
1031984828,ordinary,2025-08-04 16:16:26+00:00,2026-05-22 04:14:52+00:00,не указан,63,3,0,0,False,20,0,False,False,290
1031988402,ordinary,2025-08-04 16:22:33+00:00,2025-08-05 14:12:37+00:00,Python,1999,3,0,0,False,227,0,False,False,0
1031992155,popular,2025-08-04 16:29:09+00:00,2025-09-09 18:28:04+00:00,Python,2156,150,15,3,True,0,0,True,False,36
1031993787,ordinary,2025-08-04 16:32:04+00:00,2026-06-17 12:34:31+00:00,Python,95555,3,0,0,False,17,0,False,False,316
1031993931,popular,2025-08-04 16:32:19+00:00,2026-09-25 17:14:18+00:00,TypeScript,3002,86,7,0,True,42,6,False,False,417
1032000000,ordinary,2025-08-04 16:43:37+00:00,2025-08-04 16:44:51+00:00,C++,17,3,0,0,True,229,0,False,False,0
1032001796,popular,2025-08-04 16:46:46+00:00,2025-08-14 09:56:48+00:00,Python,11295,129,2,4,False,36,0,True,False,9
1032006647,ordinary,2025-08-04 16:55:27+00:00,2026-08-28 20:32:09+00:00,Kotlin,2924,3,0,0,False,0,0,True,False,389
1032007083,ordinary,2025-08-04 16:56:08+00:00,2025-08-09 21:30:46+00:00,Jupyter Notebook,7186,3,3,1,False,0,0,True,False,5
1032007582,ordinary,2025-08-04 16:57:03+00:00,2025-12-16 20:06:10+00:00,Clojure,199,3,0,0,True,41,2,False,False,134
1032015358,popular,2025-08-04 17:11:19+00:00,2026-08-27 14:01:33+00:00,Swift,127266,76,7,3,True,55,3,False,True,387
1032018552,ordinary,2025-08-04 17:17:14+00:00,2025-08-05 11:43:42+00:00,Lua,104,3,0,0,True,0,0,False,False,0
1032018961,ordinary,2025-08-04 17:18:00+00:00,2026-03-27 02:33:47+00:00,TypeScript,5573,3,0,0,False,66,9,False,False,234
1032020636,ordinary,2025-08-04 17:21:10+00:00,2026-07-08 19:28:02+00:00,не указан,77,3,0,0,False,0,0,False,False,338
1032023094,popular,2025-08-04 17:25:46+00:00,2025-09-09 22:21:44+00:00,HTML,135,83,8,6,True,93,0,False,False,36
1032025031,popular,2025-08-04 17:29:10+00:00,2026-09-23 14:17:35+00:00,JavaScript,20789,593,50,3,True,128,1,False,False,414
1032028876,popular,2025-08-04 17:36:20+00:00,2025-11-01 16:58:14+00:00,Rust,8243,103,9,0,True,69,5,False,True,88
1032032567,popular,2025-08-04 17:43:08+00:00,2025-09-02 05:20:11+00:00,Go,134,106,5,4,True,98,8,False,False,28
1032032701,popular,2025-08-04 17:43:23+00:00,2025-11-19 20:45:53+00:00,Python,1629,100,16,18,True,89,0,True,True,107
1032038194,ordinary,2025-08-04 17:53:42+00:00,2025-12-02 20:07:12+00:00,не указан,273,3,0,0,False,26,0,False,False,120
1032040451,ordinary,2025-08-04 17:57:47+00:00,2025-08-10 11:52:04+00:00,Go,7828,3,0,0,True,59,6,False,False,5
1032043952,popular,2025-08-04 18:04:31+00:00,2025-09-25 03:17:06+00:00,не указан,12886,291,23,4,False,57,4,False,False,51
1032044162,popular,2025-08-04 18:04:55+00:00,2026-09-28 08:14:14+00:00,TypeScript,6267,433,60,14,True,38,10,False,True,419
1032048222,ordinary,2025-08-04 18:12:30+00:00,2025-08-05 20:13:05+00:00,TypeScript,536,3,0,0,False,175,5,False,False,1
1032051891,ordinary,2025-08-04 18:19:09+00:00,2025-12-16 18:43:47+00:00,TypeScript,2357,3,0,0,True,90,5,False,False,134
1032059871,ordinary,2025-08-04 18:34:33+00:00,2026-04-22 19:26:48+00:00,Python,17,3,3,1,True,46,0,False,False,261
1032068749,popular,2025-08-04 18:53:18+00:00,2026-09-17 15:54:04+00:00,Python,1290,89,59,46,True,65,0,True,False,408
1032072917,popular,2025-08-04 19:02:14+00:00,2025-08-04 19:22:43+00:00,Python,853,425,124,5,False,61,0,False,False,0
1032075084,ordinary,2025-08-04 19:07:00+00:00,2026-03-21 19:28:01+00:00,Dart,405,3,1,0,True,20,0,False,False,229
1032076910,popular,2025-08-04 19:10:53+00:00,2026-03-21 09:58:05+00:00,CSS,47931,800,31,14,True,68,5,False,False,228
1032079255,ordinary,2025-08-04 19:16:09+00:00,2026-04-01 12:39:20+00:00,HTML,57,3,0,0,True,15,0,False,False,239
1032095292,popular,2025-08-04 19:52:24+00:00,2026-09-26 11:39:21+00:00,не указан,420,771,106,9,False,62,7,False,False,417
1032095582,ordinary,2025-08-04 19:53:05+00:00,2025-08-05 04:06:56+00:00,Dart,20841,3,1,0,False,112,0,False,False,0
1032097317,ordinary,2025-08-04 19:56:54+00:00,2026-01-28 21:22:48+00:00,Python,57,3,1,0,False,47,10,False,False,177
1032099104,ordinary,2025-08-04 20:00:57+00:00,2025-12-24 17:20:27+00:00,Python,71,3,0,0,True,117,12,False,False,141
1032104147,popular,2025-08-04 20:12:32+00:00,2026-09-25 21:06:16+00:00,OpenSCAD,7809,509,15,1,True,223,0,False,True,417
1032106175,ordinary,2025-08-04 20:17:10+00:00,2025-08-04 20:43:00+00:00,JavaScript,910,3,0,0,False,0,0,False,False,0
1032110635,ordinary,2025-08-04 20:27:27+00:00,2026-01-20 11:09:18+00:00,C,64,3,0,0,True,50,0,False,False,168
1032115497,ordinary,2025-08-04 20:39:45+00:00,2025-08-04 20:48:04+00:00,C,101,3,0,0,True,46,10,False,False,0
1032116826,popular,2025-08-04 20:43:10+00:00,2025-09-19 06:41:56+00:00,Python,78742,488,13,5,True,135,0,True,False,45
1032118069,popular,2025-08-04 20:46:34+00:00,2026-03-29 07:09:46+00:00,не указан,2866,160,9,0,True,299,8,False,False,236
1032121710,ordinary,2025-08-04 20:56:25+00:00,2026-01-15 19:51:07+00:00,Python,14272,3,0,0,True,31,0,False,False,163
1032123686,ordinary,2025-08-04 21:01:44+00:00,2025-11-06 00:32:58+00:00,C++,3678,3,0,0,False,84,0,False,False,93
1032125784,ordinary,2025-08-04 21:07:40+00:00,2026-01-14 18:55:57+00:00,Go,47084,3,1,0,False,0,0,False,False,162
1032131852,popular,2025-08-04 21:24:29+00:00,2025-09-16 01:02:40+00:00,HTML,116,199,53,1,False,114,6,False,False,42
1032135422,popular,2025-08-04 21:34:41+00:00,2026-09-13 22:15:40+00:00,TypeScript,80259,916,82,60,True,17,0,True,False,405
1032135783,popular,2025-08-04 21:35:44+00:00,2025-08-20 18:34:47+00:00,Python,50442,83,13,2,True,93,0,False,False,15
1032137011,ordinary,2025-08-04 21:39:26+00:00,2025-08-04 21:40:06+00:00,Python,19,3,4,0,False,0,0,False,False,0
1032151257,ordinary,2025-08-04 22:24:36+00:00,2025-10-30 09:27:34+00:00,Python,8825,3,0,0,True,68,0,False,False,86
1032156800,ordinary,2025-08-04 22:43:05+00:00,2025-08-04 22:43:48+00:00,Python,22090,3,0,0,False,0,0,False,False,0
1032160961,popular,2025-08-04 22:56:34+00:00,2026-02-10 18:12:27+00:00,C,12,140,35,6,True,123,0,False,False,189
1032162563,popular,2025-08-04 23:02:13+00:00,2026-09-06 21:09:05+00:00,Python,415,85,2,2,True,35,3,False,False,397
1032165402,ordinary,2025-08-04 23:11:43+00:00,2025-12-01 00:16:58+00:00,JavaScript,19409,3,0,0,False,84,0,False,True,118
1032170083,popular,2025-08-04 23:28:26+00:00,2026-09-28 07:05:27+00:00,Python,100488,5661,1873,955,True,46,3,True,False,419
1032172534,ordinary,2025-08-04 23:37:12+00:00,2025-09-15 21:39:03+00:00,JavaScript,2072,3,4,2,True,30,0,False,False,41
1032179846,ordinary,2025-08-05 00:02:55+00:00,2025-08-05 00:37:24+00:00,не указан,4492,3,0,0,False,65,0,False,False,0
1032183213,popular,2025-08-05 00:14:10+00:00,2025-08-05 00:38:59+00:00,Python,18,92,9,11,False,95,0,False,False,0
1032185174,popular,2025-08-05 00:20:35+00:00,2026-07-16 16:30:14+00:00,не указан,96,84,1,6,True,116,0,False,False,345
1032187530,ordinary,2025-08-05 00:27:46+00:00,2025-08-22 17:03:30+00:00,TypeScript,2833,3,0,0,False,66,0,True,False,17
1032192794,ordinary,2025-08-05 00:45:01+00:00,2025-08-15 14:08:43+00:00,Python,151,3,0,0,True,262,0,False,False,10
1032194885,ordinary,2025-08-05 00:51:50+00:00,2025-12-05 02:50:10+00:00,Go,246,3,1,0,True,8,0,False,False,122
1032195037,ordinary,2025-08-05 00:52:18+00:00,2026-09-25 07:20:02+00:00,PHP,1710,3,0,0,False,127,0,True,True,416
1032197704,ordinary,2025-08-05 01:01:02+00:00,2025-08-11 10:59:13+00:00,JavaScript,737,3,0,0,False,0,0,False,False,6
1032200793,ordinary,2025-08-05 01:10:43+00:00,2025-12-14 23:26:07+00:00,не указан,9313,3,1,0,False,165,0,False,False,131
1032212475,popular,2025-08-05 01:46:41+00:00,2025-10-07 04:01:29+00:00,C#,27468,8412,474,58,False,88,0,False,False,63
1032218925,ordinary,2025-08-05 02:05:07+00:00,2026-01-26 17:17:07+00:00,C++,24331,3,0,0,False,53,0,False,False,174
1032226873,popular,2025-08-05 02:27:50+00:00,2026-08-31 21:13:34+00:00,JavaScript,547,239,22,0,True,59,6,False,False,391
1032230852,popular,2025-08-05 02:39:20+00:00,2025-08-27 09:41:08+00:00,Python,6406,142,20,2,True,71,0,True,False,22
1032234076,ordinary,2025-08-05 02:48:43+00:00,2025-08-13 01:39:56+00:00,JavaScript,18,3,0,0,True,37,0,False,False,7
1032238836,popular,2025-08-05 03:02:13+00:00,2026-08-18 02:06:20+00:00,Jupyter Notebook,21443,535,29,10,True,0,0,True,False,377
1032241217,popular,2025-08-05 03:09:27+00:00,2025-08-18 22:12:18+00:00,Python,29,78,4,1,True,54,0,False,False,13
1032243233,ordinary,2025-08-05 03:15:25+00:00,2026-01-03 08:54:20+00:00,Jsonnet,87493,3,0,0,False,28,0,False,False,151
1032244391,ordinary,2025-08-05 03:18:52+00:00,2025-08-16 03:45:41+00:00,Python,1813,3,0,0,False,21,0,False,False,11
1032246711,popular,2025-08-05 03:25:39+00:00,2026-04-09 20:19:29+00:00,Lua,115,105,2,0,True,29,2,False,False,247
1032247222,popular,2025-08-05 03:26:59+00:00,2026-06-24 02:32:43+00:00,Kotlin,7336,235,17,3,True,187,14,False,False,322
1032248449,popular,2025-08-05 03:30:24+00:00,2026-08-19 00:12:38+00:00,Python,1675,15490,890,121,True,41,0,True,False,378
1032256559,popular,2025-08-05 03:52:44+00:00,2026-09-18 10:55:28+00:00,не указан,51,154,16,0,True,83,0,True,False,409
1032257295,ordinary,2025-08-05 03:54:40+00:00,2026-08-03 19:24:11+00:00,Python,2230,3,0,4,True,87,3,False,False,363
1032264078,ordinary,2025-08-05 04:13:19+00:00,2025-08-11 21:07:15+00:00,Java,6866,3,1,4,True,0,0,False,False,6
1032266931,ordinary,2025-08-05 04:21:01+00:00,2026-06-10 05:22:51+00:00,TypeScript,649,3,0,0,True,36,0,True,False,309
1032267790,popular,2025-08-05 04:23:29+00:00,2026-04-27 03:27:37+00:00,Python,31,295,56,10,True,134,0,False,False,264
1032278348,popular,2025-08-05 04:49:56+00:00,2025-08-05 17:35:17+00:00,TypeScript,278,112,27,0,True,0,0,False,False,0
1032283565,ordinary,2025-08-05 05:02:46+00:00,2025-09-14 16:40:03+00:00,не указан,49888,3,2,0,True,0,0,False,False,40
1032283951,popular,2025-08-05 05:03:47+00:00,2025-08-05 05:40:53+00:00,Jupyter Notebook,97990,81,8,0,True,0,0,False,False,0
1032295158,ordinary,2025-08-05 05:31:20+00:00,2026-05-25 06:58:52+00:00,JavaScript,1127,3,8,0,False,114,0,False,False,293
1032302059,ordinary,2025-08-05 05:47:10+00:00,2025-08-05 05:48:39+00:00,Jupyter Notebook,139,3,0,0,False,0,0,False,False,0
1032302708,ordinary,2025-08-05 05:48:27+00:00,2025-08-05 05:49:31+00:00,не указан,2,3,0,0,False,20,0,False,False,0
1032307850,popular,2025-08-05 05:59:06+00:00,2026-09-26 04:33:28+00:00,TypeScript,512,140,3,11,True,65,11,True,False,416
1032316907,popular,2025-08-05 06:17:27+00:00,2025-10-22 20:19:22+00:00,Objective-C,1640,82,41,10,False,152,16,False,False,78
1032318268,popular,2025-08-05 06:20:16+00:00,2025-08-27 18:50:42+00:00,не указан,4568,955,123,18,False,106,0,True,False,22
1032319659,ordinary,2025-08-05 06:22:49+00:00,2025-09-13 08:26:05+00:00,Python,204304,3,0,0,False,0,0,False,False,39
1032321090,popular,2025-08-05 06:25:32+00:00,2026-09-28 06:56:36+00:00,Kotlin,130366,506,106,16,True,150,17,True,True,419
1032332212,ordinary,2025-08-05 06:46:07+00:00,2025-08-05 06:59:44+00:00,Jupyter Notebook,9063,3,1,0,False,0,0,False,False,0
1032338031,ordinary,2025-08-05 06:56:45+00:00,2025-08-05 07:22:33+00:00,Python,16490,3,0,0,False,151,7,False,False,0
1032342775,popular,2025-08-05 07:05:41+00:00,2025-08-12 07:25:47+00:00,Go,615,93,8,0,False,77,3,False,False,7
1032350780,ordinary,2025-08-05 07:20:15+00:00,2025-08-05 07:37:12+00:00,Shell,7,3,1,0,True,105,0,False,False,0
1032353507,popular,2025-08-05 07:25:14+00:00,2025-08-06 06:54:54+00:00,TypeScript,50081,222,24,0,True,74,5,False,False,0
1032355320,popular,2025-08-05 07:28:24+00:00,2025-11-24 07:33:12+00:00,Python,63486,456,24,0,False,158,0,False,False,111
1032356913,ordinary,2025-08-05 07:31:37+00:00,2026-09-24 09:06:34+00:00,Python,58989,3,0,0,True,84,7,False,False,415
1032357617,ordinary,2025-08-05 07:32:55+00:00,2025-08-15 16:36:14+00:00,Python,115,3,0,0,False,0,0,False,False,10
1032359958,ordinary,2025-08-05 07:37:38+00:00,2025-08-06 04:32:38+00:00,C#,12,3,0,0,False,12,0,False,False,0
1032361658,ordinary,2025-08-05 07:40:57+00:00,2025-08-14 07:01:16+00:00,Python,134,3,2,1,True,40,0,False,False,8
1032362062,popular,2025-08-05 07:41:45+00:00,2026-09-20 13:56:27+00:00,TypeScript,759,186,25,0,True,183,11,False,False,411
1032362388,popular,2025-08-05 07:42:30+00:00,2025-11-26 06:28:16+00:00,Python,23269,612,39,14,False,75,0,True,False,112
1032368629,popular,2025-08-05 07:55:10+00:00,2026-05-17 18:36:36+00:00,JavaScript,266,89,7,30,False,52,0,False,False,285
1032369035,popular,2025-08-05 07:56:00+00:00,2025-08-17 12:51:49+00:00,TypeScript,1608,96,25,0,False,24,0,False,False,12
1032369672,ordinary,2025-08-05 07:57:13+00:00,2025-11-05 02:05:41+00:00,Roff,56911,3,0,0,True,57,0,False,False,91
1032374679,ordinary,2025-08-05 08:06:51+00:00,2026-09-24 05:02:41+00:00,не указан,128,3,0,0,True,89,0,False,False,414
1032379004,popular,2025-08-05 08:14:38+00:00,2025-08-13 05:32:57+00:00,JavaScript,32217,101,15,3,True,40,0,False,True,7
1032382011,popular,2025-08-05 08:20:08+00:00,2026-07-29 17:11:11+00:00,JavaScript,71825,1014,236,32,True,265,11,False,False,358
1032393632,popular,2025-08-05 08:41:38+00:00,2026-09-15 21:31:13+00:00,Python,1961,172,8,3,True,60,0,True,False,406
1032400350,popular,2025-08-05 08:53:12+00:00,2026-06-02 01:07:26+00:00,Python,5421,688,38,4,True,95,7,True,True,300
1032403738,popular,2025-08-05 08:59:02+00:00,2025-08-05 20:04:44+00:00,Python,1596,91,3,0,True,201,0,False,False,0
1032409582,ordinary,2025-08-05 09:09:38+00:00,2025-09-14 14:02:27+00:00,Python,20,3,1,0,False,9,0,False,False,40
1032410591,ordinary,2025-08-05 09:11:21+00:00,2026-07-01 03:22:33+00:00,C++,1650,3,1,0,False,92,0,False,False,329
1032412141,ordinary,2025-08-05 09:13:55+00:00,2025-12-22 09:59:20+00:00,Python,62,3,0,0,False,0,0,False,False,139
1032412309,ordinary,2025-08-05 09:14:12+00:00,2025-08-05 09:16:23+00:00,HTML,8191,3,0,0,False,40,0,False,False,0
1032417571,ordinary,2025-08-05 09:23:18+00:00,2025-08-05 13:06:14+00:00,не указан,8401,3,0,0,False,108,0,False,False,0
1032419366,popular,2025-08-05 09:26:27+00:00,2026-09-28 05:35:41+00:00,Jupyter Notebook,118788,6777,550,127,True,72,0,True,True,418
1032420465,popular,2025-08-05 09:28:24+00:00,2026-09-25 15:12:28+00:00,Python,1079,2027,193,10,False,42,0,True,False,416
1032425311,popular,2025-08-05 09:36:46+00:00,2026-06-08 16:11:42+00:00,Vue,3430,90,38,3,True,25,0,False,False,307
1032427144,ordinary,2025-08-05 09:39:56+00:00,2025-08-09 02:08:49+00:00,JavaScript,8,3,0,2,True,0,0,False,False,3
1032429012,ordinary,2025-08-05 09:43:06+00:00,2025-10-09 03:29:15+00:00,не указан,10,3,0,0,False,90,0,False,False,64
1032429296,popular,2025-08-05 09:43:34+00:00,2026-07-06 14:50:43+00:00,Python,9617,3115,325,1,True,78,11,True,True,335
1032429586,ordinary,2025-08-05 09:44:04+00:00,2026-08-03 08:13:28+00:00,C#,346,3,1,0,False,69,0,False,False,362
1032436046,ordinary,2025-08-05 09:55:31+00:00,2026-09-09 20:11:49+00:00,TypeScript,4941,3,1,1,True,187,4,True,True,400
1032439866,ordinary,2025-08-05 10:02:38+00:00,2026-08-24 03:36:44+00:00,C#,52069,3,0,0,False,147,6,False,False,383
1032439901,ordinary,2025-08-05 10:02:41+00:00,2026-06-09 21:55:23+00:00,Python,35605,3,5,2,False,19,0,True,True,308
1032440046,popular,2025-08-05 10:02:55+00:00,2025-10-24 03:53:05+00:00,Python,518,203,11,0,False,0,0,False,False,79
1032444173,ordinary,2025-08-05 10:10:37+00:00,2025-08-05 10:18:20+00:00,HTML,374,3,0,0,False,0,0,False,False,0
1032445739,ordinary,2025-08-05 10:13:22+00:00,2026-04-17 02:14:54+00:00,TypeScript,97,3,1,0,False,87,0,False,False,254
1032446492,popular,2025-08-05 10:14:44+00:00,2025-08-18 14:51:55+00:00,TypeScript,344,113,16,1,False,77,6,False,False,13
1032447780,popular,2025-08-05 10:16:46+00:00,2025-10-09 14:20:33+00:00,JavaScript,104108,238,15,6,True,53,5,False,False,65
1032450274,popular,2025-08-05 10:21:18+00:00,2025-08-05 11:57:01+00:00,Rust,33527,227,20,1,True,30,1,False,False,0
1032453710,popular,2025-08-05 10:27:20+00:00,2026-03-11 15:52:48+00:00,Python,23799,123,13,17,False,103,0,False,False,218
1032457268,ordinary,2025-08-05 10:33:58+00:00,2026-03-23 10:11:18+00:00,Python,27,3,0,0,True,40,5,False,False,229
1032459340,popular,2025-08-05 10:37:45+00:00,2026-09-28 01:47:43+00:00,TypeScript,9718,70552,4839,228,True,55,10,True,False,418
1032459626,ordinary,2025-08-05 10:38:15+00:00,2026-09-27 18:27:31+00:00,не указан,1622,3,0,0,False,0,0,True,False,418
1032465892,popular,2025-08-05 10:49:49+00:00,2026-08-07 13:25:55+00:00,PowerShell,510489,193,41,4,True,300,0,True,False,367
1032467858,popular,2025-08-05 10:53:39+00:00,2026-04-08 03:44:27+00:00,Python,5157,205,20,3,False,69,10,True,False,245
1032468920,popular,2025-08-05 10:55:46+00:00,2026-01-11 01:21:16+00:00,Objective-C,149,484,23,2,False,64,0,False,False,158
1032478528,popular,2025-08-05 11:13:39+00:00,2026-02-04 13:27:47+00:00,Python,74710,246,20,11,False,157,0,False,False,183
1032480525,ordinary,2025-08-05 11:17:22+00:00,2026-08-01 14:55:29+00:00,Python,12423,3,0,4,False,80,0,True,True,361
1032480692,ordinary,2025-08-05 11:17:39+00:00,2026-04-22 10:46:33+00:00,TypeScript,196,3,0,0,False,0,4,False,False,259
1032482818,ordinary,2025-08-05 11:21:37+00:00,2026-09-24 17:13:02+00:00,TypeScript,1368,3,2,14,False,39,14,False,False,415
1032488030,ordinary,2025-08-05 11:31:27+00:00,2026-09-21 21:33:57+00:00,Ruby,114,3,1,0,True,19,4,False,False,412
1032489574,popular,2025-08-05 11:34:23+00:00,2025-08-05 11:38:57+00:00,TypeScript,520,111,4,0,False,105,0,False,False,0
1032490112,popular,2025-08-05 11:35:25+00:00,2026-02-03 09:20:16+00:00,Python,38367,262,20,4,True,83,3,True,True,181
1032492615,popular,2025-08-05 11:40:02+00:00,2026-01-22 14:50:10+00:00,TypeScript,127955,290,22,2,True,195,0,True,False,170
1032494714,ordinary,2025-08-05 11:44:04+00:00,2025-11-16 16:54:09+00:00,C++,949,3,0,1,False,53,2,False,False,103
1032495027,popular,2025-08-05 11:44:40+00:00,2026-07-16 12:50:13+00:00,Rust,2676,197,30,2,True,152,20,False,False,345
1032496514,ordinary,2025-08-05 11:47:20+00:00,2026-05-13 04:53:13+00:00,JavaScript,13589,3,0,1,False,22,4,False,False,280
1032497636,popular,2025-08-05 11:49:25+00:00,2026-08-28 07:06:26+00:00,TypeScript,2834,98,8,3,True,79,4,True,False,387
1032498247,popular,2025-08-05 11:50:32+00:00,2026-09-25 21:58:14+00:00,не указан,37712,892,72,3,False,84,7,False,False,416
1032499251,popular,2025-08-05 11:52:18+00:00,2026-04-10 09:43:56+00:00,Python,4060,213,14,10,True,142,1,True,False,247
1032508818,popular,2025-08-05 12:10:00+00:00,2026-08-03 08:21:05+00:00,C++,14243,200,4,0,True,42,3,False,True,362
1032513576,ordinary,2025-08-05 12:18:29+00:00,2025-08-16 14:06:42+00:00,Jupyter Notebook,542,3,0,0,True,0,0,False,False,11
1032513998,ordinary,2025-08-05 12:19:14+00:00,2025-08-05 12:23:18+00:00,JavaScript,71600,3,0,0,False,0,0,False,False,0
1032516626,ordinary,2025-08-05 12:24:02+00:00,2025-08-06 05:47:46+00:00,TypeScript,253,3,0,0,False,0,0,False,False,0
1032518824,popular,2025-08-05 12:28:11+00:00,2026-09-25 11:05:22+00:00,TypeScript,2855,113,11,8,True,64,0,False,True,415
1032519080,ordinary,2025-08-05 12:28:39+00:00,2025-08-05 16:41:03+00:00,C++,343118,3,3,0,True,264,0,False,False,0
1032522227,popular,2025-08-05 12:34:33+00:00,2026-08-15 15:20:19+00:00,не указан,8305,98,1,21,False,48,1,False,False,375
1032526129,ordinary,2025-08-05 12:41:39+00:00,2025-08-10 02:47:41+00:00,Batchfile,35,3,0,1,True,93,3,False,False,4
1032531862,ordinary,2025-08-05 12:51:57+00:00,2025-09-02 09:28:53+00:00,Python,16517,3,0,0,True,240,0,False,False,27
1032533304,ordinary,2025-08-05 12:54:24+00:00,2026-03-10 07:42:17+00:00,Zig,43,3,0,0,True,89,4,False,False,216
1032535032,ordinary,2025-08-05 12:57:19+00:00,2025-09-08 19:26:24+00:00,TypeScript,1221,3,0,1,True,254,0,True,False,34
1032542721,popular,2025-08-05 13:10:14+00:00,2026-09-26 18:52:51+00:00,Bikeshed,1019,4348,299,127,True,8,0,True,True,417
1032544739,ordinary,2025-08-05 13:13:31+00:00,2025-11-13 06:40:14+00:00,JavaScript,8970,3,0,0,False,0,0,False,False,99
1032546744,popular,2025-08-05 13:16:54+00:00,2026-06-25 00:07:43+00:00,не указан,187,99,12,0,False,0,0,False,False,323
1032552397,ordinary,2025-08-05 13:25:46+00:00,2026-09-21 12:34:44+00:00,JavaScript,51,3,0,2,True,95,8,False,False,411
1032554027,popular,2025-08-05 13:28:15+00:00,2026-07-26 16:47:57+00:00,TypeScript,5507,79,9,0,True,124,14,False,False,355
1032554643,ordinary,2025-08-05 13:29:18+00:00,2025-11-20 09:32:49+00:00,Jupyter Notebook,13282,3,0,0,True,118,0,False,False,106
1032555390,ordinary,2025-08-05 13:30:28+00:00,2026-05-05 11:10:42+00:00,HCL,24,3,3,0,False,47,4,False,False,272
1032558077,popular,2025-08-05 13:34:47+00:00,2026-03-05 04:11:08+00:00,не указан,39,288,14,9,False,7,0,True,False,211
1032564655,ordinary,2025-08-05 13:45:16+00:00,2025-08-26 08:45:15+00:00,JavaScript,34,3,0,0,False,0,0,False,False,20
1032567533,ordinary,2025-08-05 13:49:41+00:00,2025-12-15 05:21:18+00:00,Java,279,3,3,0,False,0,0,True,False,131
1032567562,popular,2025-08-05 13:49:44+00:00,2025-08-05 13:51:59+00:00,Python,6049,229,31,7,False,117,0,False,False,0
1032568724,popular,2025-08-05 13:51:32+00:00,2025-08-05 20:21:28+00:00,Rust,53,92,1,0,True,0,0,False,False,0
1032578824,popular,2025-08-05 14:07:04+00:00,2026-05-22 13:13:44+00:00,Go,379,480,39,30,True,145,0,True,False,289
1032589471,ordinary,2025-08-05 14:23:31+00:00,2025-08-05 14:35:41+00:00,не указан,4,3,1,0,False,107,0,False,False,0
1032592918,popular,2025-08-05 14:28:53+00:00,2026-03-04 12:44:36+00:00,Python,82,93,12,1,True,49,11,False,False,210
1032602951,ordinary,2025-08-05 14:44:22+00:00,2025-09-21 13:37:52+00:00,не указан,9,3,0,0,False,0,0,False,False,46
1032603446,popular,2025-08-05 14:45:09+00:00,2026-04-21 17:35:40+00:00,Python,90411,146,5,2,True,49,0,False,False,259
1032605295,ordinary,2025-08-05 14:48:01+00:00,2025-08-05 14:52:52+00:00,JavaScript,13,3,0,0,False,0,0,False,False,0
1032614923,ordinary,2025-08-05 15:03:05+00:00,2025-08-05 15:04:14+00:00,CSS,1,3,0,0,False,0,0,False,False,0
1032617045,ordinary,2025-08-05 15:06:26+00:00,2025-08-05 15:50:22+00:00,Rust,13,3,0,0,True,73,0,False,False,0
1032619730,popular,2025-08-05 15:10:58+00:00,2026-06-09 11:27:23+00:00,HTML,11206,104,11,2,True,294,0,False,False,307
1032621039,popular,2025-08-05 15:13:11+00:00,2026-05-14 18:10:29+00:00,Nix,186,83,4,2,True,106,15,False,True,282
1032622316,popular,2025-08-05 15:15:27+00:00,2025-08-05 15:32:57+00:00,Jupyter Notebook,4731,84,9,0,True,69,5,False,False,0
1032623543,popular,2025-08-05 15:17:34+00:00,2026-09-24 15:25:56+00:00,Python,7859,79,51,49,True,40,1,True,False,415
1032625286,popular,2025-08-05 15:20:30+00:00,2026-09-12 06:19:37+00:00,Swift,165208,398,68,15,False,75,5,True,False,402
1032628394,ordinary,2025-08-05 15:25:38+00:00,2025-08-06 16:26:31+00:00,Jupyter Notebook,9366,3,1,0,True,120,0,False,False,1
1032631268,popular,2025-08-05 15:30:46+00:00,2026-01-23 12:54:18+00:00,Swift,1188,227,19,4,True,98,3,False,False,170
1032633447,popular,2025-08-05 15:34:36+00:00,2026-09-18 16:19:58+00:00,PHP,1592,98,2,0,True,220,3,False,False,409
1032636090,popular,2025-08-05 15:38:50+00:00,2025-09-08 13:17:33+00:00,Python,26589,583,45,6,True,96,0,True,False,33
1032639883,popular,2025-08-05 15:45:14+00:00,2026-09-19 13:34:35+00:00,Go,1559,273,38,19,True,50,0,False,False,409
1032642307,popular,2025-08-05 15:49:16+00:00,2025-10-20 14:37:44+00:00,Python,10591,111,9,0,True,29,0,True,False,75
1032643061,ordinary,2025-08-05 15:50:33+00:00,2025-12-15 15:29:27+00:00,PHP,1303,3,0,0,True,59,0,True,False,131
1032644021,ordinary,2025-08-05 15:52:06+00:00,2025-08-05 15:56:37+00:00,JavaScript,3,3,0,0,False,62,0,False,False,0
1032648549,popular,2025-08-05 16:00:00+00:00,2026-07-10 11:27:53+00:00,не указан,6396,510,185,1,True,145,0,False,False,338
1032652658,popular,2025-08-05 16:07:06+00:00,2026-06-13 11:45:05+00:00,Kotlin,24263,457,48,17,True,136,6,False,False,311
1032654925,popular,2025-08-05 16:11:04+00:00,2025-12-05 05:20:22+00:00,Python,59052,361,22,28,True,89,0,True,False,121
1032658622,ordinary,2025-08-05 16:16:57+00:00,2025-08-05 16:31:25+00:00,Jupyter Notebook,1120,3,0,0,False,173,0,False,False,0
1032658845,ordinary,2025-08-05 16:17:18+00:00,2025-08-05 16:21:37+00:00,Lua,247,3,0,0,False,170,0,False,False,0
1032665262,ordinary,2025-08-05 16:28:46+00:00,2025-08-08 15:21:03+00:00,Rust,21,3,0,0,True,171,1,False,False,2
1032666587,popular,2025-08-05 16:31:11+00:00,2026-06-09 20:55:59+00:00,Python,15746,211,9,0,True,90,0,True,False,308
1032672192,ordinary,2025-08-05 16:41:15+00:00,2026-06-18 18:29:51+00:00,HTML,11,3,0,0,False,61,0,False,False,317
1032673619,ordinary,2025-08-05 16:43:42+00:00,2025-09-13 06:32:33+00:00,Rust,47,3,0,0,True,28,3,False,True,38
1032676670,ordinary,2025-08-05 16:49:08+00:00,2025-08-30 16:06:08+00:00,не указан,9,3,0,0,False,0,0,False,False,24
1032678189,ordinary,2025-08-05 16:51:54+00:00,2026-07-23 09:10:12+00:00,Shell,17,3,2,0,False,39,0,False,False,351
1032679376,ordinary,2025-08-05 16:54:06+00:00,2025-08-06 11:59:25+00:00,Lua,17,3,0,0,False,0,0,False,False,0
1032686784,popular,2025-08-05 17:07:24+00:00,2026-08-06 15:47:31+00:00,не указан,71,128,13,0,False,74,0,False,False,365
1032687620,popular,2025-08-05 17:08:56+00:00,2025-12-26 17:08:29+00:00,JavaScript,3435,87,56,2,False,297,0,False,False,142
1032690364,ordinary,2025-08-05 17:13:47+00:00,2026-09-28 05:07:17+00:00,JavaScript,236708,3,0,0,False,141,8,False,False,418
1032707268,popular,2025-08-05 17:45:04+00:00,2025-10-05 22:55:55+00:00,Python,5609,117,14,2,True,90,0,False,False,61
1032708067,ordinary,2025-08-05 17:46:38+00:00,2026-03-11 15:53:17+00:00,не указан,888841,3,1,0,False,20,0,False,True,217
1032708119,popular,2025-08-05 17:46:44+00:00,2025-12-05 20:51:34+00:00,Python,9235,157,8,3,True,103,2,False,False,122
1032708212,popular,2025-08-05 17:46:56+00:00,2025-09-10 04:55:55+00:00,Jupyter Notebook,25,689,79,2,False,0,0,False,False,35
1032713898,ordinary,2025-08-05 17:57:52+00:00,2026-06-06 03:55:31+00:00,TypeScript,30653,3,0,0,True,0,0,False,True,304
1032714981,ordinary,2025-08-05 17:59:59+00:00,2025-08-05 18:11:47+00:00,Python,4,3,0,0,False,188,0,False,False,0
1032719147,ordinary,2025-08-05 18:07:42+00:00,2025-08-05 18:11:32+00:00,Shell,19,3,0,1,False,7,0,False,False,0
1032722881,popular,2025-08-05 18:14:45+00:00,2025-12-12 00:26:33+00:00,Python,6957,203,15,4,True,77,12,True,False,128
1032726004,ordinary,2025-08-05 18:20:44+00:00,2025-08-10 04:57:51+00:00,Jupyter Notebook,15666,3,2,1,False,87,0,False,False,4
1032727845,popular,2025-08-05 18:24:16+00:00,2026-09-25 22:26:26+00:00,Vim Snippet,745,157,9,0,False,36,6,False,False,416
1032728156,ordinary,2025-08-05 18:24:50+00:00,2025-08-15 17:59:27+00:00,не указан,646,3,0,0,True,79,1,False,False,9
1032730490,popular,2025-08-05 18:29:21+00:00,2026-07-31 19:40:55+00:00,Shell,101755,120,5,2,True,37,0,False,False,360
1032730564,ordinary,2025-08-05 18:29:29+00:00,2025-08-08 18:27:41+00:00,HTML,259,3,0,0,False,18,0,False,False,2
1032734958,ordinary,2025-08-05 18:38:38+00:00,2026-09-17 01:38:20+00:00,JavaScript,13296,3,1,2,True,35,0,False,False,407
1032738898,ordinary,2025-08-05 18:46:42+00:00,2025-08-22 12:41:16+00:00,не указан,7,3,0,0,True,99,10,False,False,16
1032749534,popular,2025-08-05 19:09:15+00:00,2026-09-26 20:42:38+00:00,TypeScript,30484,1259,79,16,True,70,0,True,False,417
1032749925,popular,2025-08-05 19:10:01+00:00,2026-01-31 20:34:11+00:00,C++,358029,99,0,6,False,39,0,False,False,179
1032749994,popular,2025-08-05 19:10:09+00:00,2026-03-23 20:12:06+00:00,TypeScript,872,118,26,0,True,132,3,False,True,230
1032753726,popular,2025-08-05 19:18:08+00:00,2026-06-05 21:55:57+00:00,Jupyter Notebook,8337,187,74,3,True,213,8,True,False,304
1032760081,ordinary,2025-08-05 19:31:11+00:00,2025-09-22 16:26:55+00:00,C,16,3,1,0,True,53,0,False,False,47
1032761121,popular,2025-08-05 19:33:34+00:00,2026-09-25 12:09:00+00:00,Go,2190,119,12,8,True,146,5,True,False,415
1032763301,ordinary,2025-08-05 19:38:32+00:00,2026-09-25 21:07:51+00:00,Rust,4307,3,1,1,False,31,5,False,False,416
1032770593,popular,2025-08-05 19:54:17+00:00,2025-08-05 20:11:58+00:00,Python,202,407,2649,58,False,0,0,True,False,0
1032774426,ordinary,2025-08-05 20:02:50+00:00,2025-09-16 17:49:02+00:00,Java,29,3,0,0,False,0,0,False,False,41
1032781015,popular,2025-08-05 20:17:15+00:00,2026-09-21 15:44:36+00:00,Go,8612,187,30,28,True,36,0,True,False,411
1032781398,popular,2025-08-05 20:18:08+00:00,2026-05-12 10:39:08+00:00,JavaScript,746,168,44,6,True,48,0,False,False,279
1032784028,ordinary,2025-08-05 20:24:20+00:00,2025-08-06 20:15:49+00:00,Jupyter Notebook,94,3,0,0,False,151,5,False,False,0
1032791199,popular,2025-08-05 20:41:29+00:00,2025-08-05 20:44:28+00:00,Python,249,146,284,3,False,0,0,True,False,0
1032801094,ordinary,2025-08-05 21:07:03+00:00,2025-08-05 21:07:48+00:00,HTML,4915,3,0,0,False,0,0,False,True,0
1032808806,popular,2025-08-05 21:28:30+00:00,2026-09-28 12:13:27+00:00,Python,14818,65315,7167,414,True,83,20,True,False,418
1032809299,popular,2025-08-05 21:30:04+00:00,2026-01-16 21:14:24+00:00,GDScript,4418,82,4,8,False,53,0,False,False,163
1032816400,ordinary,2025-08-05 21:50:12+00:00,2025-08-05 21:51:12+00:00,C,142,3,1,0,False,0,0,False,False,0
1032819356,popular,2025-08-05 21:59:42+00:00,2026-06-08 21:34:10+00:00,Jupyter Notebook,3896,554,846,2,False,0,0,True,False,306
1032822739,popular,2025-08-05 22:10:54+00:00,2026-09-22 05:55:38+00:00,Swift,98076,667,44,7,True,203,16,False,False,412
1032824465,ordinary,2025-08-05 22:16:39+00:00,2026-04-29 17:12:12+00:00,не указан,406,3,0,0,True,69,0,False,False,266
1032831500,ordinary,2025-08-05 22:39:20+00:00,2026-02-05 12:59:14+00:00,SystemVerilog,745,3,1,0,False,25,0,False,False,183
1032832767,ordinary,2025-08-05 22:43:39+00:00,2025-11-04 15:16:12+00:00,Python,1276,3,0,0,False,330,0,False,False,90
1032843836,ordinary,2025-08-05 23:21:34+00:00,2026-09-24 18:58:45+00:00,не указан,418,3,0,3,True,88,4,False,False,414
1032848658,ordinary,2025-08-05 23:39:20+00:00,2025-08-19 18:59:50+00:00,Python,6,3,0,0,False,23,0,False,False,13
1032850395,popular,2025-08-05 23:45:23+00:00,2026-03-28 12:57:04+00:00,Python,348,279,42,8,True,164,17,False,False,234
1032851610,popular,2025-08-05 23:49:36+00:00,2026-09-16 22:29:59+00:00,Python,39558,188,36,4,True,344,20,False,True,406
1032858722,ordinary,2025-08-06 00:13:54+00:00,2025-08-06 00:13:55+00:00,не указан,5,3,1,1,True,107,0,False,False,0
1032863872,popular,2025-08-06 00:30:09+00:00,2026-07-27 14:16:46+00:00,HTML,47605,213,21,0,False,61,0,False,False,355
1032868572,ordinary,2025-08-06 00:44:33+00:00,2026-08-08 16:11:53+00:00,Rust,2010,3,0,0,True,0,0,False,True,367
1032868941,popular,2025-08-06 00:45:44+00:00,2025-10-27 05:03:58+00:00,Python,319,140,22,0,False,21,0,False,False,82
1032874334,ordinary,2025-08-06 01:03:50+00:00,2025-08-06 18:07:06+00:00,TypeScript,127,3,2,0,False,18,0,False,False,0
1032883169,ordinary,2025-08-06 01:31:47+00:00,2025-08-07 09:52:45+00:00,HTML,45,3,0,0,False,126,0,False,False,1
1032885650,ordinary,2025-08-06 01:39:38+00:00,2025-09-17 12:34:40+00:00,Python,84,3,0,0,False,86,0,True,False,42
1032886991,ordinary,2025-08-06 01:43:34+00:00,2025-08-14 06:57:57+00:00,Lua,19,3,0,0,False,50,3,False,False,8
1032888011,popular,2025-08-06 01:46:44+00:00,2025-12-16 08:18:26+00:00,Python,10368,766,71,19,True,37,0,True,False,132
1032888476,popular,2025-08-06 01:48:11+00:00,2025-11-25 05:54:19+00:00,C,786112,648,152,4,True,0,0,True,False,111
1032890032,ordinary,2025-08-06 01:52:50+00:00,2026-06-15 10:15:22+00:00,Python,20,3,0,0,False,243,0,False,False,313
1032891410,popular,2025-08-06 01:57:02+00:00,2025-09-23 01:33:38+00:00,Vue,2851,75,19,1,True,73,0,False,False,47
1032900600,ordinary,2025-08-06 02:24:43+00:00,2026-08-27 23:12:04+00:00,C#,6062,3,0,0,False,38,0,True,False,386
1032901280,ordinary,2025-08-06 02:26:40+00:00,2025-09-09 00:51:52+00:00,Rich Text Format,335996,3,0,0,False,63,0,False,False,33
1032903491,popular,2025-08-06 02:33:29+00:00,2025-08-06 03:26:48+00:00,TypeScript,1642,149,28,0,False,33,0,False,False,0
1032904742,ordinary,2025-08-06 02:36:59+00:00,2025-08-14 16:58:01+00:00,TypeScript,86,3,0,0,True,32,0,False,False,8
1032907112,ordinary,2025-08-06 02:43:39+00:00,2026-03-19 04:30:53+00:00,Python,938,3,0,0,True,65,0,False,False,225
1032909242,ordinary,2025-08-06 02:50:03+00:00,2025-11-23 05:55:52+00:00,Dart,1501,3,0,0,False,95,0,False,False,109
1032914311,popular,2025-08-06 03:05:03+00:00,2026-07-07 08:10:23+00:00,Rust,2593,91,25,0,True,124,17,False,False,335
1032914710,ordinary,2025-08-06 03:06:25+00:00,2025-08-12 02:39:18+00:00,C,121,3,1,0,False,21,0,False,False,5
1032917792,popular,2025-08-06 03:15:42+00:00,2026-06-26 17:35:48+00:00,C++,35720,1085,203,6,False,175,0,True,False,324
1032917809,popular,2025-08-06 03:15:46+00:00,2026-01-18 05:59:55+00:00,Python,849,100,0,3,True,207,6,False,False,165
1032918509,popular,2025-08-06 03:18:01+00:00,2026-07-11 00:47:11+00:00,TypeScript,314,92,17,1,True,58,6,True,False,338
1032918659,ordinary,2025-08-06 03:18:30+00:00,2025-08-06 03:59:01+00:00,JavaScript,414,3,0,0,False,0,0,False,False,0
1032926254,popular,2025-08-06 03:41:17+00:00,2026-01-24 19:55:13+00:00,Python,53511,335,40,6,False,0,2,True,False,171
1032927082,popular,2025-08-06 03:43:36+00:00,2026-09-23 03:03:35+00:00,TypeScript,2520,315,41,17,True,111,18,False,False,412
1032933254,ordinary,2025-08-06 04:00:45+00:00,2025-12-23 07:06:06+00:00,PowerShell,142,3,1,0,True,16,0,True,False,139
1032933869,ordinary,2025-08-06 04:02:30+00:00,2026-06-13 18:22:06+00:00,HTML,2090,3,0,2,False,30,0,True,True,311
1032935319,ordinary,2025-08-06 04:06:26+00:00,2026-02-01 17:37:24+00:00,Java,36,3,0,0,False,17,0,False,False,179
1032946320,popular,2025-08-06 04:36:27+00:00,2026-02-11 13:28:58+00:00,Cuda,103,205,17,1,False,48,0,False,False,189
1032953946,popular,2025-08-06 04:56:00+00:00,2026-08-09 06:02:51+00:00,TypeScript,735,84,0,0,True,86,4,False,False,368
1032954486,popular,2025-08-06 04:57:21+00:00,2025-09-26 13:20:05+00:00,не указан,24,175,50,42,False,0,0,False,False,51
1032959219,popular,2025-08-06 05:09:45+00:00,2026-04-22 00:58:38+00:00,Python,157,87,0,1,True,0,0,True,False,258
1032962906,ordinary,2025-08-06 05:18:55+00:00,2025-08-06 05:29:27+00:00,Python,8,3,0,0,True,0,0,False,False,0
1032975158,popular,2025-08-06 05:47:54+00:00,2026-02-03 21:13:53+00:00,C++,2832,89,11,2,True,0,0,True,False,181
1032989203,ordinary,2025-08-06 06:18:21+00:00,2025-09-19 07:19:04+00:00,Python,839,3,0,0,False,279,0,False,False,44
1032994402,popular,2025-08-06 06:28:49+00:00,2026-01-14 13:56:31+00:00,Python,561846,275,22,13,True,56,0,False,False,161
1032995205,popular,2025-08-06 06:30:31+00:00,2026-08-20 07:56:42+00:00,Go,115483,328,45,4,True,35,0,True,False,379
1032997689,popular,2025-08-06 06:35:38+00:00,2026-09-28 09:25:33+00:00,не указан,652,94,4,1,True,75,6,False,False,418
1032997927,ordinary,2025-08-06 06:36:07+00:00,2025-12-15 02:49:34+00:00,Python,389,3,0,2,False,0,0,True,False,130
1033008161,ordinary,2025-08-06 06:56:41+00:00,2026-06-17 13:32:18+00:00,Java,19904,3,1,0,False,26,0,False,False,315
1033009069,ordinary,2025-08-06 06:58:22+00:00,2025-08-21 03:25:33+00:00,Dart,204,3,1,0,False,28,0,False,False,14
1033009539,popular,2025-08-06 06:59:16+00:00,2026-09-07 02:53:07+00:00,Python,63814,73,4,1,False,59,0,True,True,396
1033010667,popular,2025-08-06 07:01:27+00:00,2025-08-07 03:48:48+00:00,Python,65136,262,28,1,False,123,8,False,False,0
1033013792,popular,2025-08-06 07:07:19+00:00,2026-09-16 02:56:18+00:00,Python,2335,305,74,0,False,84,0,False,False,405
1033018181,popular,2025-08-06 07:15:32+00:00,2026-03-15 06:27:32+00:00,Python,44405,174,11,4,True,43,0,False,False,220
1033026452,ordinary,2025-08-06 07:31:38+00:00,2025-08-07 20:51:24+00:00,PHP,69,3,0,0,False,0,0,False,False,1
1033031390,popular,2025-08-06 07:41:41+00:00,2026-06-14 14:58:10+00:00,не указан,232466,144,53,0,False,0,0,False,False,312
1033031406,ordinary,2025-08-06 07:41:43+00:00,2025-08-21 05:01:29+00:00,Python,324,3,1,4,True,0,0,False,False,14
1033032031,ordinary,2025-08-06 07:42:56+00:00,2025-08-13 19:40:27+00:00,Jupyter Notebook,1873,3,0,0,True,275,0,False,False,7
1033048814,popular,2025-08-06 08:16:45+00:00,2026-09-14 19:33:10+00:00,TypeScript,40812,120,7,12,True,97,0,True,False,404
1033051416,ordinary,2025-08-06 08:21:53+00:00,2025-08-11 23:52:50+00:00,Dart,4245,3,0,1,False,0,0,False,False,5
1033053268,ordinary,2025-08-06 08:25:21+00:00,2026-04-30 08:46:50+00:00,SCSS,955,3,1,0,True,25,0,True,True,267
1033054770,popular,2025-08-06 08:28:24+00:00,2025-08-10 08:58:57+00:00,Python,600,79,13,1,True,127,0,False,False,4
1033055579,popular,2025-08-06 08:30:05+00:00,2025-09-18 07:29:16+00:00,не указан,39,95,3,1,False,129,0,True,False,42
1033055707,popular,2025-08-06 08:30:19+00:00,2026-09-13 17:05:18+00:00,не указан,210,143,30,0,False,21,0,False,False,403
1033056764,popular,2025-08-06 08:32:24+00:00,2026-06-08 07:02:48+00:00,Python,62098,203,13,5,True,103,0,True,False,305
1033058189,popular,2025-08-06 08:35:05+00:00,2026-07-01 01:40:23+00:00,C++,4466,137,2,3,True,125,0,False,False,328
1033064654,popular,2025-08-06 08:46:14+00:00,2026-07-29 05:36:54+00:00,Solidity,276,122,23,5,True,73,0,True,True,356
1033066168,ordinary,2025-08-06 08:48:35+00:00,2025-09-07 06:01:35+00:00,Jupyter Notebook,84,3,0,0,False,58,0,False,False,31
1033068561,ordinary,2025-08-06 08:52:24+00:00,2026-09-27 05:48:27+00:00,Python,1885,3,1,0,False,138,16,False,True,416
1033069681,popular,2025-08-06 08:54:07+00:00,2025-08-12 15:32:37+00:00,не указан,3,437,606,37,False,68,0,True,False,6
1033072126,ordinary,2025-08-06 08:57:57+00:00,2026-09-27 05:47:51+00:00,Go,2810,3,0,0,False,139,15,False,True,416
1033074874,ordinary,2025-08-06 09:02:51+00:00,2026-02-10 09:07:10+00:00,TypeScript,175451,3,2,0,False,0,0,False,False,188
1033077293,popular,2025-08-06 09:07:21+00:00,2026-05-11 09:25:05+00:00,не указан,57,3391,611,13,True,83,0,False,False,278
1033078369,popular,2025-08-06 09:09:17+00:00,2025-08-09 23:14:02+00:00,JavaScript,177726,78,4,0,False,23,0,True,True,3
1033084422,ordinary,2025-08-06 09:20:04+00:00,2025-10-12 16:18:06+00:00,JavaScript,180,3,0,0,False,280,4,False,False,67
1033084824,ordinary,2025-08-06 09:20:53+00:00,2025-08-06 10:35:53+00:00,Python,16,3,0,0,False,188,0,False,False,0
1033084906,ordinary,2025-08-06 09:21:03+00:00,2025-08-26 04:06:18+00:00,C++,122,3,0,0,False,161,0,False,False,19
1033085340,popular,2025-08-06 09:21:53+00:00,2026-09-28 06:45:00+00:00,Python,34371,143,16,2,True,96,15,False,False,417
1033085440,ordinary,2025-08-06 09:22:04+00:00,2025-08-12 16:31:48+00:00,JavaScript,3130,3,0,0,True,0,0,False,False,6
1033087319,ordinary,2025-08-06 09:25:29+00:00,2025-12-18 16:16:04+00:00,не указан,256,3,1,0,False,195,0,False,False,134
1033087466,ordinary,2025-08-06 09:25:44+00:00,2025-08-25 10:10:38+00:00,HTML,5019,3,0,0,False,62,0,False,False,19
1033087917,popular,2025-08-06 09:26:33+00:00,2026-05-09 09:40:43+00:00,TypeScript,32032,112,21,0,True,48,2,False,False,276
1033090251,popular,2025-08-06 09:30:55+00:00,2026-09-16 12:31:42+00:00,Java,32151,112,22,2,False,70,8,False,False,406
1033093021,popular,2025-08-06 09:35:39+00:00,2026-01-15 09:20:43+00:00,Rust,134,103,7,8,True,123,15,False,False,161
1033095946,popular,2025-08-06 09:40:37+00:00,2025-08-14 18:08:34+00:00,HTML,125,86,14,3,False,125,13,False,True,8
1033096329,ordinary,2025-08-06 09:41:23+00:00,2025-08-08 16:36:29+00:00,не указан,18,3,0,0,False,0,0,False,False,2
1033100532,popular,2025-08-06 09:49:06+00:00,2025-09-23 14:39:47+00:00,Python,2000,87,9,6,False,190,0,False,False,48
1033102171,ordinary,2025-08-06 09:52:06+00:00,2026-07-29 19:24:35+00:00,Python,9108,3,0,2,True,39,0,False,False,357
1033110803,popular,2025-08-06 10:09:03+00:00,2026-04-09 16:10:31+00:00,C#,106732,90,34,5,True,0,0,False,False,246
1033113695,popular,2025-08-06 10:14:19+00:00,2026-07-13 04:50:50+00:00,Dockerfile,582,73,36,20,True,45,0,True,False,340
1033117556,popular,2025-08-06 10:21:43+00:00,2026-08-10 10:35:21+00:00,Lua,291,103,15,43,False,26,1,False,False,369
1033121362,ordinary,2025-08-06 10:29:03+00:00,2026-09-28 08:08:38+00:00,Go Template,8696,3,2,38,True,151,11,True,False,417
1033121752,popular,2025-08-06 10:29:47+00:00,2026-09-15 17:47:49+00:00,Python,5665,96,18,4,True,54,0,True,False,405
1033123427,popular,2025-08-06 10:33:06+00:00,2025-08-26 07:36:16+00:00,Go,497,99,5,6,True,59,0,False,False,19
1033123675,ordinary,2025-08-06 10:33:32+00:00,2025-08-09 06:57:40+00:00,Dart,382,3,4,0,True,0,0,False,False,2
1033124018,ordinary,2025-08-06 10:34:10+00:00,2025-12-04 07:29:06+00:00,C#,1124,3,0,0,False,24,0,False,False,119
1033124755,ordinary,2025-08-06 10:35:36+00:00,2025-08-11 10:12:10+00:00,Python,2975,3,0,0,True,28,0,False,False,4
1033130486,ordinary,2025-08-06 10:46:10+00:00,2026-02-06 09:19:34+00:00,Java,46,3,22,0,True,0,0,True,False,183
1033131715,popular,2025-08-06 10:48:23+00:00,2025-11-01 14:43:50+00:00,Python,43231,234,31,1,True,45,0,False,False,87
1033135795,popular,2025-08-06 10:56:08+00:00,2026-09-10 11:08:49+00:00,Python,2626,107,14,45,True,121,4,False,False,400
1033137043,ordinary,2025-08-06 10:58:38+00:00,2025-08-13 19:11:49+00:00,Jupyter Notebook,588,3,0,0,True,0,0,False,False,7
1033154608,ordinary,2025-08-06 11:32:30+00:00,2025-08-06 11:51:30+00:00,JavaScript,1591,3,0,0,False,0,0,False,False,0
1033155870,popular,2025-08-06 11:34:52+00:00,2026-03-28 03:53:40+00:00,не указан,735,171,10,0,False,69,19,False,False,233
1033164302,popular,2025-08-06 11:50:39+00:00,2026-09-08 17:06:16+00:00,Java,118760,144,93,39,True,0,0,False,False,398
1033165012,popular,2025-08-06 11:52:02+00:00,2026-09-19 08:31:35+00:00,Swift,20573,476,29,0,True,150,10,True,False,408
1033167151,ordinary,2025-08-06 11:56:02+00:00,2026-06-04 02:46:23+00:00,JavaScript,30,3,0,0,False,0,0,False,False,301
1033167350,ordinary,2025-08-06 11:56:23+00:00,2026-06-18 20:17:36+00:00,JavaScript,3806,3,0,0,False,42,0,False,True,316
1033167791,ordinary,2025-08-06 11:57:15+00:00,2025-09-15 06:20:04+00:00,TypeScript,4501,3,0,0,False,39,0,False,False,39
1033169361,ordinary,2025-08-06 12:00:10+00:00,2026-02-04 16:40:27+00:00,Python,60,3,2,0,True,43,0,False,False,182
1033170966,ordinary,2025-08-06 12:03:21+00:00,2026-07-17 20:00:40+00:00,Python,11995,3,0,0,False,66,0,False,False,345
1033176782,popular,2025-08-06 12:14:05+00:00,2025-08-07 12:17:11+00:00,не указан,288,223,20,4,False,0,0,True,False,1
1033180458,ordinary,2025-08-06 12:20:39+00:00,2025-08-18 12:44:19+00:00,JavaScript,5854,3,2,6,False,0,0,False,False,12
1033187518,ordinary,2025-08-06 12:33:13+00:00,2025-08-07 13:54:13+00:00,Java,41,3,1,0,False,113,0,True,False,1
1033192357,ordinary,2025-08-06 12:42:13+00:00,2025-11-19 02:17:37+00:00,не указан,6,3,0,0,False,156,0,False,False,104
1033194982,ordinary,2025-08-06 12:46:51+00:00,2025-09-23 17:22:20+00:00,Python,193036,3,0,0,True,87,0,False,False,48
1033199547,ordinary,2025-08-06 12:55:07+00:00,2025-11-24 20:01:22+00:00,Java,3508,3,1,0,False,69,0,False,False,110
1033201041,ordinary,2025-08-06 12:57:45+00:00,2026-05-21 18:18:13+00:00,HTML,183657,3,0,0,True,132,0,False,False,288
1033205785,popular,2025-08-06 13:06:28+00:00,2026-07-19 05:48:50+00:00,JavaScript,8447,95,3,3,True,39,0,True,False,346
1033212498,ordinary,2025-08-06 13:18:09+00:00,2026-01-17 11:46:11+00:00,TypeScript,995,3,0,0,False,0,0,False,False,163
1033217112,popular,2025-08-06 13:26:22+00:00,2025-08-05 08:20:44+00:00,не указан,49,76,176,0,True,31,0,False,False,0
1033219493,ordinary,2025-08-06 13:30:16+00:00,2025-08-13 18:11:55+00:00,Jupyter Notebook,15202,3,0,0,False,0,0,False,False,7
1033222513,popular,2025-08-06 13:35:29+00:00,2026-02-13 02:27:56+00:00,Rust,417,80,9,15,True,61,6,False,False,190
1033228934,ordinary,2025-08-06 13:46:17+00:00,2026-04-16 22:08:54+00:00,Python,190,3,0,0,True,104,10,True,False,253
1033233105,ordinary,2025-08-06 13:53:01+00:00,2026-05-23 11:14:12+00:00,Jupyter Notebook,405,3,0,2,False,0,0,False,False,289
1033234709,ordinary,2025-08-06 13:55:33+00:00,2025-10-14 11:54:16+00:00,Kotlin,267,3,0,0,False,0,0,False,False,68
1033240369,popular,2025-08-06 14:05:14+00:00,2026-08-24 14:55:08+00:00,Go,2729,347,15,4,True,147,0,True,False,383
1033242207,ordinary,2025-08-06 14:08:14+00:00,2025-11-02 16:31:38+00:00,JavaScript,24,3,1,0,True,165,2,False,False,88
1033243610,popular,2025-08-06 14:10:26+00:00,2026-04-19 11:44:17+00:00,Lua,52137,472,14,2,True,152,3,False,False,255
1033243878,popular,2025-08-06 14:10:48+00:00,2026-07-27 07:39:10+00:00,не указан,657,97,3,0,True,77,0,False,False,354
1033244511,popular,2025-08-06 14:11:51+00:00,2026-09-28 11:59:45+00:00,Go,18283,1084,69,11,True,57,7,True,True,417
1033245196,popular,2025-08-06 14:12:59+00:00,2026-03-02 17:37:53+00:00,Python,88595,101,42,21,False,80,0,True,False,208
1033246992,popular,2025-08-06 14:15:59+00:00,2025-08-15 14:21:38+00:00,Python,1686,157,30,5,True,163,4,False,False,9
1033247977,ordinary,2025-08-06 14:17:35+00:00,2026-09-09 11:10:25+00:00,TypeScript,1103,3,0,0,True,118,0,True,False,398
1033249291,ordinary,2025-08-06 14:19:36+00:00,2026-09-23 15:18:02+00:00,Python,472,3,0,0,True,48,4,False,False,413
1033250907,ordinary,2025-08-06 14:22:17+00:00,2025-08-06 14:28:03+00:00,не указан,8200,3,0,0,False,324,0,False,False,0
1033259976,popular,2025-08-06 14:37:31+00:00,2026-09-22 09:29:04+00:00,Rust,97203,186,4,0,True,79,5,False,False,411
1033262001,popular,2025-08-06 14:40:53+00:00,2026-09-11 19:14:39+00:00,Shell,17729,75,41,6,False,98,12,True,False,401
1033268244,popular,2025-08-06 14:51:05+00:00,2026-09-14 08:47:20+00:00,Python,42851,6030,542,72,True,120,7,True,False,403
1033269079,ordinary,2025-08-06 14:52:23+00:00,2025-08-12 20:57:08+00:00,Python,249,3,0,0,True,28,0,False,False,6
1033275457,popular,2025-08-06 15:03:09+00:00,2026-07-31 05:46:13+00:00,Go,1266,303,51,14,False,0,0,False,False,358
1033279089,ordinary,2025-08-06 15:09:15+00:00,2026-09-25 01:36:00+00:00,C,328104,3,2,0,True,0,0,False,False,414
1033280655,ordinary,2025-08-06 15:11:56+00:00,2025-08-11 11:39:19+00:00,Jupyter Notebook,3098,3,0,0,False,24,0,False,False,4
1033286140,popular,2025-08-06 15:21:24+00:00,2026-02-24 07:38:40+00:00,Vue,25172,164,10,0,True,29,4,False,False,201
1033286913,ordinary,2025-08-06 15:22:44+00:00,2026-09-28 07:58:04+00:00,не указан,11,3,0,0,False,17,0,False,False,417
1033289513,ordinary,2025-08-06 15:27:25+00:00,2025-09-23 21:10:28+00:00,Python,31,3,0,0,False,43,0,False,False,48
1033289787,popular,2025-08-06 15:27:58+00:00,2026-04-07 12:52:21+00:00,TypeScript,12221,464,87,1,True,27,11,True,False,243
1033290210,popular,2025-08-06 15:28:39+00:00,2025-12-04 11:13:51+00:00,Python,16267,90,3,0,False,108,3,False,False,119
1033292856,popular,2025-08-06 15:32:57+00:00,2026-09-25 13:35:38+00:00,Python,4077,157,18,1,True,64,9,False,False,414
1033293397,popular,2025-08-06 15:33:48+00:00,2025-10-23 10:27:01+00:00,TypeScript,2791,257,12,0,True,36,0,False,False,77
1033293809,popular,2025-08-06 15:34:27+00:00,2025-11-02 13:45:49+00:00,Python,1390,360,21,3,True,84,0,False,False,87
1033296863,ordinary,2025-08-06 15:39:34+00:00,2025-08-21 10:06:20+00:00,Jupyter Notebook,22,3,0,0,True,64,0,False,False,14
1033304376,popular,2025-08-06 15:52:37+00:00,2026-09-18 21:58:08+00:00,Python,26699,636,108,80,True,61,0,True,False,408
1033316650,ordinary,2025-08-06 16:14:25+00:00,2025-08-06 16:19:20+00:00,Kotlin,115,3,0,0,False,275,0,False,False,0
1033321063,popular,2025-08-06 16:22:07+00:00,2026-03-07 23:37:20+00:00,Python,8114,554,15,4,True,60,0,True,True,213
1033328969,ordinary,2025-08-06 16:36:45+00:00,2025-12-18 16:19:00+00:00,Python,528791,3,0,0,False,146,0,False,False,133
1033346580,ordinary,2025-08-06 17:09:23+00:00,2025-08-09 11:08:46+00:00,Jupyter Notebook,154,3,0,0,True,51,0,False,False,2
1033348821,popular,2025-08-06 17:13:23+00:00,2026-09-26 10:06:30+00:00,Go,1126,203,31,3,True,74,0,False,False,415
1033353349,ordinary,2025-08-06 17:21:45+00:00,2026-09-01 15:27:28+00:00,HTML,102518,3,0,0,False,89,0,False,True,390
1033364739,popular,2025-08-06 17:43:20+00:00,2026-04-11 12:45:56+00:00,не указан,75,77,13,13,True,146,0,True,False,247
1033366649,popular,2025-08-06 17:46:59+00:00,2026-09-25 18:36:31+00:00,C,10914,154,7,2,True,101,0,False,False,415
1033370303,ordinary,2025-08-06 17:54:05+00:00,2026-08-29 09:21:33+00:00,TypeScript,80024,3,0,0,True,343,0,False,False,387
1033371763,ordinary,2025-08-06 17:56:51+00:00,2025-08-06 17:56:55+00:00,Lua,3,3,0,0,True,0,0,False,False,0
1033373132,ordinary,2025-08-06 17:59:22+00:00,2025-08-06 18:04:32+00:00,не указан,2,3,0,0,False,0,0,False,True,0
1033379061,popular,2025-08-06 18:11:11+00:00,2026-07-20 13:33:15+00:00,TypeScript,1282,149,7,0,False,84,8,False,False,347
1033379293,popular,2025-08-06 18:11:39+00:00,2025-08-12 11:43:21+00:00,Jupyter Notebook,376099,98,11,3,True,202,0,True,False,5
1033385606,popular,2025-08-06 18:24:00+00:00,2026-09-27 05:09:15+00:00,TypeScript,60741,73,6,17,True,135,0,False,False,416
1033390372,ordinary,2025-08-06 18:33:39+00:00,2026-09-21 20:38:24+00:00,Lua,115,3,0,0,False,0,0,False,False,411
1033390536,ordinary,2025-08-06 18:34:02+00:00,2025-08-06 21:46:15+00:00,HTML,7152,3,0,0,True,24,0,False,True,0
1033390955,ordinary,2025-08-06 18:34:51+00:00,2025-08-06 21:32:18+00:00,не указан,275,3,0,0,True,3,0,False,False,0
1033391084,ordinary,2025-08-06 18:35:09+00:00,2025-08-19 14:18:57+00:00,Java,27,3,0,0,False,0,0,False,False,12
1033396734,popular,2025-08-06 18:46:22+00:00,2026-09-03 01:26:53+00:00,C#,510,410,60,7,True,50,4,False,False,392
1033403862,ordinary,2025-08-06 19:01:07+00:00,2025-11-18 18:00:40+00:00,HTML,989,3,4,1,False,51,0,False,False,103
1033405434,ordinary,2025-08-06 19:04:34+00:00,2025-08-06 23:06:18+00:00,PHP,36,3,0,0,False,111,7,False,False,0
1033405842,popular,2025-08-06 19:05:28+00:00,2026-02-04 23:48:41+00:00,Python,1167,852,77,7,False,110,0,False,False,182
1033406446,ordinary,2025-08-06 19:06:48+00:00,2025-08-06 19:41:44+00:00,JavaScript,30,3,0,0,True,42,0,False,False,0
1033407507,ordinary,2025-08-06 19:09:07+00:00,2025-08-06 19:25:48+00:00,C,307,3,1,0,True,84,0,False,False,0
1033408764,ordinary,2025-08-06 19:11:56+00:00,2025-08-06 19:48:54+00:00,Jupyter Notebook,21,3,1,0,False,69,0,False,False,0
1033414384,popular,2025-08-06 19:24:20+00:00,2026-09-28 12:18:25+00:00,Go,814336,271,33,190,True,153,14,True,False,417
1033418126,popular,2025-08-06 19:32:25+00:00,2026-09-20 14:52:05+00:00,Rust,8660,72,1,0,True,57,0,False,False,409
1033418385,popular,2025-08-06 19:33:01+00:00,2026-09-19 22:10:55+00:00,Python,79190,1215,145,57,True,347,20,False,False,409
1033423726,ordinary,2025-08-06 19:45:13+00:00,2026-09-09 15:36:33+00:00,TypeScript,2085,3,0,16,True,33,0,True,False,398
1033425741,popular,2025-08-06 19:49:49+00:00,2026-05-17 17:06:00+00:00,JavaScript,139459,150,13,1,False,64,0,False,True,283
1033427112,popular,2025-08-06 19:52:50+00:00,2026-06-05 07:23:49+00:00,Python,10357,8951,1984,28,True,0,0,False,False,302
1033438001,ordinary,2025-08-06 20:16:29+00:00,2025-09-03 20:13:31+00:00,JavaScript,2961,3,0,0,False,0,0,False,False,27
1033439157,popular,2025-08-06 20:19:05+00:00,2026-04-18 22:12:38+00:00,Python,17059,198,11,5,True,35,0,False,False,255
1033439614,ordinary,2025-08-06 20:20:12+00:00,2025-11-08 01:52:40+00:00,Dart,387,3,0,0,False,0,0,False,False,93
1033443022,popular,2025-08-06 20:28:10+00:00,2025-09-23 14:17:28+00:00,Go,174,285,27,0,False,113,0,False,False,47
1033446436,ordinary,2025-08-06 20:36:37+00:00,2026-09-24 03:59:45+00:00,Jupyter Notebook,232818,3,1,0,False,51,6,False,False,413
1033447598,popular,2025-08-06 20:39:38+00:00,2026-04-22 15:17:19+00:00,Python,4703,77,15,5,True,56,7,False,False,258
1033448838,ordinary,2025-08-06 20:42:39+00:00,2025-08-06 20:44:52+00:00,Jupyter Notebook,7653,3,0,0,True,0,0,False,False,0
1033452065,ordinary,2025-08-06 20:50:23+00:00,2025-08-11 03:43:30+00:00,Rust,66,3,0,0,False,0,0,False,False,4
1033456332,popular,2025-08-06 21:00:36+00:00,2026-09-19 00:09:03+00:00,Python,2880,99,11,0,True,249,3,False,False,408
1033459180,popular,2025-08-06 21:08:00+00:00,2026-08-25 16:17:34+00:00,Python,177,280,9,3,True,118,0,True,False,383
1033461680,popular,2025-08-06 21:14:41+00:00,2026-05-16 11:24:30+00:00,Rust,86,86,3,1,True,32,4,False,False,282
1033462047,popular,2025-08-06 21:15:44+00:00,2026-09-25 00:05:14+00:00,TypeScript,50010,146,31,48,True,191,8,True,True,414
1033467232,ordinary,2025-08-06 21:29:43+00:00,2025-08-07 09:11:51+00:00,Python,10,3,0,0,False,143,0,False,False,0
1033468619,popular,2025-08-06 21:33:28+00:00,2025-08-24 01:31:20+00:00,C++,23,117,12,0,True,46,9,False,False,17
1033469126,popular,2025-08-06 21:34:52+00:00,2026-09-26 15:26:14+00:00,Python,54740,117,20,15,True,29,5,False,True,415
1033470848,popular,2025-08-06 21:39:41+00:00,2026-02-02 20:06:59+00:00,Go,233,98,34,0,True,84,11,False,False,179
1033483548,ordinary,2025-08-06 22:16:46+00:00,2025-08-25 19:04:24+00:00,не указан,21,3,0,0,True,165,0,False,False,18
1033494807,ordinary,2025-08-06 22:53:34+00:00,2025-11-12 12:46:40+00:00,Kotlin,602,3,0,0,False,88,0,False,False,97
1033502146,ordinary,2025-08-06 23:19:53+00:00,2025-08-07 07:45:55+00:00,PHP,15,3,0,0,False,92,0,False,False,0
1033503090,popular,2025-08-06 23:23:13+00:00,2026-01-06 01:38:46+00:00,C,191947,137,46,1,True,0,0,True,False,152
1033504128,popular,2025-08-06 23:26:45+00:00,2026-09-01 15:28:03+00:00,Shell,2401,113,32,2,True,78,15,True,True,390
1033509892,ordinary,2025-08-06 23:47:48+00:00,2026-04-29 09:08:09+00:00,не указан,24,3,3,0,False,91,0,False,False,265
1033510365,popular,2025-08-06 23:49:26+00:00,2026-09-21 15:24:44+00:00,Rust,14705,78,17,10,True,103,0,False,False,410
1033510484,popular,2025-08-06 23:49:53+00:00,2026-09-27 22:51:20+00:00,не указан,458,97,0,0,True,63,2,False,False,416
1033521482,popular,2025-08-07 00:27:23+00:00,2026-01-05 08:58:31+00:00,Go,277,75,28,2,True,0,0,False,False,151
1033524802,ordinary,2025-08-07 00:37:20+00:00,2025-10-23 00:30:40+00:00,Pascal,2160,3,0,0,False,0,0,False,False,76
1033532448,popular,2025-08-07 01:03:13+00:00,2026-08-22 20:20:17+00:00,Rust,3702,248,8,18,True,92,9,False,True,380
1033532733,ordinary,2025-08-07 01:04:11+00:00,2026-09-28 02:14:54+00:00,Python,2278,3,0,3,True,19,0,True,False,417
1033533442,popular,2025-08-07 01:06:40+00:00,2025-12-11 18:57:41+00:00,HTML,1321,1913,295,0,True,21,7,True,True,126
1033534033,ordinary,2025-08-07 01:08:42+00:00,2025-08-18 17:18:56+00:00,HTML,2461495,3,1,0,False,45,0,False,True,11
1033546697,ordinary,2025-08-07 01:49:40+00:00,2026-09-23 13:45:51+00:00,JavaScript,22663,3,0,0,False,81,3,False,False,412
1033550395,popular,2025-08-07 02:01:35+00:00,2026-09-23 21:24:09+00:00,Rust,613,94,35,3,True,48,4,False,False,412
1033555567,ordinary,2025-08-07 02:17:14+00:00,2025-09-19 02:11:09+00:00,Python,492,3,0,1,True,0,0,False,False,42
1033555992,ordinary,2025-08-07 02:18:29+00:00,2025-08-07 02:20:27+00:00,Shell,2,3,0,0,False,52,0,False,False,0
1033559143,popular,2025-08-07 02:27:52+00:00,2025-12-09 02:59:07+00:00,Python,3008,98,8,18,False,163,0,False,False,124
1033559515,ordinary,2025-08-07 02:29:06+00:00,2026-06-06 14:52:47+00:00,Java,1403,3,0,1,True,56,0,False,False,303
1033562361,popular,2025-08-07 02:38:10+00:00,2026-09-27 23:59:16+00:00,HTML,3218235,177,180,6,False,45,12,False,False,416
1033562852,ordinary,2025-08-07 02:39:50+00:00,2026-07-16 05:03:58+00:00,PHP,39,3,0,0,True,221,7,False,False,343
1033563620,popular,2025-08-07 02:42:11+00:00,2025-08-07 07:40:25+00:00,Python,27,87,16,4,True,117,0,False,False,0
1033568432,popular,2025-08-07 02:56:33+00:00,2026-08-28 07:28:16+00:00,Python,91251,131,7,0,True,33,0,True,False,386
1033574039,ordinary,2025-08-07 03:13:04+00:00,2026-03-14 02:20:42+00:00,Go,16396,3,0,0,True,90,9,False,True,218
1033574723,popular,2025-08-07 03:15:10+00:00,2026-09-18 23:25:56+00:00,Shell,30419,494,49,6,False,42,0,True,True,407
1033577910,ordinary,2025-08-07 03:25:11+00:00,2026-01-09 02:10:21+00:00,Shell,100,3,0,0,False,27,0,False,False,154
1033577925,popular,2025-08-07 03:25:14+00:00,2026-07-14 00:48:01+00:00,не указан,12,336,11,69,False,21,3,False,False,340
1033579474,ordinary,2025-08-07 03:29:51+00:00,2025-10-23 06:07:04+00:00,Python,1614,3,0,0,True,40,0,False,False,77
1033581372,ordinary,2025-08-07 03:35:38+00:00,2026-04-18 05:34:11+00:00,Shell,367,3,1,0,False,0,0,False,False,254
1033583182,popular,2025-08-07 03:40:50+00:00,2025-09-10 08:58:24+00:00,TypeScript,402,286,11,4,True,23,12,True,True,34
1033586092,popular,2025-08-07 03:49:05+00:00,2025-11-16 13:53:06+00:00,Python,205691,172,5,0,True,56,0,False,False,101
1033591401,ordinary,2025-08-07 04:03:56+00:00,2025-10-24 08:32:06+00:00,JavaScript,3805,3,0,0,True,20,0,True,False,78
1033598353,popular,2025-08-07 04:22:22+00:00,2026-09-20 20:30:50+00:00,C#,3445,101,6,0,True,49,0,False,True,409
1033598527,popular,2025-08-07 04:22:53+00:00,2026-08-20 20:18:39+00:00,Rust,62121,109,10,13,True,92,6,False,False,378
1033603714,ordinary,2025-08-07 04:37:26+00:00,2025-08-07 04:46:28+00:00,JavaScript,27,3,0,0,True,247,0,False,False,0
1033607029,ordinary,2025-08-07 04:46:30+00:00,2025-08-26 02:29:09+00:00,HTML,17,3,0,1,False,4,0,False,True,18
1033616330,ordinary,2025-08-07 05:10:15+00:00,2025-08-13 07:16:43+00:00,PowerShell,190,3,0,0,True,92,0,False,False,6
1033617954,ordinary,2025-08-07 05:14:17+00:00,2025-08-08 15:15:25+00:00,не указан,58672,3,0,0,False,211,0,False,False,1
1033618518,popular,2025-08-07 05:15:45+00:00,2026-09-28 03:10:25+00:00,Go,18341,260,4,0,True,72,7,False,True,416
1033621712,popular,2025-08-07 05:23:37+00:00,2025-12-01 22:10:12+00:00,Python,677,130,13,6,True,53,11,True,False,116
1033622880,popular,2025-08-07 05:26:41+00:00,2026-09-28 09:49:48+00:00,Python,3440,304,35,0,True,47,0,False,False,417
1033632947,popular,2025-08-07 05:50:27+00:00,2025-08-10 00:01:18+00:00,Python,27084,132,5,1,True,0,0,False,False,2
1033636196,popular,2025-08-07 05:57:30+00:00,2025-08-07 09:32:15+00:00,не указан,9,92,7,2,True,0,0,True,False,0
1033642823,popular,2025-08-07 06:11:46+00:00,2026-06-26 12:17:42+00:00,не указан,19446,104,18,0,False,105,16,False,False,323
1033643309,ordinary,2025-08-07 06:12:52+00:00,2026-07-30 12:55:56+00:00,не указан,198,3,0,0,False,56,3,False,False,357
1033643677,ordinary,2025-08-07 06:13:37+00:00,2025-08-10 13:54:53+00:00,TypeScript,1985,3,0,0,False,238,0,False,False,3
1033648152,ordinary,2025-08-07 06:22:39+00:00,2025-09-04 03:24:16+00:00,HTML,24786,3,0,1,False,0,0,False,True,27
1033659717,popular,2025-08-07 06:45:54+00:00,2025-11-19 04:59:12+00:00,Python,10911,151,15,1,True,209,7,True,False,103
1033663456,popular,2025-08-07 06:53:25+00:00,2026-09-28 08:44:54+00:00,Elixir,191689,216,43,17,True,127,12,True,False,417
1033674002,ordinary,2025-08-07 07:14:00+00:00,2025-08-07 07:29:24+00:00,Python,26,3,0,0,False,88,0,False,False,0
1033674301,popular,2025-08-07 07:14:35+00:00,2026-09-23 19:26:10+00:00,не указан,113,5026,1078,1,False,84,0,False,False,412
1033676581,ordinary,2025-08-07 07:18:56+00:00,2025-08-08 12:22:25+00:00,Python,3727,3,0,0,False,228,0,False,False,1
1033678177,popular,2025-08-07 07:22:05+00:00,2026-09-28 10:00:30+00:00,Python,159024,178,37,184,False,41,10,True,True,417
1033678199,ordinary,2025-08-07 07:22:07+00:00,2026-06-26 16:34:00+00:00,C++,2996304,3,2,0,False,46,0,True,False,323
1033682780,popular,2025-08-07 07:30:59+00:00,2025-08-07 07:55:07+00:00,Jupyter Notebook,42,248,78,0,True,65,5,False,False,0
1033684591,popular,2025-08-07 07:34:33+00:00,2025-10-28 13:29:25+00:00,Go,10415,121,8,3,True,59,0,False,False,82
1033684975,ordinary,2025-08-07 07:35:15+00:00,2026-03-23 15:35:47+00:00,не указан,2827,3,0,1,False,0,0,False,False,228
1033685757,popular,2025-08-07 07:36:51+00:00,2026-08-12 18:35:34+00:00,Python,1665,95,28,16,True,161,0,True,False,370
1033689004,ordinary,2025-08-07 07:43:24+00:00,2025-08-13 12:25:26+00:00,Jupyter Notebook,10583,3,0,0,False,39,0,False,False,6
1033689937,popular,2025-08-07 07:45:17+00:00,2026-06-09 14:33:29+00:00,не указан,421,229,30,2,False,0,0,False,False,306
1033697990,ordinary,2025-08-07 08:00:54+00:00,2026-01-11 08:33:39+00:00,Shell,32865,3,1,0,True,115,0,True,False,157
1033712585,ordinary,2025-08-07 08:28:33+00:00,2025-08-07 08:31:15+00:00,C#,17,3,2,0,False,29,0,False,False,0
1033720077,popular,2025-08-07 08:42:12+00:00,2026-08-19 12:56:44+00:00,Python,205,102,1,0,True,38,0,True,False,377
1033722317,popular,2025-08-07 08:46:12+00:00,2026-09-02 06:31:44+00:00,Java,4580,89,7,1,True,45,0,False,False,390
1033727366,popular,2025-08-07 08:55:13+00:00,2026-02-27 03:56:29+00:00,Python,70015,105,13,5,True,85,0,True,False,203
1033730159,ordinary,2025-08-07 09:00:12+00:00,2025-08-07 11:06:44+00:00,HTML,1546,3,0,0,False,302,0,False,False,0
1033734621,popular,2025-08-07 09:08:23+00:00,2026-09-21 13:25:12+00:00,Rust,294571,360,24,9,True,52,12,True,False,410
1033747718,ordinary,2025-08-07 09:32:39+00:00,2026-03-01 10:04:43+00:00,Jupyter Notebook,1749,3,0,0,True,30,0,False,False,206
1033749281,popular,2025-08-07 09:35:23+00:00,2026-09-14 18:57:53+00:00,не указан,733,280,28,1,True,119,0,False,False,403
1033751209,ordinary,2025-08-07 09:38:56+00:00,2025-08-07 13:43:42+00:00,Shell,7,3,0,0,False,77,0,False,False,0
1033753627,popular,2025-08-07 09:43:16+00:00,2025-08-19 14:48:13+00:00,JavaScript,158,113,33,3,False,0,0,False,False,12
1033754010,popular,2025-08-07 09:43:55+00:00,2025-11-03 20:49:49+00:00,Python,35,82,5,1,True,0,0,False,False,88
1033754005,ordinary,2025-08-07 09:43:55+00:00,2025-11-17 03:07:25+00:00,JavaScript,39,3,1,0,True,330,0,False,False,101
1033754179,ordinary,2025-08-07 09:44:16+00:00,2026-03-18 12:09:57+00:00,HTML,16681,3,0,0,False,96,0,False,False,223
1033755383,popular,2025-08-07 09:46:26+00:00,2026-06-10 13:53:27+00:00,C++,35885,83,13,7,True,125,0,False,False,307
1033756133,ordinary,2025-08-07 09:47:54+00:00,2025-09-05 03:58:52+00:00,HTML,20110,3,0,0,False,0,0,True,False,28
1033758741,popular,2025-08-07 09:52:47+00:00,2026-03-23 05:39:28+00:00,HTML,683,76,7,1,False,22,0,True,True,227
1033758863,ordinary,2025-08-07 09:53:02+00:00,2025-08-07 10:14:28+00:00,HTML,19394,3,1,0,True,16,0,False,False,0
1033765800,ordinary,2025-08-07 10:05:26+00:00,2025-11-05 12:44:16+00:00,CAP CDS,4301,3,2,0,True,61,0,True,False,90
1033766647,popular,2025-08-07 10:07:00+00:00,2026-04-03 05:35:41+00:00,TypeScript,5935,82,12,0,True,23,0,False,False,238
1033769478,popular,2025-08-07 10:12:06+00:00,2026-02-03 12:13:08+00:00,Python,2649,245,28,4,True,0,0,True,False,180
1033769647,popular,2025-08-07 10:12:26+00:00,2025-12-01 13:45:11+00:00,Go,745,147,26,12,True,66,7,False,False,116
1033771493,popular,2025-08-07 10:15:59+00:00,2026-09-28 11:02:19+00:00,Go,29404,1772,69,3,True,99,13,False,True,417
1033771666,ordinary,2025-08-07 10:16:22+00:00,2025-08-08 04:53:02+00:00,не указан,13,3,0,0,False,16,0,False,False,0
1033775190,popular,2025-08-07 10:22:56+00:00,2026-09-26 11:21:32+00:00,Swift,11106,298,70,3,True,0,0,False,False,415
1033776498,ordinary,2025-08-07 10:25:33+00:00,2025-09-12 19:58:07+00:00,JavaScript,273,3,0,0,False,0,0,False,False,36
1033777228,popular,2025-08-07 10:27:04+00:00,2026-04-13 21:09:08+00:00,не указан,15212,90,42,0,False,0,0,False,False,249
1033778670,popular,2025-08-07 10:29:51+00:00,2026-09-09 07:57:01+00:00,TypeScript,695102,33182,3451,932,True,165,20,True,False,397
1033779659,popular,2025-08-07 10:31:49+00:00,2026-09-26 16:28:44+00:00,Go,127312,113,171,345,True,62,0,True,False,415
1033782098,ordinary,2025-08-07 10:36:35+00:00,2025-09-01 07:30:29+00:00,C++,430,3,0,0,False,0,0,True,False,24
1033783342,popular,2025-08-07 10:39:04+00:00,2025-12-01 10:40:33+00:00,не указан,246,98,3,1,True,148,0,False,False,116
1033786796,ordinary,2025-08-07 10:45:43+00:00,2026-08-09 09:35:45+00:00,Dart,106489,3,0,0,True,37,0,False,False,366
1033786976,ordinary,2025-08-07 10:46:07+00:00,2026-09-15 05:26:48+00:00,PHP,525,3,0,1,True,182,0,True,False,403
1033787009,ordinary,2025-08-07 10:46:13+00:00,2026-08-21 22:46:51+00:00,Kotlin,285,3,0,0,True,24,0,False,False,379
1033792289,popular,2025-08-07 10:56:25+00:00,2026-01-16 16:29:14+00:00,Emacs Lisp,162,77,9,5,True,64,0,False,False,162
1033794002,popular,2025-08-07 10:59:40+00:00,2026-09-25 15:59:54+00:00,Shell,588,762,53,19,False,102,14,False,True,414
1033794191,ordinary,2025-08-07 11:00:06+00:00,2025-08-07 13:20:59+00:00,HTML,13,3,0,0,False,72,6,False,False,0
1033794570,popular,2025-08-07 11:00:53+00:00,2026-04-28 22:55:33+00:00,Python,389,120,6,2,True,127,4,True,False,264
1033799473,ordinary,2025-08-07 11:10:44+00:00,2025-09-11 16:03:45+00:00,C++,200750,3,0,0,True,0,0,False,False,35
1033800181,ordinary,2025-08-07 11:12:11+00:00,2025-08-08 08:23:57+00:00,Python,13,3,1,1,False,29,0,False,False,0
1033801720,popular,2025-08-07 11:15:10+00:00,2026-09-28 02:19:10+00:00,Kotlin,23880,147,12,7,False,109,0,False,True,416
1033802011,popular,2025-08-07 11:15:44+00:00,2026-03-01 04:33:12+00:00,Java,12915,1151,107,7,True,131,0,False,False,205
1033807635,ordinary,2025-08-07 11:27:18+00:00,2025-08-12 12:27:53+00:00,C++,9517,3,0,0,True,38,0,False,False,5
1033807825,ordinary,2025-08-07 11:27:43+00:00,2025-08-07 11:28:44+00:00,не указан,1973,3,0,0,False,10,0,False,False,0
1033811053,popular,2025-08-07 11:34:09+00:00,2026-09-09 15:51:18+00:00,JavaScript,277,92,1,0,True,179,0,False,False,398
1033812258,popular,2025-08-07 11:36:24+00:00,2025-08-09 08:59:42+00:00,не указан,44,194,19,0,False,57,5,False,False,1
1033812951,popular,2025-08-07 11:37:58+00:00,2025-12-09 13:23:32+00:00,не указан,2311,77,4,0,False,15,2,False,False,124
1033815549,ordinary,2025-08-07 11:43:10+00:00,2026-01-26 17:22:37+00:00,не указан,30429,3,2,3,True,74,0,True,False,172
1033816366,ordinary,2025-08-07 11:44:43+00:00,2025-08-07 12:16:23+00:00,не указан,26883,3,0,0,False,31,0,False,False,0
1033821327,ordinary,2025-08-07 11:54:38+00:00,2026-07-24 06:09:04+00:00,PHP,500,3,0,0,False,105,5,False,False,350
1033823287,popular,2025-08-07 11:58:35+00:00,2026-09-27 21:37:12+00:00,Rust,5164,696,26,23,True,39,4,True,False,416
1033827089,ordinary,2025-08-07 12:05:50+00:00,2026-06-25 14:53:20+00:00,JavaScript,1297,3,0,0,False,51,7,False,True,322
1033827407,popular,2025-08-07 12:06:25+00:00,2025-12-19 09:54:57+00:00,HTML,5115,278,20,5,True,117,0,False,False,133
1033827837,ordinary,2025-08-07 12:07:19+00:00,2025-11-04 07:31:22+00:00,не указан,27851,3,5,1,True,71,0,True,False,88
1033836568,popular,2025-08-07 12:24:15+00:00,2026-01-23 07:00:23+00:00,Python,12609,302,17,11,True,81,0,True,False,168
1033836679,ordinary,2025-08-07 12:24:29+00:00,2025-08-15 14:49:54+00:00,Solidity,142,3,1,0,False,0,0,False,False,8
1033847916,popular,2025-08-07 12:45:53+00:00,2026-09-22 04:59:25+00:00,HTML,23289,101,11,3,False,16,0,False,True,410
1033848419,ordinary,2025-08-07 12:46:49+00:00,2026-08-23 21:08:04+00:00,не указан,81,3,0,0,False,0,0,False,False,381
1033848443,ordinary,2025-08-07 12:46:51+00:00,2025-08-08 12:25:18+00:00,Jupyter Notebook,25,3,0,0,False,68,0,False,False,0
1033852880,popular,2025-08-07 12:55:01+00:00,2026-09-24 10:03:21+00:00,C++,4021,1397,69,62,True,26,0,True,False,412
1033860067,popular,2025-08-07 13:08:11+00:00,2026-09-28 12:01:14+00:00,Python,3265,172,5,0,True,60,0,True,True,416
1033860653,popular,2025-08-07 13:09:13+00:00,2026-01-27 12:52:34+00:00,Python,40,96,19,1,False,67,0,False,False,172
1033861214,ordinary,2025-08-07 13:10:14+00:00,2025-08-07 13:31:10+00:00,Jupyter Notebook,247,3,0,0,False,55,0,False,False,0
1033864025,ordinary,2025-08-07 13:15:14+00:00,2025-08-24 03:55:37+00:00,TypeScript,1226,3,0,0,True,33,0,False,False,16
1033865617,popular,2025-08-07 13:18:06+00:00,2026-07-03 19:19:12+00:00,TypeScript,65256,4296,356,11,True,290,0,False,False,330
1033868117,ordinary,2025-08-07 13:22:30+00:00,2025-08-07 13:25:50+00:00,Jupyter Notebook,15308,3,0,0,True,139,0,False,False,0
1033868814,popular,2025-08-07 13:23:40+00:00,2026-01-21 16:31:22+00:00,Python,103453,156,7,1,True,0,0,True,False,167
1033871039,ordinary,2025-08-07 13:27:32+00:00,2025-08-12 13:21:08+00:00,Java,8,3,0,0,False,191,0,False,False,4
1033873680,popular,2025-08-07 13:32:12+00:00,2026-07-06 14:50:39+00:00,Python,14656,8427,647,5,True,199,10,True,False,333
1033874576,ordinary,2025-08-07 13:33:46+00:00,2026-07-09 18:22:29+00:00,Python,347,3,0,0,True,165,20,False,False,336
1033874827,popular,2025-08-07 13:34:14+00:00,2026-02-25 15:46:32+00:00,TypeScript,896,108,17,0,True,42,0,False,False,202
1033877893,popular,2025-08-07 13:39:31+00:00,2025-08-07 13:52:10+00:00,Python,21,242,32,1,True,70,11,False,False,0
1033881460,ordinary,2025-08-07 13:45:31+00:00,2025-08-07 13:53:26+00:00,не указан,14,3,0,0,False,0,0,False,False,0
1033888157,ordinary,2025-08-07 13:57:31+00:00,2025-10-04 10:03:57+00:00,GAP,11437,3,2,0,False,0,0,False,False,57
1033895574,popular,2025-08-07 14:10:13+00:00,2026-06-20 00:54:41+00:00,Jupyter Notebook,74059,848,365,13,True,58,0,True,False,316
1033896376,popular,2025-08-07 14:11:34+00:00,2026-07-15 13:57:04+00:00,Jupyter Notebook,12923,11461,968,170,True,54,0,True,False,341
1033902148,popular,2025-08-07 14:21:10+00:00,2026-09-15 04:26:00+00:00,Python,177,120,40,0,False,163,9,False,False,403
1033903783,popular,2025-08-07 14:23:43+00:00,2026-07-07 06:26:17+00:00,JavaScript,66183,124,38,0,True,245,20,False,False,333
1033905129,ordinary,2025-08-07 14:26:04+00:00,2025-08-17 15:25:37+00:00,Python,5,3,0,0,False,0,0,False,False,10
1033909553,ordinary,2025-08-07 14:33:49+00:00,2025-10-08 13:59:22+00:00,Python,320227,3,2,9,False,81,0,False,False,61
1033910014,ordinary,2025-08-07 14:34:36+00:00,2026-07-31 15:59:29+00:00,не указан,4522,3,0,0,False,55,0,False,False,358
1033912052,popular,2025-08-07 14:38:14+00:00,2026-08-10 11:40:11+00:00,Kotlin,9920,101,4,2,True,143,7,False,False,367
1033912047,popular,2025-08-07 14:38:14+00:00,2026-09-19 10:23:41+00:00,TypeScript,55082,87,35,0,False,42,0,True,False,407
1033921163,popular,2025-08-07 14:53:33+00:00,2026-09-23 05:54:45+00:00,Kotlin,15842,76,17,2,True,30,20,False,False,411
1033922624,ordinary,2025-08-07 14:56:06+00:00,2025-10-09 06:50:24+00:00,TypeScript,10844,3,0,2,False,62,9,False,False,62
1033923202,ordinary,2025-08-07 14:57:09+00:00,2025-08-07 14:58:12+00:00,TypeScript,53,3,0,0,True,0,0,True,False,0
1033923506,popular,2025-08-07 14:57:48+00:00,2026-09-27 14:31:09+00:00,Python,19442,233,18,21,True,52,0,True,False,415
1033926489,ordinary,2025-08-07 15:03:16+00:00,2026-07-02 23:47:42+00:00,JavaScript,193,3,0,0,True,244,11,False,False,329
1033932695,popular,2025-08-07 15:14:26+00:00,2025-08-09 14:41:22+00:00,Shell,203,102,11,6,False,0,0,False,False,1
1033944221,ordinary,2025-08-07 15:34:06+00:00,2026-02-10 22:54:22+00:00,Python,147,3,1,0,False,36,0,False,False,187
1033945424,popular,2025-08-07 15:36:16+00:00,2025-08-08 15:16:15+00:00,не указан,106,75,14,1,True,256,0,False,False,0
1033947074,popular,2025-08-07 15:39:26+00:00,2025-08-08 14:15:29+00:00,не указан,5938,411,82,7,True,231,5,False,False,0
1033949790,popular,2025-08-07 15:44:34+00:00,2026-01-20 05:29:27+00:00,Java,336,418,18,7,False,107,0,False,False,165
1033952286,ordinary,2025-08-07 15:49:02+00:00,2025-09-16 18:19:08+00:00,JavaScript,65828,3,0,0,True,167,0,False,False,40
1033961846,popular,2025-08-07 16:05:59+00:00,2026-08-27 16:54:51+00:00,TypeScript,733,232,5,0,False,34,0,False,False,385
1033963563,ordinary,2025-08-07 16:08:59+00:00,2025-08-07 16:09:32+00:00,TypeScript,41667,3,0,0,False,0,0,False,False,0
1033964543,ordinary,2025-08-07 16:10:34+00:00,2025-08-09 08:22:06+00:00,TypeScript,2792,3,0,0,False,157,0,False,False,1
1033968565,popular,2025-08-07 16:17:53+00:00,2026-03-04 06:11:49+00:00,Kotlin,1099,109,58,3,False,0,0,False,False,208
1033970681,popular,2025-08-07 16:21:51+00:00,2025-08-10 18:07:22+00:00,JavaScript,20013,181,27,0,False,200,15,False,True,3
1033972257,popular,2025-08-07 16:24:46+00:00,2026-09-28 09:44:57+00:00,JavaScript,22318,80,13,0,False,13,0,False,False,416
1033974653,ordinary,2025-08-07 16:29:16+00:00,2025-08-15 02:47:55+00:00,JavaScript,128,3,1,0,True,52,0,False,False,7
1033974716,ordinary,2025-08-07 16:29:25+00:00,2025-09-12 10:40:40+00:00,Java,5811,3,0,0,False,0,0,False,False,35
1033977429,ordinary,2025-08-07 16:34:19+00:00,2025-08-07 16:40:18+00:00,C,18,3,1,0,False,0,0,False,False,0
1033978156,popular,2025-08-07 16:35:40+00:00,2026-09-24 20:41:58+00:00,TypeScript,6825,120,24,23,True,0,0,True,False,413
1033982743,ordinary,2025-08-07 16:44:16+00:00,2025-08-11 23:52:18+00:00,Python,1756,3,0,0,False,34,0,False,False,4
1033995490,ordinary,2025-08-07 17:07:54+00:00,2025-08-07 17:42:49+00:00,HTML,5,3,0,0,False,138,0,False,False,0
1033999690,ordinary,2025-08-07 17:16:26+00:00,2025-08-26 05:30:58+00:00,Jupyter Notebook,7982,3,0,0,False,124,0,False,False,18
1033999973,popular,2025-08-07 17:17:00+00:00,2025-11-10 17:34:40+00:00,Go,137,119,13,1,True,66,8,False,False,95
1034003379,popular,2025-08-07 17:23:38+00:00,2026-09-12 00:07:18+00:00,Shell,10,206,11,2,False,0,0,False,False,400
1034006143,ordinary,2025-08-07 17:29:09+00:00,2025-08-07 17:41:22+00:00,Dart,27,3,0,0,True,226,0,False,False,0
1034007571,popular,2025-08-07 17:32:01+00:00,2026-03-06 05:42:37+00:00,не указан,285,291,112,0,False,43,0,False,False,210
1034008109,popular,2025-08-07 17:33:05+00:00,2025-08-07 17:34:13+00:00,Python,210137,363,65,2,True,0,0,False,False,0
1034022681,ordinary,2025-08-07 18:02:33+00:00,2026-03-18 09:48:15+00:00,Python,58,3,0,1,False,20,0,False,False,222
1034026367,ordinary,2025-08-07 18:10:02+00:00,2025-08-07 18:21:59+00:00,Python,1676,3,0,1,True,146,8,False,False,0
1034026644,ordinary,2025-08-07 18:10:35+00:00,2025-08-07 18:18:31+00:00,не указан,14,3,0,0,False,0,0,False,False,0
1034027723,popular,2025-08-07 18:12:49+00:00,2025-08-10 01:16:17+00:00,не указан,4338,117,33,1,False,0,0,False,False,2
1034028758,ordinary,2025-08-07 18:14:51+00:00,2025-08-09 18:02:59+00:00,Python,22,3,0,0,False,93,0,False,False,1
1034031702,ordinary,2025-08-07 18:20:41+00:00,2025-09-28 09:49:13+00:00,JavaScript,610,3,0,450,False,0,0,False,True,51
1034051567,ordinary,2025-08-07 19:02:48+00:00,2026-07-02 17:41:18+00:00,HTML,397,3,0,0,False,114,0,False,True,328
1034055295,popular,2025-08-07 19:11:06+00:00,2025-09-13 18:34:33+00:00,Python,188,99,3,1,True,29,0,False,False,36
1034064314,ordinary,2025-08-07 19:31:33+00:00,2025-08-07 19:53:51+00:00,HTML,103,3,0,0,False,107,0,False,False,0
1034068588,ordinary,2025-08-07 19:41:34+00:00,2025-08-07 19:44:59+00:00,TypeScript,267,3,1,0,True,53,0,False,False,0
1034073068,ordinary,2025-08-07 19:51:50+00:00,2025-11-28 08:16:15+00:00,C,616,3,0,0,False,34,0,False,False,112
1034079987,ordinary,2025-08-07 20:07:51+00:00,2025-08-21 17:47:00+00:00,C,160,3,0,0,True,214,20,False,False,13
1034085932,ordinary,2025-08-07 20:22:49+00:00,2026-09-26 17:49:12+00:00,Nix,133,3,0,0,False,112,0,False,False,414
1034095281,ordinary,2025-08-07 20:47:04+00:00,2025-08-07 21:26:52+00:00,Assembly,7,3,0,0,True,53,4,False,False,0
1034100258,ordinary,2025-08-07 21:01:00+00:00,2026-08-03 20:54:46+00:00,Swift,1386,3,0,0,True,244,0,True,True,360
1034101548,ordinary,2025-08-07 21:04:28+00:00,2025-08-07 21:09:52+00:00,HTML,41,3,0,0,True,14,0,False,False,0
1034103248,ordinary,2025-08-07 21:09:07+00:00,2025-10-01 20:10:55+00:00,Rust,52,3,0,0,True,53,0,False,False,54
1034104789,popular,2025-08-07 21:13:33+00:00,2026-09-15 01:12:41+00:00,Shell,558,1785,106,1,True,212,2,True,True,403
1034108983,ordinary,2025-08-07 21:25:43+00:00,2025-10-27 16:32:58+00:00,Python,21,3,0,0,True,184,0,False,False,80
1034109084,ordinary,2025-08-07 21:26:03+00:00,2025-08-09 01:39:49+00:00,Python,18,3,0,0,False,0,0,False,False,1
1034114338,popular,2025-08-07 21:42:20+00:00,2025-08-08 19:14:29+00:00,не указан,25,220,52,0,False,31,4,False,False,0
1034116201,popular,2025-08-07 21:48:01+00:00,2026-02-22 00:50:51+00:00,TypeScript,335,90,16,1,True,70,0,False,False,198
1034119163,ordinary,2025-08-07 21:57:56+00:00,2025-08-23 16:50:10+00:00,Dockerfile,3,3,0,0,False,60,0,False,False,15
1034122619,popular,2025-08-07 22:09:42+00:00,2026-02-18 02:01:08+00:00,Shell,168,1872,125,11,True,90,7,False,False,194
1034135318,popular,2025-08-07 22:53:12+00:00,2025-09-04 15:39:54+00:00,Python,1688,109,8,0,True,136,0,True,False,27
1034137470,popular,2025-08-07 23:01:09+00:00,2026-09-26 09:40:40+00:00,Swift,7638,140,22,10,True,132,2,False,False,414
1034139870,popular,2025-08-07 23:09:36+00:00,2026-08-11 02:02:26+00:00,Jupyter Notebook,3328,842,332,6,True,0,0,True,False,368
1034142340,popular,2025-08-07 23:18:43+00:00,2026-09-24 10:47:23+00:00,Go,35106,455,11,11,True,208,13,False,False,412
1034142965,popular,2025-08-07 23:21:03+00:00,2026-02-26 05:30:39+00:00,Kotlin,2805,275,23,1,True,128,18,False,True,202
1034143292,ordinary,2025-08-07 23:22:14+00:00,2026-09-22 03:02:44+00:00,не указан,75111,3,0,3,True,18,0,False,False,410
1034143365,ordinary,2025-08-07 23:22:32+00:00,2026-06-06 01:03:42+00:00,C#,12492,3,0,0,False,0,0,False,False,302
1034144207,popular,2025-08-07 23:25:35+00:00,2026-09-28 08:22:06+00:00,Python,5327,109,14,0,True,107,0,False,False,416
1034147779,ordinary,2025-08-07 23:38:54+00:00,2026-06-27 07:24:22+00:00,Jupyter Notebook,528,3,0,0,True,80,0,True,False,323
1034151327,ordinary,2025-08-07 23:52:11+00:00,2025-08-26 06:36:47+00:00,Java,45,3,1,0,False,0,0,False,False,18
1034151456,popular,2025-08-07 23:52:41+00:00,2025-12-01 16:12:10+00:00,TypeScript,449,80,18,7,True,0,0,False,False,115
1034154829,popular,2025-08-08 00:05:52+00:00,2026-04-07 22:31:35+00:00,Rust,2675,506,10,7,True,25,0,False,False,242
1034160202,popular,2025-08-08 00:25:21+00:00,2026-06-06 16:01:40+00:00,C++,773,133,14,18,False,74,0,False,False,302
1034161394,popular,2025-08-08 00:29:27+00:00,2026-09-08 05:54:46+00:00,Python,17992,615,42,6,True,55,0,False,True,396
1034161461,ordinary,2025-08-08 00:29:46+00:00,2026-03-28 18:04:09+00:00,C++,15058,3,2,0,True,0,0,False,False,232
1034164151,popular,2025-08-08 00:38:57+00:00,2026-01-17 17:42:51+00:00,Rust,12506,110,2,0,True,42,0,True,False,162
1034165283,popular,2025-08-08 00:43:01+00:00,2026-01-13 18:30:25+00:00,PHP,122,323,29,0,True,82,0,True,False,158
1034166942,popular,2025-08-08 00:48:59+00:00,2025-09-15 03:44:13+00:00,Python,188,892,53,10,True,0,0,True,False,38
1034167222,popular,2025-08-08 00:50:01+00:00,2026-08-15 14:14:10+00:00,C#,2057,105,3,0,True,202,6,False,False,372
1034167684,ordinary,2025-08-08 00:51:44+00:00,2025-08-09 04:44:48+00:00,не указан,26,3,2,2,True,15,0,False,False,1
1034169144,popular,2025-08-08 00:56:53+00:00,2026-01-12 11:21:17+00:00,TypeScript,9288,552,18,1,True,69,0,True,False,157
1034169282,ordinary,2025-08-08 00:57:22+00:00,2025-08-13 01:27:11+00:00,Java,8,3,1,0,False,39,0,False,False,5
1034170184,popular,2025-08-08 01:00:41+00:00,2026-09-16 09:38:57+00:00,PHP,950,745,38,4,True,67,0,True,False,404
1034175804,popular,2025-08-08 01:20:14+00:00,2026-09-22 23:40:54+00:00,Swift,99605,343,17,22,True,332,19,False,True,410
1034175835,popular,2025-08-08 01:20:22+00:00,2025-10-17 00:08:09+00:00,не указан,22489,314,34,0,False,69,0,False,False,69
1034175977,popular,2025-08-08 01:20:53+00:00,2026-04-11 00:46:15+00:00,JavaScript,2213,111,3,1,True,67,2,False,False,245
1034177059,ordinary,2025-08-08 01:24:44+00:00,2025-10-13 08:52:25+00:00,JavaScript,271497,3,0,5,True,24,0,False,False,66
1034177243,popular,2025-08-08 01:25:23+00:00,2025-09-11 03:56:00+00:00,Python,85417,82,11,1,True,300,5,False,False,34
1034178802,popular,2025-08-08 01:30:49+00:00,2026-08-13 03:34:51+00:00,OpenSCAD,16349,79,12,2,False,0,0,False,False,370
1034188841,ordinary,2025-08-08 02:04:57+00:00,2025-08-11 03:48:23+00:00,Sage,46,3,0,0,True,46,0,False,False,3
1034195099,popular,2025-08-08 02:25:02+00:00,2026-08-30 11:21:25+00:00,Vue,7054,145,20,0,True,18,3,False,False,387
1034199185,ordinary,2025-08-08 02:37:35+00:00,2026-07-15 12:34:57+00:00,HTML,13412,3,0,0,True,0,0,False,True,341
1034202402,popular,2025-08-08 02:47:50+00:00,2026-08-11 04:48:40+00:00,JavaScript,26020,86,4,0,True,137,0,False,False,368
1034205273,popular,2025-08-08 02:56:51+00:00,2026-08-20 12:50:12+00:00,JavaScript,732,97,3,4,True,53,9,False,False,377
1034207689,popular,2025-08-08 03:04:03+00:00,2025-08-08 03:05:22+00:00,Python,49,318,5,0,True,0,0,False,False,0
1034209401,ordinary,2025-08-08 03:09:38+00:00,2025-08-28 19:40:35+00:00,JavaScript,1903,3,0,1,False,57,0,False,False,20
1034209471,popular,2025-08-08 03:09:54+00:00,2026-09-16 22:54:11+00:00,Shell,318,247,10,2,True,239,0,False,False,404
1034209848,popular,2025-08-08 03:10:53+00:00,2025-12-25 06:47:36+00:00,Python,220249,89,9,2,True,97,0,True,False,139
1034215814,ordinary,2025-08-08 03:29:34+00:00,2025-08-09 08:03:31+00:00,Python,5,3,0,0,False,22,0,False,False,1
1034217958,ordinary,2025-08-08 03:36:15+00:00,2025-10-08 09:20:57+00:00,не указан,29,3,1,0,True,81,7,False,False,61
1034223994,ordinary,2025-08-08 03:54:03+00:00,2025-08-08 03:55:46+00:00,JavaScript,83,3,0,0,True,119,0,False,False,0
1034224664,popular,2025-08-08 03:55:51+00:00,2026-09-20 21:14:34+00:00,Python,62,150,1,0,False,146,8,False,False,408
1034228975,popular,2025-08-08 04:08:08+00:00,2025-08-27 09:41:54+00:00,Python,481,249,27,3,True,81,0,True,False,19
1034233127,popular,2025-08-08 04:20:30+00:00,2026-09-28 05:27:30+00:00,Python,218605,91,4,1,True,11,0,False,False,416
1034233310,ordinary,2025-08-08 04:21:02+00:00,2025-08-08 04:26:22+00:00,JavaScript,39,3,0,0,False,48,0,False,False,0
1034234288,popular,2025-08-08 04:24:01+00:00,2026-03-21 09:10:31+00:00,Python,362,116,3,0,True,0,0,False,False,225
1034236418,ordinary,2025-08-08 04:29:50+00:00,2026-07-12 12:05:27+00:00,Swift,83263,3,1,1,False,16,0,True,False,338
1034237664,popular,2025-08-08 04:33:42+00:00,2026-09-21 02:12:35+00:00,Rust,3418,86,5,5,True,59,0,False,False,408
1034239673,ordinary,2025-08-08 04:39:15+00:00,2025-08-17 06:08:16+00:00,JavaScript,5733,3,3,0,True,87,4,False,False,9
1034240251,ordinary,2025-08-08 04:40:42+00:00,2026-09-02 07:44:23+00:00,Go,2794,3,0,0,True,30,0,False,False,390
1034246898,ordinary,2025-08-08 04:59:05+00:00,2025-08-10 01:07:09+00:00,TypeScript,24536,3,0,0,False,8,0,False,False,1
1034247195,ordinary,2025-08-08 05:00:01+00:00,2025-10-01 08:07:42+00:00,Java,245,3,0,0,False,0,0,False,False,54
1034254260,ordinary,2025-08-08 05:18:58+00:00,2026-07-28 02:56:58+00:00,CSS,107502,3,2,0,False,0,0,False,False,353
1034260681,popular,2025-08-08 05:36:37+00:00,2026-09-06 04:53:39+00:00,Python,245207,77,7,5,True,188,15,False,False,393
1034272537,popular,2025-08-08 06:05:24+00:00,2025-09-21 09:22:12+00:00,Python,6655,109,6,1,True,69,0,False,False,44
1034275221,ordinary,2025-08-08 06:11:31+00:00,2025-08-31 10:21:14+00:00,Python,61,3,1,0,True,111,14,False,False,23
1034280215,ordinary,2025-08-08 06:22:41+00:00,2025-08-09 02:17:16+00:00,Java,2291,3,0,0,True,0,0,False,False,0
1034280938,ordinary,2025-08-08 06:24:09+00:00,2025-09-23 07:41:43+00:00,Python,7,3,0,0,False,49,0,True,False,46
1034283302,ordinary,2025-08-08 06:29:17+00:00,2025-12-15 03:51:02+00:00,не указан,6,3,0,0,False,11,0,False,False,128
1034288601,ordinary,2025-08-08 06:40:25+00:00,2025-08-08 09:45:01+00:00,C++,5,3,0,0,False,0,0,False,False,0
1034292749,ordinary,2025-08-08 06:48:56+00:00,2025-10-21 01:22:27+00:00,Lua,5876,3,4,3,False,23,0,False,False,73
1034309472,popular,2025-08-08 07:24:51+00:00,2026-03-03 09:54:58+00:00,HCL,241,76,33,2,True,77,3,True,False,207
1034310205,popular,2025-08-08 07:26:23+00:00,2026-02-20 12:12:55+00:00,Python,1653,89,30,2,True,68,0,True,False,196
1034310567,ordinary,2025-08-08 07:27:10+00:00,2025-09-12 23:58:48+00:00,Python,46,3,1,1,False,51,0,False,False,35
1034312762,popular,2025-08-08 07:31:42+00:00,2026-09-18 16:14:14+00:00,PHP,803,128,4,4,True,91,5,False,False,406
1034313649,ordinary,2025-08-08 07:33:49+00:00,2025-08-10 20:02:27+00:00,Python,6313,3,0,2,False,29,0,False,False,2
1034316532,popular,2025-08-08 07:40:03+00:00,2025-12-24 10:02:57+00:00,C++,241,75,2,0,True,44,7,False,False,138
1034327661,popular,2025-08-08 08:03:54+00:00,2026-06-29 11:24:21+00:00,Python,2380,176,24,0,False,61,0,False,False,325
1034328270,popular,2025-08-08 08:05:13+00:00,2026-08-31 08:25:24+00:00,Rust,360454,191,10,0,True,34,11,False,True,388
1034330455,ordinary,2025-08-08 08:09:36+00:00,2026-02-05 11:35:48+00:00,C++,478,3,0,0,False,66,0,True,False,181
1034332848,ordinary,2025-08-08 08:14:37+00:00,2026-08-11 15:24:10+00:00,C++,254913,3,0,0,False,41,0,False,False,368
1034333232,ordinary,2025-08-08 08:15:23+00:00,2025-08-12 07:46:39+00:00,Kotlin,58503,3,0,0,True,132,6,False,False,3
1034340813,ordinary,2025-08-08 08:30:29+00:00,2025-08-11 20:05:24+00:00,TypeScript,1937,3,0,0,False,120,4,False,False,3
1034342460,popular,2025-08-08 08:33:48+00:00,2025-11-12 03:40:43+00:00,TypeScript,19823,79,29,5,True,47,0,False,False,95
1034346144,popular,2025-08-08 08:40:55+00:00,2026-07-09 06:21:37+00:00,не указан,123,79,6,3,False,14,0,False,False,334
1034346402,popular,2025-08-08 08:41:22+00:00,2026-08-23 15:32:45+00:00,Svelte,13740,298,12,4,True,31,0,False,False,380
1034347645,popular,2025-08-08 08:43:42+00:00,2025-10-15 19:23:37+00:00,Python,9853,114,24,4,True,127,0,True,False,68
1034350545,popular,2025-08-08 08:49:06+00:00,2025-12-01 13:50:38+00:00,JavaScript,132,82,19,0,True,52,6,False,False,115
1034358583,ordinary,2025-08-08 09:04:36+00:00,2025-08-09 12:46:59+00:00,TypeScript,566,3,0,0,True,52,0,False,False,1
1034359778,popular,2025-08-08 09:06:46+00:00,2025-12-22 10:00:06+00:00,Python,34524,679,154,16,True,64,0,True,False,136
1034368393,popular,2025-08-08 09:23:18+00:00,2026-07-20 06:27:20+00:00,Python,8588,322,62,2,False,43,0,False,False,345
1034368692,ordinary,2025-08-08 09:23:52+00:00,2026-09-21 18:17:12+00:00,Go,151,3,0,12,True,59,20,False,False,409
1034370558,ordinary,2025-08-08 09:27:32+00:00,2026-08-08 12:12:53+00:00,не указан,8,3,1,2,False,37,0,False,False,365
1034376620,popular,2025-08-08 09:39:36+00:00,2025-12-09 08:31:31+00:00,Python,7544,166,7,9,True,60,0,True,False,122
1034378232,ordinary,2025-08-08 09:42:38+00:00,2025-09-19 02:13:46+00:00,Python,276,3,0,0,False,66,0,False,False,41
1034385348,ordinary,2025-08-08 09:56:30+00:00,2025-08-08 10:34:25+00:00,C++,20,3,0,0,False,33,0,False,False,0
1034385728,popular,2025-08-08 09:57:23+00:00,2026-01-14 07:55:20+00:00,TypeScript,23,184,2,0,False,0,0,True,False,158
1034388498,ordinary,2025-08-08 10:03:06+00:00,2025-08-18 08:26:55+00:00,PHP,69,3,0,0,False,27,0,False,False,9
1034389335,popular,2025-08-08 10:04:52+00:00,2026-02-25 08:36:06+00:00,Java,3336,139,14,0,False,42,0,False,False,200
1034395188,popular,2025-08-08 10:16:41+00:00,2025-11-21 07:19:30+00:00,Python,13818,97,4,7,True,133,0,True,False,104
1034397792,popular,2025-08-08 10:22:14+00:00,2026-08-24 05:16:38+00:00,JavaScript,48048,1616,1073,9,True,70,3,False,False,380
1034400148,popular,2025-08-08 10:27:05+00:00,2026-08-09 20:23:11+00:00,Python,7529,110,13,13,True,24,0,True,True,366
1034401540,ordinary,2025-08-08 10:30:05+00:00,2025-08-08 10:32:41+00:00,HTML,8367,3,0,0,False,0,0,False,True,0
1034409023,popular,2025-08-08 10:45:38+00:00,2025-08-08 15:44:07+00:00,Rust,11,143,16,7,True,102,0,False,False,0
1034411325,ordinary,2025-08-08 10:50:30+00:00,2025-11-01 17:02:40+00:00,Jupyter Notebook,95552,3,0,0,True,121,0,False,False,85
1034411429,popular,2025-08-08 10:50:42+00:00,2026-07-19 07:43:48+00:00,CSS,5564,73,42,0,False,58,0,False,True,344
1034415948,popular,2025-08-08 11:00:12+00:00,2026-09-25 00:33:31+00:00,TypeScript,36186,379,26,19,True,147,18,False,True,412
1034418334,ordinary,2025-08-08 11:05:13+00:00,2025-08-08 11:10:48+00:00,Python,8,3,0,0,True,32,0,False,False,0
1034425196,popular,2025-08-08 11:19:28+00:00,2026-09-28 08:45:48+00:00,TypeScript,14373,13077,584,127,True,104,10,False,False,415
1034430814,popular,2025-08-08 11:30:49+00:00,2026-09-09 14:17:06+00:00,TypeScript,6742,903,117,3,True,197,0,False,False,397
1034434056,popular,2025-08-08 11:37:24+00:00,2025-09-28 10:15:25+00:00,TypeScript,14243,82,15,1,True,40,0,False,True,50
1034439192,ordinary,2025-08-08 11:48:07+00:00,2026-01-12 06:39:32+00:00,Python,6850,3,1,0,False,326,4,False,False,156
1034439282,ordinary,2025-08-08 11:48:20+00:00,2025-08-08 12:02:05+00:00,не указан,11,3,0,1,True,179,0,False,False,0
1034442192,ordinary,2025-08-08 11:54:12+00:00,2025-09-01 06:07:33+00:00,Go,70168,3,0,0,False,0,0,False,False,23
1034447964,popular,2025-08-08 12:05:35+00:00,2025-08-08 12:49:01+00:00,Swift,3476,168,32,1,True,44,0,False,False,0
1034455311,popular,2025-08-08 12:19:42+00:00,2026-06-19 06:30:53+00:00,Python,1384,203,12,0,True,158,10,True,False,314
1034456619,ordinary,2025-08-08 12:22:13+00:00,2025-08-09 15:55:39+00:00,PHP,16,3,0,0,False,0,0,False,False,1
1034464923,ordinary,2025-08-08 12:38:25+00:00,2025-08-08 15:36:06+00:00,Assembly,331,3,0,0,True,21,0,False,False,0
1034468660,ordinary,2025-08-08 12:45:41+00:00,2025-09-10 04:06:56+00:00,JavaScript,9755,3,0,0,False,56,2,False,True,32
1034469907,ordinary,2025-08-08 12:48:09+00:00,2026-09-23 19:30:25+00:00,TypeScript,5163,3,0,1,False,0,0,False,False,411
1034471247,ordinary,2025-08-08 12:50:31+00:00,2025-08-08 13:00:57+00:00,Jupyter Notebook,18,3,0,0,False,154,0,False,False,0
1034475246,ordinary,2025-08-08 12:57:34+00:00,2025-09-07 06:09:14+00:00,C#,24,3,0,0,True,48,0,False,False,29
1034477003,ordinary,2025-08-08 13:00:52+00:00,2025-08-08 13:15:40+00:00,Python,6,3,0,0,True,27,0,False,False,0
1034478597,popular,2025-08-08 13:04:02+00:00,2025-11-19 15:29:48+00:00,TypeScript,1233,28603,5465,147,True,65,0,True,False,103
1034482182,popular,2025-08-08 13:10:37+00:00,2026-07-10 13:32:51+00:00,Python,38464,142,2,16,False,80,0,True,False,336
1034491767,popular,2025-08-08 13:28:42+00:00,2025-08-08 13:34:02+00:00,TypeScript,356,132,7,0,False,137,0,False,False,0
1034491834,ordinary,2025-08-08 13:28:48+00:00,2026-02-20 12:41:09+00:00,Python,7113,3,0,0,True,35,0,False,False,195
1034493481,ordinary,2025-08-08 13:31:40+00:00,2025-08-23 09:15:56+00:00,Shell,33,3,0,0,True,94,4,False,False,14
1034494229,ordinary,2025-08-08 13:32:55+00:00,2026-07-21 23:00:41+00:00,TypeScript,1599,3,0,0,False,95,0,False,False,347
1034503084,popular,2025-08-08 13:48:09+00:00,2026-05-28 19:01:25+00:00,Python,16107,364,66,9,True,104,0,True,True,293
1034505562,ordinary,2025-08-08 13:52:38+00:00,2025-08-10 08:46:23+00:00,C,75,3,0,0,False,179,0,False,False,1
1034506179,ordinary,2025-08-08 13:53:45+00:00,2025-08-08 15:25:15+00:00,Python,18,3,1,0,False,0,0,True,False,0
1034506221,popular,2025-08-08 13:53:50+00:00,2025-09-08 07:19:46+00:00,C++,826,96,57,20,True,0,0,False,False,30
1034508154,popular,2025-08-08 13:57:17+00:00,2025-08-15 11:06:10+00:00,JavaScript,17,139,43,1,False,122,2,False,False,6
1034515986,popular,2025-08-08 14:11:53+00:00,2026-04-11 11:58:05+00:00,C,76,449,31,2,False,38,0,False,False,245
1034517873,popular,2025-08-08 14:15:22+00:00,2026-07-15 18:32:20+00:00,Rust,25,163,102,7,False,0,0,True,False,341
1034520943,popular,2025-08-08 14:20:56+00:00,2026-09-15 12:13:38+00:00,TypeScript,22057,505,161,28,True,51,20,True,False,402
1034527532,ordinary,2025-08-08 14:32:47+00:00,2025-08-12 11:20:12+00:00,Python,84005,3,0,0,False,264,0,False,False,3
1034529249,popular,2025-08-08 14:35:53+00:00,2026-07-06 11:11:31+00:00,Vue,40935,126,17,2,True,162,18,True,True,331
1034530258,popular,2025-08-08 14:37:36+00:00,2025-08-12 21:49:24+00:00,JavaScript,217,278,66,2,True,137,0,False,False,4
1034530272,ordinary,2025-08-08 14:37:37+00:00,2026-07-22 05:56:13+00:00,TypeScript,1191,3,2,0,True,35,0,True,False,347
1034532532,ordinary,2025-08-08 14:41:36+00:00,2025-09-08 10:36:56+00:00,HTML,2687,3,0,0,False,0,0,False,True,30
1034533636,popular,2025-08-08 14:43:33+00:00,2026-09-28 01:09:19+00:00,TypeScript,3250,471,64,2,True,57,0,True,False,415
1034533752,popular,2025-08-08 14:43:46+00:00,2026-07-30 14:17:03+00:00,Python,8731,472,25,2,True,226,20,False,False,355
1034536910,popular,2025-08-08 14:49:23+00:00,2026-09-25 18:31:18+00:00,Python,3716,375,84,23,True,70,0,True,False,413
1034546778,ordinary,2025-08-08 15:07:06+00:00,2025-08-10 07:49:00+00:00,TypeScript,1257,3,1,0,False,307,0,False,False,1
1034547218,popular,2025-08-08 15:07:56+00:00,2026-05-31 20:51:41+00:00,PowerShell,154,105,14,0,True,172,0,False,False,296
1034549379,ordinary,2025-08-08 15:11:42+00:00,2026-07-08 05:43:29+00:00,не указан,120,3,0,0,True,57,5,False,False,333
1034550093,ordinary,2025-08-08 15:12:59+00:00,2025-08-28 22:07:01+00:00,Shell,363,3,0,0,False,58,0,True,True,20
1034550760,ordinary,2025-08-08 15:14:13+00:00,2025-09-13 12:31:44+00:00,Python,9304,3,1,0,False,34,0,False,False,35
1034551106,popular,2025-08-08 15:14:51+00:00,2026-09-19 20:40:24+00:00,не указан,6510,175,2,0,True,251,12,False,False,407
1034553163,popular,2025-08-08 15:18:32+00:00,2026-07-31 15:51:04+00:00,Emacs Lisp,1580,166,5,0,True,96,0,False,False,357
1034553584,ordinary,2025-08-08 15:19:19+00:00,2026-07-03 04:06:52+00:00,JavaScript,569,3,0,0,False,22,1,False,True,328
1034555836,popular,2025-08-08 15:23:25+00:00,2026-01-27 06:18:38+00:00,Kotlin,19915,194,16,4,True,30,1,False,False,171
1034556670,ordinary,2025-08-08 15:24:58+00:00,2026-06-13 09:22:59+00:00,Nix,662,3,0,0,False,51,3,False,False,308
1034556906,popular,2025-08-08 15:25:26+00:00,2026-01-07 18:22:59+00:00,Jupyter Notebook,3997,96,143,3,False,0,0,True,False,152
1034558235,popular,2025-08-08 15:28:03+00:00,2025-08-08 15:28:40+00:00,не указан,9,218,32,0,False,0,0,False,False,0
1034558398,ordinary,2025-08-08 15:28:23+00:00,2025-09-08 14:38:17+00:00,Python,3,3,0,0,False,19,0,False,False,30
1034558609,ordinary,2025-08-08 15:28:46+00:00,2025-08-08 22:46:46+00:00,Dart,437,3,0,0,False,0,0,False,False,0
1034561378,popular,2025-08-08 15:34:22+00:00,2025-08-10 04:43:42+00:00,C#,1208,80,9,0,False,20,0,False,False,1
1034568473,popular,2025-08-08 15:47:54+00:00,2026-09-10 18:18:23+00:00,Python,77591,235,29,2,True,37,4,False,False,398
1034569303,ordinary,2025-08-08 15:49:33+00:00,2025-10-25 12:47:41+00:00,Dart,2000,3,2,0,False,0,0,False,False,77
1034572390,ordinary,2025-08-08 15:55:34+00:00,2026-03-23 17:52:01+00:00,Jupyter Notebook,199623,3,0,0,False,29,0,False,False,227
1034573460,popular,2025-08-08 15:57:42+00:00,2026-09-28 11:22:28+00:00,Kotlin,25777,3575,123,136,True,167,17,False,False,415
1034577241,popular,2025-08-08 16:05:23+00:00,2026-03-29 01:10:43+00:00,Python,3538,104,4,2,True,97,11,False,False,232
1034579754,popular,2025-08-08 16:10:23+00:00,2025-11-08 11:25:53+00:00,TeX,854,105,11,0,True,120,14,False,False,91
1034582759,popular,2025-08-08 16:16:16+00:00,2026-09-13 21:46:44+00:00,TypeScript,505,366,48,3,True,182,15,False,False,401
1034584747,popular,2025-08-08 16:20:23+00:00,2025-08-15 03:09:13+00:00,Python,10846,131,23,12,False,78,8,True,False,6
1034585541,popular,2025-08-08 16:22:03+00:00,2026-09-27 15:26:27+00:00,Kotlin,8141,80,5,0,True,76,16,True,False,414
1034590083,ordinary,2025-08-08 16:31:22+00:00,2025-08-08 16:35:36+00:00,Python,1804,3,0,0,False,25,0,False,False,0
1034591427,ordinary,2025-08-08 16:34:04+00:00,2026-08-17 10:19:44+00:00,C++,2220,3,2,6,True,35,4,False,False,373
1034593913,ordinary,2025-08-08 16:39:05+00:00,2025-08-08 16:40:14+00:00,JavaScript,41,3,0,0,False,0,0,False,False,0
1034596695,ordinary,2025-08-08 16:44:33+00:00,2025-09-01 10:19:02+00:00,TypeScript,438,3,1,0,True,0,0,False,False,23
1034596808,ordinary,2025-08-08 16:44:46+00:00,2025-08-08 17:01:32+00:00,Python,16,3,1,0,False,0,0,False,False,0
1034597558,ordinary,2025-08-08 16:46:18+00:00,2026-04-28 16:19:57+00:00,Python,432,3,1,0,False,102,0,False,False,262
1034601629,popular,2025-08-08 16:54:41+00:00,2026-02-10 15:54:33+00:00,Python,56789,96,10,3,True,0,0,False,False,185
1034604295,popular,2025-08-08 16:59:58+00:00,2026-09-25 13:10:19+00:00,C++,3492,127,33,28,True,75,0,True,False,412
1034605734,ordinary,2025-08-08 17:02:51+00:00,2025-08-08 17:02:54+00:00,Python,19,3,0,0,False,55,0,False,False,0
1034612369,ordinary,2025-08-08 17:16:04+00:00,2026-06-05 05:03:57+00:00,Jupyter Notebook,133899,3,0,0,False,170,0,False,False,300
1034615749,popular,2025-08-08 17:23:09+00:00,2026-09-27 09:22:43+00:00,Python,6377,126,19,0,True,212,20,False,False,414
1034616293,ordinary,2025-08-08 17:24:13+00:00,2025-08-18 14:39:20+00:00,HTML,23821,3,0,0,True,37,0,False,False,9
1034616994,ordinary,2025-08-08 17:25:39+00:00,2025-11-04 15:27:54+00:00,JavaScript,128,3,1,0,True,18,0,False,False,87
1034617593,ordinary,2025-08-08 17:26:52+00:00,2025-08-08 18:18:25+00:00,JavaScript,6103,3,0,0,False,246,0,False,False,0
1034620563,ordinary,2025-08-08 17:33:21+00:00,2026-06-25 18:23:06+00:00,Rust,7356,3,1,0,True,79,0,False,False,321
1034621876,popular,2025-08-08 17:36:11+00:00,2026-02-23 04:11:55+00:00,Python,174,90,3,3,True,54,4,False,False,198
1034624202,ordinary,2025-08-08 17:40:51+00:00,2025-10-30 09:46:12+00:00,не указан,15509,3,0,0,False,260,0,False,False,82
1034625234,ordinary,2025-08-08 17:43:11+00:00,2025-08-15 17:06:21+00:00,Python,92655,3,0,0,False,0,0,False,False,6
1034626911,ordinary,2025-08-08 17:46:47+00:00,2025-08-10 03:36:53+00:00,TypeScript,144,3,3,0,True,56,0,False,False,1
1034633635,ordinary,2025-08-08 18:00:58+00:00,2026-08-20 07:11:12+00:00,PHP,325,3,0,0,True,0,0,False,False,376
1034637531,popular,2025-08-08 18:09:28+00:00,2025-09-26 20:52:15+00:00,JavaScript,4003,396,90,0,True,35,3,True,False,49
1034638670,ordinary,2025-08-08 18:12:02+00:00,2025-12-24 14:26:35+00:00,не указан,19,3,0,0,False,0,0,False,False,137
1034639877,ordinary,2025-08-08 18:14:48+00:00,2026-06-28 22:40:05+00:00,TypeScript,1472,3,1,4,True,253,8,True,False,324
1034642479,popular,2025-08-08 18:20:44+00:00,2026-01-15 15:07:23+00:00,TypeScript,10235,174,10,7,True,34,0,True,False,159
1034645965,ordinary,2025-08-08 18:28:00+00:00,2026-09-23 18:46:00+00:00,TypeScript,13898,3,38,21,True,87,4,True,False,411
1034647520,popular,2025-08-08 18:31:21+00:00,2025-08-28 14:22:28+00:00,C++,590,222,53,9,True,113,4,True,False,19
1034652502,ordinary,2025-08-08 18:42:36+00:00,2025-08-08 18:47:41+00:00,TypeScript,9,3,0,0,False,55,7,True,False,0
1034653818,ordinary,2025-08-08 18:45:35+00:00,2025-10-18 16:40:25+00:00,C,3836,3,0,0,False,0,0,False,False,70
1034659875,popular,2025-08-08 18:59:19+00:00,2025-08-08 19:46:32+00:00,не указан,30,676,90,1,True,241,0,False,False,0
1034662181,popular,2025-08-08 19:04:49+00:00,2026-09-15 09:19:59+00:00,C,10997,175,4,0,True,22,0,False,False,402
1034665760,ordinary,2025-08-08 19:13:10+00:00,2025-08-08 21:15:15+00:00,Python,69645,3,1,1,True,111,0,False,False,0
1034679606,ordinary,2025-08-08 19:46:56+00:00,2025-08-17 15:31:14+00:00,Python,18,3,0,0,True,163,0,False,False,8
1034697188,ordinary,2025-08-08 20:32:00+00:00,2026-09-17 14:21:17+00:00,TypeScript,279,3,0,0,True,164,20,True,False,404
1034701752,ordinary,2025-08-08 20:44:14+00:00,2026-08-10 21:36:26+00:00,JavaScript,65,3,0,0,True,71,0,False,True,367
1034706014,ordinary,2025-08-08 20:56:15+00:00,2026-09-27 21:20:35+00:00,Go,126724,3,0,12,True,81,9,True,True,415
1034712636,popular,2025-08-08 21:15:26+00:00,2025-11-17 10:20:05+00:00,Python,387,82,9,0,False,70,8,False,False,100
1034715063,popular,2025-08-08 21:23:00+00:00,2026-09-11 16:09:43+00:00,TypeScript,1157,105,5,5,False,104,5,True,False,398
1034729507,popular,2025-08-08 22:08:52+00:00,2026-09-14 00:56:50+00:00,Rust,81949,672,12,1,True,76,9,False,True,401
1034731635,popular,2025-08-08 22:16:03+00:00,2025-09-11 21:30:45+00:00,C#,12,103,4,0,True,85,0,False,False,33
1034732935,ordinary,2025-08-08 22:20:36+00:00,2025-08-12 16:27:06+00:00,TypeScript,251,3,0,0,False,71,0,False,False,3
1034733976,popular,2025-08-08 22:24:10+00:00,2026-09-15 15:55:55+00:00,Python,2526,100,18,4,True,83,2,True,False,402
1034734184,popular,2025-08-08 22:24:56+00:00,2026-09-19 02:36:30+00:00,Python,1890,132,45,10,True,0,0,True,False,406
1034736943,popular,2025-08-08 22:34:03+00:00,2026-09-01 15:15:48+00:00,Python,11439,4673,963,17,True,215,13,False,False,388
1034737163,popular,2025-08-08 22:34:50+00:00,2025-11-27 15:36:57+00:00,Rust,1786,105,10,0,True,19,0,False,False,110
1034740698,ordinary,2025-08-08 22:46:56+00:00,2026-06-07 14:19:04+00:00,Python,3404,3,1,1,True,341,7,False,False,302
1034746254,ordinary,2025-08-08 23:07:28+00:00,2026-07-22 02:16:49+00:00,C++,1878,3,1,0,False,48,0,True,False,347
1034751005,ordinary,2025-08-08 23:25:23+00:00,2025-09-09 04:59:42+00:00,C++,30,3,2,0,False,20,0,False,False,31
1034753130,ordinary,2025-08-08 23:33:57+00:00,2025-10-19 16:57:00+00:00,Kotlin,178,3,1,0,False,70,0,False,False,71
1034754179,ordinary,2025-08-08 23:38:01+00:00,2025-08-08 23:40:59+00:00,JavaScript,69,3,0,0,False,0,0,False,False,0
1034761215,popular,2025-08-09 00:06:10+00:00,2025-10-22 21:09:42+00:00,Python,29,250,21,18,True,64,0,False,False,74
1034764139,ordinary,2025-08-09 00:17:27+00:00,2025-08-09 00:18:14+00:00,не указан,1965,3,0,0,False,8,0,False,False,0
1034764367,popular,2025-08-09 00:18:21+00:00,2025-08-09 00:31:43+00:00,C,43296,255,25,4,True,0,0,False,False,0
1034775281,ordinary,2025-08-09 00:59:58+00:00,2025-08-09 01:07:19+00:00,JavaScript,1403,3,0,0,True,0,0,False,False,0
1034775399,popular,2025-08-09 01:00:22+00:00,2026-09-24 14:37:23+00:00,PHP,99633,61,24,0,True,162,10,False,False,411
1034777076,popular,2025-08-09 01:06:24+00:00,2026-09-18 22:35:02+00:00,TypeScript,473,869,95,19,True,34,2,True,False,405
1034780675,popular,2025-08-09 01:20:45+00:00,2025-09-26 18:19:28+00:00,JavaScript,35092,63,1,0,False,35,0,False,False,48
1034786946,ordinary,2025-08-09 01:45:16+00:00,2025-08-10 06:50:23+00:00,Dart,103,3,0,0,False,71,0,False,False,1
1034788649,popular,2025-08-09 01:52:11+00:00,2026-09-21 00:05:50+00:00,Rust,2380,1167,67,8,True,44,0,False,False,407
1034795980,ordinary,2025-08-09 02:20:23+00:00,2025-08-09 02:53:34+00:00,PHP,39,3,0,0,True,79,0,False,False,0
1034796187,ordinary,2025-08-09 02:21:13+00:00,2025-08-13 00:43:48+00:00,Python,19,3,0,0,True,66,0,False,False,3
1034796456,ordinary,2025-08-09 02:22:10+00:00,2025-08-09 03:10:10+00:00,Python,6564,3,0,0,True,37,0,False,False,0
1034798467,ordinary,2025-08-09 02:29:33+00:00,2025-08-22 02:35:16+00:00,Python,3505,3,2,0,False,6,0,False,False,13
1034799044,ordinary,2025-08-09 02:31:48+00:00,2025-11-02 02:44:21+00:00,Python,26,3,0,0,False,54,3,False,False,85
1034799206,popular,2025-08-09 02:32:26+00:00,2025-08-13 06:54:55+00:00,Java,41213,392,247,0,True,101,0,False,False,4
1034800784,popular,2025-08-09 02:38:15+00:00,2025-10-14 16:51:34+00:00,TypeScript,526,50,4,0,True,233,6,False,False,66
1034803214,popular,2025-08-09 02:47:19+00:00,2026-09-25 17:37:27+00:00,Python,19894,2156,295,1,True,126,20,False,False,412
1034805044,popular,2025-08-09 02:54:17+00:00,2026-09-12 22:03:28+00:00,TypeScript,218,416,19,2,False,221,0,False,False,399
1034808278,popular,2025-08-09 03:06:26+00:00,2025-08-16 23:05:20+00:00,Gleam,86,90,1,1,True,97,0,False,False,7
1034810131,popular,2025-08-09 03:12:46+00:00,2026-04-09 12:20:31+00:00,Python,16004,184,8,2,True,101,0,False,False,243
1034814424,ordinary,2025-08-09 03:28:51+00:00,2026-09-13 16:49:00+00:00,Dart,352,3,1,0,True,0,0,False,False,400
1034817898,ordinary,2025-08-09 03:40:55+00:00,2025-08-19 13:00:11+00:00,не указан,7,3,0,0,True,0,0,False,False,10
1034821725,ordinary,2025-08-09 03:54:15+00:00,2025-08-17 14:55:46+00:00,HTML,4484,3,0,0,False,281,0,False,True,8
1034823141,ordinary,2025-08-09 03:59:32+00:00,2025-08-09 04:00:52+00:00,не указан,6,3,0,0,False,32,0,False,False,0
1034825844,ordinary,2025-08-09 04:08:43+00:00,2026-07-27 03:29:54+00:00,JavaScript,190790,3,0,0,True,13,0,False,False,351
1034830921,ordinary,2025-08-09 04:24:47+00:00,2025-11-07 12:33:47+00:00,Kotlin,5121,3,0,0,False,338,0,False,False,90
1034833586,ordinary,2025-08-09 04:33:59+00:00,2025-11-02 16:47:11+00:00,JavaScript,32,3,0,0,False,64,0,False,False,85
1034833797,ordinary,2025-08-09 04:34:48+00:00,2025-08-10 03:29:24+00:00,Crystal,3638,3,0,0,True,94,0,False,False,0
1034838021,popular,2025-08-09 04:48:38+00:00,2026-05-23 00:21:16+00:00,JavaScript,140,191,47,0,True,69,2,True,False,286
1034839499,ordinary,2025-08-09 04:53:34+00:00,2025-08-09 14:31:34+00:00,Shell,512,3,0,0,False,246,0,False,False,0
1034844348,ordinary,2025-08-09 05:09:36+00:00,2025-08-09 07:05:26+00:00,Python,16200,3,2,0,False,0,0,False,False,0
1034845483,ordinary,2025-08-09 05:13:06+00:00,2025-08-14 06:36:52+00:00,GDScript,15,3,0,0,True,48,0,False,False,5
1034845494,popular,2025-08-09 05:13:08+00:00,2025-12-14 01:17:32+00:00,TypeScript,165,446,61,3,True,0,0,True,False,126
1034851031,popular,2025-08-09 05:32:16+00:00,2026-09-27 17:58:31+00:00,не указан,432,110,1,0,True,0,0,False,False,414
1034851739,ordinary,2025-08-09 05:34:46+00:00,2026-01-01 07:03:30+00:00,JavaScript,1054,3,0,0,True,48,0,True,False,145
1034855191,ordinary,2025-08-09 05:46:03+00:00,2025-12-09 08:18:51+00:00,не указан,27034,3,1,0,False,19,0,False,False,122
1034859798,popular,2025-08-09 06:01:10+00:00,2025-08-20 13:07:23+00:00,JavaScript,2629,105,30,1,False,41,0,False,False,11
1034860510,ordinary,2025-08-09 06:03:19+00:00,2026-04-26 05:36:52+00:00,TypeScript,765,3,0,0,True,93,0,False,False,259
1034867380,popular,2025-08-09 06:24:38+00:00,2026-06-11 01:17:49+00:00,TypeScript,16042,167,2,0,False,20,1,False,False,305
1034869419,popular,2025-08-09 06:31:06+00:00,2025-08-13 07:19:00+00:00,Swift,7743,459,244,0,True,87,0,False,False,4
1034869887,popular,2025-08-09 06:32:30+00:00,2026-09-20 18:52:03+00:00,Shell,17363,116,7,1,True,308,9,False,False,407
1034872122,ordinary,2025-08-09 06:39:19+00:00,2025-10-25 15:23:50+00:00,не указан,201782,3,0,0,False,32,0,False,False,77
1034873615,popular,2025-08-09 06:43:56+00:00,2026-05-27 18:00:16+00:00,Python,91492,63,6,0,True,78,18,True,True,291
1034874345,ordinary,2025-08-09 06:46:13+00:00,2025-08-09 16:38:23+00:00,JavaScript,178,3,0,0,False,0,0,False,False,0
1034878906,ordinary,2025-08-09 07:00:39+00:00,2026-04-04 22:12:20+00:00,PHP,288,3,0,0,False,119,0,False,False,238
1034880674,popular,2025-08-09 07:05:59+00:00,2025-08-13 07:14:52+00:00,GLSL,161,464,241,0,True,88,0,False,False,4
1034880909,ordinary,2025-08-09 07:06:37+00:00,2025-08-09 07:16:05+00:00,HTML,9642,3,0,0,False,0,0,False,False,0
1034884321,ordinary,2025-08-09 07:16:36+00:00,2026-01-03 11:26:15+00:00,TypeScript,5709,3,0,0,True,50,0,False,False,147
1034886670,ordinary,2025-08-09 07:24:01+00:00,2025-08-09 07:26:11+00:00,JavaScript,707,3,0,0,True,10,0,False,False,0
1034889016,ordinary,2025-08-09 07:31:21+00:00,2026-01-09 13:00:17+00:00,TypeScript,9805,3,7,0,False,44,3,False,False,153
1034890297,popular,2025-08-09 07:35:41+00:00,2026-01-10 06:41:01+00:00,Python,8916,59,7,3,False,0,0,False,False,153
1034895294,popular,2025-08-09 07:51:07+00:00,2026-09-12 19:28:49+00:00,C++,33231,60,1,4,True,84,6,False,False,399
1034895517,popular,2025-08-09 07:51:47+00:00,2026-09-13 09:41:57+00:00,C#,40539,67,4,56,True,205,5,True,True,400
1034901368,ordinary,2025-08-09 08:09:37+00:00,2025-08-30 11:43:14+00:00,JavaScript,1721,3,0,0,False,20,0,False,False,21
1034905742,ordinary,2025-08-09 08:23:02+00:00,2026-09-06 12:04:56+00:00,Dart,1532,3,1,0,False,0,0,False,False,393
1034906292,popular,2025-08-09 08:24:48+00:00,2026-08-17 07:31:38+00:00,Shell,180,821,81,0,True,43,6,True,False,372
1034907045,popular,2025-08-09 08:27:06+00:00,2025-08-09 16:05:22+00:00,PowerShell,63,64,4,28,True,27,0,False,False,0
1034907981,ordinary,2025-08-09 08:30:01+00:00,2026-08-03 16:29:34+00:00,GDScript,95555,3,1,0,False,0,0,False,False,359
1034913559,ordinary,2025-08-09 08:46:25+00:00,2026-02-24 12:23:08+00:00,C++,63731,3,1,0,False,0,0,False,False,199
1034915963,popular,2025-08-09 08:53:13+00:00,2025-11-13 12:14:00+00:00,HTML,56,132,54,3,False,72,7,False,True,96
1034918094,popular,2025-08-09 08:58:56+00:00,2026-09-28 05:41:53+00:00,TypeScript,19495,6998,176,112,True,58,4,False,False,414
1034922112,popular,2025-08-09 09:10:26+00:00,2026-05-18 11:03:22+00:00,Python,935,187,34,2,True,55,17,False,False,282
1034922814,ordinary,2025-08-09 09:12:25+00:00,2025-12-12 10:07:47+00:00,Python,86,3,0,0,True,56,4,False,False,125
1034932003,ordinary,2025-08-09 09:39:09+00:00,2025-10-16 17:33:51+00:00,Python,32,3,0,0,True,350,0,False,False,68
1034932856,popular,2025-08-09 09:41:30+00:00,2026-09-09 07:30:46+00:00,не указан,82028,290,4,25,True,246,19,False,False,395
1034933885,popular,2025-08-09 09:44:30+00:00,2025-08-09 09:51:26+00:00,не указан,43308,55,30,0,False,0,0,False,False,0
1034938477,popular,2025-08-09 09:56:55+00:00,2026-09-28 06:51:58+00:00,Python,5003,2848,400,1,True,119,7,True,False,414
1034939126,popular,2025-08-09 09:58:48+00:00,2026-05-23 15:44:42+00:00,JavaScript,18477,245,18,21,True,34,4,False,False,287
1034939202,ordinary,2025-08-09 09:58:59+00:00,2025-08-09 10:35:31+00:00,Jupyter Notebook,89,3,0,0,True,115,0,True,False,0
1034940986,popular,2025-08-09 10:04:25+00:00,2026-09-23 04:58:53+00:00,Python,13671,1217,219,12,True,56,12,False,False,409
1034942187,popular,2025-08-09 10:07:44+00:00,2026-04-16 12:28:20+00:00,TypeScript,642,172,34,0,False,170,8,False,False,250
1034942266,ordinary,2025-08-09 10:08:00+00:00,2026-08-08 15:48:03+00:00,C++,270,3,0,0,True,228,0,False,False,364
1034942443,popular,2025-08-09 10:08:32+00:00,2026-06-11 04:14:01+00:00,HTML,33658,122,10,1,True,25,3,False,True,305
1034942537,popular,2025-08-09 10:08:47+00:00,2026-07-23 13:57:47+00:00,JavaScript,89,57,36,0,False,0,0,False,False,348
1034948528,popular,2025-08-09 10:26:05+00:00,2026-09-28 04:11:25+00:00,Rust,162705,66,7,7,True,167,19,False,True,414
1034949239,popular,2025-08-09 10:28:13+00:00,2025-08-09 10:28:48+00:00,не указан,58,73,5,0,True,35,0,False,False,0
1034952806,ordinary,2025-08-09 10:38:14+00:00,2025-08-09 10:43:36+00:00,TypeScript,125,3,0,0,False,0,0,False,False,0
1034958960,ordinary,2025-08-09 10:54:44+00:00,2025-08-19 13:08:21+00:00,JavaScript,474,3,0,0,False,0,0,False,False,10
1034967151,ordinary,2025-08-09 11:17:16+00:00,2025-08-09 11:19:25+00:00,Jupyter Notebook,299,3,0,0,True,0,0,False,False,0
1034968318,ordinary,2025-08-09 11:20:59+00:00,2025-08-09 11:44:38+00:00,JavaScript,1063,3,0,0,False,5,0,False,False,0
1034969190,popular,2025-08-09 11:23:30+00:00,2026-08-28 07:38:53+00:00,C++,2041,60,2,2,True,76,0,True,False,383
1034969539,popular,2025-08-09 11:24:38+00:00,2026-09-28 04:25:56+00:00,Rust,1369253,1784,253,10,True,0,0,False,False,414
1034969552,ordinary,2025-08-09 11:24:41+00:00,2025-08-19 11:25:49+00:00,Python,1701,3,0,0,False,14,0,False,False,10
1034970863,popular,2025-08-09 11:28:23+00:00,2026-09-02 19:53:40+00:00,JavaScript,902,54,5,0,True,112,9,False,False,389
1034970883,ordinary,2025-08-09 11:28:27+00:00,2026-05-02 11:10:22+00:00,JavaScript,3653,3,0,0,False,282,16,False,False,265
1034971246,ordinary,2025-08-09 11:29:28+00:00,2025-08-13 18:37:02+00:00,JavaScript,63,3,1,0,False,40,3,False,False,4
1034975694,popular,2025-08-09 11:42:02+00:00,2026-06-03 20:08:24+00:00,Python,174,118,15,2,True,192,0,False,False,298
1034979061,ordinary,2025-08-09 11:51:36+00:00,2026-09-09 08:41:25+00:00,JavaScript,20277,3,0,0,False,0,0,False,False,395
1034981940,popular,2025-08-09 11:59:40+00:00,2025-09-28 02:09:54+00:00,Python,97,68,5,1,True,76,0,False,False,49
1034982346,popular,2025-08-09 12:00:51+00:00,2025-10-23 11:29:04+00:00,Python,363,1117,293,3,True,0,0,False,False,74
1034984864,popular,2025-08-09 12:08:09+00:00,2026-09-28 09:17:35+00:00,Python,188431,104,6,55,True,87,4,False,True,414
1034987039,ordinary,2025-08-09 12:14:12+00:00,2025-08-09 12:15:27+00:00,JavaScript,82,3,0,0,False,0,0,False,False,0
1034994624,popular,2025-08-09 12:34:37+00:00,2026-04-03 20:12:06+00:00,Java,13018,148,4,1,True,212,5,True,False,237
1034996921,ordinary,2025-08-09 12:40:53+00:00,2025-08-12 17:55:22+00:00,C#,39,3,0,1,True,199,0,False,False,3
1035006992,popular,2025-08-09 13:06:28+00:00,2025-08-12 21:01:22+00:00,TypeScript,49,653,17,2,True,72,4,False,False,3
1035007703,ordinary,2025-08-09 13:08:15+00:00,2025-10-30 13:52:37+00:00,TypeScript,7914,3,0,0,False,0,0,False,False,82
1035009838,ordinary,2025-08-09 13:13:37+00:00,2025-08-18 03:07:48+00:00,Rust,187958,3,0,0,True,24,0,False,False,8
1035011983,ordinary,2025-08-09 13:18:48+00:00,2026-09-28 08:00:20+00:00,JavaScript,17532,3,0,0,True,48,0,False,True,414
1035012384,popular,2025-08-09 13:19:46+00:00,2026-09-13 16:20:00+00:00,C,108,54,16,0,True,76,0,False,False,400
1035014036,ordinary,2025-08-09 13:23:44+00:00,2025-11-30 04:10:00+00:00,Python,40590,3,0,0,False,18,0,False,False,112
1035018704,popular,2025-08-09 13:35:44+00:00,2025-08-12 11:40:59+00:00,Jupyter Notebook,73350,111,28,0,True,154,4,False,False,2
1035021342,popular,2025-08-09 13:42:14+00:00,2025-08-10 13:50:32+00:00,Python,4908,85,5,1,False,92,0,False,False,1
1035023515,popular,2025-08-09 13:47:34+00:00,2025-08-09 18:25:47+00:00,TypeScript,1690,100,2,0,False,190,0,False,False,0
1035024723,ordinary,2025-08-09 13:50:40+00:00,2025-09-27 13:58:40+00:00,TypeScript,10981,3,0,0,False,120,0,False,False,49
1035025473,popular,2025-08-09 13:52:34+00:00,2025-08-09 14:20:53+00:00,HTML,22,80,24,2,False,15,0,False,False,0
1035028562,popular,2025-08-09 14:00:22+00:00,2025-08-20 15:08:52+00:00,JavaScript,4987,4538,347,31,True,49,0,False,False,11
1035029907,popular,2025-08-09 14:03:50+00:00,2026-09-28 12:21:48+00:00,TypeScript,77485,109993,13981,228,True,68,0,True,False,414
1035030370,popular,2025-08-09 14:04:57+00:00,2026-09-28 12:15:41+00:00,Python,109053,569,89,15,True,153,17,True,False,414
1035030703,ordinary,2025-08-09 14:05:39+00:00,2026-06-14 19:27:37+00:00,Makefile,96,3,0,0,True,0,0,False,False,309
1035031111,ordinary,2025-08-09 14:06:35+00:00,2026-04-26 18:12:15+00:00,JavaScript,286410,3,0,0,False,181,5,False,False,260
1035031720,ordinary,2025-08-09 14:08:05+00:00,2025-08-09 14:29:45+00:00,Rust,1808,3,0,0,False,0,0,False,False,0
1035035391,popular,2025-08-09 14:16:30+00:00,2025-11-14 02:54:31+00:00,JavaScript,62,56,54,1,False,20,0,False,False,96
1035036512,ordinary,2025-08-09 14:19:18+00:00,2026-07-03 14:17:07+00:00,PHP,1581,3,0,2,False,41,5,False,False,327
1035041277,ordinary,2025-08-09 14:30:07+00:00,2025-08-09 14:32:35+00:00,JavaScript,1,3,0,0,False,0,0,False,True,0
1035043772,ordinary,2025-08-09 14:36:04+00:00,2025-09-09 17:56:16+00:00,Java,16,3,0,0,False,57,0,False,False,31
1035044174,ordinary,2025-08-09 14:37:01+00:00,2026-05-30 03:00:34+00:00,C++,70,3,0,0,True,26,5,False,False,293
1035045595,ordinary,2025-08-09 14:40:25+00:00,2025-08-09 14:44:22+00:00,Rust,1788,3,0,0,False,0,0,False,False,0
1035049780,popular,2025-08-09 14:49:40+00:00,2026-04-27 23:14:03+00:00,не указан,1572,144,7,1,True,105,1,False,False,261
1035052423,ordinary,2025-08-09 14:55:13+00:00,2025-08-09 14:58:25+00:00,JavaScript,81,3,0,0,False,0,0,False,False,0
1035055389,popular,2025-08-09 15:02:34+00:00,2026-07-31 02:51:45+00:00,HTML,4672,96,0,0,False,0,0,False,True,355
1035058685,popular,2025-08-09 15:10:14+00:00,2025-10-28 14:47:24+00:00,TypeScript,428,98,11,5,True,41,0,False,False,79
1035063598,ordinary,2025-08-09 15:21:47+00:00,2025-11-05 01:38:07+00:00,C++,3537,3,0,0,False,200,0,False,False,87
1035064732,ordinary,2025-08-09 15:24:29+00:00,2025-11-17 21:51:00+00:00,TypeScript,3380,3,0,1,True,0,0,False,False,100
1035064967,ordinary,2025-08-09 15:25:06+00:00,2025-12-16 07:11:01+00:00,JavaScript,8163,3,0,0,False,0,0,False,False,128
1035072355,popular,2025-08-09 15:42:09+00:00,2026-08-31 07:17:01+00:00,Python,11227,1361,48,32,True,65,0,True,False,386
1035075625,ordinary,2025-08-09 15:50:05+00:00,2025-08-09 16:11:42+00:00,не указан,608,3,1,0,False,274,0,False,False,0
1035076971,popular,2025-08-09 15:53:25+00:00,2026-06-02 17:23:35+00:00,Go,2611,205,20,2,True,98,15,True,False,297
1035077831,ordinary,2025-08-09 15:55:26+00:00,2025-08-30 12:53:22+00:00,JavaScript,2853,3,1,0,False,184,0,False,False,20
1035086916,popular,2025-08-09 16:18:07+00:00,2025-08-31 02:21:27+00:00,не указан,17,114,270,0,True,0,0,False,False,21
1035087075,ordinary,2025-08-09 16:18:29+00:00,2026-09-16 19:34:10+00:00,C#,7523,3,0,0,True,36,0,True,False,403
1035088105,popular,2025-08-09 16:21:08+00:00,2025-08-13 13:33:53+00:00,Kotlin,206,54,4,0,False,116,0,False,False,3
1035089019,popular,2025-08-09 16:23:29+00:00,2025-08-26 22:51:38+00:00,Python,257,109,5,2,True,0,0,False,False,17
1035094671,popular,2025-08-09 16:38:13+00:00,2025-08-26 18:04:34+00:00,Python,7,67,36,3,False,31,5,False,False,17
1035095384,popular,2025-08-09 16:40:00+00:00,2026-09-27 10:31:47+00:00,Elixir,1768,84,10,12,True,151,0,True,False,413
1035095922,popular,2025-08-09 16:41:24+00:00,2026-09-27 19:37:57+00:00,TypeScript,4344,347,19,3,True,115,10,False,False,414
1035099535,popular,2025-08-09 16:50:36+00:00,2026-09-20 02:31:17+00:00,Rust,14084,71,9,1,True,160,19,True,False,406
1035099997,popular,2025-08-09 16:51:46+00:00,2026-09-18 15:51:06+00:00,Python,599,102,14,1,True,41,0,False,False,404
1035100402,popular,2025-08-09 16:52:45+00:00,2025-10-01 06:24:20+00:00,Python,1752,51,2,0,True,0,0,False,False,52
1035100715,ordinary,2025-08-09 16:53:33+00:00,2025-08-12 13:18:03+00:00,Python,34,3,2,0,True,35,0,False,False,2
1035102865,popular,2025-08-09 16:59:00+00:00,2026-06-09 11:53:11+00:00,Rust,1387,66,3,7,False,111,4,False,False,303
1035105702,popular,2025-08-09 17:05:36+00:00,2025-08-22 03:35:25+00:00,Python,247971,270,48,9,True,104,7,False,True,12
1035105737,ordinary,2025-08-09 17:05:41+00:00,2025-08-09 17:06:16+00:00,CSS,1,3,0,0,False,0,0,False,False,0
1035107691,ordinary,2025-08-09 17:10:13+00:00,2026-01-01 18:33:42+00:00,C++,300,3,0,0,False,40,0,False,False,145
1035109367,ordinary,2025-08-09 17:14:38+00:00,2025-12-16 13:55:40+00:00,JavaScript,6747,3,0,1,False,97,0,False,False,128
1035111266,popular,2025-08-09 17:19:27+00:00,2026-03-08 10:07:08+00:00,Python,1597,60,7,1,True,62,4,False,False,210
1035115416,ordinary,2025-08-09 17:30:24+00:00,2026-02-13 17:40:30+00:00,C++,558,3,1,1,True,299,0,False,False,188
1035117107,popular,2025-08-09 17:34:47+00:00,2025-08-11 08:03:41+00:00,Python,112,60,2,0,False,50,0,False,False,1
1035118452,ordinary,2025-08-09 17:38:12+00:00,2026-09-20 16:46:30+00:00,PHP,1056,3,0,0,True,263,5,False,True,406
1035119885,popular,2025-08-09 17:41:51+00:00,2025-09-13 01:17:27+00:00,TypeScript,3549,127,3,0,False,0,0,False,False,34
1035121430,ordinary,2025-08-09 17:45:59+00:00,2025-08-09 20:35:18+00:00,Python,129,3,0,0,False,32,0,False,False,0
1035121606,popular,2025-08-09 17:46:27+00:00,2025-11-06 06:26:19+00:00,Python,19323,228,8,5,False,81,0,False,True,88
1035123138,ordinary,2025-08-09 17:50:33+00:00,2026-04-17 08:20:15+00:00,не указан,25,3,0,0,False,48,0,False,False,250
1035123169,ordinary,2025-08-09 17:50:38+00:00,2025-09-01 23:04:04+00:00,не указан,90,3,0,0,False,0,0,False,False,23
1035132090,popular,2025-08-09 18:10:03+00:00,2026-06-21 12:42:09+00:00,TypeScript,1848,1706,347,43,True,25,0,True,False,315
1035133514,popular,2025-08-09 18:13:35+00:00,2026-09-11 01:12:21+00:00,TypeScript,8375,148,43,14,False,63,0,False,False,397
1035133528,popular,2025-08-09 18:13:38+00:00,2026-09-20 18:30:48+00:00,Python,29118,72,43,1,True,67,3,False,False,407
1035137734,ordinary,2025-08-09 18:24:48+00:00,2025-09-10 13:42:23+00:00,C++,182451,3,73,50,False,0,0,True,False,31
1035137962,popular,2025-08-09 18:25:23+00:00,2025-11-25 21:25:20+00:00,Python,367,54,6,6,True,125,0,False,False,108
1035140911,ordinary,2025-08-09 18:33:24+00:00,2025-08-09 18:42:08+00:00,Makefile,41771,3,0,0,False,0,0,False,False,0
1035146589,ordinary,2025-08-09 18:49:11+00:00,2026-08-18 19:32:43+00:00,TypeScript,24279,3,0,0,False,60,0,True,False,374
1035150001,ordinary,2025-08-09 18:59:07+00:00,2025-09-04 00:58:16+00:00,Lua,109681,3,0,0,True,58,0,False,False,25
1035151062,popular,2025-08-09 19:02:11+00:00,2026-09-20 16:34:00+00:00,Go,364,140,18,1,True,42,4,True,False,406
1035151625,popular,2025-08-09 19:03:52+00:00,2026-04-13 12:28:52+00:00,Kotlin,295975,59,1,0,True,45,12,False,False,246
1035153857,ordinary,2025-08-09 19:10:18+00:00,2026-02-20 12:06:14+00:00,C++,235,3,1,0,False,0,0,False,False,194
1035154246,popular,2025-08-09 19:11:21+00:00,2025-09-07 10:20:25+00:00,PowerShell,448,58,4,2,False,33,0,False,False,28
1035154856,ordinary,2025-08-09 19:13:14+00:00,2025-09-23 19:19:30+00:00,не указан,451,3,0,0,True,12,0,False,False,45
1035159334,popular,2025-08-09 19:26:55+00:00,2025-11-12 06:30:09+00:00,JavaScript,596,110,5,1,True,31,3,True,True,94
1035159823,ordinary,2025-08-09 19:28:28+00:00,2025-08-13 12:25:56+00:00,Python,1419,3,0,0,True,314,0,False,False,3
1035165633,popular,2025-08-09 19:46:38+00:00,2026-09-27 15:55:29+00:00,C,2395,189,14,31,True,101,7,True,False,413
1035165731,popular,2025-08-09 19:46:53+00:00,2026-09-28 11:21:30+00:00,Dart,287727,2188,225,71,True,98,20,False,False,414
1035168728,ordinary,2025-08-09 19:56:07+00:00,2025-11-09 17:32:18+00:00,TypeScript,296,3,0,1,True,254,19,False,False,91
1035168952,popular,2025-08-09 19:56:44+00:00,2025-12-17 14:30:26+00:00,Rust,4986,57,8,0,True,66,8,True,True,129
1035170795,popular,2025-08-09 20:02:58+00:00,2026-09-28 11:08:31+00:00,Python,5301240,360,105,1,True,143,9,False,True,414
1035182438,popular,2025-08-09 20:40:38+00:00,2025-12-31 14:12:51+00:00,Python,3738,272,33,8,True,29,4,False,False,143
1035185034,ordinary,2025-08-09 20:49:19+00:00,2025-08-09 21:49:22+00:00,TypeScript,363,3,0,0,False,0,0,False,False,0
1035187094,ordinary,2025-08-09 20:56:30+00:00,2025-08-10 17:22:31+00:00,не указан,13,3,0,0,True,137,0,True,False,0
1035189173,popular,2025-08-09 21:04:01+00:00,2025-09-06 19:18:30+00:00,Rust,1142,104,3,1,True,152,0,False,False,27
1035189304,ordinary,2025-08-09 21:04:33+00:00,2025-12-27 05:09:55+00:00,INI,1242,3,0,10,True,12,13,True,False,139
1035189994,ordinary,2025-08-09 21:06:55+00:00,2025-10-05 18:11:21+00:00,TypeScript,221,3,0,0,False,54,3,False,False,56
1035190071,popular,2025-08-09 21:07:08+00:00,2026-09-28 12:16:25+00:00,TypeScript,1046650,75,14,1,True,0,14,True,False,414
1035190633,ordinary,2025-08-09 21:08:52+00:00,2025-08-09 21:11:47+00:00,Python,42,3,0,0,True,305,0,False,False,0
1035191968,ordinary,2025-08-09 21:13:25+00:00,2026-08-21 21:09:55+00:00,JavaScript,10750,3,0,0,True,0,0,False,True,376
1035193764,ordinary,2025-08-09 21:19:46+00:00,2025-08-17 21:32:05+00:00,Rust,356,3,2,0,True,43,0,False,False,8
1035195190,ordinary,2025-08-09 21:24:53+00:00,2026-05-24 21:30:25+00:00,Python,17239,3,1,0,True,67,0,False,False,288
1035195618,popular,2025-08-09 21:26:23+00:00,2026-09-21 20:46:42+00:00,C#,1047,153,10,3,True,26,3,False,False,407
1035197880,ordinary,2025-08-09 21:34:49+00:00,2025-10-08 19:26:04+00:00,TypeScript,769,3,0,0,True,43,2,False,False,59
1035197973,popular,2025-08-09 21:35:06+00:00,2026-01-14 15:08:20+00:00,JavaScript,1024,602,53,17,True,81,10,False,False,157
1035199559,ordinary,2025-08-09 21:40:57+00:00,2025-09-02 00:43:59+00:00,Python,35,3,0,0,True,129,0,False,False,23
1035205504,ordinary,2025-08-09 22:04:27+00:00,2025-08-09 22:05:12+00:00,HTML,28,3,0,0,True,14,0,False,False,0
1035210905,popular,2025-08-09 22:25:31+00:00,2026-09-17 14:39:43+00:00,Swift,4441,2231,91,24,True,26,0,True,True,403
1035215268,popular,2025-08-09 22:44:07+00:00,2025-08-10 07:07:46+00:00,HTML,770,60,0,0,False,259,10,False,True,0
1035216106,popular,2025-08-09 22:47:56+00:00,2026-06-21 07:12:39+00:00,Makefile,7558,224,59,4,False,33,0,False,False,315
1035219552,popular,2025-08-09 23:03:19+00:00,2026-05-01 04:13:28+00:00,Python,45,81,12,0,True,0,5,False,False,264
1035221832,popular,2025-08-09 23:12:41+00:00,2026-06-15 13:09:39+00:00,C#,653,71,3,0,True,112,6,False,False,309
1035222925,popular,2025-08-09 23:17:29+00:00,2026-09-28 03:54:25+00:00,TypeScript,27941,727,185,7,True,48,5,True,False,414
1035225593,ordinary,2025-08-09 23:29:37+00:00,2025-08-27 22:24:33+00:00,TypeScript,77130,3,0,0,False,0,0,False,False,17
1035228419,ordinary,2025-08-09 23:43:22+00:00,2025-11-25 21:53:40+00:00,JavaScript,112,3,6,0,True,66,0,False,False,107
1035230284,ordinary,2025-08-09 23:52:13+00:00,2026-08-25 15:04:16+00:00,Rust,47815,3,0,0,True,287,5,False,False,380
1035239203,ordinary,2025-08-10 00:35:31+00:00,2025-08-12 08:38:39+00:00,Kotlin,46,3,0,0,True,65,0,False,False,2
1035240109,popular,2025-08-10 00:39:50+00:00,2026-07-13 14:43:47+00:00,Python,215,87,26,1,True,80,5,False,False,337
1035241590,ordinary,2025-08-10 00:46:59+00:00,2025-08-10 01:05:20+00:00,HTML,4706,3,0,0,False,0,0,False,False,0
1035242417,popular,2025-08-10 00:50:56+00:00,2026-06-05 03:22:13+00:00,Python,6014,90,21,10,False,0,0,False,False,299
1035242919,popular,2025-08-10 00:53:19+00:00,2025-12-31 02:21:35+00:00,C,13,74,42,1,True,58,0,False,False,143
1035245769,ordinary,2025-08-10 01:07:23+00:00,2025-08-10 04:38:17+00:00,JavaScript,8098,3,0,0,False,0,0,False,False,0
1035247263,ordinary,2025-08-10 01:15:15+00:00,2025-08-10 06:57:58+00:00,C++,151,3,0,0,False,38,0,False,False,0
1035253026,ordinary,2025-08-10 01:43:40+00:00,2025-09-18 07:34:30+00:00,не указан,1024,3,0,0,False,34,0,False,False,39
1035253432,popular,2025-08-10 01:45:34+00:00,2026-04-28 15:39:37+00:00,C,349,249,10,7,True,47,0,False,False,261
1035259769,ordinary,2025-08-10 02:15:45+00:00,2026-08-29 06:33:50+00:00,Rust,4302,3,0,0,True,56,0,False,False,384
1035260088,popular,2025-08-10 02:17:25+00:00,2025-12-20 00:56:11+00:00,Go,11829,105,0,0,False,88,2,False,False,131
1035269398,ordinary,2025-08-10 02:57:56+00:00,2025-08-17 18:32:04+00:00,Python,164,3,0,0,True,85,0,False,False,7
1035269762,ordinary,2025-08-10 02:59:37+00:00,2025-08-13 22:14:12+00:00,C,4,3,0,0,False,38,0,False,False,3
1035272047,ordinary,2025-08-10 03:09:47+00:00,2026-07-20 06:44:13+00:00,JavaScript,142,3,0,0,False,0,0,False,False,344
1035279083,ordinary,2025-08-10 03:40:00+00:00,2026-08-29 01:43:20+00:00,Rust,474,3,0,3,False,225,14,False,False,383
1035282870,popular,2025-08-10 03:56:49+00:00,2026-08-26 03:20:24+00:00,Python,755,115,4,0,True,126,8,True,False,380
1035286066,popular,2025-08-10 04:10:28+00:00,2026-03-29 21:06:26+00:00,C#,28286,308,24,8,True,141,0,False,False,231
1035286186,popular,2025-08-10 04:10:54+00:00,2025-10-27 16:57:22+00:00,HTML,17081,175,9,2,True,0,0,False,False,78
1035286293,popular,2025-08-10 04:11:20+00:00,2025-08-10 04:30:48+00:00,Python,5,150,26,1,False,193,0,False,False,0
1035290010,ordinary,2025-08-10 04:26:39+00:00,2025-08-17 13:43:07+00:00,Jupyter Notebook,97866,3,0,0,False,0,0,False,False,7
1035292363,popular,2025-08-10 04:35:45+00:00,2026-08-13 09:50:13+00:00,Python,176009,799,67,27,True,36,0,True,True,368
1035293551,popular,2025-08-10 04:40:06+00:00,2025-08-28 16:40:40+00:00,Python,1802,640,83,4,True,159,0,False,False,18
1035295715,ordinary,2025-08-10 04:48:55+00:00,2025-08-17 12:16:51+00:00,Go,363,3,0,0,True,58,8,False,False,7
1035295831,popular,2025-08-10 04:49:21+00:00,2025-10-09 14:09:40+00:00,Python,2955,83,13,6,True,85,9,True,False,60
1035295990,ordinary,2025-08-10 04:49:52+00:00,2025-08-29 10:44:55+00:00,Python,18,3,0,0,True,165,0,False,False,19
1035296311,ordinary,2025-08-10 04:51:15+00:00,2025-08-10 05:03:20+00:00,не указан,6,3,0,0,False,292,0,False,False,0
1035296472,ordinary,2025-08-10 04:51:49+00:00,2026-02-21 09:48:07+00:00,Java,291,3,1,0,True,201,11,False,False,195
1035297093,ordinary,2025-08-10 04:53:54+00:00,2025-08-10 05:11:49+00:00,Python,30,3,0,0,True,0,0,False,False,0
1035298666,popular,2025-08-10 05:00:12+00:00,2026-05-08 15:08:30+00:00,Python,5522,154,7,1,True,54,0,False,False,271
1035299824,ordinary,2025-08-10 05:04:54+00:00,2025-08-11 14:46:15+00:00,Python,3056,3,2,0,True,34,0,False,False,1
1035301768,ordinary,2025-08-10 05:12:17+00:00,2025-08-12 02:41:07+00:00,CSS,34,3,0,0,True,44,0,False,True,1
1035303132,ordinary,2025-08-10 05:17:32+00:00,2025-08-12 02:21:19+00:00,Python,345,3,0,0,False,0,0,False,False,1
1035303867,ordinary,2025-08-10 05:20:09+00:00,2026-03-04 14:13:06+00:00,Python,1443,3,0,0,True,79,0,False,False,206
1035306095,popular,2025-08-10 05:28:43+00:00,2026-07-05 03:53:19+00:00,TypeScript,29608,333,34,0,True,78,4,True,False,328
1035307485,popular,2025-08-10 05:34:09+00:00,2026-07-26 18:44:18+00:00,не указан,44,152,14,0,True,184,11,False,False,350
1035317993,ordinary,2025-08-10 06:10:59+00:00,2025-08-24 12:23:53+00:00,Python,34,3,0,0,True,71,0,False,False,14
1035318682,popular,2025-08-10 06:13:11+00:00,2026-08-26 09:33:37+00:00,JavaScript,94,171,30,1,True,167,2,False,False,381
1035322657,popular,2025-08-10 06:26:15+00:00,2026-02-18 07:26:47+00:00,PHP,165,72,6,0,True,143,4,False,True,192
1035324302,popular,2025-08-10 06:31:30+00:00,2026-09-13 07:13:47+00:00,не указан,4628145,148,18,0,False,67,4,False,False,399
1035324450,ordinary,2025-08-10 06:31:55+00:00,2026-09-28 09:32:06+00:00,TypeScript,6066,3,1,6,False,45,11,False,False,414
1035327562,popular,2025-08-10 06:41:50+00:00,2026-09-27 17:03:36+00:00,не указан,366,167,30,8,False,36,7,False,False,413
1035328319,popular,2025-08-10 06:44:21+00:00,2026-01-23 08:56:26+00:00,Swift,134723,61,2,2,True,35,0,False,False,166
1035329349,ordinary,2025-08-10 06:47:39+00:00,2025-08-10 16:29:36+00:00,не указан,59,3,0,0,False,156,0,False,False,0
1035330550,popular,2025-08-10 06:51:36+00:00,2026-04-22 20:50:46+00:00,TypeScript,19338,81,29,2,True,104,11,True,True,255
1035331720,popular,2025-08-10 06:55:19+00:00,2026-09-18 17:00:59+00:00,Java,294,49,68,21,True,188,18,False,False,404
1035333560,popular,2025-08-10 07:01:16+00:00,2026-03-29 13:17:01+00:00,C#,102,63,1,0,True,110,0,True,True,231
1035334306,popular,2025-08-10 07:03:31+00:00,2026-08-15 08:43:14+00:00,TypeScript,2144,226,7198,12,True,333,11,False,False,370
1035335871,ordinary,2025-08-10 07:08:14+00:00,2025-08-16 00:21:42+00:00,Python,887,3,1,0,False,0,0,False,False,5
1035337336,ordinary,2025-08-10 07:12:43+00:00,2025-08-10 07:49:30+00:00,не указан,40,3,1,0,False,27,0,False,False,0
1035338057,popular,2025-08-10 07:15:01+00:00,2025-10-11 09:35:57+00:00,не указан,36,59,7,0,False,7,0,False,False,62
1035342035,popular,2025-08-10 07:26:15+00:00,2025-10-08 06:06:59+00:00,Python,16052,232,43,7,True,101,0,True,False,58
1035344397,ordinary,2025-08-10 07:32:33+00:00,2026-02-26 06:23:11+00:00,R,35,3,2,0,True,23,0,False,False,199
1035346285,ordinary,2025-08-10 07:38:16+00:00,2025-08-10 17:17:41+00:00,TypeScript,78,3,0,0,False,15,0,False,False,0
1035346870,ordinary,2025-08-10 07:40:10+00:00,2025-09-08 18:48:06+00:00,C,279,3,0,0,True,61,11,False,False,29
1035347985,popular,2025-08-10 07:43:32+00:00,2026-04-09 15:51:15+00:00,TeX,182565,584,66,17,True,104,5,False,False,242
1035348263,popular,2025-08-10 07:44:17+00:00,2026-08-26 19:13:15+00:00,TypeScript,151491,73,2,1,True,150,20,False,False,381
1035349297,ordinary,2025-08-10 07:47:36+00:00,2026-04-27 10:39:33+00:00,Jinja,750,3,1,2,True,28,0,False,True,260
1035349440,popular,2025-08-10 07:48:01+00:00,2026-04-03 02:04:40+00:00,HTML,4425,107,15,1,True,9,0,False,False,235
1035350150,popular,2025-08-10 07:50:16+00:00,2025-08-10 07:56:54+00:00,не указан,805,192,13,0,True,9,7,False,False,0
1035350635,ordinary,2025-08-10 07:51:50+00:00,2025-08-10 07:55:33+00:00,Python,437,3,0,0,False,2,0,False,False,0
1035353628,popular,2025-08-10 08:00:59+00:00,2026-02-07 20:15:23+00:00,Dart,102000,938,104,5,True,86,0,False,False,181
1035361455,popular,2025-08-10 08:25:05+00:00,2025-08-10 08:28:52+00:00,TypeScript,19173,87,254,7,True,0,0,False,False,0
1035362189,ordinary,2025-08-10 08:27:27+00:00,2026-03-16 09:09:57+00:00,не указан,9,3,0,0,False,0,0,False,False,218
1035362681,ordinary,2025-08-10 08:28:51+00:00,2025-08-10 08:35:07+00:00,Python,7000,3,1,0,False,111,0,False,False,0
1035365954,ordinary,2025-08-10 08:38:48+00:00,2025-09-25 09:46:10+00:00,Vue,4645,3,0,0,True,14,0,True,False,46
1035367225,ordinary,2025-08-10 08:42:42+00:00,2026-09-04 16:55:44+00:00,Java,5848,3,2,21,True,0,0,False,False,390
1035369008,ordinary,2025-08-10 08:47:54+00:00,2025-08-18 15:01:11+00:00,Java,112,3,0,0,False,0,0,False,False,8
1035371942,popular,2025-08-10 08:56:17+00:00,2025-08-10 09:01:23+00:00,не указан,3086,277,80,6,False,28,2,False,False,0
1035373655,popular,2025-08-10 09:01:36+00:00,2025-08-10 13:50:03+00:00,не указан,84272,103,24,0,False,88,0,True,False,0
1035375032,popular,2025-08-10 09:05:33+00:00,2025-08-11 11:44:27+00:00,JavaScript,42,118,3,0,True,154,0,False,False,1
1035379794,ordinary,2025-08-10 09:19:03+00:00,2025-08-10 13:26:34+00:00,TypeScript,21768,3,0,0,True,0,0,False,False,0
1035380384,popular,2025-08-10 09:20:49+00:00,2026-09-21 00:52:01+00:00,Python,9391,201,20,6,True,172,11,False,False,406
1035381348,popular,2025-08-10 09:23:41+00:00,2026-08-01 12:59:56+00:00,JavaScript,2931,710,20,1,True,42,5,False,True,356
1035382008,popular,2025-08-10 09:25:30+00:00,2025-09-13 10:04:31+00:00,Python,76,90,31,0,True,0,0,False,False,34
1035385503,popular,2025-08-10 09:35:29+00:00,2026-09-27 07:36:21+00:00,TypeScript,6453,1170,84,0,True,45,6,True,False,412
1035385548,popular,2025-08-10 09:35:35+00:00,2025-12-09 10:21:29+00:00,Python,229773,201,11,1,True,26,0,False,False,121
1035386395,popular,2025-08-10 09:37:24+00:00,2026-09-25 12:21:21+00:00,Shell,122066,143,14,15,True,200,0,False,False,411
1035387955,popular,2025-08-10 09:40:30+00:00,2025-08-23 09:02:56+00:00,Jupyter Notebook,677,416,83,2,False,47,0,False,False,12
1035389394,ordinary,2025-08-10 09:43:33+00:00,2025-08-10 09:47:54+00:00,не указан,897670,3,1,0,False,19,0,False,False,0
1035393688,ordinary,2025-08-10 09:54:19+00:00,2025-09-01 18:45:48+00:00,HTML,152,3,1,0,True,85,0,False,False,22
1035400085,popular,2025-08-10 10:12:15+00:00,2026-03-05 09:28:42+00:00,Shell,279,175,21,0,True,35,6,False,False,206
1035403435,ordinary,2025-08-10 10:21:22+00:00,2026-06-15 12:40:04+00:00,Java,1304,3,0,0,True,63,4,False,False,309
1035406572,popular,2025-08-10 10:30:03+00:00,2026-08-29 02:17:05+00:00,C#,51065,141,7,0,True,44,2,False,False,383
1035407095,popular,2025-08-10 10:31:40+00:00,2025-08-16 13:37:39+00:00,TypeScript,21,124,8,1,True,0,0,True,False,6
1035408359,ordinary,2025-08-10 10:35:25+00:00,2025-12-29 03:42:00+00:00,JavaScript,1624,3,0,1,False,83,2,False,False,140
1035410613,popular,2025-08-10 10:41:49+00:00,2026-09-25 09:45:31+00:00,C,14288,97,18,14,True,80,8,True,False,410
1035418928,popular,2025-08-10 11:05:29+00:00,2026-08-18 09:40:39+00:00,JavaScript,38591,106,15,4,True,61,6,False,False,372
1035420265,ordinary,2025-08-10 11:09:09+00:00,2025-08-10 11:33:18+00:00,не указан,7,3,0,0,False,223,0,False,False,0
1035420606,popular,2025-08-10 11:10:03+00:00,2026-09-28 04:19:37+00:00,HTML,10728,160,1,2,True,82,6,False,False,413
1035421147,ordinary,2025-08-10 11:11:32+00:00,2026-03-09 14:44:52+00:00,Java,959,3,2,1,False,0,0,False,False,211
1035426719,popular,2025-08-10 11:27:52+00:00,2026-09-24 06:32:20+00:00,Vue,1764,1697,652,11,True,172,18,False,True,409
1035428694,ordinary,2025-08-10 11:33:30+00:00,2025-08-10 11:44:07+00:00,Java,65,3,0,0,False,78,0,False,False,0
1035431117,popular,2025-08-10 11:39:58+00:00,2026-09-25 06:57:46+00:00,Go,211788,320,54,16,True,17,0,True,True,410
1035431152,ordinary,2025-08-10 11:40:03+00:00,2026-08-14 13:20:23+00:00,C++,612,3,9,1,True,66,0,True,True,369
1035431469,ordinary,2025-08-10 11:40:54+00:00,2025-08-10 11:42:57+00:00,Lua,102,3,1,0,False,49,0,False,False,0
1035433579,ordinary,2025-08-10 11:46:53+00:00,2026-05-30 17:23:30+00:00,R,2288,3,0,0,True,76,0,False,True,293
1035433732,popular,2025-08-10 11:47:18+00:00,2026-07-26 10:44:19+00:00,Python,4248,134,31,3,True,79,0,False,False,349
1035435261,ordinary,2025-08-10 11:51:16+00:00,2026-02-10 23:39:27+00:00,C,922,3,0,0,False,22,7,False,False,184
1035436802,ordinary,2025-08-10 11:55:32+00:00,2026-05-27 13:40:33+00:00,TypeScript,73,3,0,2,True,0,0,False,False,290
1035437375,ordinary,2025-08-10 11:57:12+00:00,2025-08-10 11:58:36+00:00,не указан,2175,3,0,0,False,21,0,True,False,0
1035438624,popular,2025-08-10 12:00:54+00:00,2025-12-05 11:34:47+00:00,C++,126,70,1,0,True,113,0,False,False,116
1035439534,popular,2025-08-10 12:03:29+00:00,2026-08-22 22:53:35+00:00,JavaScript,16153,117,7,7,True,160,0,False,False,377
1035443715,ordinary,2025-08-10 12:14:46+00:00,2026-03-08 20:50:14+00:00,Shell,3321,3,2,0,False,259,0,False,False,210
1035444193,ordinary,2025-08-10 12:16:01+00:00,2025-11-21 19:54:25+00:00,TypeScript,30401,3,0,0,False,0,0,False,False,103
1035449322,popular,2025-08-10 12:30:15+00:00,2026-09-21 06:36:07+00:00,Rust,2153,52,6,0,True,52,3,False,True,406
1035453205,ordinary,2025-08-10 12:40:06+00:00,2025-09-15 14:56:51+00:00,TypeScript,28778,3,0,0,True,27,0,False,False,36
1035457787,popular,2025-08-10 12:52:11+00:00,2026-08-14 01:55:08+00:00,C#,81759,378,57,6,True,31,0,False,False,368
1035469338,ordinary,2025-08-10 13:21:28+00:00,2025-08-11 00:14:29+00:00,не указан,5601,3,0,0,True,76,0,False,False,0
1035470305,popular,2025-08-10 13:23:54+00:00,2026-03-24 08:42:57+00:00,HTML,47251,166,13,2,False,29,0,False,False,225
1035472113,popular,2025-08-10 13:27:57+00:00,2026-01-25 03:21:47+00:00,HTML,1070,118,3,2,True,40,3,True,False,167
1035482746,ordinary,2025-08-10 13:52:43+00:00,2025-08-10 14:02:24+00:00,Jupyter Notebook,1704,3,0,0,False,67,0,False,False,0
1035487875,ordinary,2025-08-10 14:04:34+00:00,2026-01-28 11:54:16+00:00,JavaScript,2642,3,1,1,False,0,0,False,False,170
1035488203,ordinary,2025-08-10 14:05:16+00:00,2026-01-12 23:01:35+00:00,Jupyter Notebook,11669,3,2,0,False,36,0,False,True,155
1035490341,ordinary,2025-08-10 14:09:58+00:00,2025-09-01 19:34:49+00:00,Python,256,3,0,0,False,48,0,False,False,22
1035490759,ordinary,2025-08-10 14:10:55+00:00,2025-10-16 18:55:39+00:00,Python,27065,3,0,0,False,0,0,False,False,67
1035492975,popular,2025-08-10 14:16:22+00:00,2026-09-26 19:41:17+00:00,PHP,2233,222,29,23,True,89,17,False,True,412
1035497980,ordinary,2025-08-10 14:27:11+00:00,2026-06-19 17:15:30+00:00,JavaScript,465,3,3,0,True,200,11,False,False,313
1035500660,popular,2025-08-10 14:33:25+00:00,2026-09-20 15:04:29+00:00,JavaScript,2240,180,19,5,True,30,0,False,False,406
1035505569,popular,2025-08-10 14:44:08+00:00,2026-09-25 13:44:54+00:00,JavaScript,8114,55,10,2,True,41,12,False,False,410
1035507076,ordinary,2025-08-10 14:47:39+00:00,2025-08-10 15:04:18+00:00,не указан,20,3,0,0,False,60,0,False,False,0
1035509143,ordinary,2025-08-10 14:52:27+00:00,2025-08-19 20:48:07+00:00,PHP,377,3,1,0,True,56,0,False,False,9
1035512067,popular,2025-08-10 14:59:17+00:00,2026-02-04 16:17:26+00:00,Go,21,296,1,0,True,42,4,False,False,178
1035519488,ordinary,2025-08-10 15:17:02+00:00,2025-08-10 15:30:21+00:00,Shell,176,3,0,0,True,132,0,False,False,0
1035519494,ordinary,2025-08-10 15:17:03+00:00,2025-08-22 15:21:06+00:00,Python,122,3,0,0,True,0,0,False,False,12
1035519870,ordinary,2025-08-10 15:17:56+00:00,2025-08-21 09:28:22+00:00,не указан,229,3,10,0,False,0,0,False,False,10
1035520971,popular,2025-08-10 15:20:43+00:00,2025-09-01 14:32:36+00:00,Assembly,378,201,30,3,False,43,0,False,False,21
1035523155,ordinary,2025-08-10 15:25:51+00:00,2025-08-10 15:26:32+00:00,JavaScript,1,3,0,0,False,0,0,False,False,0
1035527183,ordinary,2025-08-10 15:35:08+00:00,2026-09-28 07:40:48+00:00,Python,162280,3,2,0,True,38,5,False,False,413
1035529827,popular,2025-08-10 15:40:39+00:00,2026-09-26 15:19:28+00:00,JavaScript,803,192,14,0,True,252,0,False,False,411
1035533892,ordinary,2025-08-10 15:50:05+00:00,2025-12-01 08:26:36+00:00,Typst,41,3,0,0,True,76,0,False,False,112
1035536573,ordinary,2025-08-10 15:56:38+00:00,2025-08-11 01:31:04+00:00,TypeScript,31,3,0,0,True,0,0,False,False,0
1035540680,ordinary,2025-08-10 16:06:32+00:00,2025-08-10 16:21:21+00:00,Pascal,6,3,1,0,True,48,0,True,False,0
1035540828,ordinary,2025-08-10 16:06:51+00:00,2025-08-11 12:07:55+00:00,TypeScript,315,3,0,0,True,0,3,False,False,0
1035540989,ordinary,2025-08-10 16:07:12+00:00,2025-08-10 16:09:19+00:00,Python,6,3,0,0,True,157,0,False,False,0
1035542520,ordinary,2025-08-10 16:10:57+00:00,2026-07-27 14:24:06+00:00,C,3432,3,1,0,False,20,0,False,False,350
1035544375,popular,2025-08-10 16:15:08+00:00,2025-08-12 05:06:58+00:00,Python,75,70,5,0,False,49,0,True,False,1
1035546172,popular,2025-08-10 16:19:11+00:00,2026-04-25 08:03:23+00:00,Rust,485,132,2,1,True,135,5,False,True,257
1035547437,ordinary,2025-08-10 16:22:01+00:00,2025-08-10 17:42:08+00:00,JavaScript,34,3,0,0,False,70,0,False,False,0
1035548540,ordinary,2025-08-10 16:24:28+00:00,2026-08-10 18:40:43+00:00,TypeScript,114394,3,0,0,False,212,0,False,True,365
1035549054,ordinary,2025-08-10 16:25:35+00:00,2025-08-10 19:58:46+00:00,Shell,14,3,5,0,True,95,0,False,False,0
1035554056,ordinary,2025-08-10 16:37:30+00:00,2026-09-15 12:04:24+00:00,JavaScript,4711,3,0,0,False,200,0,False,False,400
1035556798,popular,2025-08-10 16:44:08+00:00,2025-11-19 15:55:37+00:00,Python,68129,109,10,8,True,9,0,True,False,100
1035557140,popular,2025-08-10 16:44:58+00:00,2025-09-11 05:35:48+00:00,Python,393,52,8,0,True,61,0,False,False,31
1035557918,ordinary,2025-08-10 16:46:52+00:00,2025-08-13 18:57:31+00:00,Dart,505,3,0,0,False,0,0,False,False,3
1035559168,ordinary,2025-08-10 16:49:54+00:00,2025-08-10 17:23:40+00:00,Python,9,3,0,0,True,272,14,False,False,0
1035559659,ordinary,2025-08-10 16:51:07+00:00,2025-09-25 14:45:51+00:00,HTML,1473,3,7,0,False,0,0,False,False,45
1035561765,popular,2025-08-10 16:56:11+00:00,2026-09-27 18:09:30+00:00,Rust,3414,67,11,0,False,37,0,False,False,413
1035565168,popular,2025-08-10 17:04:19+00:00,2026-09-28 04:44:03+00:00,TypeScript,43489,288,27,30,True,22,0,False,False,413
1035566111,popular,2025-08-10 17:06:30+00:00,2025-11-13 15:54:58+00:00,не указан,520,127,10,0,False,54,0,False,False,94
1035570665,popular,2025-08-10 17:17:37+00:00,2025-10-27 13:10:27+00:00,Vue,3202,60,17,20,True,0,0,False,False,77
1035571074,popular,2025-08-10 17:18:42+00:00,2025-08-18 14:36:45+00:00,TypeScript,55,99,16,0,True,51,0,False,False,7
1035575308,popular,2025-08-10 17:29:21+00:00,2026-09-03 08:28:37+00:00,Rust,2612,142,9,0,True,86,0,False,False,388
1035575798,popular,2025-08-10 17:30:28+00:00,2026-03-11 16:18:57+00:00,TypeScript,744,320,29,0,True,45,0,False,False,212
1035575820,ordinary,2025-08-10 17:30:31+00:00,2026-01-19 13:36:43+00:00,TypeScript,954,3,0,0,False,55,0,False,False,161
1035580976,popular,2025-08-10 17:43:18+00:00,2025-08-15 15:31:30+00:00,Vue,1361,118,4,1,True,111,5,False,False,4
1035583095,popular,2025-08-10 17:48:43+00:00,2025-09-20 14:41:04+00:00,Rust,2,77,10,0,False,59,0,False,False,40
1035583464,ordinary,2025-08-10 17:49:39+00:00,2026-01-10 12:52:50+00:00,Lua,32711,3,2,3,False,32,0,False,False,152
1035592364,ordinary,2025-08-10 18:12:15+00:00,2025-08-10 18:15:19+00:00,JavaScript,30,3,0,0,False,98,0,False,False,0
1035592962,popular,2025-08-10 18:13:41+00:00,2026-06-01 20:04:29+00:00,не указан,215,113,5,0,True,0,5,False,False,295
1035594536,popular,2025-08-10 18:17:44+00:00,2025-08-19 02:20:07+00:00,Python,1296,97,3,0,True,53,0,True,False,8
1035598351,ordinary,2025-08-10 18:27:47+00:00,2025-10-09 05:30:31+00:00,Dart,7008,3,0,0,False,0,0,False,False,59
1035598675,popular,2025-08-10 18:28:38+00:00,2026-06-25 19:52:14+00:00,Python,314,457,180,28,False,289,0,False,False,319
1035607881,popular,2025-08-10 18:54:24+00:00,2025-09-11 01:45:20+00:00,CSS,40,151,72,0,True,313,0,False,False,31
1035613076,ordinary,2025-08-10 19:08:49+00:00,2025-08-21 19:16:33+00:00,Go,68,3,0,0,True,85,6,False,False,11
1035617294,popular,2025-08-10 19:21:06+00:00,2025-08-10 20:31:40+00:00,Python,82891,205,57,6,False,82,0,False,False,0
1035619671,popular,2025-08-10 19:27:54+00:00,2026-05-14 07:56:52+00:00,C,9,49,7,3,True,59,5,False,False,276
1035623898,popular,2025-08-10 19:40:40+00:00,2026-09-24 08:33:43+00:00,TypeScript,1374,217,2,7,True,97,6,True,False,409
1035625641,popular,2025-08-10 19:46:07+00:00,2026-09-28 02:43:37+00:00,Kotlin,17708,54,7,17,True,70,9,False,True,413
1035625915,ordinary,2025-08-10 19:46:51+00:00,2025-08-10 19:49:34+00:00,HTML,3,3,0,0,False,0,0,False,False,0
1035626281,popular,2025-08-10 19:47:58+00:00,2025-08-12 10:15:59+00:00,не указан,43,82,22,4,True,262,10,False,False,1
1035626884,popular,2025-08-10 19:49:56+00:00,2026-08-23 06:00:55+00:00,JavaScript,150,52,5,3,True,30,0,False,False,377
1035637183,ordinary,2025-08-10 20:22:46+00:00,2026-08-24 20:09:46+00:00,Shell,447,3,0,0,True,59,0,True,False,378
1035639209,popular,2025-08-10 20:29:33+00:00,2026-09-27 18:55:13+00:00,C++,13361,71,19,5,True,50,0,False,False,412
1035640660,popular,2025-08-10 20:34:28+00:00,2026-09-27 18:49:33+00:00,Nix,7148,147,19,18,True,51,3,False,False,412
1035643013,ordinary,2025-08-10 20:42:43+00:00,2025-12-08 09:35:18+00:00,TypeScript,346,3,0,3,True,62,0,False,False,119
1035643204,ordinary,2025-08-10 20:43:20+00:00,2025-08-10 20:46:38+00:00,Python,11,3,0,0,True,20,0,False,False,0
1035644144,ordinary,2025-08-10 20:46:30+00:00,2026-03-27 21:50:40+00:00,TypeScript,9174,3,0,0,False,135,0,False,False,229
1035644245,popular,2025-08-10 20:46:55+00:00,2026-01-10 16:53:51+00:00,C++,1308,110,1,14,True,35,7,False,False,152
1035644590,ordinary,2025-08-10 20:48:04+00:00,2026-03-30 19:50:38+00:00,JavaScript,64,3,0,0,False,6,0,True,False,231
1035645499,ordinary,2025-08-10 20:51:14+00:00,2025-08-10 20:51:49+00:00,Dart,398,3,0,1,False,0,0,False,False,0
1035645509,ordinary,2025-08-10 20:51:16+00:00,2025-08-17 08:43:01+00:00,C++,36039,3,0,0,True,77,14,False,False,6
1035649176,ordinary,2025-08-10 21:04:31+00:00,2026-01-01 22:39:41+00:00,Jupyter Notebook,122913,3,0,0,True,255,0,False,False,144
1035649939,popular,2025-08-10 21:06:52+00:00,2025-08-10 22:04:31+00:00,HTML,56,63,5,0,True,112,0,False,False,0
1035656940,popular,2025-08-10 21:30:33+00:00,2026-09-19 01:12:53+00:00,Go,4801,332,4,6,True,40,0,True,False,404
1035658016,ordinary,2025-08-10 21:34:35+00:00,2026-09-28 11:26:03+00:00,Rust,5033,3,0,5,False,0,0,True,False,413
1035658478,popular,2025-08-10 21:36:23+00:00,2026-06-06 23:38:54+00:00,Go,5379,517,25,4,True,113,10,False,False,300
1035660473,ordinary,2025-08-10 21:43:48+00:00,2026-09-11 20:14:40+00:00,Python,371,3,1,0,True,56,0,True,False,396
1035662870,ordinary,2025-08-10 21:52:30+00:00,2025-08-10 21:54:04+00:00,не указан,5477,3,0,0,False,0,0,False,False,0
1035669307,ordinary,2025-08-10 22:17:24+00:00,2025-10-29 16:34:01+00:00,JavaScript,1160,3,0,0,False,132,0,False,False,79
1035673214,ordinary,2025-08-10 22:33:37+00:00,2026-08-22 18:17:27+00:00,TypeScript,1087,3,0,0,True,118,7,True,False,376
1035674773,popular,2025-08-10 22:39:49+00:00,2026-07-06 18:17:21+00:00,Python,184400,70,11,0,False,331,20,False,False,329
1035676169,ordinary,2025-08-10 22:45:42+00:00,2026-04-04 22:48:51+00:00,JavaScript,378,3,0,0,False,59,0,False,False,237
1035676177,popular,2025-08-10 22:45:43+00:00,2026-09-28 09:11:33+00:00,Rust,4976,152,5,4,True,35,5,True,False,413
1035680102,popular,2025-08-10 23:02:17+00:00,2026-09-27 10:28:03+00:00,Rust,4027,49,11,0,True,63,0,False,False,412
1035684857,popular,2025-08-10 23:22:35+00:00,2025-09-06 01:58:44+00:00,Kotlin,1308,60,4,9,True,87,8,True,False,26
1035686230,popular,2025-08-10 23:28:42+00:00,2026-04-20 15:29:02+00:00,CSS,228,338,11,0,True,31,5,True,True,252
1035688274,popular,2025-08-10 23:37:41+00:00,2026-09-25 03:33:27+00:00,C,159,245,31,2,False,182,0,True,False,410
1035689170,popular,2025-08-10 23:41:22+00:00,2026-08-22 18:42:55+00:00,Lua,86,60,4,0,True,160,5,False,False,376
1035690260,popular,2025-08-10 23:46:10+00:00,2026-08-25 16:20:35+00:00,Python,31127,164,28,5,True,74,0,True,False,379
1035692073,ordinary,2025-08-10 23:53:50+00:00,2025-08-17 21:22:20+00:00,JavaScript,9951,3,0,0,False,59,4,False,True,6
1035697953,popular,2025-08-11 00:19:56+00:00,2026-09-10 19:26:31+00:00,Python,13467,2130,176,22,True,51,4,True,True,395
1035700149,popular,2025-08-11 00:28:29+00:00,2026-08-15 10:34:50+00:00,TypeScript,1377,175,38,0,True,36,14,False,False,369
1035708661,popular,2025-08-11 01:03:12+00:00,2025-08-23 20:32:47+00:00,TypeScript,71378,946,46,7,True,48,0,True,False,12
1035711003,ordinary,2025-08-11 01:10:51+00:00,2025-08-11 12:38:15+00:00,JavaScript,9,3,0,0,False,0,0,False,False,0
1035712612,popular,2025-08-11 01:16:53+00:00,2025-10-05 13:10:33+00:00,TypeScript,2183,94,3,0,True,62,0,False,False,55
1035712879,popular,2025-08-11 01:18:01+00:00,2026-09-21 03:53:30+00:00,Rust,4688,100,3,0,True,266,20,True,False,406
1035715158,ordinary,2025-08-11 01:26:32+00:00,2025-08-11 04:00:44+00:00,C,296472,3,1,0,True,61,0,False,False,0
1035719088,ordinary,2025-08-11 01:39:45+00:00,2025-09-13 21:34:29+00:00,Python,234,3,0,0,True,137,0,False,False,33
1035719953,popular,2025-08-11 01:42:30+00:00,2025-08-11 01:54:26+00:00,Java,788,128,15,1,True,21,4,False,False,0
1035721602,popular,2025-08-11 01:47:51+00:00,2026-09-28 08:03:30+00:00,TypeScript,9426,89,14,5,True,80,0,True,False,413
1035723342,popular,2025-08-11 01:53:50+00:00,2026-09-18 01:45:14+00:00,TypeScript,4669,85,16,1,True,38,9,False,False,402
1035733596,ordinary,2025-08-11 02:28:17+00:00,2025-08-21 00:53:29+00:00,C#,280,3,0,2,True,129,0,False,False,9
1035734005,ordinary,2025-08-11 02:29:34+00:00,2025-08-11 10:50:57+00:00,Lua,91,3,0,2,True,84,0,False,False,0
1035734295,popular,2025-08-11 02:30:26+00:00,2025-12-10 10:37:09+00:00,Python,597,101,3,1,False,24,0,False,False,121
1035740160,ordinary,2025-08-11 02:49:27+00:00,2025-11-21 00:49:48+00:00,JavaScript,182,3,2,1,True,58,0,False,False,101
1035748788,ordinary,2025-08-11 03:15:57+00:00,2025-08-23 18:46:45+00:00,Dart,356,3,0,0,False,184,0,False,False,12
1035750735,ordinary,2025-08-11 03:21:54+00:00,2025-12-29 02:55:54+00:00,C,48,3,2,0,True,46,0,True,False,139
1035750978,popular,2025-08-11 03:22:34+00:00,2025-11-03 14:24:25+00:00,Python,1313,101,1,8,False,0,0,False,False,84
1035753511,ordinary,2025-08-11 03:29:21+00:00,2025-08-11 04:47:32+00:00,Python,34,3,1,1,True,71,0,False,False,0
1035758333,popular,2025-08-11 03:43:51+00:00,2025-12-25 06:51:57+00:00,Python,63319,82,10,0,True,99,0,False,False,136
1035759799,popular,2025-08-11 03:48:20+00:00,2026-08-07 09:19:06+00:00,Go,2743,380,18,21,True,93,20,False,False,361
1035759957,popular,2025-08-11 03:48:51+00:00,2025-09-08 07:20:45+00:00,не указан,115,124,83,7,False,0,0,False,False,28
1035770898,ordinary,2025-08-11 04:20:04+00:00,2026-03-03 06:48:12+00:00,TypeScript,987,3,1,0,True,58,10,False,True,204
1035772532,popular,2025-08-11 04:24:35+00:00,2026-09-28 12:01:53+00:00,Python,275711,150,25,41,True,194,6,False,True,413
1035775151,ordinary,2025-08-11 04:32:39+00:00,2025-09-22 18:07:20+00:00,TypeScript,8785,3,1,0,False,0,0,False,False,42
1035777101,popular,2025-08-11 04:38:14+00:00,2026-09-11 08:20:29+00:00,Go,2016160,542,140,3,True,120,0,False,False,396
1035777528,ordinary,2025-08-11 04:39:24+00:00,2025-08-11 07:25:42+00:00,Jupyter Notebook,4866,3,0,0,True,282,4,False,False,0
1035778355,popular,2025-08-11 04:41:43+00:00,2026-03-31 18:05:22+00:00,Python,430,90,18,0,False,67,0,False,False,232
1035780284,ordinary,2025-08-11 04:46:45+00:00,2025-08-11 05:07:25+00:00,не указан,132,3,0,0,False,108,0,False,False,0
1035781001,ordinary,2025-08-11 04:48:37+00:00,2025-08-12 06:09:26+00:00,Python,15873,3,0,1,False,16,0,False,False,1
1035781818,ordinary,2025-08-11 04:50:39+00:00,2025-08-11 06:08:31+00:00,Solidity,20,3,2,0,True,45,0,False,False,0
1035782031,ordinary,2025-08-11 04:51:13+00:00,2025-08-11 07:18:29+00:00,Go,2690,3,0,0,True,70,0,False,False,0
1035784909,ordinary,2025-08-11 04:58:49+00:00,2025-12-28 05:20:16+00:00,JavaScript,221,3,0,1,False,89,0,False,False,139
1035786275,popular,2025-08-11 05:02:29+00:00,2026-09-27 19:00:17+00:00,C#,151512,269,76,6,True,103,9,False,True,412
1035789919,ordinary,2025-08-11 05:11:28+00:00,2025-08-11 05:27:20+00:00,Python,141,3,0,0,False,55,0,False,False,0
1035794394,popular,2025-08-11 05:22:56+00:00,2025-10-02 19:31:31+00:00,Python,10242,100,9,9,False,110,7,False,False,52
1035797962,popular,2025-08-11 05:32:22+00:00,2026-09-28 12:21:23+00:00,Python,202900,1637,57,14,True,134,12,False,True,413
1035798625,popular,2025-08-11 05:34:02+00:00,2026-01-02 02:26:55+00:00,TypeScript,79015,141,8,2,True,58,0,True,False,143
1035800519,popular,2025-08-11 05:39:00+00:00,2026-09-24 21:53:38+00:00,Scala,830,90,4,1,True,46,3,False,True,409
1035801534,ordinary,2025-08-11 05:41:33+00:00,2025-08-16 17:54:25+00:00,JavaScript,197849,3,4,0,False,72,0,False,False,5
1035802033,popular,2025-08-11 05:42:52+00:00,2025-08-18 07:35:21+00:00,не указан,1272,1392,44,0,True,65,3,True,False,7
1035803895,popular,2025-08-11 05:47:19+00:00,2026-09-19 12:15:10+00:00,Shell,79,95,20,0,True,0,0,False,True,404
1035804085,ordinary,2025-08-11 05:47:49+00:00,2025-10-14 22:46:43+00:00,PLpgSQL,2346,3,0,0,False,0,0,False,False,64
1035804560,popular,2025-08-11 05:49:00+00:00,2026-08-14 04:33:57+00:00,Kotlin,966,270,66,60,True,46,4,False,False,367
1035806054,ordinary,2025-08-11 05:52:47+00:00,2025-08-11 08:17:44+00:00,JavaScript,20,3,0,0,False,73,0,False,True,0
1035806698,ordinary,2025-08-11 05:54:19+00:00,2025-08-11 05:58:28+00:00,Python,157,3,0,0,False,111,0,False,False,0
1035819830,ordinary,2025-08-11 06:23:28+00:00,2025-08-13 06:33:16+00:00,Jupyter Notebook,464,3,0,0,False,0,0,False,False,2
1035824348,popular,2025-08-11 06:33:19+00:00,2025-09-03 11:17:25+00:00,не указан,449,215,15,8,True,73,0,True,False,23
1035826891,ordinary,2025-08-11 06:38:33+00:00,2025-08-25 16:33:01+00:00,не указан,346,3,0,0,False,59,0,False,False,14
1035829597,popular,2025-08-11 06:44:08+00:00,2026-09-14 01:06:00+00:00,Rust,2521,237,26,3,True,54,1,False,False,398
1035830676,popular,2025-08-11 06:46:25+00:00,2026-09-28 09:49:57+00:00,C#,12550,92,7,12,True,145,4,False,False,413
1035831460,ordinary,2025-08-11 06:48:02+00:00,2025-12-22 06:23:33+00:00,Python,270,3,2,1,True,0,0,False,False,132
1035831644,ordinary,2025-08-11 06:48:24+00:00,2025-08-16 08:22:10+00:00,JavaScript,31,3,0,0,True,135,0,False,False,5
1035831739,popular,2025-08-11 06:48:35+00:00,2025-08-20 10:25:29+00:00,Python,12890,212,13,0,True,40,0,True,False,9
1035832097,popular,2025-08-11 06:49:19+00:00,2025-08-11 10:35:36+00:00,JavaScript,39107,132,103,0,True,14,6,False,False,0
1035834307,ordinary,2025-08-11 06:53:48+00:00,2025-09-22 07:49:15+00:00,C++,117775,3,1,0,True,159,3,True,True,42
1035840869,popular,2025-08-11 07:07:05+00:00,2025-08-12 01:31:46+00:00,Python,281,83,8,6,True,59,0,False,False,0
1035841680,popular,2025-08-11 07:08:40+00:00,2025-08-27 00:35:48+00:00,Python,4973,106,9,0,True,100,0,False,False,15
1035843971,ordinary,2025-08-11 07:13:01+00:00,2025-12-16 07:17:40+00:00,TypeScript,3883,3,0,0,False,0,0,False,True,127
1035852617,ordinary,2025-08-11 07:30:12+00:00,2025-12-31 21:25:06+00:00,Jupyter Notebook,159014,3,0,0,False,0,0,False,False,142
1035857222,popular,2025-08-11 07:39:39+00:00,2025-08-13 13:10:20+00:00,PowerShell,71256,405,241,0,False,110,0,False,False,2
1035859001,ordinary,2025-08-11 07:43:28+00:00,2025-09-22 04:39:43+00:00,Python,4,3,0,0,False,0,0,False,False,41
1035859214,ordinary,2025-08-11 07:43:52+00:00,2026-09-28 07:15:29+00:00,CSS,7303521,3,7,2,False,82,8,False,False,412
1035860018,ordinary,2025-08-11 07:45:36+00:00,2025-08-11 14:54:20+00:00,JavaScript,30188,3,0,0,True,77,5,False,False,0
1035860392,popular,2025-08-11 07:46:19+00:00,2026-09-16 12:46:01+00:00,TypeScript,9596,93,17,8,False,195,4,True,False,401
1035860501,popular,2025-08-11 07:46:32+00:00,2026-04-15 07:06:29+00:00,TypeScript,1081,338,25,0,False,115,4,False,False,246
1035861830,popular,2025-08-11 07:49:16+00:00,2026-09-26 19:53:37+00:00,C,135890,221,41,18,True,52,2,False,True,411
1035878040,ordinary,2025-08-11 08:22:18+00:00,2025-08-11 08:28:48+00:00,Jupyter Notebook,416,3,0,0,False,25,3,False,False,0
1035880075,ordinary,2025-08-11 08:26:14+00:00,2025-08-24 03:29:29+00:00,Swift,62,3,0,0,False,0,0,False,False,12
1035882217,popular,2025-08-11 08:30:28+00:00,2026-01-05 07:01:36+00:00,Python,862,89,3,0,False,45,4,False,False,146
1035884228,popular,2025-08-11 08:34:29+00:00,2026-09-27 13:49:17+00:00,JavaScript,8426,756,56,1,True,138,16,False,True,412
1035885770,popular,2025-08-11 08:37:25+00:00,2026-07-24 12:01:49+00:00,TypeScript,366,171,25,2,False,6,0,False,False,347
1035890763,popular,2025-08-11 08:46:35+00:00,2026-01-12 01:20:07+00:00,Vue,3385,3554,532,19,False,67,3,False,False,153
1035891799,ordinary,2025-08-11 08:48:36+00:00,2025-08-11 10:26:05+00:00,Python,274,3,1,0,False,63,0,True,False,0
1035894152,ordinary,2025-08-11 08:53:07+00:00,2025-08-11 08:53:07+00:00,не указан,3,3,0,0,True,73,0,False,False,0
1035896910,ordinary,2025-08-11 08:58:20+00:00,2026-09-11 23:52:26+00:00,PLSQL,47853,3,1,0,True,61,17,False,True,396
1035903914,popular,2025-08-11 09:11:27+00:00,2026-06-23 14:26:00+00:00,Python,446,606,135,7,True,65,6,False,False,316
1035904908,popular,2025-08-11 09:13:15+00:00,2026-09-28 12:19:56+00:00,Python,3205,90,3,4,True,43,6,False,False,413
1035905844,ordinary,2025-08-11 09:15:08+00:00,2025-08-24 22:51:45+00:00,HTML,5529,3,0,4,False,0,0,True,True,13
1035906828,popular,2025-08-11 09:17:01+00:00,2025-08-21 02:31:55+00:00,не указан,2161,175,11,3,False,63,0,True,False,9
1035907251,ordinary,2025-08-11 09:17:53+00:00,2025-08-24 13:34:21+00:00,не указан,934,3,0,0,False,59,0,False,False,13
1035913535,ordinary,2025-08-11 09:28:55+00:00,2025-08-11 11:22:42+00:00,Python,24,3,0,0,True,143,7,False,False,0
1035915564,ordinary,2025-08-11 09:32:52+00:00,2025-09-04 01:54:07+00:00,Python,2531,3,1,0,True,181,11,False,False,23
1035919819,popular,2025-08-11 09:41:00+00:00,2026-05-25 08:34:57+00:00,Python,98,457,11,6,True,19,0,False,False,286
1035923648,popular,2025-08-11 09:48:27+00:00,2025-11-25 10:42:48+00:00,Python,100918,829,72,31,True,111,16,True,False,106
1035923699,popular,2025-08-11 09:48:33+00:00,2026-02-02 08:01:29+00:00,Python,160279,141,153,0,False,17,0,False,False,174
1035925398,popular,2025-08-11 09:51:50+00:00,2026-09-28 04:42:15+00:00,JavaScript,3940,291,73,1,True,150,8,False,False,412
1035935505,ordinary,2025-08-11 10:10:35+00:00,2026-07-12 23:41:57+00:00,JavaScript,1094,3,0,0,True,215,8,False,True,335
1035946462,ordinary,2025-08-11 10:31:58+00:00,2025-11-21 03:30:22+00:00,Shell,117,3,0,0,False,41,0,False,False,101
1035954233,ordinary,2025-08-11 10:46:45+00:00,2025-12-31 14:01:07+00:00,HTML,5517,3,0,1,False,31,0,False,True,142
1035956329,ordinary,2025-08-11 10:50:14+00:00,2025-08-11 14:05:14+00:00,CSS,12,3,0,0,False,0,0,False,False,0
1035958830,popular,2025-08-11 10:55:06+00:00,2026-09-28 11:09:55+00:00,TypeScript,58758,2010,116,79,True,99,6,False,False,413
1035960310,popular,2025-08-11 10:58:01+00:00,2025-08-13 13:30:46+00:00,C++,49048,400,236,0,True,59,0,False,False,2
1035961723,popular,2025-08-11 11:00:52+00:00,2026-09-26 08:36:02+00:00,Python,37522,121,50,99,True,226,7,True,True,410
1035973365,ordinary,2025-08-11 11:21:53+00:00,2026-08-17 19:21:42+00:00,Python,359,3,0,15,True,58,9,True,False,371
1035973434,ordinary,2025-08-11 11:22:00+00:00,2025-08-11 11:23:01+00:00,не указан,1912,3,0,0,False,8,0,False,False,0
1035973697,ordinary,2025-08-11 11:22:29+00:00,2025-08-11 11:33:33+00:00,Python,1,3,0,0,False,0,0,False,False,0
1035976824,ordinary,2025-08-11 11:28:27+00:00,2025-08-15 11:18:37+00:00,JavaScript,21,3,0,0,True,167,0,False,True,3
1035979103,popular,2025-08-11 11:32:41+00:00,2026-09-28 12:00:40+00:00,Python,24019,109,20,29,True,131,13,True,False,413
1035979858,popular,2025-08-11 11:34:07+00:00,2025-12-09 13:12:13+00:00,Python,23573,175,8,5,True,47,0,True,False,120
1035982220,ordinary,2025-08-11 11:38:46+00:00,2025-08-11 11:41:00+00:00,C++,1727,3,0,0,True,0,0,True,False,0
1035987541,popular,2025-08-11 11:48:35+00:00,2026-09-25 01:37:42+00:00,Python,136325,1262,114,2,True,235,3,False,False,409
1035993329,ordinary,2025-08-11 11:59:15+00:00,2025-11-17 06:06:44+00:00,Lua,51,3,0,0,True,40,0,False,False,97
1035995713,popular,2025-08-11 12:03:55+00:00,2025-08-25 10:48:09+00:00,не указан,6590,331,0,0,True,261,0,False,False,13
1035997775,popular,2025-08-11 12:07:38+00:00,2025-12-03 03:35:41+00:00,Python,21816,143,9,15,True,85,0,True,True,113
1036001766,popular,2025-08-11 12:14:59+00:00,2025-12-09 14:23:45+00:00,Jupyter Notebook,413215,506,27,8,True,86,0,False,True,120
1036002839,ordinary,2025-08-11 12:16:52+00:00,2025-12-12 09:24:48+00:00,Dart,3727,3,1,5,True,139,0,False,False,122
1036004263,popular,2025-08-11 12:19:28+00:00,2026-06-08 09:44:02+00:00,Shell,5,750,64,15,False,46,0,False,False,300
1036006880,popular,2025-08-11 12:24:04+00:00,2026-08-27 02:31:15+00:00,TypeScript,16362,368,46,15,True,107,4,True,False,380
1036008276,popular,2025-08-11 12:26:34+00:00,2025-12-01 11:04:30+00:00,C#,1434,132,2,0,True,77,1,False,False,111
1036008398,ordinary,2025-08-11 12:26:47+00:00,2025-08-11 12:27:26+00:00,JavaScript,577,3,0,0,False,0,0,False,False,0
1036012787,popular,2025-08-11 12:34:37+00:00,2025-08-12 09:35:07+00:00,не указан,7854,120,7,4,False,60,0,False,False,0
1036028783,ordinary,2025-08-11 13:02:53+00:00,2025-08-11 13:03:33+00:00,не указан,2,3,0,0,False,10,0,False,False,0
1036028864,ordinary,2025-08-11 13:03:02+00:00,2026-09-25 19:11:04+00:00,HTML,6778,3,0,1,False,0,0,False,True,410
1036033997,popular,2025-08-11 13:11:40+00:00,2025-09-30 09:48:57+00:00,Go,59,542,41,4,True,11,3,False,False,49
1036038953,popular,2025-08-11 13:19:59+00:00,2025-08-13 15:10:14+00:00,Ruby,1332,407,245,0,True,75,0,False,False,2
1036042018,popular,2025-08-11 13:24:50+00:00,2026-01-16 14:33:23+00:00,TypeScript,117153,300,106,8,True,25,0,False,False,158
1036045017,popular,2025-08-11 13:29:47+00:00,2026-09-06 10:29:59+00:00,не указан,439,182,10,1,False,43,0,False,False,390
1036051215,popular,2025-08-11 13:39:44+00:00,2026-05-09 18:41:59+00:00,C++,2580,122,5,0,True,76,11,True,False,271
1036053501,popular,2025-08-11 13:43:26+00:00,2026-08-21 05:02:19+00:00,Python,22134,90,49,0,True,94,16,True,False,374
1036055844,popular,2025-08-11 13:47:07+00:00,2026-08-07 14:33:47+00:00,Python,417839,828,68,29,True,72,6,True,True,361
1036064487,ordinary,2025-08-11 14:01:05+00:00,2025-08-14 15:44:51+00:00,JavaScript,41387,3,0,0,False,0,0,False,False,3
1036067575,ordinary,2025-08-11 14:05:58+00:00,2025-09-14 22:42:09+00:00,Jupyter Notebook,138297,3,0,0,False,35,0,True,False,34
1036068880,ordinary,2025-08-11 14:08:14+00:00,2025-11-12 07:32:09+00:00,Jupyter Notebook,7412,3,0,0,True,76,0,False,False,92
1036073889,popular,2025-08-11 14:15:58+00:00,2026-07-23 08:25:56+00:00,Shell,85472,952,21,11,True,88,11,False,False,345
1036080737,popular,2025-08-11 14:26:55+00:00,2025-11-21 14:19:53+00:00,JavaScript,17,121,163,3,True,0,0,False,False,101
1036082012,ordinary,2025-08-11 14:28:56+00:00,2025-08-12 06:26:34+00:00,Jupyter Notebook,908,3,0,0,True,120,0,False,False,0
1036086328,popular,2025-08-11 14:35:57+00:00,2026-09-15 05:40:50+00:00,TypeScript,360,151,2,4,True,105,3,False,False,399
1036087892,popular,2025-08-11 14:38:24+00:00,2026-08-07 13:14:31+00:00,TypeScript,2263,321,15,10,True,68,9,True,False,360
1036088758,ordinary,2025-08-11 14:39:47+00:00,2026-01-09 06:43:06+00:00,TypeScript,31,3,0,0,False,0,0,False,False,150
1036091980,popular,2025-08-11 14:45:03+00:00,2026-02-05 11:11:27+00:00,Python,123606,194,23,13,True,162,14,True,True,177
1036094493,ordinary,2025-08-11 14:48:51+00:00,2026-03-31 16:39:22+00:00,не указан,35,3,0,0,False,142,0,True,False,232
1036103210,popular,2025-08-11 15:03:14+00:00,2026-02-05 16:13:16+00:00,Jupyter Notebook,19232,90,40,1,False,183,11,False,False,178
1036104648,popular,2025-08-11 15:05:35+00:00,2025-11-19 14:48:01+00:00,Python,287,180,16,2,False,64,0,False,False,99
1036109133,popular,2025-08-11 15:12:45+00:00,2026-07-24 09:41:55+00:00,Python,180,2426,332,28,True,0,0,True,False,346
1036110563,popular,2025-08-11 15:15:05+00:00,2025-12-10 18:49:05+00:00,Go,2745,94,4,0,True,61,0,False,False,121
1036112001,popular,2025-08-11 15:17:36+00:00,2025-10-20 05:11:32+00:00,JavaScript,2123,101,32,4,False,0,0,False,False,69
1036121056,ordinary,2025-08-11 15:32:05+00:00,2026-06-13 06:57:17+00:00,C++,147,3,0,1,False,14,3,False,False,305
1036130740,ordinary,2025-08-11 15:48:11+00:00,2026-05-05 18:49:41+00:00,Rust,68383,3,4,3,True,10,0,True,False,267
1036133085,popular,2025-08-11 15:52:17+00:00,2025-08-17 06:28:46+00:00,не указан,10,84,5,2,False,95,0,False,False,5
1036140590,popular,2025-08-11 16:05:11+00:00,2025-08-30 17:48:23+00:00,JavaScript,6548,332,29,0,True,37,0,False,False,19
1036143717,ordinary,2025-08-11 16:10:41+00:00,2025-08-11 17:34:17+00:00,не указан,52,3,0,0,True,26,5,True,False,0
1036150999,popular,2025-08-11 16:22:53+00:00,2026-03-14 18:03:04+00:00,Rust,217,3463,219,51,False,43,0,False,False,215
1036155731,popular,2025-08-11 16:31:04+00:00,2026-09-05 13:09:57+00:00,QML,3861,120,11,1,True,34,7,False,False,389
1036158594,ordinary,2025-08-11 16:36:07+00:00,2025-08-11 16:43:58+00:00,JavaScript,385,3,0,0,False,118,0,False,False,0
1036159818,ordinary,2025-08-11 16:38:13+00:00,2025-08-12 11:59:24+00:00,Python,10895,3,0,0,True,155,0,False,False,0
1036165103,ordinary,2025-08-11 16:47:59+00:00,2025-12-02 02:01:53+00:00,C++,9825,3,1,0,False,31,0,False,False,112
1036171483,popular,2025-08-11 16:59:42+00:00,2026-09-27 15:26:16+00:00,Go,640,179,11,1,True,118,5,False,False,411
1036173847,popular,2025-08-11 17:04:05+00:00,2026-08-03 18:45:22+00:00,JavaScript,4656,132,143,2,False,266,8,False,False,357
1036174279,ordinary,2025-08-11 17:04:54+00:00,2025-08-11 18:00:54+00:00,не указан,2604,3,0,0,False,65,1,False,False,0
1036176364,ordinary,2025-08-11 17:08:39+00:00,2026-08-30 19:04:20+00:00,TypeScript,740,3,2,1,False,0,0,False,False,384
1036180122,ordinary,2025-08-11 17:14:53+00:00,2026-08-31 15:08:26+00:00,не указан,94,3,0,0,False,0,0,False,False,384
1036185501,ordinary,2025-08-11 17:24:48+00:00,2026-03-18 12:21:27+00:00,Python,85982,3,3,0,False,269,11,False,False,218
1036204536,ordinary,2025-08-11 18:00:54+00:00,2025-08-12 15:27:05+00:00,R,54,3,0,0,True,0,0,False,False,0
1036205124,popular,2025-08-11 18:02:04+00:00,2026-09-28 12:08:15+00:00,Python,175206,8145,684,34,True,151,11,True,False,412
1036208470,ordinary,2025-08-11 18:08:21+00:00,2026-03-06 18:54:49+00:00,EJS,3735,3,0,0,False,0,0,False,True,207
1036209271,ordinary,2025-08-11 18:09:57+00:00,2026-09-19 05:32:40+00:00,Python,112,3,0,0,False,15,0,False,False,403
1036209516,ordinary,2025-08-11 18:10:21+00:00,2026-09-28 02:55:15+00:00,не указан,4917,3,1,0,False,5,0,False,False,412
1036214287,ordinary,2025-08-11 18:19:10+00:00,2025-08-13 01:36:30+00:00,MDX,177,3,2,0,True,0,0,True,False,1
1036222602,popular,2025-08-11 18:36:02+00:00,2026-09-27 17:47:43+00:00,Shell,67,147,8,11,False,97,0,False,False,411
1036223591,popular,2025-08-11 18:38:02+00:00,2026-07-22 06:50:35+00:00,Python,3365,239,26,7,True,118,17,False,False,344
1036225826,ordinary,2025-08-11 18:43:09+00:00,2025-08-28 12:46:59+00:00,Python,4,3,0,0,False,156,0,False,False,16
1036227312,popular,2025-08-11 18:46:31+00:00,2026-09-27 12:15:57+00:00,C#,97940,108,37,4,True,0,0,True,False,411
1036229959,ordinary,2025-08-11 18:52:54+00:00,2025-09-01 16:13:05+00:00,Java,73,3,0,0,True,0,0,False,False,20
1036230527,popular,2025-08-11 18:54:20+00:00,2025-08-24 16:37:46+00:00,TypeScript,730,624,78,3,True,0,0,False,False,12
1036236964,popular,2025-08-11 19:07:57+00:00,2025-11-24 18:50:48+00:00,Python,8330,144,21,1,True,106,0,True,False,104
1036237473,ordinary,2025-08-11 19:09:03+00:00,2025-08-12 10:32:36+00:00,TypeScript,13,3,0,0,False,0,0,False,False,0
1036238904,ordinary,2025-08-11 19:11:56+00:00,2026-01-16 21:28:23+00:00,Shell,1411,3,0,0,True,53,0,False,False,158
1036246234,ordinary,2025-08-11 19:27:52+00:00,2026-06-02 08:44:36+00:00,TypeScript,20220,3,0,15,False,0,0,False,False,294
1036248343,popular,2025-08-11 19:32:44+00:00,2026-09-27 14:24:40+00:00,Go,215549,131,117,59,True,146,3,True,True,411
1036249387,popular,2025-08-11 19:35:08+00:00,2026-01-03 04:38:07+00:00,Jupyter Notebook,49653,76,4,5,True,120,4,False,False,144
1036253632,popular,2025-08-11 19:44:30+00:00,2026-09-11 11:40:14+00:00,Python,87455,152,10,28,True,85,0,False,False,395
1036257885,ordinary,2025-08-11 19:54:27+00:00,2026-01-23 16:06:29+00:00,Jupyter Notebook,28564,3,0,0,False,99,0,False,False,164
1036258234,popular,2025-08-11 19:55:19+00:00,2025-08-17 16:07:44+00:00,TypeScript,4131,126,12,7,False,0,0,False,False,5
1036259153,ordinary,2025-08-11 19:57:24+00:00,2025-08-11 21:09:59+00:00,TypeScript,377,3,0,0,False,0,0,False,False,0
1036260931,ordinary,2025-08-11 20:01:49+00:00,2025-10-20 15:55:04+00:00,TypeScript,278,3,0,0,False,28,0,True,False,69
1036264921,popular,2025-08-11 20:10:44+00:00,2026-09-16 05:03:18+00:00,TypeScript,600,83,82,14,False,0,0,True,False,400
1036266273,ordinary,2025-08-11 20:13:38+00:00,2026-09-08 23:28:03+00:00,Jupyter Notebook,38573,3,4,0,False,151,0,False,False,393
1036268283,ordinary,2025-08-11 20:18:14+00:00,2025-08-13 20:40:43+00:00,Go,7028,3,0,0,False,0,0,False,False,2
1036270156,ordinary,2025-08-11 20:22:46+00:00,2026-03-25 17:22:55+00:00,TypeScript,10958,3,0,0,True,247,11,False,False,225
1036278512,ordinary,2025-08-11 20:43:35+00:00,2026-09-23 21:02:30+00:00,Python,605,3,0,12,True,81,0,True,False,408
1036278662,ordinary,2025-08-11 20:43:55+00:00,2025-08-11 20:43:57+00:00,C,116,3,0,0,True,0,0,False,False,0
1036279003,popular,2025-08-11 20:44:49+00:00,2025-08-19 15:41:50+00:00,Jupyter Notebook,209,135,52,5,False,180,0,False,False,7
1036281982,popular,2025-08-11 20:52:28+00:00,2026-06-19 19:48:56+00:00,JavaScript,14667,116,9,4,True,133,0,False,False,311
1036286775,ordinary,2025-08-11 21:05:23+00:00,2026-02-20 18:02:51+00:00,Circom,955,3,2,0,True,39,0,False,False,192
1036292095,ordinary,2025-08-11 21:19:03+00:00,2026-02-16 14:26:32+00:00,JavaScript,1023,3,0,0,False,0,0,False,False,188
1036295691,ordinary,2025-08-11 21:28:45+00:00,2025-09-18 20:35:56+00:00,R,745,3,3,0,False,198,0,False,False,37
1036296723,popular,2025-08-11 21:31:38+00:00,2025-11-07 03:41:44+00:00,Python,458,307,23,8,True,77,2,False,False,87
1036296806,ordinary,2025-08-11 21:31:49+00:00,2025-08-15 19:35:59+00:00,Swift,9,3,0,0,False,104,4,False,False,3
1036299119,ordinary,2025-08-11 21:38:25+00:00,2025-08-11 23:59:38+00:00,TypeScript,15,3,1,0,False,0,0,False,False,0
1036300356,ordinary,2025-08-11 21:42:06+00:00,2026-08-22 17:12:34+00:00,Python,5093,3,0,0,False,0,0,True,False,375
1036306380,ordinary,2025-08-11 22:00:34+00:00,2025-10-06 21:58:55+00:00,HTML,6,3,0,0,False,24,0,False,True,55
1036306957,popular,2025-08-11 22:02:21+00:00,2026-08-04 08:32:03+00:00,Python,6236,214,17,6,True,261,0,True,False,357
1036307436,ordinary,2025-08-11 22:03:38+00:00,2025-08-11 22:20:34+00:00,Shell,35,3,1,0,True,0,0,False,False,0
1036309038,popular,2025-08-11 22:08:30+00:00,2026-09-14 22:03:28+00:00,HTML,8996,1238,15,3,True,0,0,True,True,398
1036312463,ordinary,2025-08-11 22:19:12+00:00,2025-08-12 19:40:49+00:00,не указан,16,3,0,0,True,0,0,False,False,0
1036330644,popular,2025-08-11 23:18:26+00:00,2025-11-24 00:41:16+00:00,JavaScript,3591,404,240,2,True,138,0,False,False,104
1036336968,ordinary,2025-08-11 23:39:02+00:00,2026-09-19 16:27:57+00:00,HTML,1303,3,0,0,True,84,7,False,True,403
1036340711,popular,2025-08-11 23:52:04+00:00,2025-08-15 00:03:28+00:00,HTML,112,92,29,0,False,0,0,True,False,3
1036341857,ordinary,2025-08-11 23:55:50+00:00,2025-08-15 17:37:04+00:00,не указан,1495,3,1,0,False,0,0,False,True,3
1036348921,ordinary,2025-08-12 00:20:40+00:00,2026-09-22 20:36:07+00:00,JavaScript,6140,3,0,0,False,0,3,True,False,406
1036353528,ordinary,2025-08-12 00:34:47+00:00,2025-08-14 23:40:39+00:00,не указан,467,3,0,0,False,39,1,False,False,2
1036356884,popular,2025-08-12 00:45:13+00:00,2026-08-22 01:19:19+00:00,C,201,4399,261,50,True,67,0,False,False,375
1036359849,ordinary,2025-08-12 00:55:00+00:00,2025-08-12 04:14:11+00:00,не указан,95,3,0,0,True,85,3,False,False,0
1036368673,ordinary,2025-08-12 01:23:19+00:00,2025-08-23 21:01:33+00:00,TypeScript,84,3,0,0,False,0,0,False,False,11
1036369584,ordinary,2025-08-12 01:26:02+00:00,2025-08-12 02:12:10+00:00,Python,578,3,0,0,False,0,0,False,False,0
1036371639,popular,2025-08-12 01:32:06+00:00,2026-09-18 04:40:16+00:00,TypeScript,48447,472,43,0,True,57,10,False,False,402
1036376820,popular,2025-08-12 01:47:45+00:00,2025-10-30 01:30:23+00:00,Jupyter Notebook,3446,91,21,0,True,136,2,False,False,78
1036376918,popular,2025-08-12 01:48:02+00:00,2026-08-10 10:45:04+00:00,JavaScript,5442,150,57,0,False,16,0,False,False,363
1036382350,popular,2025-08-12 02:04:35+00:00,2025-08-13 23:54:56+00:00,Ruby,16,110,0,0,True,114,0,False,False,1
1036385598,ordinary,2025-08-12 02:14:02+00:00,2025-09-22 02:43:49+00:00,не указан,18524,3,0,0,False,0,0,False,False,41
1036388607,popular,2025-08-12 02:23:24+00:00,2026-08-10 05:34:08+00:00,Python,11049,791,50,29,True,105,0,True,False,363
1036389876,popular,2025-08-12 02:27:26+00:00,2025-08-13 06:47:27+00:00,не указан,612,81,4,4,True,25,0,True,False,1
1036390617,ordinary,2025-08-12 02:29:41+00:00,2025-08-26 02:18:00+00:00,TypeScript,58,3,0,0,False,0,0,False,False,13
1036394501,popular,2025-08-12 02:41:39+00:00,2026-01-04 07:02:22+00:00,Python,70,131,6,2,False,25,0,False,False,145
1036395622,popular,2025-08-12 02:45:06+00:00,2025-08-13 23:54:27+00:00,PHP,2437,108,0,0,True,106,0,False,False,1
1036403791,ordinary,2025-08-12 03:09:54+00:00,2025-08-12 03:10:45+00:00,Rust,8006,3,0,0,False,0,0,True,False,0
1036412176,popular,2025-08-12 03:34:53+00:00,2025-09-14 07:33:32+00:00,не указан,38,3893,558,9,True,186,0,False,False,33
1036412206,ordinary,2025-08-12 03:34:59+00:00,2025-08-17 17:10:41+00:00,Python,4,3,0,0,False,0,0,False,False,5
1036414684,ordinary,2025-08-12 03:41:41+00:00,2026-06-08 12:42:12+00:00,Python,75,3,0,0,False,64,0,False,False,300
1036414795,popular,2025-08-12 03:41:56+00:00,2025-09-19 00:49:08+00:00,Shell,51,171,11,4,True,30,0,True,False,37
1036418622,popular,2025-08-12 03:53:02+00:00,2025-12-31 09:44:22+00:00,Python,18623,245,14,2,True,151,5,True,False,141
1036419316,popular,2025-08-12 03:55:05+00:00,2026-08-15 05:23:00+00:00,не указан,108,120,59,19,False,102,4,False,False,368
1036426343,ordinary,2025-08-12 04:15:37+00:00,2025-11-06 06:26:14+00:00,C++,3615,3,0,0,False,30,0,False,False,86
1036428114,popular,2025-08-12 04:20:06+00:00,2026-06-05 20:55:12+00:00,TypeScript,211730,420,67,23,True,130,0,True,False,297
1036434244,popular,2025-08-12 04:36:15+00:00,2026-04-29 06:46:40+00:00,Jupyter Notebook,12392,178,49,6,True,82,0,True,False,260
1036437796,popular,2025-08-12 04:45:17+00:00,2026-08-21 08:58:51+00:00,Go,192258,203,7,0,True,85,5,False,False,374
1036440621,popular,2025-08-12 04:52:19+00:00,2026-01-25 14:41:49+00:00,Python,5259,196,14,7,False,245,0,False,False,166
1036441521,ordinary,2025-08-12 04:54:34+00:00,2026-09-20 15:11:04+00:00,не указан,3315,3,0,0,False,0,1,False,False,404
1036441713,popular,2025-08-12 04:55:05+00:00,2026-09-25 20:34:24+00:00,Go,9368,4056,532,204,True,158,5,True,False,409
1036443859,ordinary,2025-08-12 05:00:39+00:00,2025-09-29 08:28:57+00:00,TypeScript,459,3,3,0,False,141,4,True,False,48
1036447449,popular,2025-08-12 05:09:20+00:00,2026-04-24 16:52:49+00:00,TypeScript,48815,96,4,1,True,174,9,False,False,255
1036447509,popular,2025-08-12 05:09:28+00:00,2026-09-25 08:01:54+00:00,C#,1211,614,55,19,True,20,0,False,False,409
1036449909,ordinary,2025-08-12 05:14:47+00:00,2025-08-12 05:17:20+00:00,JavaScript,72,3,0,1,True,118,0,False,False,0
1036454686,ordinary,2025-08-12 05:26:16+00:00,2025-08-24 07:04:53+00:00,TypeScript,9553,3,1,0,True,75,11,False,True,12
1036454812,ordinary,2025-08-12 05:26:32+00:00,2025-08-12 05:29:11+00:00,не указан,63,3,0,0,False,24,0,False,False,0
1036456030,popular,2025-08-12 05:29:23+00:00,2025-08-28 18:20:39+00:00,Python,21,658,67,0,False,0,0,False,False,16
1036457905,popular,2025-08-12 05:33:44+00:00,2026-02-16 19:58:45+00:00,Rust,420,119,5,1,True,41,4,False,False,188
1036461684,ordinary,2025-08-12 05:42:38+00:00,2026-09-01 05:38:57+00:00,TypeScript,29282,3,0,0,True,30,3,False,True,384
1036462774,popular,2025-08-12 05:45:04+00:00,2026-01-21 11:58:07+00:00,TypeScript,2332,136,75,22,True,267,0,True,False,162
1036462875,popular,2025-08-12 05:45:17+00:00,2026-09-18 19:47:26+00:00,Python,27016,82,3,2,True,31,0,False,False,402
1036469659,popular,2025-08-12 06:00:00+00:00,2026-08-01 01:14:01+00:00,JavaScript,118,79,13,9,False,106,0,False,False,353
1036471781,ordinary,2025-08-12 06:04:30+00:00,2025-09-10 16:02:34+00:00,Python,49,3,0,0,False,103,0,False,False,29
1036471813,popular,2025-08-12 06:04:34+00:00,2026-09-08 09:48:22+00:00,Python,36543,251,30,3,True,218,13,True,False,392
1036473262,ordinary,2025-08-12 06:07:41+00:00,2025-08-12 06:56:09+00:00,JavaScript,7376,3,0,0,True,0,0,False,False,0
1036476326,popular,2025-08-12 06:13:37+00:00,2026-09-28 08:50:30+00:00,Python,3694,293,31,8,True,74,0,True,True,412
1036482986,popular,2025-08-12 06:27:19+00:00,2025-08-13 05:10:01+00:00,Python,11,99,20,0,False,0,0,False,False,0
1036483004,popular,2025-08-12 06:27:21+00:00,2026-07-29 09:17:58+00:00,AutoHotkey,4313,326,16,8,False,48,0,False,False,351
1036486406,popular,2025-08-12 06:34:28+00:00,2026-09-26 11:26:41+00:00,Go,356,134,1,1,True,107,0,False,False,410
1036487589,popular,2025-08-12 06:36:53+00:00,2026-07-09 09:46:36+00:00,Python,426,243,17,0,True,31,0,False,False,331
1036487713,ordinary,2025-08-12 06:37:06+00:00,2025-08-16 16:06:15+00:00,Lua,3028,3,0,0,True,77,0,False,False,4
1036489359,ordinary,2025-08-12 06:40:27+00:00,2025-08-15 12:24:47+00:00,MATLAB,225,3,2,1,False,276,0,False,False,3
1036490431,ordinary,2025-08-12 06:42:34+00:00,2025-08-12 06:42:54+00:00,JavaScript,3186,3,0,0,False,0,0,False,False,0
1036492613,ordinary,2025-08-12 06:46:42+00:00,2026-01-15 22:20:47+00:00,не указан,687,3,0,0,False,140,7,False,False,156
1036493089,popular,2025-08-12 06:47:33+00:00,2026-07-03 18:43:37+00:00,TypeScript,172965,98,37,6,True,0,0,True,False,325
1036502436,ordinary,2025-08-12 07:05:31+00:00,2025-08-25 20:53:04+00:00,TypeScript,938,3,0,0,False,0,0,False,False,13
1036504154,popular,2025-08-12 07:08:51+00:00,2026-02-26 06:50:45+00:00,Python,196,99,20,0,False,58,0,False,False,197
1036505103,popular,2025-08-12 07:10:37+00:00,2025-08-22 08:45:55+00:00,TypeScript,17554,103,21,1,True,329,1,False,False,10
1036513261,popular,2025-08-12 07:25:58+00:00,2026-09-18 13:52:51+00:00,не указан,1264,374,44,0,False,0,13,False,False,402
1036518305,popular,2025-08-12 07:35:28+00:00,2026-09-23 22:01:04+00:00,Rust,268354,168,6,1,True,82,17,True,True,407
1036522799,ordinary,2025-08-12 07:44:05+00:00,2026-08-02 08:24:14+00:00,Python,1081,3,0,0,True,138,0,True,False,355
1036526354,popular,2025-08-12 07:50:56+00:00,2025-09-15 06:15:44+00:00,JavaScript,2639,350,19,3,True,113,0,False,False,33
1036530001,popular,2025-08-12 07:57:51+00:00,2026-05-27 14:20:53+00:00,Python,5898,159,12,3,True,124,0,False,False,288
1036531381,ordinary,2025-08-12 08:00:37+00:00,2025-11-10 10:32:02+00:00,C,567,3,0,0,False,0,0,False,False,90
1036531617,ordinary,2025-08-12 08:01:05+00:00,2025-08-12 08:26:43+00:00,CSS,11719,3,0,0,False,0,0,False,False,0
1036532784,popular,2025-08-12 08:03:23+00:00,2026-06-22 02:20:55+00:00,Python,640,126,34,0,False,139,2,False,False,313
1036537090,popular,2025-08-12 08:11:43+00:00,2025-09-03 07:46:34+00:00,JavaScript,56,782,560,4,True,66,0,False,False,21
1036539364,popular,2025-08-12 08:15:57+00:00,2026-09-25 18:16:21+00:00,Go Template,8966,606,180,12,True,70,0,True,True,409
1036541001,ordinary,2025-08-12 08:19:11+00:00,2026-02-10 00:18:23+00:00,не указан,60,3,0,0,True,329,17,False,False,181
1036544455,popular,2025-08-12 08:25:41+00:00,2026-09-24 15:39:41+00:00,JavaScript,13327,493,71,13,True,148,20,False,False,408
1036547754,popular,2025-08-12 08:31:59+00:00,2026-03-04 06:50:10+00:00,Python,4044,755,54,1,True,91,3,True,False,203
1036553277,popular,2025-08-12 08:41:56+00:00,2026-09-01 08:42:56+00:00,Astro,259870,1889,547,15,True,53,0,True,False,385
1036559860,ordinary,2025-08-12 08:53:47+00:00,2026-01-15 18:05:51+00:00,JavaScript,40855,3,0,0,False,95,0,False,False,156
1036566215,ordinary,2025-08-12 09:05:38+00:00,2025-08-12 09:32:03+00:00,Swift,1264,3,0,0,False,24,0,False,False,0
1036567640,popular,2025-08-12 09:08:11+00:00,2026-01-15 01:05:16+00:00,не указан,1,80,0,0,False,26,0,False,False,155
1036569775,popular,2025-08-12 09:11:43+00:00,2026-07-09 09:25:03+00:00,C++,9125,92,5,1,True,44,13,False,False,331
1036570621,ordinary,2025-08-12 09:13:06+00:00,2026-07-22 08:09:48+00:00,не указан,86,3,0,0,False,13,0,False,False,343
1036573390,ordinary,2025-08-12 09:17:59+00:00,2025-08-12 12:25:11+00:00,Python,20,3,0,0,False,20,0,False,False,0
1036574950,ordinary,2025-08-12 09:20:49+00:00,2025-08-12 09:21:13+00:00,CSS,28,3,0,0,False,0,0,False,False,0
1036578864,popular,2025-08-12 09:27:41+00:00,2026-09-06 09:17:27+00:00,Dart,34010,106,10,0,True,105,0,False,False,389
1036580376,ordinary,2025-08-12 09:30:14+00:00,2026-03-06 16:32:37+00:00,Rust,104,3,1,1,True,70,0,True,False,206
1036580573,ordinary,2025-08-12 09:30:36+00:00,2026-03-06 16:32:41+00:00,Rust,101,3,1,0,True,70,0,True,False,206
1036589209,ordinary,2025-08-12 09:46:26+00:00,2025-08-12 11:29:31+00:00,Python,46,3,0,0,True,138,10,False,False,0
1036590423,ordinary,2025-08-12 09:48:50+00:00,2025-09-18 16:11:42+00:00,Python,42483,3,0,0,True,235,0,False,False,37
1036593540,ordinary,2025-08-12 09:54:48+00:00,2025-08-13 04:14:10+00:00,Python,37,3,0,0,False,0,0,False,False,0
1036599500,ordinary,2025-08-12 10:05:45+00:00,2025-08-12 15:20:08+00:00,не указан,16,3,2,0,False,191,0,False,False,0
1036600835,ordinary,2025-08-12 10:08:01+00:00,2026-07-29 08:15:32+00:00,TypeScript,4110,3,0,0,False,0,0,False,False,350
1036601221,popular,2025-08-12 10:08:32+00:00,2025-08-15 19:32:39+00:00,Python,469,154,11,1,True,48,0,False,False,3
1036604693,popular,2025-08-12 10:14:43+00:00,2025-10-16 11:15:14+00:00,Python,496,80,11,5,True,88,3,False,False,65
1036607880,popular,2025-08-12 10:20:56+00:00,2026-09-12 18:52:34+00:00,Python,43639,204,45,33,True,95,12,True,True,396
1036620431,ordinary,2025-08-12 10:44:49+00:00,2025-09-10 08:12:06+00:00,Swift,1347,3,0,0,False,0,0,False,False,28
1036625243,popular,2025-08-12 10:53:56+00:00,2026-09-28 07:40:28+00:00,TypeScript,164388,145,30,7,True,89,13,True,False,411
1036625770,popular,2025-08-12 10:54:59+00:00,2026-08-03 13:21:33+00:00,Shell,3269,514,61,0,True,79,4,False,False,356
1036626513,popular,2025-08-12 10:56:22+00:00,2026-08-04 03:18:20+00:00,TypeScript,18090,284,130,24,False,59,0,True,False,356
1036636079,ordinary,2025-08-12 11:13:56+00:00,2025-08-12 11:19:44+00:00,Python,5,3,0,0,False,80,0,False,False,0
1036644736,popular,2025-08-12 11:30:21+00:00,2025-08-22 11:21:01+00:00,Svelte,1667,148,19,0,False,74,12,True,False,9
1036658022,popular,2025-08-12 11:54:40+00:00,2026-09-28 03:24:04+00:00,Python,7777,206,44,20,True,134,18,False,False,411
1036660739,popular,2025-08-12 11:59:45+00:00,2026-09-22 14:54:39+00:00,Rust,792,98,6,4,True,80,0,False,False,406
1036666121,ordinary,2025-08-12 12:09:55+00:00,2025-11-11 15:49:48+00:00,JavaScript,2489,3,0,0,True,0,0,False,False,91
1036675468,popular,2025-08-12 12:26:13+00:00,2025-11-04 04:51:33+00:00,C++,24840,270,37,2,True,46,9,False,False,83
1036675641,popular,2025-08-12 12:26:33+00:00,2026-08-14 11:34:56+00:00,JavaScript,23941,101,0,2,True,0,0,False,False,366
1036676041,ordinary,2025-08-12 12:27:15+00:00,2025-08-14 13:41:37+00:00,Java,2,3,0,0,False,0,0,False,False,2
1036687365,ordinary,2025-08-12 12:46:50+00:00,2026-03-27 16:08:35+00:00,Go,1904,3,0,0,False,0,0,False,False,227
1036687907,popular,2025-08-12 12:47:43+00:00,2026-09-21 13:01:56+00:00,C++,10673,285,56,30,True,344,0,False,False,405
1036698085,ordinary,2025-08-12 13:05:17+00:00,2025-08-12 15:06:17+00:00,Python,54142,3,0,0,False,39,0,False,False,0
1036699197,ordinary,2025-08-12 13:07:03+00:00,2026-06-20 20:13:26+00:00,CMake,106,3,0,7,True,0,0,False,False,312
1036701320,popular,2025-08-12 13:10:25+00:00,2026-05-20 14:16:46+00:00,PowerShell,332,125,20,9,True,179,0,True,False,281
1036701402,popular,2025-08-12 13:10:34+00:00,2025-10-04 04:41:44+00:00,Python,7518,117,24,10,True,71,0,True,False,52
1036703664,popular,2025-08-12 13:14:20+00:00,2025-08-20 06:21:56+00:00,Python,2950,586,59,9,True,75,0,True,False,7
1036704760,popular,2025-08-12 13:16:07+00:00,2026-09-28 10:45:28+00:00,C++,35647,1586,304,213,True,145,7,True,True,411
1036705819,popular,2025-08-12 13:17:53+00:00,2026-02-13 12:29:18+00:00,JavaScript,2535,325,33,3,True,215,0,False,False,184
1036706300,popular,2025-08-12 13:18:41+00:00,2026-09-09 02:20:47+00:00,C++,985,100,40,7,True,112,0,True,False,392
1036714746,ordinary,2025-08-12 13:32:01+00:00,2025-10-02 19:51:43+00:00,TypeScript,548,3,1,0,False,135,0,True,False,51
1036718594,popular,2025-08-12 13:38:04+00:00,2025-08-21 12:17:02+00:00,C,131,249,35,1,False,71,0,False,False,8
1036719708,popular,2025-08-12 13:39:56+00:00,2026-08-20 07:32:39+00:00,не указан,136,404,20,0,True,85,3,False,False,372
1036727887,popular,2025-08-12 13:52:45+00:00,2026-09-27 10:51:47+00:00,Kotlin,3897,432,15,16,True,53,6,False,False,410
1036731303,ordinary,2025-08-12 13:58:03+00:00,2026-09-25 07:13:00+00:00,PHP,1740,3,1,1,True,0,0,True,False,408
1036732253,popular,2025-08-12 13:59:33+00:00,2026-09-10 07:57:24+00:00,TypeScript,20256,10554,9130,7,True,54,0,True,False,393
1036733061,ordinary,2025-08-12 14:00:45+00:00,2025-08-24 17:31:59+00:00,не указан,27915,3,0,7,True,140,0,False,False,12
1036735502,ordinary,2025-08-12 14:04:31+00:00,2025-08-13 10:15:08+00:00,Python,12924,3,1,0,False,25,0,False,False,0
1036736177,popular,2025-08-12 14:05:30+00:00,2026-07-24 19:09:17+00:00,Vue,88313,370,70,19,True,164,10,False,True,346
1036738981,ordinary,2025-08-12 14:09:51+00:00,2026-05-02 17:38:50+00:00,Python,1562,3,0,1,True,24,0,False,True,263
1036740602,ordinary,2025-08-12 14:12:13+00:00,2025-10-14 19:34:37+00:00,не указан,17925,3,0,0,False,81,0,False,False,63
1036743477,ordinary,2025-08-12 14:16:43+00:00,2026-06-13 19:15:57+00:00,Python,884,3,1,0,True,300,0,False,False,305
1036745226,popular,2025-08-12 14:19:24+00:00,2026-03-17 14:12:11+00:00,Python,55,183,2,1,False,294,0,False,False,216
1036752068,popular,2025-08-12 14:29:54+00:00,2026-05-09 13:32:04+00:00,TypeScript,319,304,26,17,False,109,0,False,False,269
1036758496,ordinary,2025-08-12 14:39:14+00:00,2026-09-26 11:41:13+00:00,TypeScript,1758444,3,5,1,False,27,0,False,False,409
1036758570,popular,2025-08-12 14:39:20+00:00,2026-08-18 08:30:51+00:00,Python,11361,117,9,3,True,204,0,True,False,370
1036763053,ordinary,2025-08-12 14:46:00+00:00,2026-09-15 10:13:11+00:00,C#,5501,3,2,0,True,264,20,False,False,398
1036763802,popular,2025-08-12 14:47:06+00:00,2025-09-08 06:42:14+00:00,C++,267049,163,18,1,False,19,0,False,False,26
1036764456,ordinary,2025-08-12 14:48:11+00:00,2025-08-21 06:59:34+00:00,Dart,35258,3,0,0,False,0,0,False,False,8
1036767978,ordinary,2025-08-12 14:53:52+00:00,2025-11-03 17:29:45+00:00,Jupyter Notebook,4105,3,0,0,False,0,0,False,False,83
1036769650,ordinary,2025-08-12 14:56:42+00:00,2025-08-12 15:52:23+00:00,JavaScript,88,3,0,0,False,0,0,False,False,0
1036770307,ordinary,2025-08-12 14:57:49+00:00,2026-08-17 17:56:28+00:00,JavaScript,26,3,0,0,False,0,0,False,False,370
1036784969,popular,2025-08-12 15:21:39+00:00,2026-06-18 02:42:07+00:00,Python,45644,162,16,4,True,36,0,False,False,309
1036785844,popular,2025-08-12 15:23:07+00:00,2026-05-25 10:38:40+00:00,Dart,39380,194,15,7,True,344,0,False,False,285
1036786776,ordinary,2025-08-12 15:24:39+00:00,2025-08-14 15:08:29+00:00,Python,2350,3,0,0,False,59,0,False,False,1
1036798208,popular,2025-08-12 15:43:59+00:00,2026-06-21 06:27:40+00:00,MQL5,1167856,245,65,2,True,195,11,False,False,312
1036799282,ordinary,2025-08-12 15:45:48+00:00,2025-09-13 14:17:08+00:00,Dart,4969,3,0,0,True,77,0,False,False,31
1036800395,popular,2025-08-12 15:47:41+00:00,2025-12-01 18:48:03+00:00,Rust,2486,96,1,0,False,116,0,False,False,111
1036800477,ordinary,2025-08-12 15:47:48+00:00,2025-08-12 15:50:49+00:00,HTML,1,3,0,0,False,46,0,False,True,0
1036807900,ordinary,2025-08-12 16:00:09+00:00,2026-03-13 14:33:31+00:00,HTML,55,3,0,0,False,61,0,False,True,212
1036808434,ordinary,2025-08-12 16:01:05+00:00,2025-12-19 00:03:49+00:00,HTML,2262,3,0,0,True,19,0,True,True,128
1036814068,popular,2025-08-12 16:10:34+00:00,2025-08-12 16:27:14+00:00,Python,984,193,37,5,True,151,5,False,False,0
1036821601,ordinary,2025-08-12 16:23:40+00:00,2025-11-04 06:15:03+00:00,Python,12018,3,1,1,False,277,0,False,False,83
1036828121,popular,2025-08-12 16:35:22+00:00,2025-10-07 22:32:31+00:00,TypeScript,297,129,14,3,True,86,2,False,False,56
1036828444,popular,2025-08-12 16:35:58+00:00,2025-08-14 10:37:40+00:00,Python,1156,108,29,0,False,0,0,False,False,1
1036834110,ordinary,2025-08-12 16:46:07+00:00,2025-08-13 00:14:13+00:00,Python,53,3,1,0,True,100,0,False,False,0
1036834197,popular,2025-08-12 16:46:16+00:00,2026-06-07 20:41:41+00:00,TypeScript,249734,921,57,50,True,124,3,True,False,299
1036835943,popular,2025-08-12 16:49:22+00:00,2026-03-14 03:48:55+00:00,TypeScript,1268,285,13,5,True,39,0,False,False,213
1036840905,ordinary,2025-08-12 16:57:54+00:00,2026-07-25 18:25:38+00:00,Python,4715,3,0,0,True,0,0,False,False,347
1036847478,ordinary,2025-08-12 17:09:10+00:00,2025-08-12 17:11:33+00:00,Python,7,3,0,0,False,178,0,False,False,0
1036849596,popular,2025-08-12 17:12:34+00:00,2026-05-21 20:47:28+00:00,JavaScript,60,370,1,0,False,41,2,False,False,282
1036852893,ordinary,2025-08-12 17:17:55+00:00,2025-08-12 17:22:47+00:00,TypeScript,315,3,1,0,False,0,0,False,False,0
1036856344,ordinary,2025-08-12 17:23:49+00:00,2025-08-12 17:24:27+00:00,JavaScript,11867,3,0,0,False,0,0,False,False,0
1036860218,ordinary,2025-08-12 17:30:36+00:00,2025-09-01 23:52:06+00:00,HTML,248,3,0,0,True,56,0,False,False,20
1036861884,ordinary,2025-08-12 17:33:53+00:00,2025-08-27 14:47:57+00:00,Python,27,3,1,0,False,0,0,False,False,14
1036861937,ordinary,2025-08-12 17:33:59+00:00,2025-08-12 18:03:28+00:00,JavaScript,120,3,1,0,True,0,0,False,False,0
1036863965,popular,2025-08-12 17:37:33+00:00,2026-09-14 13:24:13+00:00,Go,534,518,11,6,True,101,3,False,False,397
1036865607,popular,2025-08-12 17:40:41+00:00,2026-09-28 12:02:28+00:00,Go,3042952,5196,563,445,True,24,8,True,True,411
1036867240,popular,2025-08-12 17:43:35+00:00,2026-07-28 12:12:11+00:00,JavaScript,303,217,17,5,True,57,0,False,False,349
1036868587,ordinary,2025-08-12 17:46:02+00:00,2025-08-12 17:48:45+00:00,JavaScript,1,3,0,0,False,0,0,False,False,0
1036872367,ordinary,2025-08-12 17:52:59+00:00,2025-08-13 11:46:18+00:00,JavaScript,3,3,1,0,False,0,0,False,False,0
1036877252,popular,2025-08-12 18:02:23+00:00,2026-09-21 23:36:19+00:00,Rust,928,153,10,17,True,42,0,False,False,405
1036882593,popular,2025-08-12 18:12:07+00:00,2026-09-16 05:03:04+00:00,не указан,66332,220,6,0,False,0,0,False,False,399
1036883402,ordinary,2025-08-12 18:13:36+00:00,2025-08-12 18:17:33+00:00,Shell,24,3,0,0,False,0,0,False,False,0
1036910329,popular,2025-08-12 19:06:46+00:00,2025-08-26 04:33:36+00:00,Python,111033,93,9,0,False,0,0,False,False,13
1036912025,ordinary,2025-08-12 19:10:18+00:00,2025-11-13 00:54:14+00:00,JavaScript,2340,3,0,0,False,0,0,False,False,92
1036912857,ordinary,2025-08-12 19:11:59+00:00,2026-08-06 02:26:49+00:00,C#,20883,3,0,4,True,35,0,False,True,358
1036932940,popular,2025-08-12 19:55:45+00:00,2026-09-27 18:51:41+00:00,TypeScript,43118,113,6,3,True,93,0,False,False,410
1036936250,ordinary,2025-08-12 20:03:24+00:00,2025-08-16 13:03:24+00:00,JavaScript,52,3,1,0,True,131,9,False,False,3
1036945878,popular,2025-08-12 20:25:39+00:00,2025-09-02 23:31:58+00:00,TypeScript,109,648,47,12,True,79,3,False,False,21
1036946385,ordinary,2025-08-12 20:26:45+00:00,2026-09-02 13:08:52+00:00,Go,43,3,0,4,True,50,0,True,False,385
1036947556,popular,2025-08-12 20:29:32+00:00,2026-02-10 21:54:06+00:00,C,150,95,9,0,False,83,11,False,False,182
1036948152,ordinary,2025-08-12 20:30:51+00:00,2025-08-12 20:57:03+00:00,JavaScript,2094,3,0,0,False,24,3,False,True,0
1036948728,popular,2025-08-12 20:32:12+00:00,2025-11-12 08:39:12+00:00,TypeScript,5225,426,61,18,True,22,2,False,False,91
1036948831,ordinary,2025-08-12 20:32:26+00:00,2025-08-14 20:36:58+00:00,JavaScript,69,3,0,0,False,18,0,False,False,2
1036951878,ordinary,2025-08-12 20:39:39+00:00,2025-08-12 20:41:34+00:00,не указан,17,3,0,0,True,102,0,True,False,0
1036956146,ordinary,2025-08-12 20:50:42+00:00,2026-08-20 18:51:49+00:00,R,32222,3,1,0,False,0,0,False,False,372
1036957411,popular,2025-08-12 20:54:06+00:00,2026-08-28 08:53:15+00:00,Odin,10347,132,2,0,True,37,3,False,False,380
1036958339,ordinary,2025-08-12 20:56:37+00:00,2025-09-28 23:50:25+00:00,TypeScript,1140,3,1,0,False,0,0,False,False,47
1036960777,popular,2025-08-12 21:03:37+00:00,2026-09-06 14:46:45+00:00,Python,836,87,43,7,True,150,8,False,False,389
1036964688,ordinary,2025-08-12 21:14:07+00:00,2025-08-19 14:50:49+00:00,TypeScript,2748,3,2,0,True,0,0,True,False,6
1036965052,ordinary,2025-08-12 21:15:04+00:00,2026-02-12 10:52:32+00:00,Python,2173,3,4,1,False,0,0,False,False,183
1036971690,ordinary,2025-08-12 21:34:29+00:00,2026-07-29 21:45:50+00:00,C,1790,3,5,0,True,63,0,True,False,351
1036975676,ordinary,2025-08-12 21:46:29+00:00,2025-08-12 22:42:17+00:00,Shell,9,3,0,0,False,129,0,False,False,0
1036979315,popular,2025-08-12 21:58:06+00:00,2026-06-20 04:42:11+00:00,TypeScript,1087,80,12,1,True,58,0,False,False,311
1036979743,popular,2025-08-12 21:59:33+00:00,2026-08-23 20:48:15+00:00,TypeScript,118988,320,24,0,True,89,5,False,False,375
1036980652,ordinary,2025-08-12 22:02:31+00:00,2025-08-12 22:20:27+00:00,Shell,7,3,0,0,True,37,0,False,False,0
1036992053,ordinary,2025-08-12 22:38:39+00:00,2025-12-22 22:41:03+00:00,Swift,221,3,0,3,True,48,0,True,False,132
1036997879,popular,2025-08-12 22:57:59+00:00,2026-09-14 16:46:53+00:00,TypeScript,11822,79,17,3,False,85,0,False,False,397
1037000085,popular,2025-08-12 23:05:33+00:00,2026-09-06 19:56:14+00:00,Go,4108,200,2,1,True,83,0,False,False,389
1037010945,ordinary,2025-08-12 23:41:13+00:00,2025-11-23 22:12:28+00:00,C++,44,3,1,1,False,88,0,False,False,102
1037012234,ordinary,2025-08-12 23:45:27+00:00,2025-08-13 00:50:41+00:00,Python,12,3,1,3,False,55,0,False,False,0
1037012410,ordinary,2025-08-12 23:46:03+00:00,2025-09-01 17:52:19+00:00,C#,242,3,0,0,False,106,0,False,False,19
1037012608,ordinary,2025-08-12 23:46:44+00:00,2026-02-12 23:10:46+00:00,CSS,116,3,0,0,False,0,0,False,False,183
1037012962,ordinary,2025-08-12 23:48:00+00:00,2025-08-12 23:50:47+00:00,Verilog,12,3,0,0,False,350,0,False,False,0
1037014491,ordinary,2025-08-12 23:53:11+00:00,2025-11-01 10:53:05+00:00,Python,80353,3,0,0,False,206,0,False,False,80
1037018942,ordinary,2025-08-13 00:09:52+00:00,2026-06-29 04:28:18+00:00,C++,18665,3,0,0,False,28,0,False,False,320
1037021000,ordinary,2025-08-13 00:17:25+00:00,2025-09-03 05:32:17+00:00,Verilog,141,3,1,0,False,267,0,False,False,21
1037027513,ordinary,2025-08-13 00:38:13+00:00,2026-02-12 23:10:17+00:00,CSS,1367,3,0,0,False,0,0,False,False,183
1037028668,ordinary,2025-08-13 00:42:01+00:00,2025-08-13 23:54:33+00:00,TypeScript,144,3,0,0,False,0,0,False,False,0
1037029275,popular,2025-08-13 00:44:01+00:00,2026-09-25 21:56:17+00:00,Python,107603,191,58,2,True,95,11,True,False,408
1037037072,popular,2025-08-13 01:10:14+00:00,2025-12-25 06:32:05+00:00,не указан,83,410,15,1,True,80,0,False,False,134
1037037436,ordinary,2025-08-13 01:11:24+00:00,2025-08-13 01:20:36+00:00,не указан,28,3,0,0,False,0,0,False,False,0
1037045820,popular,2025-08-13 01:38:12+00:00,2026-09-23 07:07:57+00:00,Go,307,218,25,33,True,23,0,True,False,406
1037048599,ordinary,2025-08-13 01:46:35+00:00,2025-08-13 01:53:04+00:00,HTML,7,3,0,1,False,69,2,False,False,0
1037053362,ordinary,2025-08-13 02:01:37+00:00,2025-08-26 04:02:03+00:00,Python,812,3,0,0,False,0,0,False,False,13
1037054744,popular,2025-08-13 02:05:48+00:00,2025-11-05 23:28:14+00:00,C,839,133,10,0,False,122,0,False,False,84
1037055305,ordinary,2025-08-13 02:07:32+00:00,2026-03-01 21:09:00+00:00,Jinja,79,3,2,6,True,57,5,True,False,200
1037056833,ordinary,2025-08-13 02:12:18+00:00,2025-08-13 02:13:16+00:00,Java,17,3,0,0,False,13,0,False,False,0
1037059631,ordinary,2025-08-13 02:21:02+00:00,2025-08-13 02:31:16+00:00,C++,34,3,0,1,True,170,0,False,False,0
1037061170,popular,2025-08-13 02:25:52+00:00,2026-09-28 12:17:53+00:00,TypeScript,36224,702,81,50,True,29,0,True,False,411
1037062020,ordinary,2025-08-13 02:28:35+00:00,2025-10-11 16:02:22+00:00,TypeScript,794,3,2,0,True,150,8,False,False,59
1037063730,ordinary,2025-08-13 02:34:09+00:00,2025-08-29 09:20:33+00:00,HTML,205075,3,0,0,False,0,0,False,False,16
1037067226,ordinary,2025-08-13 02:44:51+00:00,2026-04-24 09:54:24+00:00,не указан,22,3,0,0,True,0,0,False,False,254
1037067406,ordinary,2025-08-13 02:45:26+00:00,2026-04-04 20:41:52+00:00,Jupyter Notebook,766,3,1,0,False,148,0,False,False,234
1037078107,popular,2025-08-13 03:19:12+00:00,2026-09-10 00:55:19+00:00,Lua,335,169,18,2,True,76,0,False,False,392
1037090564,popular,2025-08-13 03:56:10+00:00,2025-08-19 09:27:56+00:00,Python,7113,85,11,2,False,54,4,False,False,6
1037091861,ordinary,2025-08-13 03:59:48+00:00,2026-04-30 15:00:49+00:00,JavaScript,7423,3,0,0,False,0,0,False,False,260
1037092695,popular,2025-08-13 04:02:02+00:00,2026-09-27 11:50:55+00:00,не указан,25,170,11,0,False,26,0,False,False,410
1037094544,popular,2025-08-13 04:07:11+00:00,2025-09-24 02:51:03+00:00,TypeScript,45081,619,81,9,True,35,0,False,False,41
1037095466,ordinary,2025-08-13 04:09:57+00:00,2025-08-13 04:59:27+00:00,Python,7,3,0,0,False,0,0,False,False,0
1037098570,popular,2025-08-13 04:18:41+00:00,2025-08-13 07:29:25+00:00,C++,6177,156,25,0,True,38,0,False,False,0
1037106909,ordinary,2025-08-13 04:40:46+00:00,2026-09-28 02:20:34+00:00,Python,8394,3,0,1,True,47,5,True,True,410
1037109369,popular,2025-08-13 04:47:25+00:00,2025-08-13 05:25:09+00:00,не указан,2,104,27,0,False,54,0,False,False,0
1037111324,ordinary,2025-08-13 04:52:30+00:00,2025-11-03 18:45:42+00:00,JavaScript,866,3,0,0,True,0,0,False,False,82
1037116318,ordinary,2025-08-13 05:06:10+00:00,2025-09-28 13:46:28+00:00,не указан,2829,3,0,0,False,0,0,False,False,46
1037124792,ordinary,2025-08-13 05:27:50+00:00,2026-01-29 05:04:03+00:00,Python,12240,3,0,0,True,88,9,False,False,168
1037126886,ordinary,2025-08-13 05:32:51+00:00,2025-10-30 12:49:58+00:00,JavaScript,5858,3,0,0,False,118,0,False,False,78
1037127722,popular,2025-08-13 05:34:52+00:00,2026-09-26 11:57:01+00:00,Vue,109732,1946,113,41,True,153,1,False,True,409
1037130279,ordinary,2025-08-13 05:41:05+00:00,2025-08-20 09:05:40+00:00,C#,853,3,1,0,True,41,11,False,False,7
1037134087,popular,2025-08-13 05:50:31+00:00,2026-09-28 04:10:58+00:00,не указан,777,103,5,7,False,15,5,False,False,410
1037136732,popular,2025-08-13 05:56:46+00:00,2026-05-11 02:14:36+00:00,Python,59744,77,6,1,True,220,5,True,False,270
1037138882,ordinary,2025-08-13 06:01:39+00:00,2025-08-14 05:24:09+00:00,Dart,21,3,0,0,False,0,0,False,False,0
1037142831,ordinary,2025-08-13 06:10:17+00:00,2025-08-14 05:52:44+00:00,JavaScript,1391,3,0,0,False,49,0,False,False,0
1037147863,ordinary,2025-08-13 06:20:12+00:00,2026-03-31 21:14:16+00:00,C++,197606,3,0,0,False,28,0,False,False,230
1037150248,ordinary,2025-08-13 06:25:03+00:00,2025-08-13 06:37:02+00:00,JavaScript,80,3,0,0,False,0,0,False,False,0
1037158663,popular,2025-08-13 06:42:36+00:00,2026-01-15 07:15:20+00:00,не указан,137050,90,3,5,False,21,0,False,False,155
1037168744,ordinary,2025-08-13 07:02:01+00:00,2025-08-23 05:17:35+00:00,не указан,15,3,0,0,False,0,0,False,False,9
1037172717,popular,2025-08-13 07:09:31+00:00,2025-11-19 10:13:51+00:00,HTML,10718,283,233,2,False,0,0,False,False,98
1037174909,ordinary,2025-08-13 07:13:54+00:00,2026-03-07 06:45:24+00:00,Jupyter Notebook,55720,3,0,0,True,0,1,False,False,205
1037184956,popular,2025-08-13 07:33:41+00:00,2026-05-15 15:46:38+00:00,Python,17813,80,9,0,False,56,0,False,False,275
1037188603,popular,2025-08-13 07:40:55+00:00,2025-10-10 02:14:39+00:00,C++,14924,535,18,4,False,76,4,False,False,57
1037189086,popular,2025-08-13 07:41:55+00:00,2026-04-21 07:03:39+00:00,Go,673,73,17,0,True,74,4,False,False,250
1037193714,popular,2025-08-13 07:50:45+00:00,2026-09-25 01:17:07+00:00,Batchfile,38,61,4,0,False,59,2,False,False,407
1037195117,popular,2025-08-13 07:53:35+00:00,2025-08-14 01:46:41+00:00,Python,55,89,11,0,False,40,0,False,False,0
1037195485,popular,2025-08-13 07:54:23+00:00,2025-08-21 13:52:03+00:00,Python,160,158,12,11,False,142,0,True,False,8
1037196711,popular,2025-08-13 07:56:51+00:00,2025-11-28 07:05:10+00:00,Python,30391,742,75,18,True,95,0,True,False,106
1037197736,popular,2025-08-13 07:58:56+00:00,2026-01-13 15:31:00+00:00,Python,72283,112,14,0,False,0,0,False,False,153
1037200213,ordinary,2025-08-13 08:04:04+00:00,2025-08-15 12:29:19+00:00,не указан,7,3,0,0,True,35,0,False,False,2
1037201682,popular,2025-08-13 08:06:58+00:00,2026-04-05 09:11:02+00:00,не указан,152,75,20,16,True,244,6,False,False,235
1037202167,ordinary,2025-08-13 08:07:54+00:00,2025-08-13 08:13:31+00:00,Processing,2,3,0,0,False,14,0,False,False,0
1037202197,popular,2025-08-13 08:07:57+00:00,2026-08-10 00:34:51+00:00,TypeScript,3728,82,11,21,True,57,5,False,False,361
1037212837,ordinary,2025-08-13 08:29:14+00:00,2025-11-25 10:02:10+00:00,TypeScript,881,3,2,0,False,0,0,True,True,104
1037214845,ordinary,2025-08-13 08:33:06+00:00,2025-08-13 08:41:00+00:00,JavaScript,787,3,0,0,False,20,0,False,False,0
1037219886,popular,2025-08-13 08:42:28+00:00,2026-09-12 07:24:00+00:00,Python,58173,135,3,0,False,14,0,False,False,394
1037226038,popular,2025-08-13 08:53:57+00:00,2025-08-13 22:38:07+00:00,JavaScript,166911,120,14,5,True,42,0,False,True,0
1037226553,popular,2025-08-13 08:54:56+00:00,2025-08-20 08:45:23+00:00,TeX,49343,126,11,0,False,0,0,False,False,6
1037235320,ordinary,2025-08-13 09:11:34+00:00,2025-08-13 09:16:33+00:00,Python,21,3,0,0,True,17,0,False,False,0
1037235988,ordinary,2025-08-13 09:12:51+00:00,2025-10-02 10:49:18+00:00,не указан,15348,3,0,0,False,341,0,False,False,50
1037237880,popular,2025-08-13 09:16:28+00:00,2026-05-07 09:53:58+00:00,Python,423933,193,6,10,False,97,2,True,False,267
1037237925,popular,2025-08-13 09:16:34+00:00,2025-08-13 10:02:00+00:00,C#,753,98,4,4,True,21,0,False,False,0
1037239564,ordinary,2025-08-13 09:19:34+00:00,2026-05-17 18:22:53+00:00,TypeScript,930,3,1,1,False,63,0,False,False,277
1037240268,popular,2025-08-13 09:20:57+00:00,2025-09-05 17:00:30+00:00,Python,23634,89,6,9,True,38,9,False,False,23
1037241902,popular,2025-08-13 09:23:59+00:00,2026-09-28 12:04:39+00:00,TypeScript,15408,921,105,4,True,110,20,False,False,411
1037242474,ordinary,2025-08-13 09:25:04+00:00,2025-08-13 09:28:21+00:00,Processing,2,3,0,0,False,31,0,False,False,0
1037244554,popular,2025-08-13 09:28:59+00:00,2025-08-25 09:30:52+00:00,JavaScript,2329,65,3,0,False,61,5,False,False,12
1037246832,popular,2025-08-13 09:33:09+00:00,2025-10-09 20:37:29+00:00,Go,1815,3959,152,66,True,75,9,False,False,57
1037246863,ordinary,2025-08-13 09:33:11+00:00,2025-08-14 18:24:18+00:00,Python,39,3,0,0,True,98,0,False,False,1
1037261402,popular,2025-08-13 09:59:58+00:00,2025-09-10 03:11:31+00:00,Java,255,80,8,0,False,50,0,False,False,27
1037268286,popular,2025-08-13 10:12:54+00:00,2026-08-12 07:36:35+00:00,Python,5471,64,15,38,True,95,0,True,True,363
1037269918,popular,2025-08-13 10:16:03+00:00,2026-02-16 23:19:09+00:00,TypeScript,52426,641,63,21,True,78,0,False,False,187
1037269984,ordinary,2025-08-13 10:16:10+00:00,2025-08-13 11:02:39+00:00,Python,23,3,2,0,False,60,0,False,False,0
1037278214,popular,2025-08-13 10:31:34+00:00,2026-04-07 10:42:50+00:00,TypeScript,92110,151,59,1,False,39,2,False,False,237
1037282604,popular,2025-08-13 10:39:51+00:00,2025-11-09 18:42:16+00:00,Python,337,77,1,5,True,28,3,False,False,88
1037290676,ordinary,2025-08-13 10:55:19+00:00,2025-10-07 00:01:48+00:00,TypeScript,61,3,0,0,False,123,0,False,False,54
1037295796,popular,2025-08-13 11:05:43+00:00,2026-08-20 14:29:48+00:00,TypeScript,39426,342,8,16,True,69,6,False,True,372
1037295826,popular,2025-08-13 11:05:46+00:00,2025-08-13 11:09:34+00:00,Python,2354,73,31,1,False,51,0,False,False,0
1037299592,popular,2025-08-13 11:12:56+00:00,2026-09-22 12:22:55+00:00,TypeScript,660,131,29,2,True,0,0,False,False,405
1037299695,popular,2025-08-13 11:13:09+00:00,2026-05-27 13:51:07+00:00,Python,2286,447,201,4,False,0,0,False,False,287
1037304870,ordinary,2025-08-13 11:23:21+00:00,2026-03-31 18:51:13+00:00,Go,834,3,1,0,True,24,0,False,False,230
1037306466,ordinary,2025-08-13 11:26:36+00:00,2026-09-28 04:46:59+00:00,TypeScript,3991,3,0,3,False,0,0,False,False,410
1037320753,popular,2025-08-13 11:53:53+00:00,2026-05-24 10:37:41+00:00,Swift,131,71,5,0,True,164,0,False,False,283
1037326481,popular,2025-08-13 12:05:06+00:00,2025-10-01 15:35:35+00:00,JavaScript,15548,63,13,2,True,94,8,False,False,49
1037330068,ordinary,2025-08-13 12:11:49+00:00,2025-08-16 15:16:16+00:00,JavaScript,654,3,0,0,False,4,0,False,False,3
1037330388,popular,2025-08-13 12:12:23+00:00,2026-09-17 13:34:14+00:00,Jupyter Notebook,3616,261,38,3,True,52,0,True,False,400
1037333323,popular,2025-08-13 12:17:33+00:00,2026-06-03 15:39:24+00:00,Python,14008,436,71,4,True,342,0,False,False,294
1037333934,ordinary,2025-08-13 12:18:42+00:00,2025-07-20 00:40:22+00:00,не указан,4899,3,8,0,True,78,0,False,False,0
1037339229,popular,2025-08-13 12:27:51+00:00,2025-08-13 12:43:25+00:00,Jupyter Notebook,239,97,20,0,True,48,6,False,False,0
1037339513,popular,2025-08-13 12:28:21+00:00,2025-08-14 06:08:56+00:00,не указан,11146,169,17,0,False,0,0,False,False,0
1037340800,popular,2025-08-13 12:30:41+00:00,2026-06-05 02:38:22+00:00,Java,407,233,8,0,True,36,4,False,False,295
1037341827,ordinary,2025-08-13 12:32:38+00:00,2026-02-13 10:46:57+00:00,HTML,4,3,0,0,False,0,0,False,False,183
1037342737,ordinary,2025-08-13 12:34:12+00:00,2025-08-16 05:11:07+00:00,Python,9,3,6,0,True,57,0,False,False,2
1037344226,popular,2025-08-13 12:36:53+00:00,2026-06-01 16:42:02+00:00,Python,191,94,19,0,True,27,0,True,False,292
1037346512,popular,2025-08-13 12:41:05+00:00,2025-08-25 07:45:11+00:00,JavaScript,45348,163,54,3,True,239,7,False,False,11
1037349144,popular,2025-08-13 12:46:00+00:00,2026-04-30 13:46:41+00:00,C++,3503,75,19,22,False,67,0,False,False,260
1037357868,ordinary,2025-08-13 13:01:44+00:00,2025-08-13 13:07:20+00:00,Shell,563,3,0,0,False,55,0,False,False,0
1037357959,ordinary,2025-08-13 13:01:53+00:00,2025-09-30 08:28:53+00:00,Python,660,3,0,0,False,135,0,False,False,47
1037359384,popular,2025-08-13 13:04:16+00:00,2026-09-27 20:06:35+00:00,C++,78605,102,15,1,True,43,1,False,False,410
1037362403,ordinary,2025-08-13 13:09:25+00:00,2026-08-25 06:03:20+00:00,Shell,48,3,0,0,False,0,0,True,False,376
1037367299,popular,2025-08-13 13:17:39+00:00,2026-09-28 06:21:10+00:00,Python,174650,348,43,5,True,53,7,False,True,410
1037371499,popular,2025-08-13 13:24:53+00:00,2026-09-21 14:52:48+00:00,не указан,52,187,49,9,True,137,6,False,False,404
1037373037,ordinary,2025-08-13 13:27:32+00:00,2026-07-20 09:12:58+00:00,Python,33,3,0,0,True,0,0,False,False,340
1037373321,ordinary,2025-08-13 13:27:59+00:00,2026-04-03 11:22:13+00:00,не указан,149479,3,0,0,True,185,13,False,False,232
1037375086,popular,2025-08-13 13:31:05+00:00,2025-09-18 01:42:45+00:00,Rust,4851,188,9,2,True,17,7,False,True,35
1037388117,popular,2025-08-13 13:53:07+00:00,2025-08-13 14:57:20+00:00,не указан,29,64,46,2,False,162,0,False,False,0
1037392887,ordinary,2025-08-13 14:01:17+00:00,2025-12-26 11:33:23+00:00,Go,8054,3,0,0,True,0,0,True,False,134
1037404514,popular,2025-08-13 14:20:03+00:00,2026-09-24 19:03:15+00:00,Rust,1696,66,13,0,True,33,8,True,False,407
1037407810,popular,2025-08-13 14:25:14+00:00,2025-09-06 15:13:33+00:00,C++,14813,153,10,0,True,48,0,False,False,24
1037410310,ordinary,2025-08-13 14:29:11+00:00,2025-11-06 05:13:26+00:00,JavaScript,619,3,1,0,False,0,0,False,False,84
1037413102,popular,2025-08-13 14:33:41+00:00,2026-09-10 21:23:37+00:00,TypeScript,50,75,12,3,True,89,0,True,False,393
1037414813,ordinary,2025-08-13 14:36:25+00:00,2026-01-26 18:28:29+00:00,HTML,44911,3,0,0,False,47,0,False,False,166
1037415761,ordinary,2025-08-13 14:37:51+00:00,2025-08-14 17:43:34+00:00,Dart,21,3,0,0,False,23,0,False,False,1
1037416844,popular,2025-08-13 14:39:36+00:00,2026-01-27 09:43:30+00:00,Max,86913,129,3,0,True,109,1,False,False,166
1037418124,popular,2025-08-13 14:41:39+00:00,2026-09-17 13:25:01+00:00,Swift,1631,834,51,31,True,53,0,False,False,399
1037418250,popular,2025-08-13 14:41:49+00:00,2025-09-30 13:35:32+00:00,TypeScript,47,136,158,2,False,0,0,False,False,47
1037422079,popular,2025-08-13 14:47:38+00:00,2025-08-16 12:14:00+00:00,C++,7101,80,8,0,False,11,0,False,False,2
1037424041,popular,2025-08-13 14:50:55+00:00,2026-08-12 15:23:51+00:00,Rust,118388,116,6,0,True,238,20,True,True,364
1037426164,ordinary,2025-08-13 14:54:26+00:00,2025-08-13 03:59:40+00:00,не указан,358,3,0,0,False,30,0,False,False,0
1037427109,popular,2025-08-13 14:56:06+00:00,2026-08-17 09:30:04+00:00,TypeScript,3477,217,30,15,True,72,12,True,True,368
1037433478,popular,2025-08-13 15:06:24+00:00,2025-08-23 15:55:52+00:00,TypeScript,5736,62,18,0,True,40,10,False,False,10
1037443638,popular,2025-08-13 15:23:35+00:00,2026-09-25 01:18:42+00:00,TypeScript,18082,73,8,3,True,70,8,False,False,407
1037443896,ordinary,2025-08-13 15:24:01+00:00,2025-11-26 18:15:02+00:00,Jupyter Notebook,52918,3,1,0,False,125,9,False,False,105
1037453645,ordinary,2025-08-13 15:40:48+00:00,2025-10-16 14:05:16+00:00,JavaScript,183568,3,0,2,True,122,9,False,False,63
1037455159,ordinary,2025-08-13 15:43:31+00:00,2025-08-13 17:26:03+00:00,не указан,5048,3,0,0,False,0,0,False,False,0
1037461381,ordinary,2025-08-13 15:54:15+00:00,2025-09-19 16:52:25+00:00,Python,42,3,2,0,True,0,0,False,False,37
1037462935,popular,2025-08-13 15:57:03+00:00,2026-01-19 09:10:54+00:00,Python,5199,172,7,1,False,207,0,False,False,158
1037468520,ordinary,2025-08-13 16:07:20+00:00,2025-08-13 16:26:59+00:00,CSS,6,3,0,0,True,123,0,False,True,0
1037471795,ordinary,2025-08-13 16:13:02+00:00,2025-08-15 16:50:56+00:00,Python,22,3,0,1,False,103,2,False,False,2
1037480856,ordinary,2025-08-13 16:28:46+00:00,2025-08-13 16:29:55+00:00,не указан,2,3,0,1,False,49,0,False,False,0
1037485111,ordinary,2025-08-13 16:36:50+00:00,2026-09-28 10:59:55+00:00,TypeScript,620,3,0,0,True,156,15,False,False,410
1037488078,ordinary,2025-08-13 16:42:06+00:00,2025-08-24 11:11:24+00:00,C++,4527,3,0,0,False,160,10,False,False,10
1037492383,ordinary,2025-08-13 16:49:54+00:00,2026-01-29 09:24:50+00:00,Jupyter Notebook,30972,3,1,0,False,110,7,False,False,168
1037492549,ordinary,2025-08-13 16:50:12+00:00,2026-08-06 20:05:11+00:00,PHP,343,3,0,0,False,57,0,False,False,358
1037501464,ordinary,2025-08-13 17:05:41+00:00,2025-09-07 09:26:55+00:00,Python,22443,3,0,0,False,61,0,False,False,24
1037501655,popular,2025-08-13 17:05:59+00:00,2026-08-12 21:33:34+00:00,HTML,8786,100,2,0,True,156,12,False,False,364
1037503200,ordinary,2025-08-13 17:08:41+00:00,2025-08-13 17:44:56+00:00,Java,104,3,0,0,False,0,0,False,False,0
1037504027,ordinary,2025-08-13 17:10:09+00:00,2025-09-11 15:09:32+00:00,TypeScript,16420,3,0,2,True,126,0,False,False,28
1037508683,popular,2025-08-13 17:19:09+00:00,2025-10-30 09:34:18+00:00,Rust,3789,369,24,13,False,109,7,False,False,77
1037509092,ordinary,2025-08-13 17:19:54+00:00,2026-06-04 22:40:11+00:00,Python,109,3,0,0,True,74,0,False,False,295
1037512379,ordinary,2025-08-13 17:26:04+00:00,2026-06-09 16:34:56+00:00,Jupyter Notebook,1547537,3,0,0,True,37,0,True,True,299
1037520008,popular,2025-08-13 17:40:32+00:00,2025-08-14 06:43:32+00:00,Swift,2867,62,6,0,False,132,5,False,False,0
1037525690,ordinary,2025-08-13 17:50:55+00:00,2026-04-19 00:35:02+00:00,Jupyter Notebook,168928,3,0,0,True,36,0,False,False,248
1037526294,ordinary,2025-08-13 17:52:04+00:00,2025-08-13 17:52:06+00:00,Swift,7,3,0,0,False,0,0,False,False,0
1037528675,popular,2025-08-13 17:56:33+00:00,2025-11-10 10:23:42+00:00,Python,210737,951,146,1,False,0,0,False,False,88
1037530390,popular,2025-08-13 17:59:55+00:00,2025-08-20 10:39:13+00:00,Kotlin,630,64,9,0,False,0,0,False,False,6
1037534359,popular,2025-08-13 18:07:39+00:00,2025-11-29 12:14:42+00:00,Jupyter Notebook,68766,215,33,0,True,53,12,False,True,107
1037541418,ordinary,2025-08-13 18:21:21+00:00,2026-05-21 23:05:54+00:00,TeX,14648,3,0,0,True,45,0,False,False,281
1037544538,ordinary,2025-08-13 18:27:08+00:00,2025-08-22 16:16:32+00:00,C,2399,3,0,0,False,309,5,False,False,8
1037545232,popular,2025-08-13 18:28:25+00:00,2026-04-05 22:51:01+00:00,не указан,134699,455,6,1,False,45,0,False,False,235
1037547363,ordinary,2025-08-13 18:32:43+00:00,2025-08-14 16:14:35+00:00,Python,62,3,0,0,True,103,13,False,False,0
1037548369,ordinary,2025-08-13 18:34:48+00:00,2025-09-03 04:00:24+00:00,Python,15,3,1,0,False,137,0,True,False,20
1037553563,popular,2025-08-13 18:45:11+00:00,2025-08-19 18:39:23+00:00,Astro,97866,82,65,0,True,0,0,False,False,5
1037555228,popular,2025-08-13 18:48:42+00:00,2025-08-14 07:31:58+00:00,Python,76,81,10,0,True,273,0,False,False,0
1037556932,popular,2025-08-13 18:52:15+00:00,2026-09-28 10:37:49+00:00,Rust,17096,138,9,152,True,91,11,True,False,410
1037563351,popular,2025-08-13 19:06:34+00:00,2026-09-25 03:12:52+00:00,C,53986,491,74,0,False,0,0,True,True,407
1037565032,ordinary,2025-08-13 19:10:15+00:00,2025-09-15 17:56:42+00:00,VHDL,709,3,0,0,False,21,0,False,False,32
1037568791,popular,2025-08-13 19:19:03+00:00,2025-08-14 21:01:05+00:00,Shell,208,85,21,13,True,55,3,False,False,1
1037570969,ordinary,2025-08-13 19:23:57+00:00,2025-08-13 19:41:07+00:00,LLVM,248657,3,0,0,False,12,0,False,False,0
1037571527,ordinary,2025-08-13 19:25:15+00:00,2026-09-28 05:10:52+00:00,Nunjucks,5571,3,3,16,False,0,0,True,False,410
1037575960,ordinary,2025-08-13 19:35:12+00:00,2025-08-14 06:43:57+00:00,PHP,5,3,0,0,False,127,0,False,False,0
1037577620,ordinary,2025-08-13 19:38:59+00:00,2025-09-12 18:08:32+00:00,не указан,22,3,2,0,True,126,0,True,False,29
1037580209,popular,2025-08-13 19:44:57+00:00,2026-09-28 12:23:21+00:00,HTML,119466,84,2,0,True,90,20,True,False,410
1037582926,popular,2025-08-13 19:51:18+00:00,2026-02-04 12:04:06+00:00,TypeScript,257,250,20,1,True,40,0,False,False,174
1037589052,popular,2025-08-13 20:04:42+00:00,2025-10-25 21:29:17+00:00,не указан,35,64,14,0,True,283,0,False,False,73
1037589783,popular,2025-08-13 20:06:23+00:00,2026-09-28 12:00:31+00:00,TypeScript,108669,961,91,236,True,73,0,True,False,410
1037590278,ordinary,2025-08-13 20:07:32+00:00,2025-08-13 20:47:27+00:00,не указан,1416,3,0,0,False,133,0,False,False,0
1037590476,ordinary,2025-08-13 20:08:01+00:00,2026-06-09 09:34:39+00:00,IDL,16611,3,1,1,False,220,0,False,False,299
1037594812,ordinary,2025-08-13 20:17:52+00:00,2025-08-14 21:35:06+00:00,Java,7,3,0,0,False,211,0,False,False,1
1037596727,ordinary,2025-08-13 20:22:24+00:00,2026-09-01 22:39:49+00:00,Rust,689,3,0,9,True,97,0,True,False,384
1037598427,popular,2025-08-13 20:26:34+00:00,2025-08-13 20:38:58+00:00,Python,1647,184,11,0,False,128,3,False,False,0
1037599563,popular,2025-08-13 20:29:23+00:00,2026-09-28 12:23:21+00:00,HTML,186292,64,3,0,True,85,20,True,False,410
1037600701,popular,2025-08-13 20:32:26+00:00,2025-11-26 12:15:55+00:00,не указан,1597,193,27,0,True,61,17,False,False,104
1037603204,ordinary,2025-08-13 20:38:39+00:00,2025-09-10 16:04:30+00:00,не указан,31628,3,0,0,False,55,0,True,False,27
1037603580,ordinary,2025-08-13 20:39:32+00:00,2026-01-17 21:22:18+00:00,Go,1522,3,0,40,True,39,8,False,True,157
1037603746,ordinary,2025-08-13 20:39:57+00:00,2025-08-13 20:54:17+00:00,JavaScript,17,3,0,0,True,19,0,False,False,0
1037605058,popular,2025-08-13 20:42:56+00:00,2025-12-15 22:33:22+00:00,Swift,780,365,23,4,True,54,0,True,False,124
1037614081,ordinary,2025-08-13 21:06:46+00:00,2025-11-22 12:41:08+00:00,TypeScript,328,3,0,1,False,33,0,False,False,100
1037623872,ordinary,2025-08-13 21:35:23+00:00,2026-04-26 15:17:27+00:00,Python,229579,3,0,9,False,0,0,False,False,255
1037625782,popular,2025-08-13 21:40:47+00:00,2026-09-12 16:44:16+00:00,C,212,69,3,3,True,129,3,False,False,394
1037626803,ordinary,2025-08-13 21:43:27+00:00,2026-09-28 11:03:04+00:00,не указан,1888,3,0,0,True,146,18,False,False,410
1037626966,ordinary,2025-08-13 21:43:57+00:00,2026-04-30 00:44:54+00:00,C#,1668,3,1,0,True,39,0,True,False,259
1037635114,popular,2025-08-13 22:08:27+00:00,2026-05-22 20:28:12+00:00,Lean,23861,71,40,48,True,16,0,False,False,281
1037639876,popular,2025-08-13 22:23:04+00:00,2026-09-27 13:31:06+00:00,Lua,357,81,4,1,True,37,5,False,False,409
1037640771,popular,2025-08-13 22:25:44+00:00,2026-02-22 17:42:37+00:00,TypeScript,1271,61,10,2,True,76,6,True,True,192
1037641347,popular,2025-08-13 22:27:21+00:00,2025-08-13 22:27:27+00:00,Rust,64,178,78,0,False,24,0,True,False,0
1037641988,ordinary,2025-08-13 22:29:12+00:00,2026-07-11 19:27:38+00:00,C#,2365,3,0,1,True,48,0,True,False,331
1037648522,popular,2025-08-13 22:50:04+00:00,2026-09-16 17:42:28+00:00,Game Maker Language,72924,93,80,1,True,57,4,False,False,398
1037651325,ordinary,2025-08-13 22:59:36+00:00,2025-08-14 00:09:10+00:00,TypeScript,34,3,0,0,False,9,0,False,False,0
1037652769,popular,2025-08-13 23:04:24+00:00,2026-09-19 02:36:15+00:00,Python,4726,138,15,8,True,0,0,True,False,401
1037656220,popular,2025-08-13 23:16:00+00:00,2026-07-08 23:23:13+00:00,Lua,97,63,3,5,True,76,2,False,False,329
1037657051,ordinary,2025-08-13 23:18:56+00:00,2026-02-24 18:23:58+00:00,Rust,110,3,0,0,True,53,5,False,False,194
1037660338,ordinary,2025-08-13 23:30:09+00:00,2026-09-25 19:54:07+00:00,Jinja,1584,3,0,9,True,42,0,False,False,407
1037663463,popular,2025-08-13 23:40:57+00:00,2026-01-24 12:03:41+00:00,Kotlin,174849,99,4,2,True,13,4,False,False,163
1037665011,ordinary,2025-08-13 23:46:30+00:00,2025-08-14 00:15:00+00:00,Go,3,3,2,0,False,0,0,True,False,0
1037681093,ordinary,2025-08-14 00:42:44+00:00,2025-08-14 00:42:46+00:00,JavaScript,4,3,0,0,False,39,0,False,True,0
1037683900,ordinary,2025-08-14 00:52:31+00:00,2026-07-21 08:15:52+00:00,Go,1795,3,0,0,True,30,0,False,False,341
1037685296,ordinary,2025-08-14 00:57:30+00:00,2025-08-14 09:18:26+00:00,TypeScript,200,3,0,0,True,56,0,False,False,0
1037687065,ordinary,2025-08-14 01:03:33+00:00,2026-08-20 01:46:56+00:00,Julia,75040,3,5,0,True,42,0,True,True,371
1037687477,popular,2025-08-14 01:04:53+00:00,2026-05-22 02:35:51+00:00,Python,235442,7931,1369,167,True,104,0,True,True,281
1037687596,ordinary,2025-08-14 01:05:16+00:00,2025-10-12 01:13:46+00:00,Python,3111,3,0,0,True,35,0,False,False,59
1037688531,popular,2025-08-14 01:08:21+00:00,2025-10-22 20:37:48+00:00,JavaScript,32,120,37,0,False,69,0,False,False,69
1037691338,ordinary,2025-08-14 01:17:42+00:00,2025-10-15 01:28:04+00:00,Python,300,3,0,0,True,41,0,True,False,62
1037692212,popular,2025-08-14 01:20:35+00:00,2026-07-30 02:00:54+00:00,не указан,70,414,53,8,False,0,0,False,False,350
1037693767,popular,2025-08-14 01:25:27+00:00,2026-08-20 22:44:16+00:00,Python,166364,449,52,35,True,64,0,True,True,371
1037695526,ordinary,2025-08-14 01:31:01+00:00,2026-01-06 06:12:06+00:00,Python,592,3,0,0,True,107,6,False,False,145
1037699621,ordinary,2025-08-14 01:43:54+00:00,2025-08-14 02:29:15+00:00,Batchfile,19,3,1,0,False,0,0,False,False,0
1037703510,ordinary,2025-08-14 01:56:13+00:00,2025-11-26 10:15:32+00:00,PHP,264,3,0,0,False,0,0,False,False,104
1037704023,popular,2025-08-14 01:57:35+00:00,2026-09-25 22:18:28+00:00,TypeScript,7251,1420,216,83,True,139,16,True,False,407
1037704035,popular,2025-08-14 01:57:37+00:00,2026-06-18 05:36:23+00:00,Python,1440,184,77,72,True,29,0,True,False,308
1037705300,popular,2025-08-14 02:01:37+00:00,2026-01-26 04:24:01+00:00,C#,445199,113,14,0,True,0,0,True,False,165
1037708742,ordinary,2025-08-14 02:12:15+00:00,2025-08-29 19:01:57+00:00,не указан,17,3,0,0,True,154,19,False,False,15
1037712426,popular,2025-08-14 02:23:24+00:00,2026-07-19 19:09:50+00:00,C++,125745,411,71,13,True,147,5,False,False,339
1037713152,ordinary,2025-08-14 02:25:32+00:00,2025-08-21 19:50:54+00:00,C++,144,3,0,0,False,46,0,False,False,7
1037715476,popular,2025-08-14 02:32:38+00:00,2026-09-28 04:44:32+00:00,Python,48909,279,48,1,True,35,0,True,False,410
1037726059,popular,2025-08-14 03:04:23+00:00,2026-07-23 20:22:57+00:00,Python,2450,167,56,2,False,60,0,True,False,343
1037726428,ordinary,2025-08-14 03:05:35+00:00,2025-08-14 03:08:04+00:00,не указан,1,3,0,0,False,14,0,False,False,0
1037738708,popular,2025-08-14 03:43:36+00:00,2026-06-04 03:57:19+00:00,Python,98809,873,168,72,True,187,13,True,True,294
1037741738,popular,2025-08-14 03:52:19+00:00,2026-09-28 10:07:17+00:00,Python,15165,5393,753,278,True,72,6,True,False,410
1037741784,popular,2025-08-14 03:52:26+00:00,2026-09-16 08:39:20+00:00,Python,28291,158,22,53,True,38,0,False,False,398
1037748718,ordinary,2025-08-14 04:13:04+00:00,2025-08-14 04:46:41+00:00,TypeScript,146,3,0,0,True,69,3,False,False,0
1037748985,ordinary,2025-08-14 04:13:52+00:00,2025-10-04 19:30:50+00:00,Python,30,3,0,0,True,222,0,False,False,51
1037749778,ordinary,2025-08-14 04:15:58+00:00,2025-08-14 10:27:13+00:00,JavaScript,60,3,1,0,False,70,0,False,False,0
1037751337,ordinary,2025-08-14 04:20:13+00:00,2025-08-15 20:07:09+00:00,не указан,10,3,1,0,False,0,0,False,False,1
1037755418,popular,2025-08-14 04:31:40+00:00,2026-09-08 20:47:50+00:00,Python,194063,973,185,88,True,98,0,True,True,390
1037755887,popular,2025-08-14 04:33:04+00:00,2026-09-17 00:29:56+00:00,Java,6853,522,35,62,True,172,12,True,True,398
1037758131,popular,2025-08-14 04:39:49+00:00,2026-07-29 06:58:02+00:00,Python,22669,528,42,9,True,99,0,True,False,349
1037758276,ordinary,2025-08-14 04:40:12+00:00,2025-08-22 06:26:43+00:00,HTML,288,3,2,1,False,0,0,False,False,8
1037759453,popular,2025-08-14 04:43:27+00:00,2026-05-06 10:44:57+00:00,не указан,4093,361,13,0,False,23,0,False,False,265
1037766289,popular,2025-08-14 05:02:09+00:00,2025-10-20 08:03:19+00:00,Python,348,170,25,2,False,145,10,True,False,67
1037768600,popular,2025-08-14 05:08:27+00:00,2026-02-12 09:56:42+00:00,Python,4165,110,11,1,True,71,0,True,False,182
1037771504,ordinary,2025-08-14 05:16:16+00:00,2026-09-28 11:00:01+00:00,Python,552,3,1,0,True,157,5,False,False,410
1037773366,ordinary,2025-08-14 05:21:08+00:00,2025-08-14 13:40:46+00:00,Python,341,3,0,0,True,45,0,True,False,0
1037775459,popular,2025-08-14 05:26:26+00:00,2026-04-10 12:54:47+00:00,не указан,269123,289,25,0,True,0,0,False,False,239
1037782291,popular,2025-08-14 05:44:02+00:00,2026-06-04 04:48:27+00:00,JavaScript,8888,256,15,10,True,126,14,False,False,293
1037793270,popular,2025-08-14 06:09:33+00:00,2026-09-23 21:07:44+00:00,Dart,5731,120,7,15,True,11,0,True,True,405
1037794453,popular,2025-08-14 06:12:16+00:00,2025-10-20 20:33:00+00:00,TypeScript,10064,433,66,4,True,139,7,False,False,67
1037799580,ordinary,2025-08-14 06:23:38+00:00,2025-08-14 06:32:48+00:00,TypeScript,11889,3,0,0,True,78,0,False,False,0
1037802639,popular,2025-08-14 06:30:07+00:00,2026-05-18 19:22:32+00:00,Jupyter Notebook,141,74,13,0,False,66,0,False,False,277
1037809186,ordinary,2025-08-14 06:43:13+00:00,2025-08-14 10:40:06+00:00,Python,12,3,1,0,False,84,0,False,False,0
1037813825,popular,2025-08-14 06:52:47+00:00,2025-08-14 07:13:32+00:00,не указан,186,119,23,6,False,21,0,False,False,0
1037815880,ordinary,2025-08-14 06:57:18+00:00,2026-09-28 12:02:50+00:00,Python,12816,3,5,0,False,107,0,False,False,410
1037817533,popular,2025-08-14 07:00:41+00:00,2026-09-23 07:25:35+00:00,C++,9021,124,15,1,True,38,0,False,False,405
1037822805,ordinary,2025-08-14 07:11:48+00:00,2025-08-14 09:38:15+00:00,Python,1997,3,0,0,False,248,0,False,False,0
1037826231,ordinary,2025-08-14 07:18:42+00:00,2025-08-19 09:53:34+00:00,GDScript,2394,3,0,0,True,106,0,False,False,5
1037827853,popular,2025-08-14 07:22:06+00:00,2026-02-28 06:19:37+00:00,JavaScript,2851,127,2,0,True,162,0,False,False,197
1037831547,popular,2025-08-14 07:29:35+00:00,2026-02-07 13:02:38+00:00,Python,814,142,25,1,True,0,0,False,False,177
1037832735,ordinary,2025-08-14 07:32:12+00:00,2025-09-24 09:46:55+00:00,CSS,10177,3,2,0,False,0,0,False,False,41
1037833722,ordinary,2025-08-14 07:34:09+00:00,2025-08-22 11:42:15+00:00,JavaScript,263,3,0,0,True,73,0,False,False,8
1037835754,ordinary,2025-08-14 07:38:27+00:00,2025-08-18 13:02:34+00:00,C++,2123,3,1,0,False,18,0,False,False,4
1037837020,ordinary,2025-08-14 07:41:00+00:00,2026-02-20 08:56:21+00:00,Python,717,3,0,0,True,164,18,False,False,190
1037839478,ordinary,2025-08-14 07:46:08+00:00,2026-08-17 21:55:32+00:00,C,28744,3,1,0,True,18,0,False,False,368
1037842381,ordinary,2025-08-14 07:51:57+00:00,2025-08-17 07:43:21+00:00,Jupyter Notebook,116368,3,0,0,True,21,0,False,False,2
1037845138,popular,2025-08-14 07:57:38+00:00,2026-09-16 05:56:59+00:00,JavaScript,3484,135,318,8,False,9,0,False,False,397
1037846286,ordinary,2025-08-14 07:59:57+00:00,2025-08-14 08:01:24+00:00,JavaScript,1403,3,0,0,False,264,0,False,False,0
1037846811,ordinary,2025-08-14 08:00:57+00:00,2026-03-28 19:11:25+00:00,HTML,61,3,0,0,False,100,0,False,False,226
1037847071,ordinary,2025-08-14 08:01:30+00:00,2025-09-29 00:42:57+00:00,Shell,267,3,0,0,False,141,6,False,False,45
1037847290,popular,2025-08-14 08:01:56+00:00,2025-12-05 06:47:13+00:00,не указан,28052,439,66,1,False,38,0,True,False,112
1037849010,ordinary,2025-08-14 08:05:22+00:00,2025-08-17 11:48:23+00:00,C#,1097,3,0,0,True,32,0,False,False,3
1037851667,popular,2025-08-14 08:10:50+00:00,2026-09-25 07:56:26+00:00,Jupyter Notebook,11816,74,3,0,True,198,19,True,False,406
1037856100,ordinary,2025-08-14 08:19:57+00:00,2026-06-30 23:53:00+00:00,не указан,4161,3,0,0,False,62,6,False,True,320
1037861043,popular,2025-08-14 08:30:01+00:00,2025-11-27 01:40:06+00:00,C#,49024,232,37,0,True,170,4,True,False,104
1037861644,popular,2025-08-14 08:31:17+00:00,2025-08-30 05:49:25+00:00,Python,24677,171,10,2,False,33,0,False,False,15
1037865236,ordinary,2025-08-14 08:38:19+00:00,2026-07-10 09:46:12+00:00,не указан,595,3,0,0,True,137,2,False,False,330
1037867715,ordinary,2025-08-14 08:43:26+00:00,2026-04-14 13:25:09+00:00,C++,768,3,0,0,False,49,0,False,True,243
1037868089,popular,2025-08-14 08:44:13+00:00,2026-09-27 09:26:44+00:00,HTML,340653,728,133,126,False,31,19,True,True,409
1037870356,ordinary,2025-08-14 08:48:53+00:00,2026-06-24 03:56:06+00:00,TypeScript,1570,3,0,2,True,66,5,False,False,313
1037871209,popular,2025-08-14 08:50:25+00:00,2026-02-27 17:05:44+00:00,Python,64104,696,26,1,True,165,0,True,True,197
1037871284,popular,2025-08-14 08:50:36+00:00,2026-04-28 09:56:01+00:00,Python,90,375,37,1,True,146,4,True,False,257
1037873370,popular,2025-08-14 08:54:43+00:00,2025-10-24 03:32:55+00:00,не указан,394,215,9,2,False,13,0,False,False,70
1037879980,ordinary,2025-08-14 09:07:35+00:00,2025-09-25 06:50:36+00:00,Vue,110,3,0,0,False,0,0,False,False,41
1037881827,popular,2025-08-14 09:10:48+00:00,2025-08-14 09:52:50+00:00,JavaScript,57,167,53,4,True,111,0,True,False,0
1037882481,popular,2025-08-14 09:12:07+00:00,2026-08-10 11:33:40+00:00,TypeScript,4066,1682,411,247,True,60,14,True,False,361
1037885932,ordinary,2025-08-14 09:18:52+00:00,2025-11-23 09:26:49+00:00,MATLAB,11474,3,0,0,True,65,0,False,False,101
1037886915,popular,2025-08-14 09:20:53+00:00,2025-11-06 14:02:59+00:00,Python,5334,238,20,7,True,104,0,True,False,84
1037887708,popular,2025-08-14 09:22:27+00:00,2025-08-20 15:16:18+00:00,C#,9,172,13,0,True,118,0,False,False,6
1037888649,popular,2025-08-14 09:24:27+00:00,2025-08-16 15:36:58+00:00,Go,45,96,22,2,True,30,0,False,False,2
1037891747,ordinary,2025-08-14 09:30:11+00:00,2026-09-28 11:00:03+00:00,не указан,590,3,0,0,True,151,18,False,False,410
1037892603,popular,2025-08-14 09:31:55+00:00,2026-09-09 14:08:09+00:00,TypeScript,10139,1194,99,20,True,251,3,False,False,391
1037895374,popular,2025-08-14 09:37:22+00:00,2025-09-13 01:49:37+00:00,Python,3398,69,15,3,True,50,0,False,False,29
1037895946,ordinary,2025-08-14 09:38:29+00:00,2025-08-14 09:47:59+00:00,Python,32,3,0,0,True,30,0,False,False,0
1037898767,ordinary,2025-08-14 09:43:52+00:00,2026-03-21 10:00:18+00:00,TypeScript,5670,3,0,0,False,134,0,True,False,219
1037901350,popular,2025-08-14 09:48:52+00:00,2026-04-10 11:39:52+00:00,Java,19892,396,133,1,False,0,0,True,False,239
1037913192,popular,2025-08-14 10:12:09+00:00,2025-12-29 11:07:17+00:00,не указан,21,171,13,3,False,174,18,False,False,137
1037914380,popular,2025-08-14 10:14:27+00:00,2026-08-20 07:34:33+00:00,TypeScript,2626,153,14,7,True,62,4,False,False,370
1037917161,ordinary,2025-08-14 10:19:51+00:00,2026-06-22 12:01:55+00:00,не указан,3,3,1,1,False,0,0,False,False,312
1037922321,ordinary,2025-08-14 10:30:10+00:00,2025-10-16 15:22:53+00:00,Python,165994,3,1,0,False,0,0,False,False,63
1037931859,ordinary,2025-08-14 10:50:27+00:00,2025-08-29 17:04:29+00:00,Python,479,3,2,1,True,76,0,False,False,15
1037937423,ordinary,2025-08-14 11:02:45+00:00,2026-04-13 02:46:39+00:00,не указан,14,3,2,0,False,35,0,False,False,241
1037945872,ordinary,2025-08-14 11:20:26+00:00,2026-09-16 08:40:45+00:00,Python,6012,3,0,4,True,81,0,False,False,397
1037956264,ordinary,2025-08-14 11:42:06+00:00,2026-09-28 11:00:07+00:00,не указан,517,3,0,0,True,157,10,False,False,409
1037958186,popular,2025-08-14 11:45:58+00:00,2026-02-07 17:51:56+00:00,Python,692,78,8,4,True,0,0,False,False,177
1037960902,ordinary,2025-08-14 11:51:49+00:00,2026-06-25 18:55:04+00:00,Java,357,3,0,0,False,0,0,True,False,315
1037962296,popular,2025-08-14 11:54:36+00:00,2026-09-27 08:00:24+00:00,Python,3620,5213,1362,12,True,60,9,False,False,408
1037963377,ordinary,2025-08-14 11:56:53+00:00,2025-08-14 11:59:24+00:00,MATLAB,10680,3,0,0,False,0,0,True,False,0
1037969204,popular,2025-08-14 12:08:31+00:00,2025-09-08 06:12:54+00:00,Python,1822,160,49,1,True,55,0,True,False,24
1037969412,popular,2025-08-14 12:08:56+00:00,2026-05-07 18:34:35+00:00,Python,3364,75,9,1,True,82,0,True,False,266
1037971465,ordinary,2025-08-14 12:13:09+00:00,2025-11-14 12:22:19+00:00,JavaScript,13022,3,1,0,False,115,0,False,False,92
1037974357,ordinary,2025-08-14 12:19:01+00:00,2025-08-20 15:34:43+00:00,Python,44,3,3,4,False,0,0,False,False,6
1037974407,popular,2025-08-14 12:19:06+00:00,2026-09-25 20:33:00+00:00,Java,3625,81,10,16,True,207,20,False,False,407
1037981681,ordinary,2025-08-14 12:33:35+00:00,2025-10-15 18:33:31+00:00,Kotlin,5093,3,3,0,False,177,6,False,False,62
1037983028,ordinary,2025-08-14 12:36:06+00:00,2025-08-20 15:15:58+00:00,TypeScript,1536,3,0,0,False,0,0,False,False,6
1037984864,ordinary,2025-08-14 12:39:32+00:00,2025-10-13 08:54:31+00:00,не указан,2,3,0,0,True,122,0,False,False,59
1037988055,ordinary,2025-08-14 12:45:41+00:00,2025-09-09 12:40:57+00:00,Rust,26,3,0,0,False,38,0,False,False,25
1037997951,popular,2025-08-14 13:05:05+00:00,2026-08-14 21:59:12+00:00,Dart,98823,130,8,0,False,33,0,False,True,365
1038003095,ordinary,2025-08-14 13:14:44+00:00,2026-01-29 14:15:18+00:00,не указан,196,3,0,0,False,0,0,False,False,168
1038006037,ordinary,2025-08-14 13:20:08+00:00,2025-12-07 23:49:20+00:00,Jupyter Notebook,10131,3,3,0,False,346,0,False,False,115
1038011642,ordinary,2025-08-14 13:30:10+00:00,2025-11-26 13:53:12+00:00,TypeScript,807,3,0,0,True,40,0,False,False,104
1038012475,popular,2025-08-14 13:31:45+00:00,2026-02-07 05:12:46+00:00,Go,4843,296,15,1,True,115,0,False,True,176
1038016131,popular,2025-08-14 13:38:20+00:00,2026-04-17 09:26:14+00:00,Python,74,70,9,2,True,46,0,True,False,245
1038022929,popular,2025-08-14 13:50:26+00:00,2025-09-19 07:04:25+00:00,Python,53594,423,41,5,True,92,2,True,False,35
1038026910,ordinary,2025-08-14 13:57:15+00:00,2025-08-14 13:59:48+00:00,не указан,2,3,0,0,False,60,0,False,False,0
1038029104,popular,2025-08-14 14:01:05+00:00,2026-09-24 05:27:45+00:00,Vue,860,195,14,17,True,72,3,True,False,405
1038038177,ordinary,2025-08-14 14:17:03+00:00,2025-08-14 14:20:10+00:00,TypeScript,41,3,0,0,False,0,0,False,False,0
1038040101,ordinary,2025-08-14 14:20:18+00:00,2025-08-14 23:19:56+00:00,Python,32,3,3,0,True,0,0,False,False,0
1038051130,popular,2025-08-14 14:39:06+00:00,2025-08-14 14:47:03+00:00,не указан,3274,382,120,1,False,5,0,False,False,0
1038051541,popular,2025-08-14 14:39:49+00:00,2026-01-06 12:33:46+00:00,не указан,11,76,11,0,False,20,0,False,False,144
1038051897,popular,2025-08-14 14:40:28+00:00,2025-10-06 18:53:49+00:00,Jupyter Notebook,2872335,235,42,2,True,106,0,False,False,53
1038052605,ordinary,2025-08-14 14:41:43+00:00,2026-05-03 20:36:48+00:00,Dart,2169,3,0,0,False,33,0,False,False,262
1038057277,popular,2025-08-14 14:49:54+00:00,2026-09-25 17:36:27+00:00,TypeScript,646,283,3,1,True,51,7,False,False,407
1038057467,popular,2025-08-14 14:50:16+00:00,2026-05-23 01:14:05+00:00,TypeScript,24909,627,26,30,True,84,5,True,False,281
1038058354,ordinary,2025-08-14 14:51:49+00:00,2026-07-02 20:07:32+00:00,JavaScript,24585,3,0,0,True,0,0,False,False,322
1038061391,popular,2025-08-14 14:57:28+00:00,2025-09-23 13:32:54+00:00,Python,504,137,18,4,False,0,0,True,False,39
1038064145,ordinary,2025-08-14 15:02:32+00:00,2025-08-24 17:29:02+00:00,не указан,22874,3,0,1,True,145,0,False,False,10
1038075344,popular,2025-08-14 15:22:41+00:00,2026-07-27 13:22:34+00:00,TypeScript,31108,71,12,0,False,84,0,False,False,346
1038075560,popular,2025-08-14 15:23:03+00:00,2026-04-04 12:18:33+00:00,Python,29559,90,11,10,True,114,0,False,False,232
1038080437,ordinary,2025-08-14 15:32:08+00:00,2025-08-14 15:43:39+00:00,GDScript,118,3,0,0,False,28,0,False,False,0
1038081525,popular,2025-08-14 15:34:18+00:00,2026-02-18 10:20:53+00:00,Svelte,1535,298,16,10,True,208,15,False,False,187
1038086068,popular,2025-08-14 15:42:24+00:00,2025-11-03 11:38:45+00:00,Typst,6612,160,2,0,False,106,0,False,False,80
1038087718,ordinary,2025-08-14 15:45:27+00:00,2026-09-10 21:43:31+00:00,HTML,757,3,0,0,False,0,0,True,True,392
1038089144,popular,2025-08-14 15:48:05+00:00,2025-08-31 23:23:06+00:00,Jupyter Notebook,7636,124,39,0,False,72,0,False,False,17
1038092454,ordinary,2025-08-14 15:54:15+00:00,2025-08-14 15:57:41+00:00,Pascal,10,3,0,0,False,31,0,False,False,0
1038092966,popular,2025-08-14 15:55:12+00:00,2025-08-19 00:03:55+00:00,C,33,147,25,0,True,46,0,True,False,4
1038096691,ordinary,2025-08-14 16:02:04+00:00,2025-12-09 22:20:17+00:00,Jupyter Notebook,388041,3,0,0,False,0,0,False,False,117
1038108561,ordinary,2025-08-14 16:24:45+00:00,2026-06-14 08:42:21+00:00,Dart,3536,3,0,0,False,6,0,False,False,303
1038111297,popular,2025-08-14 16:29:55+00:00,2026-09-23 14:58:56+00:00,Python,68,137,10,0,True,81,0,True,False,404
1038120543,ordinary,2025-08-14 16:48:22+00:00,2026-08-13 16:25:28+00:00,Swift,1208,3,0,1,True,66,8,False,True,363
1038127258,popular,2025-08-14 17:01:45+00:00,2026-09-10 09:46:23+00:00,Go,413,95,11,11,True,69,10,True,False,391
1038129243,popular,2025-08-14 17:05:40+00:00,2026-09-18 15:34:56+00:00,HTML,5075,70,3,0,False,19,0,False,True,399
1038136206,ordinary,2025-08-14 17:19:14+00:00,2026-05-18 14:22:43+00:00,HCL,198,3,0,0,True,196,9,True,False,276
1038136275,popular,2025-08-14 17:19:21+00:00,2026-09-21 12:41:11+00:00,Kotlin,2674,953,26,2,True,66,0,False,False,402
1038138284,popular,2025-08-14 17:23:14+00:00,2025-08-14 18:33:56+00:00,не указан,13,183,44,0,False,26,0,True,False,0
1038141214,popular,2025-08-14 17:28:46+00:00,2026-05-27 13:05:44+00:00,Go,823,173,41,19,True,98,4,True,True,285
1038142393,popular,2025-08-14 17:31:07+00:00,2025-09-26 10:46:26+00:00,CSS,7309,96,4,0,False,0,0,False,False,42
1038143726,ordinary,2025-08-14 17:33:38+00:00,2025-08-14 20:09:41+00:00,не указан,1792,3,0,0,False,198,10,False,False,0
1038144832,popular,2025-08-14 17:35:32+00:00,2025-12-29 18:48:06+00:00,JavaScript,81,76,6,2,True,43,0,False,False,137
1038146058,ordinary,2025-08-14 17:37:45+00:00,2026-01-12 19:08:38+00:00,Jupyter Notebook,4196,3,0,0,True,338,0,False,False,151
1038151475,popular,2025-08-14 17:48:08+00:00,2026-08-15 17:53:59+00:00,Python,4707,149,21,9,True,102,4,False,False,366
1038153811,popular,2025-08-14 17:52:47+00:00,2026-09-27 21:22:34+00:00,TypeScript,90606,212,33,14,True,202,18,False,False,409
1038155892,ordinary,2025-08-14 17:56:49+00:00,2026-02-21 05:22:21+00:00,не указан,24,3,0,1,False,0,0,False,False,190
1038158044,ordinary,2025-08-14 18:00:53+00:00,2025-09-02 21:54:23+00:00,Python,4423,3,0,0,False,30,0,False,False,19
1038171870,ordinary,2025-08-14 18:29:30+00:00,2026-08-08 01:38:39+00:00,Python,10115,3,1,0,True,13,0,True,True,358
1038174702,ordinary,2025-08-14 18:35:38+00:00,2025-09-26 03:52:11+00:00,TypeScript,5639,3,0,0,False,0,0,False,False,42
1038177441,ordinary,2025-08-14 18:41:42+00:00,2025-09-03 10:52:48+00:00,ShaderLab,58199,3,0,0,False,0,0,False,False,19
1038183492,ordinary,2025-08-14 18:55:10+00:00,2025-08-14 18:58:36+00:00,не указан,3501,3,0,0,False,43,1,False,False,0
1038184437,ordinary,2025-08-14 18:57:14+00:00,2025-08-14 19:21:06+00:00,Python,14,3,1,0,True,142,0,False,False,0
1038186234,ordinary,2025-08-14 19:01:21+00:00,2025-08-15 08:41:03+00:00,HTML,606,3,0,0,False,0,0,False,True,0
1038194246,popular,2025-08-14 19:19:13+00:00,2026-03-12 03:47:51+00:00,TeX,30,1697,142,1,True,31,5,False,False,209
1038194289,ordinary,2025-08-14 19:19:17+00:00,2026-03-25 15:24:53+00:00,Solidity,1194,3,1,30,False,0,0,True,False,222
1038194824,ordinary,2025-08-14 19:20:30+00:00,2025-09-29 22:51:01+00:00,HTML,2760,3,1,0,False,45,0,False,False,46
1038196040,popular,2025-08-14 19:23:15+00:00,2026-09-25 23:39:20+00:00,Python,2683,1241,262,6,True,300,6,False,True,407
1038198287,ordinary,2025-08-14 19:28:15+00:00,2025-08-14 19:36:52+00:00,Python,18278,3,1,0,False,59,0,False,False,0
1038198387,popular,2025-08-14 19:28:27+00:00,2025-08-14 19:47:41+00:00,Shell,26,348,46,0,False,34,0,True,False,0
1038198677,ordinary,2025-08-14 19:29:06+00:00,2026-01-16 14:51:58+00:00,Jupyter Notebook,54052,3,0,0,False,0,0,False,False,154
1038200357,ordinary,2025-08-14 19:33:08+00:00,2026-08-21 07:00:56+00:00,C#,1939536,3,0,0,False,0,0,False,False,371
1038200472,ordinary,2025-08-14 19:33:26+00:00,2025-11-22 22:37:48+00:00,Python,26626,3,0,0,False,124,0,False,False,100
1038201582,popular,2025-08-14 19:35:56+00:00,2026-09-25 13:29:26+00:00,JavaScript,782,3892,1177,21,True,162,20,False,False,406
1038203982,popular,2025-08-14 19:41:30+00:00,2025-08-16 10:53:12+00:00,Python,185,90,14,2,True,173,20,False,False,1
1038203987,popular,2025-08-14 19:41:31+00:00,2026-09-27 20:15:36+00:00,C++,2353,740,46,5,True,129,0,True,False,409
1038204037,popular,2025-08-14 19:41:37+00:00,2026-08-16 14:57:08+00:00,C,262,97,16,0,True,59,0,False,False,366
1038205649,popular,2025-08-14 19:45:18+00:00,2026-09-28 04:00:27+00:00,Python,3184,175,496,2,True,0,0,False,False,409
1038217750,ordinary,2025-08-14 20:14:22+00:00,2026-01-13 07:05:52+00:00,Rust,37784,3,0,0,False,188,0,False,False,151
1038217925,popular,2025-08-14 20:14:49+00:00,2026-09-28 07:11:16+00:00,TypeScript,2872,133,11,1,True,29,0,True,False,409
1038225515,ordinary,2025-08-14 20:34:01+00:00,2026-08-18 17:53:12+00:00,Java,628,3,0,6,False,0,6,True,False,368
1038237804,ordinary,2025-08-14 21:05:36+00:00,2026-04-16 23:24:32+00:00,не указан,16,3,0,0,False,8,0,False,False,245
1038239667,popular,2025-08-14 21:10:44+00:00,2026-09-24 23:04:56+00:00,Go,155,95,27,6,True,0,0,True,False,406
1038240074,popular,2025-08-14 21:11:43+00:00,2025-09-12 10:22:24+00:00,JavaScript,437,180,37,80,True,102,10,False,False,28
1038241424,ordinary,2025-08-14 21:15:38+00:00,2026-09-08 20:05:34+00:00,Python,1025,3,0,0,False,69,0,False,False,389
1038242425,popular,2025-08-14 21:18:25+00:00,2025-12-26 16:38:37+00:00,Swift,17084,2414,11396,71,True,37,0,False,False,133
1038243218,ordinary,2025-08-14 21:20:46+00:00,2025-10-02 17:49:48+00:00,Python,1002,3,0,2,True,105,5,False,False,48
1038249049,popular,2025-08-14 21:37:20+00:00,2026-07-25 07:58:46+00:00,JavaScript,715,69,14,10,True,59,0,False,True,344
1038251341,popular,2025-08-14 21:44:01+00:00,2026-09-13 22:57:23+00:00,TypeScript,4921,4881,401,68,True,211,9,False,False,395
1038259430,popular,2025-08-14 22:10:32+00:00,2025-10-23 21:23:25+00:00,Python,3792,122,9,2,True,52,0,False,False,69
1038259879,ordinary,2025-08-14 22:11:55+00:00,2025-08-15 08:24:45+00:00,Jupyter Notebook,19696,3,0,0,False,0,0,False,False,0
1038262167,popular,2025-08-14 22:18:51+00:00,2026-09-12 21:37:11+00:00,C++,249383,85,6,15,True,48,0,False,False,393
1038262585,popular,2025-08-14 22:19:59+00:00,2026-08-28 10:53:00+00:00,Go,35772,289,5,16,True,28,0,False,False,378
1038267026,popular,2025-08-14 22:33:18+00:00,2026-01-25 19:37:43+00:00,Python,6648,503,29,5,True,57,4,False,False,163
1038269093,ordinary,2025-08-14 22:40:26+00:00,2025-08-17 15:38:43+00:00,Python,5,3,4,0,False,68,0,False,False,2
1038270656,popular,2025-08-14 22:45:46+00:00,2026-02-06 14:33:22+00:00,Python,58,114,23,2,True,328,11,False,False,175
1038281102,popular,2025-08-14 23:21:14+00:00,2026-09-23 20:52:05+00:00,Go,496,154,9,140,False,12,0,True,False,404
1038286927,ordinary,2025-08-14 23:42:43+00:00,2025-10-07 18:08:39+00:00,Python,19,3,0,0,False,87,0,False,False,53
1038290166,popular,2025-08-14 23:54:32+00:00,2026-01-06 00:15:44+00:00,Rust,712,341,4,12,True,40,0,True,False,144
1038295390,ordinary,2025-08-15 00:13:46+00:00,2025-12-04 15:08:03+00:00,JavaScript,2875,3,1,0,False,0,0,True,False,111
1038296932,ordinary,2025-08-15 00:19:36+00:00,2026-08-21 03:16:19+00:00,HTML,456,3,0,0,False,74,0,False,False,371
1038300318,ordinary,2025-08-15 00:31:37+00:00,2025-08-15 00:57:51+00:00,не указан,71,3,1,1,True,108,0,False,False,0
1038301605,ordinary,2025-08-15 00:36:09+00:00,2026-09-27 13:30:55+00:00,Shell,1738,3,1,0,False,46,0,False,False,408
1038305606,ordinary,2025-08-15 00:50:25+00:00,2025-08-15 05:07:30+00:00,Python,32,3,0,0,False,0,0,False,False,0
1038308048,ordinary,2025-08-15 00:59:38+00:00,2025-08-15 12:31:19+00:00,TypeScript,7818,3,0,2,True,36,0,False,False,0
1038310597,ordinary,2025-08-15 01:08:27+00:00,2025-08-15 02:57:18+00:00,Go,21,3,0,0,True,97,0,False,False,0
1038314886,popular,2025-08-15 01:22:21+00:00,2025-08-15 02:41:34+00:00,PHP,37,126,6,1,True,112,0,False,False,0
1038321975,popular,2025-08-15 01:46:33+00:00,2026-09-25 18:58:45+00:00,Python,28232,84,44,18,True,39,0,True,True,406
1038323362,ordinary,2025-08-15 01:51:04+00:00,2025-08-18 03:09:26+00:00,не указан,73,3,0,0,False,0,0,False,True,3
1038323680,popular,2025-08-15 01:52:01+00:00,2026-09-25 09:49:39+00:00,TypeScript,7275,5657,304,28,True,76,3,True,False,406
1038331121,popular,2025-08-15 02:17:49+00:00,2026-09-26 00:20:44+00:00,JavaScript,4459,3704,94,6,True,63,0,False,False,406
1038335091,ordinary,2025-08-15 02:31:49+00:00,2025-08-15 02:33:52+00:00,CSS,8526,3,0,0,False,0,0,False,False,0
1038338099,ordinary,2025-08-15 02:41:55+00:00,2025-08-15 02:43:15+00:00,не указан,432,3,0,0,False,170,11,False,False,0
1038339716,popular,2025-08-15 02:47:09+00:00,2026-09-21 13:17:48+00:00,Python,20972,143,11,1,False,22,5,False,True,402
1038343879,ordinary,2025-08-15 03:00:43+00:00,2026-05-22 08:53:45+00:00,JavaScript,3005,3,0,0,True,119,0,False,False,280
1038343891,popular,2025-08-15 03:00:45+00:00,2026-05-07 07:46:18+00:00,JavaScript,112,939,63,0,False,20,0,False,False,265
1038344379,popular,2025-08-15 03:02:26+00:00,2026-03-17 01:16:49+00:00,Python,4265,77,6,1,True,120,0,True,False,213
1038346572,ordinary,2025-08-15 03:09:34+00:00,2026-09-11 19:16:55+00:00,TypeScript,28386,3,0,1,False,0,0,False,False,392
1038349137,ordinary,2025-08-15 03:17:57+00:00,2025-08-20 13:38:42+00:00,C++,461,3,0,0,False,0,0,False,True,5
1038351742,ordinary,2025-08-15 03:26:45+00:00,2025-08-15 04:33:00+00:00,Python,40,3,0,0,True,318,0,False,False,0
1038352465,popular,2025-08-15 03:29:10+00:00,2026-07-30 05:41:27+00:00,Python,7459,257,42,1,True,52,0,False,False,349
1038352825,popular,2025-08-15 03:30:22+00:00,2026-08-26 12:37:08+00:00,Python,29885,1285,116,14,True,7,0,False,False,376
1038353359,popular,2025-08-15 03:32:12+00:00,2025-08-20 09:56:46+00:00,TypeScript,189,254,45,7,True,180,6,False,False,5
1038357256,popular,2025-08-15 03:45:30+00:00,2026-09-26 06:49:20+00:00,Python,37100,305,47,7,True,44,12,True,False,407
1038366356,popular,2025-08-15 04:15:47+00:00,2026-04-06 03:09:22+00:00,Python,71118,101,8,0,False,55,11,False,False,233
1038380370,ordinary,2025-08-15 05:04:06+00:00,2026-07-24 08:01:05+00:00,TypeScript,1442,3,0,0,True,0,0,False,False,343
1038388938,popular,2025-08-15 05:31:39+00:00,2025-09-05 06:25:45+00:00,не указан,31,1508,163,0,False,114,0,False,False,21
1038389353,popular,2025-08-15 05:32:57+00:00,2026-09-16 13:09:57+00:00,Lean,1130,161,11,12,True,162,0,True,False,397
1038394962,ordinary,2025-08-15 05:49:36+00:00,2025-09-01 05:22:47+00:00,Python,689,3,0,0,True,0,0,False,False,16
1038399929,ordinary,2025-08-15 06:04:34+00:00,2025-10-24 05:54:50+00:00,JavaScript,2730,3,0,0,True,69,0,False,False,69
1038401959,ordinary,2025-08-15 06:10:16+00:00,2026-07-05 04:16:36+00:00,C#,1853,3,1,0,False,68,0,False,False,323
1038403100,popular,2025-08-15 06:13:12+00:00,2026-07-18 07:07:44+00:00,Rust,640,214,13,12,True,48,3,True,False,337
1038406083,ordinary,2025-08-15 06:21:21+00:00,2025-08-27 06:37:04+00:00,HTML,145,3,0,0,True,52,0,False,False,12
1038408151,ordinary,2025-08-15 06:26:54+00:00,2025-08-15 15:23:12+00:00,TypeScript,157,3,0,0,True,0,0,False,False,0
1038411139,popular,2025-08-15 06:34:50+00:00,2026-02-15 07:41:16+00:00,Shell,11564,113,9,1,True,236,12,True,False,184
1038411511,ordinary,2025-08-15 06:35:47+00:00,2025-08-15 06:36:03+00:00,TypeScript,135,3,0,0,False,0,0,False,False,0
1038413113,popular,2025-08-15 06:39:43+00:00,2026-09-28 08:27:10+00:00,Rust,52447,1255,113,14,True,204,11,False,True,409
1038414944,popular,2025-08-15 06:44:09+00:00,2025-09-28 17:48:49+00:00,Python,1970,1060,104,24,True,112,8,True,False,44
1038415569,popular,2025-08-15 06:45:40+00:00,2026-09-08 17:03:20+00:00,Go,332783,607,37,10,True,65,20,False,True,389
1038419077,popular,2025-08-15 06:54:37+00:00,2026-08-04 07:19:03+00:00,HTML,587873,371,91,3,True,53,0,False,True,354
1038421986,ordinary,2025-08-15 07:01:52+00:00,2026-04-28 11:34:04+00:00,TypeScript,17892,3,1,0,False,18,7,True,False,256
1038422286,popular,2025-08-15 07:02:35+00:00,2025-08-18 02:17:14+00:00,TypeScript,1062,193,32,0,False,0,0,False,False,2
1038422644,ordinary,2025-08-15 07:03:28+00:00,2025-08-15 07:07:46+00:00,не указан,43133,3,0,0,True,261,0,False,False,0
1038423106,popular,2025-08-15 07:04:33+00:00,2026-02-13 10:02:44+00:00,Kotlin,14995,137,7,14,True,44,11,False,False,182
1038424626,ordinary,2025-08-15 07:08:23+00:00,2026-07-08 05:23:35+00:00,Python,59,3,0,0,True,54,0,False,False,326
1038425183,popular,2025-08-15 07:09:54+00:00,2026-09-11 04:41:05+00:00,TypeScript,1743,2532,186,10,True,202,3,True,False,391
1038429940,ordinary,2025-08-15 07:21:07+00:00,2026-01-09 20:27:31+00:00,C,303,3,0,0,True,71,0,False,False,147
1038434267,ordinary,2025-08-15 07:31:58+00:00,2025-08-15 15:10:42+00:00,Python,20,3,1,0,False,114,6,False,False,0
1038434342,popular,2025-08-15 07:32:09+00:00,2026-09-28 12:17:18+00:00,Python,145448,768,262,9,True,42,5,False,False,409
1038435841,ordinary,2025-08-15 07:35:49+00:00,2025-09-15 10:12:09+00:00,JavaScript,141,3,0,0,False,0,0,False,False,31
1038439011,popular,2025-08-15 07:43:43+00:00,2025-12-17 12:29:21+00:00,JavaScript,8334,129,17,0,False,23,0,False,False,124
1038441095,popular,2025-08-15 07:48:44+00:00,2025-11-03 04:51:02+00:00,JavaScript,18,175,573,11,True,82,4,False,False,79
1038442384,popular,2025-08-15 07:51:43+00:00,2026-08-18 08:26:48+00:00,Kotlin,2082,414,20,4,True,52,0,True,True,368
1038442522,ordinary,2025-08-15 07:52:05+00:00,2025-08-15 07:57:28+00:00,Python,31,3,0,0,False,21,0,False,False,0
1038442948,ordinary,2025-08-15 07:53:06+00:00,2025-08-15 07:55:36+00:00,Python,20,3,0,0,False,0,0,False,False,0
1038449410,ordinary,2025-08-15 08:08:36+00:00,2026-03-04 07:43:41+00:00,C++,1891,3,1,1,True,65,0,False,False,200
1038450318,popular,2025-08-15 08:10:48+00:00,2026-09-20 16:00:52+00:00,Rust,3885,295,18,4,True,150,0,False,False,401
1038450416,ordinary,2025-08-15 08:11:00+00:00,2025-08-15 08:11:09+00:00,не указан,900,3,0,0,False,41,0,False,False,0
1038455038,popular,2025-08-15 08:22:14+00:00,2025-08-25 03:46:56+00:00,TypeScript,2047,129,34,3,True,57,0,False,False,9
1038463338,popular,2025-08-15 08:42:09+00:00,2026-02-17 08:03:11+00:00,Python,10228,435,20,4,True,0,0,True,False,185
1038465038,ordinary,2025-08-15 08:45:59+00:00,2025-12-23 18:03:42+00:00,не указан,4131,3,0,0,True,141,8,False,False,130
1038466100,popular,2025-08-15 08:48:37+00:00,2025-10-07 01:54:24+00:00,Python,98,113,17,0,True,43,0,True,False,52
1038466784,popular,2025-08-15 08:50:10+00:00,2026-09-21 02:24:33+00:00,Vue,9569,463,39,0,False,45,7,False,False,401
1038469178,popular,2025-08-15 08:55:47+00:00,2026-09-09 13:12:37+00:00,Python,19,83,1,4,True,87,3,True,False,390
1038469509,ordinary,2025-08-15 08:56:35+00:00,2026-09-24 09:00:08+00:00,Python,46551,3,1,0,False,72,0,True,False,405
1038471786,ordinary,2025-08-15 09:02:02+00:00,2025-08-23 11:26:50+00:00,Python,16,3,0,0,True,11,0,False,False,8
1038479435,ordinary,2025-08-15 09:20:51+00:00,2025-08-24 21:41:16+00:00,Dart,94,3,0,0,False,0,0,False,False,9
1038483080,popular,2025-08-15 09:29:31+00:00,2026-09-06 13:10:34+00:00,C#,63524,103,1,0,False,63,0,False,False,387
1038483798,popular,2025-08-15 09:31:18+00:00,2026-05-14 12:36:27+00:00,не указан,32187,158,3,5,False,119,0,True,False,272
1038484690,ordinary,2025-08-15 09:33:23+00:00,2026-08-17 07:19:59+00:00,не указан,18,3,0,0,True,45,0,False,False,366
1038494105,ordinary,2025-08-15 09:55:39+00:00,2026-07-06 17:27:24+00:00,JavaScript,68822,3,2,0,True,3,5,False,False,325
1038494975,popular,2025-08-15 09:57:36+00:00,2026-09-26 11:04:21+00:00,Ruby,60106,4652,797,32,True,47,0,True,False,407
1038495802,popular,2025-08-15 09:59:27+00:00,2026-09-13 02:19:23+00:00,Rust,41769,169,5,1,True,91,5,False,False,393
1038496877,ordinary,2025-08-15 10:02:08+00:00,2025-08-15 10:11:37+00:00,Jupyter Notebook,71,3,0,0,False,41,0,False,False,0
1038497145,popular,2025-08-15 10:02:46+00:00,2025-12-07 01:03:11+00:00,не указан,8721,197,12,1,True,0,0,True,False,113
1038498021,popular,2025-08-15 10:04:53+00:00,2025-08-15 12:03:24+00:00,Python,44,191,23,1,True,81,9,False,True,0
1038500546,ordinary,2025-08-15 10:11:01+00:00,2025-08-29 15:15:52+00:00,TypeScript,21058,3,1,0,True,86,0,False,False,14
1038507702,popular,2025-08-15 10:28:50+00:00,2026-09-01 02:05:57+00:00,Python,290,1550,215,20,True,47,8,False,False,381
1038511232,popular,2025-08-15 10:37:38+00:00,2026-08-13 06:52:06+00:00,Python,21241,116,48,1,False,109,2,False,False,362
1038514674,popular,2025-08-15 10:46:13+00:00,2026-09-24 10:02:57+00:00,TypeScript,4796,75,18,0,True,186,0,False,False,404
1038516860,ordinary,2025-08-15 10:51:36+00:00,2025-11-06 06:26:13+00:00,Rust,63,3,0,0,True,84,0,True,False,82
1038520528,popular,2025-08-15 11:00:45+00:00,2026-03-17 12:19:42+00:00,TypeScript,139,120,31,5,True,129,5,False,False,214
1038521102,popular,2025-08-15 11:02:13+00:00,2026-09-27 22:29:00+00:00,Rust,24210,459,18,0,True,69,5,False,True,408
1038525614,ordinary,2025-08-15 11:13:23+00:00,2025-08-15 11:44:06+00:00,C++,57,3,0,0,False,83,0,False,False,0
1038528040,popular,2025-08-15 11:19:38+00:00,2026-08-13 17:29:48+00:00,не указан,49086,100,28,0,False,29,0,False,False,363
1038533347,ordinary,2025-08-15 11:32:30+00:00,2025-08-27 15:23:27+00:00,Dart,9335,3,0,0,True,108,5,False,True,12
1038534145,popular,2025-08-15 11:34:22+00:00,2026-08-25 21:40:57+00:00,TypeScript,273,498,56,2,True,0,0,False,False,375
1038538915,popular,2025-08-15 11:45:37+00:00,2026-09-13 00:47:21+00:00,TypeScript,1978,103,16,3,True,67,9,False,False,393
1038544352,popular,2025-08-15 11:57:47+00:00,2026-09-17 13:54:31+00:00,HTML,213741,1054,86,12,False,145,7,True,False,398
1038546086,popular,2025-08-15 12:01:58+00:00,2026-09-13 10:37:40+00:00,TypeScript,5409,177,18,0,True,166,20,False,True,393
1038547441,ordinary,2025-08-15 12:05:03+00:00,2025-12-19 12:14:16+00:00,Python,211,3,2,4,True,160,8,False,False,126
1038547635,ordinary,2025-08-15 12:05:27+00:00,2025-09-21 20:26:14+00:00,JavaScript,16053,3,0,0,False,62,0,False,False,37
1038548243,ordinary,2025-08-15 12:06:51+00:00,2025-08-15 12:08:15+00:00,HTML,969,3,0,0,False,3,0,False,True,0
1038549774,ordinary,2025-08-15 12:10:23+00:00,2026-09-13 09:42:58+00:00,Java,4524,3,4,13,True,74,0,True,False,393
1038550558,ordinary,2025-08-15 12:12:10+00:00,2025-12-28 21:13:40+00:00,TypeScript,748,3,6,6,False,0,0,True,False,135
1038552187,ordinary,2025-08-15 12:16:01+00:00,2025-08-15 12:17:36+00:00,CSS,3,3,0,0,False,0,0,False,False,0
1038557701,popular,2025-08-15 12:28:23+00:00,2026-09-28 12:07:40+00:00,Python,1976134,586,111,162,True,347,0,True,True,408
1038557927,popular,2025-08-15 12:28:54+00:00,2026-09-12 08:14:51+00:00,Python,3347,85,9,4,True,110,16,False,False,392
1038558276,popular,2025-08-15 12:29:42+00:00,2026-07-09 16:33:56+00:00,Python,2432,83,12,1,True,248,0,False,False,328
1038560759,ordinary,2025-08-15 12:35:27+00:00,2025-08-27 08:50:45+00:00,PHP,32,3,0,0,False,0,0,False,False,11
1038564846,ordinary,2025-08-15 12:44:27+00:00,2026-09-17 20:27:37+00:00,Python,16609,3,0,0,True,32,0,False,False,398
1038570412,ordinary,2025-08-15 12:56:34+00:00,2025-08-16 13:31:54+00:00,Rust,9,3,0,0,True,33,4,False,False,1
1038570880,ordinary,2025-08-15 12:57:39+00:00,2026-09-08 22:56:45+00:00,Rust,235,3,1,2,False,42,0,False,False,389
1038574696,popular,2025-08-15 13:05:58+00:00,2026-06-22 18:46:27+00:00,TypeScript,3279,335,100,15,True,41,0,True,False,311
1038575316,popular,2025-08-15 13:07:13+00:00,2026-09-10 08:04:39+00:00,TypeScript,837,98,16,0,True,75,16,False,False,390
1038575518,popular,2025-08-15 13:07:38+00:00,2025-08-17 11:45:43+00:00,TypeScript,5083,105,3,1,True,65,12,False,True,1
1038577490,popular,2025-08-15 13:11:44+00:00,2026-07-30 07:43:22+00:00,Python,1676,86,5,3,False,51,0,False,False,348
1038579192,popular,2025-08-15 13:15:28+00:00,2026-08-17 13:05:35+00:00,Go,24352,123,11,45,True,138,16,False,False,366
1038582099,ordinary,2025-08-15 13:21:26+00:00,2025-10-19 13:00:07+00:00,HTML,20538,3,1,1,False,0,0,False,False,64
1038583295,ordinary,2025-08-15 13:23:50+00:00,2025-08-15 13:24:25+00:00,JavaScript,5,3,0,0,False,0,0,False,True,0
1038587186,popular,2025-08-15 13:31:18+00:00,2025-08-15 17:02:04+00:00,Python,551,178,33,3,True,0,0,True,False,0
1038590808,ordinary,2025-08-15 13:38:40+00:00,2026-05-13 05:20:54+00:00,PHP,6,3,0,0,True,94,6,False,False,270
1038592580,ordinary,2025-08-15 13:42:06+00:00,2025-08-15 13:56:44+00:00,Dart,287,3,1,0,True,123,6,True,False,0
1038594732,ordinary,2025-08-15 13:46:11+00:00,2025-08-15 15:44:00+00:00,Python,18,3,0,0,True,30,0,False,False,0
1038595872,popular,2025-08-15 13:48:26+00:00,2026-09-28 00:31:50+00:00,Odin,3904,692,61,54,True,59,4,False,False,408
1038596335,popular,2025-08-15 13:49:22+00:00,2026-09-28 06:29:43+00:00,Go,5067,1015,143,52,True,72,0,True,False,408
1038600388,popular,2025-08-15 13:57:07+00:00,2026-09-13 08:29:44+00:00,Python,8501,77,12,0,True,100,0,False,False,393
1038603679,popular,2025-08-15 14:03:05+00:00,2025-10-13 14:04:15+00:00,Python,45152,155,11,11,True,17,0,False,False,59
1038606160,popular,2025-08-15 14:07:28+00:00,2026-07-21 06:36:57+00:00,JavaScript,244944,218,49,8,True,30,5,True,False,339
1038607171,ordinary,2025-08-15 14:09:18+00:00,2025-08-17 10:28:17+00:00,Python,830,3,0,2,True,202,0,False,False,1
1038609590,popular,2025-08-15 14:13:38+00:00,2026-04-15 10:56:13+00:00,Python,2133,108,17,2,True,32,0,False,False,242
1038610771,popular,2025-08-15 14:16:00+00:00,2025-08-26 05:45:56+00:00,Java,86,156,14,1,True,54,3,False,False,10
1038611114,popular,2025-08-15 14:16:38+00:00,2026-07-05 20:40:39+00:00,Python,773,217,13,21,True,92,8,False,False,324
1038611583,ordinary,2025-08-15 14:17:32+00:00,2025-08-15 14:20:55+00:00,Python,5,3,0,0,False,0,0,False,False,0
1038613195,popular,2025-08-15 14:20:41+00:00,2026-09-27 17:38:46+00:00,Java,233088,82,13,5,True,197,11,True,False,408
1038613594,popular,2025-08-15 14:21:26+00:00,2026-06-14 17:54:55+00:00,Shell,714,102,6,0,True,50,0,False,False,303
1038617612,popular,2025-08-15 14:29:10+00:00,2025-10-11 02:05:59+00:00,Shell,43075,216,11,1,False,22,8,False,False,56
1038621617,ordinary,2025-08-15 14:36:46+00:00,2026-05-30 23:59:53+00:00,Dart,3729,3,0,0,True,0,0,False,False,288
1038628843,ordinary,2025-08-15 14:50:40+00:00,2025-09-01 12:54:51+00:00,CSS,142,3,0,0,True,0,0,False,False,16
1038633988,ordinary,2025-08-15 15:00:06+00:00,2025-08-15 15:05:47+00:00,не указан,18,3,0,0,False,39,0,False,False,0
1038634047,popular,2025-08-15 15:00:13+00:00,2025-12-11 01:35:30+00:00,Python,3871,224,25,2,False,100,0,False,False,117
1038638777,ordinary,2025-08-15 15:09:13+00:00,2025-09-20 15:27:55+00:00,HTML,57,3,0,0,False,10,0,False,True,36
1038639631,ordinary,2025-08-15 15:10:53+00:00,2025-08-17 18:02:21+00:00,TypeScript,74,3,0,0,False,64,5,False,False,2
1038641592,popular,2025-08-15 15:14:52+00:00,2026-02-05 16:20:27+00:00,Rust,25068,209,20,23,True,74,0,False,False,174
1038646420,popular,2025-08-15 15:24:40+00:00,2026-09-26 11:31:46+00:00,Python,16379,186,11,8,True,36,2,True,True,406
1038647607,ordinary,2025-08-15 15:26:55+00:00,2025-08-20 01:00:34+00:00,CSS,30,3,0,0,False,184,0,False,True,4
1038648429,ordinary,2025-08-15 15:28:35+00:00,2025-08-27 13:39:30+00:00,TypeScript,1751,3,1,0,False,0,0,False,False,11
1038654159,popular,2025-08-15 15:39:56+00:00,2026-09-28 04:39:59+00:00,TypeScript,18494,99,21,31,True,103,0,True,False,408
1038654709,popular,2025-08-15 15:40:57+00:00,2026-04-19 21:59:48+00:00,TypeScript,1701,340,21,5,True,85,19,True,False,247
1038658163,ordinary,2025-08-15 15:47:57+00:00,2025-08-15 16:05:53+00:00,HTML,57539,3,0,0,False,171,0,False,False,0
1038667326,ordinary,2025-08-15 16:01:37+00:00,2025-09-04 04:39:01+00:00,C#,57,3,1,0,False,71,0,False,False,19
1038668806,popular,2025-08-15 16:04:49+00:00,2025-11-10 15:16:46+00:00,Python,154222,100,17,1,False,18,0,False,False,86
1038670640,ordinary,2025-08-15 16:08:19+00:00,2025-08-25 03:43:09+00:00,Java,4915,3,0,0,False,36,2,False,False,9
1038671764,ordinary,2025-08-15 16:10:29+00:00,2026-06-13 10:24:23+00:00,Lua,57,3,0,0,False,44,0,False,False,301
1038672519,popular,2025-08-15 16:12:03+00:00,2026-09-27 05:33:23+00:00,Python,28846,628,68,3,True,150,20,True,True,407
1038677134,popular,2025-08-15 16:21:16+00:00,2026-07-13 20:16:15+00:00,Rust,9999,80,17,2,True,124,12,False,False,332
1038682980,ordinary,2025-08-15 16:33:39+00:00,2025-11-29 00:47:08+00:00,TypeScript,26771,3,0,0,False,0,0,False,False,105
1038686658,popular,2025-08-15 16:40:53+00:00,2026-09-28 12:14:41+00:00,Python,36062,3226,215,130,True,198,19,True,True,408
1038694763,ordinary,2025-08-15 16:58:08+00:00,2026-08-22 17:00:26+00:00,C++,40,3,0,0,False,0,0,False,False,372
1038696817,ordinary,2025-08-15 17:02:43+00:00,2025-08-15 17:04:47+00:00,не указан,582,3,0,0,False,18,0,False,False,0
1038702435,popular,2025-08-15 17:14:32+00:00,2026-05-31 13:55:32+00:00,TypeScript,120560,163,7,3,True,49,6,True,False,288
1038707280,popular,2025-08-15 17:21:25+00:00,2025-08-15 17:22:33+00:00,Python,3471,190,196,4,True,147,0,False,False,0
1038708823,popular,2025-08-15 17:24:44+00:00,2026-09-23 09:59:06+00:00,TypeScript,128,176,31,2,True,186,0,False,False,403
1038709944,ordinary,2025-08-15 17:27:09+00:00,2025-09-09 16:41:09+00:00,HTML,6701,3,0,0,False,0,0,False,True,24
1038712038,ordinary,2025-08-15 17:31:48+00:00,2025-08-15 18:13:28+00:00,JavaScript,8,3,0,0,False,0,0,False,True,0
1038720055,ordinary,2025-08-15 17:44:49+00:00,2026-02-26 08:34:37+00:00,Python,6971,3,1,1,False,0,0,False,False,194
1038727586,popular,2025-08-15 18:01:17+00:00,2026-04-22 18:39:40+00:00,Vue,1560,338,25,8,True,82,4,False,False,250
1038731463,ordinary,2025-08-15 18:09:49+00:00,2025-09-26 10:47:52+00:00,Move,21,3,2,0,False,0,0,True,False,41
1038733541,popular,2025-08-15 18:14:32+00:00,2026-09-27 19:30:56+00:00,Rust,2539,356,16,10,True,79,8,False,False,408
1038735190,popular,2025-08-15 18:18:14+00:00,2026-09-25 18:32:08+00:00,TypeScript,11375,84,27,37,True,71,0,True,False,406
1038737910,ordinary,2025-08-15 18:24:19+00:00,2025-08-21 19:11:37+00:00,JavaScript,70,3,0,0,False,17,0,False,False,6
1038745571,ordinary,2025-08-15 18:43:07+00:00,2025-08-15 18:44:37+00:00,HTML,1061,3,0,0,False,0,0,False,False,0
1038755168,popular,2025-08-15 18:56:27+00:00,2025-08-15 20:00:37+00:00,Python,132373,138,14,0,False,26,0,False,False,0
1038755956,ordinary,2025-08-15 18:58:26+00:00,2025-08-25 13:58:31+00:00,JavaScript,17,3,0,0,False,67,0,False,False,9
1038756054,ordinary,2025-08-15 18:58:41+00:00,2025-09-14 15:15:04+00:00,не указан,8121,3,2,0,False,122,0,False,True,29
1038757032,ordinary,2025-08-15 19:01:06+00:00,2025-09-17 02:04:17+00:00,не указан,179,3,0,1,False,144,0,False,False,32
1038757544,ordinary,2025-08-15 19:02:23+00:00,2025-09-09 15:54:34+00:00,HTML,340,3,0,0,True,227,0,False,True,24
1038765162,popular,2025-08-15 19:21:47+00:00,2025-11-20 20:43:46+00:00,Python,9410,439,53,4,True,107,0,False,False,97
1038770309,ordinary,2025-08-15 19:34:52+00:00,2025-08-15 19:39:57+00:00,HTML,1,3,0,0,False,24,0,False,True,0
1038771433,popular,2025-08-15 19:37:48+00:00,2026-09-01 09:24:43+00:00,TypeScript,3420,2466,287,102,True,129,4,True,False,381
1038772614,ordinary,2025-08-15 19:40:55+00:00,2025-08-16 06:52:22+00:00,JavaScript,1401,3,0,0,False,44,0,False,False,0
1038778495,ordinary,2025-08-15 19:56:29+00:00,2025-08-15 20:27:48+00:00,Dockerfile,10544,3,0,0,False,0,0,False,False,0
1038782565,ordinary,2025-08-15 20:07:19+00:00,2025-11-21 17:27:46+00:00,Python,45862,3,1,0,True,182,0,False,False,97
1038782948,popular,2025-08-15 20:08:17+00:00,2025-09-02 11:13:11+00:00,JavaScript,71,140,36,7,True,22,3,False,False,17
1038787217,ordinary,2025-08-15 20:19:49+00:00,2025-12-03 01:16:08+00:00,C#,133890,3,0,0,True,145,6,False,False,109
1038788840,popular,2025-08-15 20:24:13+00:00,2026-07-24 23:00:28+00:00,JavaScript,1084,313,27,4,True,301,4,False,False,343
1038798438,ordinary,2025-08-15 20:50:25+00:00,2025-08-18 06:47:23+00:00,Python,4377,3,0,0,True,77,0,False,False,2
1038803348,ordinary,2025-08-15 21:06:00+00:00,2026-04-11 09:38:19+00:00,JavaScript,4362,3,0,0,False,161,5,False,False,238
1038808312,popular,2025-08-15 21:21:58+00:00,2026-08-10 21:18:44+00:00,Python,199,105,13,1,True,0,0,True,False,359
1038811367,popular,2025-08-15 21:32:00+00:00,2026-02-14 09:14:29+00:00,JavaScript,492,97,26,26,True,66,0,False,True,182
1038813417,popular,2025-08-15 21:39:01+00:00,2025-11-12 19:08:55+00:00,Python,1790,392,9,2,False,54,0,False,False,88
1038817365,ordinary,2025-08-15 21:52:09+00:00,2025-11-10 19:40:00+00:00,Python,37,3,1,0,True,64,0,False,False,86
1038820375,ordinary,2025-08-15 22:02:22+00:00,2025-12-02 20:37:17+00:00,TypeScript,834,3,2,2,True,31,0,False,False,108
1038823356,popular,2025-08-15 22:13:11+00:00,2026-07-19 10:10:46+00:00,Java,10874,442,246,25,True,81,7,False,False,337
1038825397,popular,2025-08-15 22:20:42+00:00,2025-08-24 06:51:02+00:00,Python,138,263,60,2,True,49,8,False,False,8
1038825943,ordinary,2025-08-15 22:22:42+00:00,2026-01-02 08:23:52+00:00,не указан,5,3,0,0,False,31,0,False,False,139
1038827793,popular,2025-08-15 22:29:31+00:00,2026-05-04 21:14:32+00:00,Emacs Lisp,1067,116,20,9,True,31,0,False,False,261
1038831519,popular,2025-08-15 22:43:30+00:00,2026-09-22 03:11:25+00:00,C,72094,138,6,1,True,118,12,False,False,402
1038834266,ordinary,2025-08-15 22:54:15+00:00,2025-08-18 01:12:24+00:00,TypeScript,902,3,2,0,False,32,0,False,False,2
1038836640,ordinary,2025-08-15 23:03:37+00:00,2025-08-17 19:39:46+00:00,Python,4149,3,0,0,True,138,14,False,False,1
1038837401,ordinary,2025-08-15 23:06:41+00:00,2025-08-15 23:41:28+00:00,не указан,7,3,0,1,False,22,0,False,False,0
1038837411,ordinary,2025-08-15 23:06:44+00:00,2026-08-05 23:21:49+00:00,TypeScript,534,3,1,1,True,144,5,False,False,355
1038839329,ordinary,2025-08-15 23:14:48+00:00,2025-09-04 21:20:36+00:00,Python,21,3,0,0,True,183,0,False,False,19
1038843821,ordinary,2025-08-15 23:33:20+00:00,2025-08-15 23:37:32+00:00,Python,556,3,1,0,True,236,7,False,False,0
1038845103,ordinary,2025-08-15 23:38:31+00:00,2025-10-20 17:46:37+00:00,C#,6294,3,0,0,True,42,0,False,False,65
1038847280,popular,2025-08-15 23:47:32+00:00,2026-08-21 07:40:11+00:00,Shell,328,136,25,0,False,40,0,False,False,370
1038847661,popular,2025-08-15 23:49:15+00:00,2025-08-16 00:24:11+00:00,Lua,17,119,9,7,True,216,0,False,False,0
1038848375,popular,2025-08-15 23:51:51+00:00,2026-09-25 06:01:55+00:00,Python,80745,131,14,2,True,22,7,False,True,405
